#include "lvgl.h"

static const uint8_t img_chat_icon_map[] = {
    0x00, 0x00, 0x00, 0x00, 0x00, 0x00, 0x00, 0x00, 0x00, 0x00, 0x00, 0x00, 0x00, 0x00, 0x00, 0x00,
    0x00, 0x00, 0x00, 0x00, 0x00, 0x00, 0x00, 0x00, 0x00, 0x00, 0x00, 0x00, 0x00, 0x00, 0x00, 0x00,
    0x00, 0x00, 0x00, 0x00, 0x00, 0x00, 0x00, 0x00, 0x00, 0x00, 0x00, 0x00, 0x00, 0x00, 0x00, 0x00,
    0x00, 0x00, 0x00, 0x00, 0x00, 0x00, 0x00, 0x00, 0x00, 0x00, 0x00, 0x00, 0x00, 0x00, 0x00, 0x00,
    0x00, 0x00, 0x00, 0x00, 0x00, 0x00, 0x00, 0x00, 0x00, 0x00, 0x00, 0x00, 0x00, 0x00, 0x00, 0x00,
    0x00, 0x00, 0x00, 0x00, 0x00, 0x00, 0x00, 0x00, 0x00, 0x00, 0x00, 0x00, 0x00, 0x00, 0x00, 0x00,
    0x00, 0x00, 0x00, 0x00, 0x00, 0x00, 0x00, 0x00, 0x00, 0x00, 0x00, 0x00, 0x00, 0x00, 0x00, 0x00,
    0x00, 0x00, 0x00, 0x00, 0x00, 0x00, 0x00, 0x00, 0x00, 0x00, 0x00, 0x00, 0x00, 0x00, 0x00, 0x00,
    0x00, 0x00, 0x00, 0x00, 0x00, 0x00, 0x00, 0x00, 0x00, 0x00, 0x00, 0x00, 0x00, 0x00, 0x00, 0x00,
    0x00, 0x00, 0x00, 0x00, 0x00, 0x00, 0x00, 0x00, 0x00, 0x00, 0x00, 0x00, 0x00, 0x00, 0x00, 0x00,
    0x00, 0x00, 0x00, 0x00, 0x00, 0x00, 0x00, 0x00, 0x00, 0x00, 0x00, 0x00, 0x00, 0x00, 0x00, 0x00,
    0x00, 0x00, 0x00, 0x00, 0x00, 0x00, 0x00, 0x00, 0x00, 0x00, 0x00, 0x00, 0x00, 0x00, 0x00, 0x00,
    0x00, 0x00, 0x00, 0x00, 0x00, 0x00, 0x00, 0x00, 0x00, 0x00, 0x00, 0x00, 0x00, 0x00, 0x00, 0x00,
    0x00, 0x00, 0x00, 0x00, 0x00, 0x00, 0x00, 0x00, 0x00, 0x00, 0x00, 0x00, 0x00, 0x00, 0x00, 0x00,
    0x00, 0x00, 0x00, 0x00, 0x00, 0x00, 0x00, 0x00, 0x00, 0x00, 0x00, 0x00, 0x00, 0x00, 0x00, 0x00,
    0x00, 0x00, 0x00, 0x00, 0x00, 0x00, 0x00, 0x00, 0x00, 0x00, 0x00, 0x00, 0x00, 0x00, 0x00, 0x00,
    0x00, 0x00, 0x00, 0x00, 0x00, 0x00, 0x00, 0x00, 0x00, 0x00, 0x00, 0x00, 0x00, 0x00, 0x00, 0x00,
    0x00, 0x00, 0x00, 0x00, 0x00, 0x00, 0x00, 0x00, 0x00, 0x00, 0x00, 0x00, 0x00, 0x00, 0x00, 0x00,
    0x00, 0x00, 0x00, 0x00, 0x00, 0x00, 0x00, 0x00, 0x00, 0x00, 0x00, 0x00, 0x00, 0x00, 0x00, 0x00,
    0x00, 0x00, 0x00, 0x00, 0x00, 0x00, 0x00, 0x00, 0x00, 0x00, 0x00, 0x00, 0x00, 0x00, 0x00, 0x00,
    0x00, 0x00, 0x00, 0x00, 0x00, 0x00, 0x00, 0x00, 0x00, 0x00, 0x00, 0x00, 0x00, 0x00, 0x00, 0x00,
    0x00, 0x00, 0x00, 0x00, 0x00, 0x00, 0x00, 0x00, 0x00, 0x00, 0x00, 0x00, 0x00, 0x00, 0x00, 0x00,
    0x00, 0x00, 0x00, 0x00, 0x00, 0x00, 0x00, 0x00, 0x00, 0x00, 0x00, 0x00, 0x00, 0x00, 0x00, 0x00,
    0x00, 0x00, 0x00, 0x00, 0x00, 0x00, 0x00, 0x00, 0x00, 0x00, 0x00, 0x00, 0x00, 0x00, 0x00, 0x00,
    0x00, 0x00, 0x00, 0x00, 0x00, 0x00, 0x00, 0x00, 0x00, 0x00, 0x00, 0x00, 0x00, 0x00, 0x00, 0x00,
    0x00, 0x00, 0x00, 0x00, 0x00, 0x00, 0x00, 0x00, 0x00, 0x00, 0x00, 0x00, 0x00, 0x00, 0x00, 0x00,
    0x00, 0x00, 0x00, 0x00, 0x00, 0x00, 0x00, 0x00, 0x00, 0x00, 0x00, 0x00, 0x00, 0x00, 0x00, 0x00,
    0x00, 0x00, 0x00, 0x00, 0x00, 0x00, 0x00, 0x00, 0x00, 0x00, 0x00, 0x00, 0x00, 0x00, 0x00, 0x00,
    0x00, 0x00, 0x00, 0x00, 0x00, 0x00, 0x00, 0x00, 0x00, 0x00, 0x00, 0x00, 0x00, 0x00, 0x00, 0x00,
    0x00, 0x00, 0x00, 0x00, 0x00, 0x00, 0x00, 0x00, 0x00, 0x00, 0x00, 0x00, 0x00, 0x00, 0x00, 0x00,
    0x00, 0x00, 0x00, 0x00, 0x00, 0x00, 0x00, 0x00, 0x00, 0x00, 0x00, 0x00, 0x00, 0x00, 0x00, 0x00,
    0x00, 0x00, 0x00, 0x00, 0x00, 0x00, 0x00, 0x00, 0x00, 0x00, 0x00, 0x00, 0x00, 0x00, 0x00, 0x00,
    0x00, 0x00, 0x00, 0x00, 0x00, 0x00, 0x00, 0x00, 0x00, 0x00, 0x00, 0x00, 0x00, 0x00, 0x00, 0x00,
    0x00, 0x00, 0x00, 0x00, 0x00, 0x00, 0x00, 0x00, 0x00, 0x00, 0x00, 0x00, 0x00, 0x00, 0x00, 0x00,
    0x00, 0x00, 0x00, 0x00, 0x00, 0x00, 0x00, 0x00, 0x00, 0x00, 0x00, 0x00, 0x00, 0x00, 0x00, 0x00,
    0x00, 0x00, 0x00, 0x00, 0x00, 0x00, 0x00, 0x00, 0x00, 0x00, 0x00, 0x00, 0x00, 0x00, 0x00, 0x00,
    0x00, 0x00, 0x00, 0x00, 0x00, 0x00, 0x00, 0x00, 0x00, 0x00, 0x00, 0x00, 0x00, 0x00, 0x00, 0x00,
    0x00, 0x00, 0x00, 0x00, 0x00, 0x00, 0x00, 0x00, 0x00, 0x00, 0x00, 0x00, 0x00, 0x00, 0x00, 0x00,
    0x00, 0x00, 0x00, 0x00, 0x00, 0x00, 0x00, 0x00, 0x00, 0x00, 0x00, 0x00, 0x00, 0x00, 0x00, 0x00,
    0x00, 0x00, 0x00, 0x00, 0x00, 0x00, 0x00, 0x00, 0x00, 0x00, 0x00, 0x00, 0x00, 0x00, 0x00, 0x00,
    0x00, 0x00, 0x00, 0x00, 0x00, 0x00, 0x00, 0x00, 0x00, 0x00, 0x00, 0x00, 0x00, 0x00, 0x00, 0x00,
    0x00, 0x00, 0x00, 0x00, 0x00, 0x00, 0x00, 0x00, 0x00, 0x00, 0x00, 0x00, 0x00, 0x00, 0x00, 0x00,
    0x00, 0x00, 0x00, 0x00, 0x00, 0x00, 0x00, 0x00, 0x00, 0x00, 0x00, 0x00, 0x00, 0x00, 0x00, 0x00,
    0x00, 0x00, 0x00, 0x00, 0x00, 0x00, 0x00, 0x00, 0x00, 0x00, 0x00, 0x00, 0x00, 0x00, 0x00, 0x00,
    0x00, 0x00, 0x00, 0x00, 0x00, 0x00, 0x00, 0x00, 0x00, 0x00, 0x00, 0x00, 0x00, 0x00, 0x00, 0x00,
    0x00, 0x00, 0x00, 0x00, 0x00, 0x00, 0x00, 0x00, 0x00, 0x00, 0x00, 0x00, 0x00, 0x00, 0x00, 0x00,
    0x00, 0x00, 0x00, 0x00, 0x00, 0x00, 0x00, 0x00, 0x00, 0x00, 0x00, 0x00, 0x00, 0x00, 0x00, 0x00,
    0x00, 0x00, 0x00, 0x00, 0x00, 0x00, 0x00, 0x00, 0x00, 0x00, 0x00, 0x00, 0x00, 0x00, 0x00, 0x00,
    0x00, 0x00, 0x00, 0x00, 0x00, 0x00, 0x00, 0x00, 0x00, 0x00, 0x00, 0x00, 0x00, 0x00, 0x00, 0x00,
    0x00, 0x00, 0x00, 0x00, 0x00, 0x00, 0x00, 0x00, 0x00, 0x00, 0x00, 0x00, 0x00, 0x00, 0x00, 0x00,
    0x00, 0x00, 0x00, 0x00, 0x00, 0x00, 0x00, 0x00, 0x00, 0x00, 0x00, 0x00, 0x00, 0x00, 0x00, 0x00,
    0x00, 0x00, 0x00, 0x00, 0x00, 0x00, 0x00, 0x00, 0x00, 0x00, 0x00, 0x00, 0x00, 0x00, 0x00, 0x00,
    0x00, 0x00, 0x00, 0x00, 0x00, 0x00, 0x00, 0x00, 0x00, 0x00, 0x00, 0x00, 0x00, 0x00, 0x00, 0x00,
    0x00, 0x00, 0x00, 0x00, 0x00, 0x00, 0x00, 0x00, 0x00, 0x00, 0x00, 0x00, 0x00, 0x00, 0x00, 0x00,
    0x00, 0x00, 0x00, 0x00, 0x00, 0x00, 0x00, 0x00, 0x00, 0x00, 0x00, 0x00, 0x00, 0x00, 0x00, 0x00,
    0x00, 0x00, 0x00, 0x00, 0x00, 0x00, 0x00, 0x00, 0x00, 0x00, 0x00, 0x00, 0x00, 0x00, 0x00, 0x00,
    0x00, 0x00, 0x00, 0x00, 0x00, 0x00, 0x00, 0x00, 0x00, 0x00, 0x00, 0x00, 0x00, 0x00, 0x00, 0x00,
    0x00, 0x00, 0x00, 0x00, 0x00, 0x00, 0x00, 0x00, 0x00, 0x00, 0x00, 0x00, 0x00, 0x00, 0x00, 0x00,
    0x00, 0x00, 0x00, 0x00, 0x00, 0x00, 0x00, 0x00, 0x00, 0x00, 0x00, 0x00, 0x00, 0x00, 0x00, 0x00,
    0x00, 0x00, 0x00, 0x00, 0x00, 0x00, 0x00, 0x00, 0x00, 0x00, 0x00, 0x00, 0x00, 0x00, 0x00, 0x00,
    0x00, 0x00, 0x00, 0x00, 0x00, 0x00, 0x00, 0x00, 0x00, 0x00, 0x00, 0x00, 0x00, 0x00, 0x00, 0x00,
    0x00, 0x00, 0x00, 0x00, 0x00, 0x00, 0x00, 0x00, 0x00, 0x00, 0x00, 0x00, 0x00, 0x00, 0x00, 0x00,
    0x00, 0x00, 0x00, 0x00, 0x00, 0x00, 0x00, 0x00, 0x00, 0x00, 0x00, 0x00, 0x00, 0x00, 0x00, 0x00,
    0x00, 0x00, 0x00, 0x00, 0x00, 0x00, 0x00, 0x00, 0x00, 0x00, 0x00, 0x00, 0x00, 0x00, 0x00, 0x00,
    0x00, 0x00, 0x00, 0x00, 0x00, 0x00, 0x00, 0x00, 0x00, 0x00, 0x00, 0x00, 0x00, 0x00, 0x00, 0x00,
    0x00, 0x00, 0x00, 0x00, 0x00, 0x00, 0x00, 0x00, 0x00, 0x00, 0x00, 0x00, 0x00, 0x00, 0x00, 0x00,
    0x00, 0x00, 0x00, 0x00, 0x00, 0x00, 0x00, 0x00, 0x00, 0x00, 0x00, 0x00, 0x00, 0x00, 0x00, 0x00,
    0x00, 0x00, 0x00, 0x00, 0x00, 0x00, 0x00, 0x00, 0x00, 0x00, 0x00, 0x00, 0x00, 0x00, 0x00, 0x00,
    0x00, 0x00, 0x00, 0x00, 0x00, 0x00, 0x00, 0x00, 0x00, 0x00, 0x00, 0x00, 0x00, 0x00, 0x00, 0x00,
    0x00, 0x00, 0x00, 0x00, 0x00, 0x00, 0x00, 0x00, 0x00, 0x00, 0x00, 0x00, 0x00, 0x00, 0x00, 0x00,
    0x00, 0x00, 0x00, 0x00, 0x00, 0x00, 0x00, 0x00, 0x00, 0x00, 0x00, 0x00, 0x00, 0x00, 0x00, 0x00,
    0x00, 0x00, 0x00, 0x00, 0x00, 0x00, 0x00, 0x00, 0x00, 0x00, 0x00, 0x00, 0x00, 0x00, 0x00, 0x00,
    0x00, 0x00, 0x00, 0x00, 0x00, 0x00, 0x00, 0x00, 0x00, 0x00, 0x00, 0x00, 0x00, 0x00, 0x00, 0x00,
    0x00, 0x00, 0x00, 0x00, 0x00, 0x00, 0x00, 0x00, 0x00, 0x00, 0x00, 0x00, 0x00, 0x00, 0x00, 0x00,
    0x00, 0x00, 0x00, 0x00, 0x00, 0x00, 0x00, 0x00, 0x00, 0x00, 0x00, 0x00, 0x00, 0x00, 0x00, 0x00,
    0x00, 0x00, 0x00, 0x00, 0x00, 0x00, 0x00, 0x00, 0x00, 0x00, 0x00, 0x00, 0x00, 0x00, 0x00, 0x00,
    0x00, 0x00, 0x00, 0x00, 0x00, 0x00, 0x00, 0x00, 0x00, 0x00, 0x00, 0x00, 0x00, 0x00, 0x00, 0x00,
    0x00, 0x00, 0x00, 0x00, 0x00, 0x00, 0x00, 0x00, 0x00, 0x00, 0x00, 0x00, 0x00, 0x00, 0x00, 0x00,
    0x00, 0x00, 0x00, 0x00, 0x00, 0x00, 0x00, 0x00, 0x00, 0x00, 0x00, 0x00, 0x00, 0x00, 0x00, 0x00,
    0x00, 0x00, 0x00, 0x00, 0x00, 0x00, 0x00, 0x00, 0x00, 0x00, 0x00, 0x00, 0x00, 0x00, 0x00, 0x00,
    0x00, 0x00, 0x00, 0x00, 0x00, 0x00, 0x00, 0x00, 0x00, 0x00, 0x00, 0x00, 0x00, 0x00, 0x00, 0x00,
    0x00, 0x00, 0x00, 0x00, 0x00, 0x00, 0x00, 0x00, 0x00, 0x00, 0x00, 0x00, 0x00, 0x00, 0x00, 0x00,
    0x00, 0x00, 0x00, 0x00, 0x00, 0x00, 0x00, 0x00, 0x00, 0x00, 0x00, 0x00, 0x00, 0x00, 0x00, 0x00,
    0x00, 0x00, 0x00, 0x00, 0x00, 0x00, 0x00, 0x00, 0x00, 0x00, 0x00, 0x00, 0x00, 0x00, 0x00, 0x00,
    0x00, 0x00, 0x00, 0x00, 0x00, 0x00, 0x00, 0x00, 0x00, 0x00, 0x00, 0x00, 0x00, 0x00, 0x00, 0x00,
    0x00, 0x00, 0x00, 0x00, 0x00, 0x00, 0x00, 0x00, 0x00, 0x00, 0x00, 0x00, 0x00, 0x00, 0x00, 0x00,
    0x00, 0x00, 0x00, 0x00, 0x00, 0x00, 0x00, 0x00, 0x00, 0x00, 0x00, 0x00, 0x00, 0x00, 0x00, 0x00,
    0x00, 0x00, 0x00, 0x00, 0x00, 0x00, 0x00, 0x00, 0x00, 0x00, 0x00, 0x00, 0x00, 0x00, 0x00, 0x00,
    0x00, 0x00, 0x00, 0x00, 0x00, 0x00, 0x00, 0x00, 0x00, 0x00, 0x00, 0x00, 0x00, 0x00, 0x00, 0x00,
    0x00, 0x00, 0x00, 0x00, 0x00, 0x00, 0x00, 0x00, 0x00, 0x00, 0x00, 0x00, 0x00, 0x00, 0x00, 0x00,
    0x00, 0x00, 0x00, 0x00, 0x00, 0x00, 0x00, 0x00, 0x00, 0x00, 0x00, 0x00, 0x00, 0x00, 0x00, 0x00,
    0x00, 0x00, 0x00, 0x00, 0x00, 0x00, 0x00, 0x00, 0x00, 0x00, 0x00, 0x00, 0x00, 0x00, 0x00, 0x00,
    0x00, 0x00, 0x00, 0x00, 0x00, 0x00, 0x00, 0x00, 0x00, 0x00, 0x00, 0x00, 0x00, 0x00, 0x00, 0x00,
    0x00, 0x00, 0x00, 0x00, 0x00, 0x00, 0x00, 0x00, 0x00, 0x00, 0x00, 0x00, 0x00, 0x00, 0x00, 0x00,
    0x00, 0x00, 0x00, 0x00, 0x00, 0x00, 0x00, 0x00, 0x00, 0x00, 0x00, 0x00, 0x00, 0x00, 0x00, 0x00,
    0x00, 0x00, 0x00, 0x00, 0x00, 0x00, 0x00, 0x00, 0x00, 0x00, 0x00, 0x00, 0x00, 0x00, 0x00, 0x00,
    0x00, 0x00, 0x00, 0x00, 0x00, 0x00, 0x00, 0x00, 0x00, 0x00, 0x00, 0x00, 0x00, 0x00, 0x00, 0x00,
    0x00, 0x00, 0x00, 0x00, 0x00, 0x00, 0x00, 0x00, 0x00, 0x00, 0x00, 0x00, 0x00, 0x00, 0x00, 0x00,
    0x00, 0x00, 0x00, 0x00, 0x00, 0x00, 0x00, 0x00, 0x00, 0x00, 0x00, 0x00, 0x00, 0x00, 0x00, 0x00,
    0x00, 0x00, 0x00, 0x00, 0x00, 0x00, 0x00, 0x00, 0x00, 0x00, 0x00, 0x00, 0x00, 0x00, 0x00, 0x00,
    0x00, 0x00, 0x00, 0x00, 0x00, 0x00, 0x00, 0x00, 0x00, 0x00, 0x00, 0x00, 0x00, 0x00, 0x00, 0x00,
    0x00, 0x00, 0x00, 0x00, 0x00, 0x00, 0x00, 0x00, 0x00, 0x00, 0x00, 0x00, 0x00, 0x00, 0x00, 0x00,
    0x00, 0x00, 0x00, 0x00, 0x00, 0x00, 0x00, 0x00, 0x00, 0x00, 0x00, 0x00, 0x00, 0x00, 0x00, 0x00,
    0x00, 0x00, 0x00, 0x00, 0x00, 0x00, 0x00, 0x00, 0x00, 0x00, 0x00, 0x00, 0x00, 0x00, 0x00, 0x00,
    0x00, 0x00, 0x00, 0x00, 0x00, 0x00, 0x00, 0x00, 0x00, 0x00, 0x00, 0x00, 0x00, 0x00, 0x00, 0x00,
    0x00, 0x00, 0x00, 0x00, 0x00, 0x00, 0x00, 0x00, 0x00, 0x00, 0x00, 0x00, 0x00, 0x00, 0x00, 0x00,
    0x00, 0x00, 0x00, 0x00, 0x00, 0x00, 0x00, 0x00, 0x00, 0x00, 0x00, 0x00, 0x00, 0x00, 0x00, 0x00,
    0x00, 0x00, 0x00, 0x00, 0x00, 0x00, 0x00, 0x00, 0x00, 0x00, 0x00, 0x00, 0x00, 0x00, 0x00, 0x00,
    0x00, 0x00, 0x00, 0x00, 0x00, 0x00, 0x00, 0x00, 0x00, 0x00, 0x00, 0x00, 0x00, 0x00, 0x00, 0x00,
    0x00, 0x00, 0x00, 0x00, 0x00, 0x00, 0x00, 0x00, 0x00, 0x00, 0x00, 0x00, 0x00, 0x00, 0x00, 0x00,
    0x00, 0x00, 0x00, 0x00, 0x00, 0x00, 0x00, 0x00, 0x00, 0x00, 0x00, 0x00, 0x00, 0x00, 0x00, 0x00,
    0x00, 0x00, 0x00, 0x00, 0x00, 0x00, 0x00, 0x00, 0x00, 0x00, 0x00, 0x00, 0x00, 0x00, 0x00, 0x00,
    0x00, 0x00, 0x00, 0x00, 0x00, 0x00, 0x00, 0x00, 0x00, 0x00, 0x00, 0x00, 0x00, 0x00, 0x00, 0x00,
    0x00, 0x00, 0x00, 0x00, 0x00, 0x00, 0x00, 0x00, 0x00, 0x00, 0x00, 0x00, 0x00, 0x00, 0x00, 0x00,
    0x00, 0x00, 0x00, 0x00, 0x00, 0x00, 0x00, 0x00, 0x00, 0x00, 0x00, 0x00, 0x00, 0x00, 0x00, 0x00,
    0x00, 0x00, 0x00, 0x00, 0x00, 0x00, 0x00, 0x00, 0x00, 0x00, 0x00, 0x00, 0x00, 0x00, 0x00, 0x00,
    0x00, 0x00, 0x00, 0x00, 0x00, 0x00, 0x00, 0x00, 0x00, 0x00, 0x00, 0x00, 0x00, 0x00, 0x00, 0x00,
    0x00, 0x00, 0x00, 0x00, 0x00, 0x00, 0x00, 0x00, 0x00, 0x00, 0x00, 0x00, 0x00, 0x00, 0x00, 0x00,
    0x00, 0x00, 0x00, 0x00, 0x00, 0x00, 0x00, 0x00, 0x00, 0x00, 0x00, 0x00, 0x00, 0x00, 0x00, 0x00,
    0x00, 0x00, 0x00, 0x00, 0x00, 0x00, 0x00, 0x00, 0x00, 0x00, 0x00, 0x00, 0x00, 0x00, 0x00, 0x00,
    0x00, 0x00, 0x00, 0x00, 0x00, 0x00, 0x00, 0x00, 0x00, 0x00, 0x00, 0x00, 0x00, 0x00, 0x00, 0x00,
    0x00, 0x00, 0x00, 0x00, 0x00, 0x00, 0x00, 0x00, 0x00, 0x00, 0x00, 0x00, 0x00, 0x00, 0x00, 0x00,
    0x00, 0x00, 0x00, 0x00, 0x00, 0x00, 0x00, 0x00, 0x00, 0x00, 0x00, 0x00, 0x00, 0x00, 0x00, 0x00,
    0x00, 0x00, 0x00, 0x00, 0x00, 0x00, 0x00, 0x00, 0x00, 0x00, 0x00, 0x00, 0x00, 0x00, 0x00, 0x00,
    0x00, 0x00, 0x00, 0x00, 0x00, 0x00, 0x00, 0x00, 0x00, 0x00, 0x00, 0x00, 0x00, 0x00, 0x00, 0x00,
    0x00, 0x00, 0x00, 0x00, 0x00, 0x00, 0x00, 0x00, 0x00, 0x00, 0x00, 0x00, 0x00, 0x00, 0x00, 0x00,
    0x00, 0x00, 0x00, 0x00, 0x00, 0x00, 0x00, 0x00, 0x00, 0x00, 0x00, 0x00, 0x00, 0x00, 0x00, 0x00,
    0x00, 0x00, 0x00, 0x00, 0x00, 0x00, 0x00, 0x00, 0x00, 0x00, 0x00, 0x00, 0x00, 0x00, 0x00, 0x00,
    0x00, 0x00, 0x00, 0x00, 0x00, 0x00, 0x00, 0x00, 0x00, 0x00, 0x00, 0x00, 0x00, 0x00, 0x00, 0x00,
    0x00, 0x00, 0x00, 0x00, 0x00, 0x00, 0x00, 0x00, 0x00, 0x00, 0x00, 0x00, 0x00, 0x00, 0x00, 0x00,
    0x00, 0x00, 0x00, 0x00, 0x00, 0x00, 0x00, 0x00, 0x00, 0x00, 0x00, 0x00, 0x00, 0x00, 0x00, 0x00,
    0x00, 0x00, 0x00, 0x00, 0x00, 0x00, 0x00, 0x00, 0x00, 0x00, 0x00, 0x00, 0x00, 0x00, 0x00, 0x00,
    0x00, 0x00, 0x00, 0x00, 0x00, 0x00, 0x00, 0x00, 0x00, 0x00, 0x00, 0x00, 0x00, 0x00, 0x00, 0x00,
    0x00, 0x00, 0x00, 0x00, 0x00, 0x00, 0x00, 0x00, 0x00, 0x00, 0x00, 0x00, 0x00, 0x00, 0x00, 0x00,
    0x00, 0x00, 0x00, 0x00, 0x00, 0x00, 0x00, 0x00, 0x00, 0x00, 0x00, 0x00, 0x00, 0x00, 0x00, 0x00,
    0x00, 0x00, 0x00, 0x00, 0x00, 0x00, 0x00, 0x00, 0x00, 0x00, 0x00, 0x00, 0x00, 0x00, 0x00, 0x00,
    0x00, 0x00, 0x00, 0x00, 0x00, 0x00, 0x00, 0x00, 0x00, 0x00, 0x00, 0x00, 0x00, 0x00, 0x00, 0x00,
    0x00, 0x00, 0x00, 0x00, 0x00, 0x00, 0x00, 0x00, 0x00, 0x00, 0x00, 0x00, 0x00, 0x00, 0x00, 0x00,
    0x00, 0x00, 0x00, 0x00, 0x00, 0x00, 0x00, 0x00, 0x00, 0x00, 0x00, 0x00, 0x00, 0x00, 0x00, 0x00,
    0x00, 0x00, 0x00, 0x00, 0x00, 0x00, 0x00, 0x00, 0x00, 0x00, 0x00, 0x00, 0x00, 0x00, 0x00, 0x00,
    0x00, 0x00, 0x00, 0x00, 0x00, 0x00, 0x00, 0x00, 0x00, 0x00, 0x00, 0x00, 0x00, 0x00, 0x00, 0x00,
    0x00, 0x00, 0x00, 0x00, 0x00, 0x00, 0x00, 0x00, 0x00, 0x00, 0x00, 0x00, 0x00, 0x00, 0x00, 0x00,
    0x00, 0x00, 0x00, 0x00, 0x00, 0x00, 0x00, 0x00, 0x00, 0x00, 0x00, 0x00, 0x00, 0x00, 0x00, 0x00,
    0x00, 0x00, 0x00, 0x00, 0x00, 0x00, 0x00, 0x00, 0x00, 0x00, 0x00, 0x00, 0x00, 0x00, 0x00, 0x00,
    0x00, 0x00, 0x00, 0x00, 0x00, 0x00, 0x00, 0x00, 0x00, 0x00, 0x00, 0x00, 0x00, 0x00, 0x00, 0x00,
    0x00, 0x00, 0x00, 0x00, 0x00, 0x00, 0x00, 0x00, 0x00, 0x00, 0x00, 0x00, 0x00, 0x00, 0x00, 0x00,
    0x00, 0x00, 0x00, 0x00, 0x00, 0x00, 0x00, 0x00, 0x00, 0x00, 0x00, 0x00, 0x00, 0x00, 0x00, 0x00,
    0x00, 0x00, 0x00, 0x00, 0x00, 0x00, 0x00, 0x00, 0x00, 0x00, 0x00, 0x00, 0x00, 0x00, 0x00, 0x00,
    0x00, 0x00, 0x00, 0x00, 0x00, 0x00, 0x00, 0x00, 0x00, 0x00, 0x00, 0x00, 0x00, 0x00, 0x00, 0x00,
    0x00, 0x00, 0x00, 0x00, 0x00, 0x00, 0x00, 0x00, 0x00, 0x00, 0x00, 0x00, 0x00, 0x00, 0x00, 0x00,
    0x00, 0x00, 0x00, 0x00, 0x00, 0x00, 0x00, 0x00, 0x00, 0x00, 0x00, 0x00, 0x00, 0x00, 0x00, 0x00,
    0x00, 0x00, 0x00, 0x00, 0x00, 0x00, 0x00, 0x00, 0x00, 0x00, 0x00, 0x00, 0x00, 0x00, 0x00, 0x00,
    0x00, 0x00, 0x00, 0x00, 0xFF, 0xFF, 0x01, 0x00, 0x1F, 0x01, 0x00, 0x00, 0x00, 0x00, 0x00, 0x00,
    0x00, 0x00, 0x00, 0x00, 0x00, 0x00, 0x00, 0x00, 0x00, 0x00, 0x00, 0x00, 0x00, 0x00, 0x00, 0x00,
    0x00, 0x00, 0x00, 0x00, 0x00, 0x00, 0x00, 0x00, 0x00, 0x00, 0x00, 0x00, 0x00, 0x00, 0x00, 0x00,
    0x00, 0x00, 0x00, 0x00, 0x00, 0x00, 0x00, 0x00, 0x00, 0x00, 0x00, 0x00, 0x00, 0x00, 0x00, 0x00,
    0x00, 0x00, 0x00, 0x00, 0x00, 0x00, 0x00, 0x00, 0x00, 0x00, 0x00, 0x00, 0x00, 0x00, 0x00, 0x00,
    0x00, 0x00, 0x00, 0x00, 0x00, 0x00, 0x00, 0x00, 0x00, 0x00, 0x00, 0x00, 0x00, 0x00, 0x00, 0x00,
    0x00, 0x00, 0x00, 0x00, 0x00, 0x00, 0x00, 0x00, 0x00, 0x00, 0x00, 0x00, 0x00, 0x00, 0x00, 0x00,
    0x00, 0x00, 0x00, 0x00, 0x00, 0x00, 0x00, 0x00, 0x00, 0x00, 0x00, 0x00, 0x00, 0x00, 0x00, 0x00,
    0x00, 0x00, 0x00, 0x00, 0x00, 0x00, 0x00, 0x00, 0x00, 0x00, 0x00, 0x00, 0x00, 0x00, 0x00, 0x00,
    0x00, 0x00, 0x00, 0x00, 0x00, 0x00, 0x00, 0x00, 0x00, 0x00, 0x00, 0x00, 0x00, 0x00, 0x00, 0x00,
    0x00, 0x00, 0x00, 0x00, 0x00, 0x00, 0x00, 0x00, 0x00, 0x00, 0x00, 0x00, 0x00, 0x00, 0x00, 0x00,
    0x00, 0x00, 0x00, 0x00, 0x00, 0x00, 0x00, 0x00, 0x00, 0x00, 0x00, 0x00, 0x00, 0x00, 0x00, 0x00,
    0x00, 0x00, 0x00, 0x00, 0x00, 0x00, 0x00, 0x00, 0x00, 0x00, 0x00, 0x00, 0x00, 0x00, 0x00, 0x00,
    0x00, 0x00, 0x00, 0x00, 0x00, 0x00, 0x00, 0x00, 0x00, 0x00, 0x00, 0x00, 0x00, 0x00, 0x00, 0x00,
    0x00, 0x00, 0x00, 0x00, 0x00, 0x00, 0x00, 0x00, 0x00, 0x00, 0x00, 0x00, 0x00, 0x00, 0x00, 0x00,
    0x00, 0x00, 0x00, 0x00, 0x00, 0x00, 0x00, 0x00, 0x00, 0x00, 0x00, 0x00, 0x00, 0xFF, 0xFF, 0x01,
    0xFF, 0xFF, 0x01, 0xFF, 0xFF, 0x01, 0xFF, 0xFF, 0x01, 0x07, 0xFF, 0x01, 0xFF, 0xFF, 0x01, 0xFF,
    0xFF, 0x01, 0x7F, 0xFF, 0x02, 0x07, 0xFF, 0x01, 0x07, 0xFF, 0x01, 0x07, 0xFF, 0x01, 0x07, 0xFF,
    0x01, 0x00, 0x00, 0x00, 0x00, 0x00, 0x00, 0x00, 0x00, 0x00, 0x00, 0x00, 0x00, 0x00, 0x1F, 0x01,
    0x07, 0xFF, 0x01, 0xFF, 0xFF, 0x01, 0x7F, 0xFF, 0x02, 0xFF, 0xFF, 0x01, 0xFF, 0xFF, 0x01, 0xFF,
    0xFF, 0x01, 0xFF, 0xFF, 0x01, 0xFF, 0xFF, 0x01, 0xFF, 0xFF, 0x01, 0xFF, 0xFF, 0x01, 0xFF, 0xFF,
    0x01, 0xFF, 0xFF, 0x01, 0xFF, 0xFF, 0x01, 0xFF, 0xFF, 0x01, 0xFF, 0xFF, 0x01, 0xFF, 0xFF, 0x01,
    0xFF, 0xFF, 0x01, 0x00, 0x00, 0x00, 0x00, 0x00, 0x00, 0x00, 0x00, 0x00, 0x00, 0x00, 0x00, 0x00,
    0x00, 0x00, 0x00, 0x00, 0x00, 0x00, 0x00, 0x00, 0x00, 0x00, 0x00, 0x00, 0x00, 0x00, 0x00, 0x00,
    0x00, 0x00, 0x00, 0x00, 0x00, 0x00, 0x00, 0x00, 0x00, 0x00, 0x00, 0x00, 0x00, 0x00, 0x00, 0x00,
    0x00, 0x00, 0x00, 0x00, 0x00, 0x00, 0x00, 0x00, 0x00, 0x00, 0x00, 0x00, 0x00, 0x00, 0x00, 0x00,
    0x00, 0x00, 0x00, 0x00, 0x00, 0x00, 0x00, 0x00, 0x00, 0x00, 0x00, 0x00, 0x00, 0x00, 0x00, 0x00,
    0x00, 0x00, 0x00, 0x00, 0x00, 0x00, 0x00, 0x00, 0x00, 0x00, 0x00, 0x00, 0x00, 0x00, 0x00, 0x00,
    0x00, 0x00, 0x00, 0x00, 0x00, 0x00, 0x00, 0x00, 0x00, 0x00, 0x00, 0x00, 0x00, 0x00, 0x00, 0x00,
    0x00, 0x00, 0x00, 0x00, 0x00, 0x00, 0x00, 0x00, 0x00, 0x00, 0x00, 0x00, 0x00, 0x00, 0x00, 0x00,
    0x00, 0x00, 0x00, 0x00, 0x00, 0x00, 0x00, 0x00, 0x00, 0x00, 0x00, 0x00, 0x00, 0x00, 0x00, 0x00,
    0x00, 0x00, 0x00, 0x00, 0x00, 0x00, 0x00, 0x00, 0x00, 0x00, 0x00, 0x00, 0x00, 0x00, 0x00, 0x00,
    0x00, 0x00, 0x00, 0x00, 0x00, 0x00, 0x00, 0x00, 0x00, 0x00, 0x00, 0x00, 0x00, 0x00, 0x00, 0x00,
    0x00, 0x00, 0x00, 0x00, 0xFF, 0xFF, 0x01, 0x7F, 0xFF, 0x02, 0x03, 0xFF, 0x02, 0x00, 0x1F, 0x01,
    0x00, 0x00, 0x00, 0x00, 0x00, 0x00, 0x00, 0x00, 0x00, 0x07, 0xFF, 0x01, 0x00, 0x00, 0x00, 0x00,
    0x00, 0x00, 0x00, 0x00, 0x00, 0xFF, 0xFF, 0x01, 0xFF, 0xFF, 0x01, 0x00, 0x00, 0x00, 0x07, 0xFF,
    0x01, 0xFF, 0xFF, 0x05, 0xFF, 0xFF, 0x09, 0xFF, 0xFF, 0x09, 0xFF, 0xFF, 0x03, 0xFF, 0xFF, 0x01,
    0x00, 0x00, 0x00, 0x00, 0x00, 0x00, 0x00, 0x00, 0x00, 0x00, 0x00, 0x00, 0x00, 0x00, 0x00, 0x07,
    0xFF, 0x01, 0x07, 0xFF, 0x01, 0x00, 0x00, 0x00, 0x00, 0x00, 0x00, 0x00, 0x00, 0x00, 0x00, 0x00,
    0x00, 0x07, 0xFF, 0x01, 0x07, 0xFF, 0x01, 0x00, 0x00, 0x00, 0x00, 0x00, 0x00, 0x00, 0x00, 0x00,
    0x00, 0x00, 0x00, 0x03, 0xFF, 0x02, 0x7F, 0xFF, 0x02, 0xFF, 0xFF, 0x01, 0x00, 0x00, 0x00, 0x00,
    0x00, 0x00, 0x00, 0x00, 0x00, 0x00, 0x00, 0x00, 0x00, 0x00, 0x00, 0x00, 0x00, 0x00, 0x00, 0x00,
    0x00, 0x00, 0x00, 0x00, 0x00, 0x00, 0x00, 0x00, 0x00, 0x00, 0x00, 0x00, 0x00, 0x00, 0x00, 0x00,
    0x00, 0x00, 0x00, 0x00, 0x00, 0x00, 0x00, 0x00, 0x00, 0x00, 0x00, 0x00, 0x00, 0x00, 0x00, 0x00,
    0x00, 0x00, 0x00, 0x00, 0x00, 0x00, 0x00, 0x00, 0x00, 0x00, 0x00, 0x00, 0x00, 0x00, 0x00, 0x00,
    0x00, 0x00, 0x00, 0x00, 0x00, 0x00, 0x00, 0x00, 0x00, 0x00, 0x00, 0x00, 0x00, 0x00, 0x00, 0x00,
    0x00, 0x00, 0x00, 0x00, 0x00, 0x00, 0x00, 0x00, 0x00, 0x00, 0x00, 0x00, 0x00, 0x00, 0x00, 0x00,
    0x00, 0x00, 0x00, 0x00, 0x00, 0x00, 0x00, 0x00, 0x00, 0x00, 0x00, 0x00, 0x00, 0x00, 0x00, 0x00,
    0x00, 0x00, 0x00, 0x00, 0x00, 0x00, 0x00, 0x00, 0x00, 0x00, 0x00, 0x00, 0x00, 0x00, 0x00, 0x00,
    0x00, 0x00, 0x00, 0x00, 0x00, 0x00, 0x00, 0x00, 0x00, 0x00, 0x00, 0x00, 0x00, 0x00, 0x00, 0x00,
    0x00, 0x00, 0x00, 0x00, 0x00, 0x00, 0x00, 0x00, 0x00, 0x00, 0x00, 0x07, 0xFF, 0x01, 0x00, 0x00,
    0x00, 0x00, 0x00, 0x00, 0x00, 0x00, 0x00, 0x00, 0x00, 0x00, 0x00, 0x00, 0x00, 0xFF, 0xFF, 0x07,
    0xFF, 0xFF, 0x14, 0xFF, 0xFF, 0x13, 0xFE, 0xFB, 0x08, 0x00, 0x00, 0x00, 0xFF, 0xF5, 0x03, 0xFF,
    0xFF, 0x12, 0xE7, 0xDF, 0x2A, 0xEF, 0xDF, 0x43, 0xE7, 0x9E, 0x38, 0xF7, 0x7E, 0x1B, 0xF7, 0x9E,
    0x25, 0xE7, 0xBF, 0x49, 0xE7, 0xBF, 0x65, 0xE7, 0x9F, 0x5C, 0xE7, 0x9E, 0x3A, 0xF7, 0x7E, 0x21,
    0xF7, 0x5E, 0x23, 0xEF, 0xBF, 0x2F, 0xF7, 0xDF, 0x29, 0xFF, 0xFF, 0x1A, 0xFF, 0xFF, 0x0C, 0x00,
    0x00, 0x00, 0x00, 0x00, 0x00, 0xFF, 0xFD, 0x0E, 0xFF, 0xBE, 0x19, 0xFF, 0xFF, 0x18, 0xFF, 0xFF,
    0x0A, 0x00, 0x00, 0x00, 0xFD, 0x55, 0x03, 0xFF, 0x5D, 0x0D, 0xFF, 0xFF, 0x19, 0xFF, 0xFF, 0x17,
    0xFF, 0xFF, 0x06, 0x00, 0x00, 0x00, 0x00, 0x00, 0x00, 0x00, 0x00, 0x00, 0x07, 0xFF, 0x01, 0x00,
    0x00, 0x00, 0x07, 0xFF, 0x01, 0x00, 0x1F, 0x01, 0x00, 0x00, 0x00, 0x00, 0x00, 0x00, 0x00, 0x00,
    0x00, 0x00, 0x00, 0x00, 0x00, 0x00, 0x00, 0x00, 0x00, 0x00, 0x00, 0x00, 0x00, 0x00, 0x00, 0x00,
    0x00, 0x00, 0x00, 0x00, 0x00, 0x00, 0x00, 0x00, 0x00, 0x00, 0x00, 0x00, 0x00, 0x00, 0x00, 0x00,
    0x00, 0x00, 0x00, 0x00, 0x00, 0x00, 0x00, 0x00, 0x00, 0x00, 0x00, 0x00, 0x00, 0x00, 0x00, 0x00,
    0x00, 0x00, 0x00, 0x00, 0x00, 0x00, 0x00, 0x00, 0x00, 0x00, 0x00, 0x00, 0x00, 0x00, 0x00, 0x00,
    0x00, 0x00, 0x00, 0x00, 0x00, 0x00, 0x00, 0x00, 0x00, 0x00, 0x00, 0x00, 0x00, 0x00, 0x00, 0x00,
    0x00, 0x00, 0x00, 0x00, 0x00, 0x00, 0x00, 0x00, 0x00, 0x00, 0x00, 0x00, 0x00, 0x00, 0x00, 0x00,
    0x00, 0x00, 0x00, 0x00, 0x00, 0x00, 0x00, 0x00, 0x00, 0x00, 0x00, 0x00, 0x00, 0x00, 0x00, 0x00,
    0x00, 0x00, 0x00, 0x00, 0x00, 0x00, 0x00, 0x00, 0x00, 0x00, 0x00, 0x00, 0x00, 0x00, 0x00, 0x00,
    0x00, 0x00, 0xFF, 0xFF, 0x01, 0x7B, 0xFF, 0x02, 0x00, 0x1F, 0x01, 0x00, 0x00, 0x00, 0xFF, 0xFF,
    0x01, 0xFF, 0xFF, 0x0F, 0xE7, 0x9E, 0x2A, 0xBF, 0x9F, 0x53, 0x8F, 0x7F, 0x84, 0x6F, 0x7F, 0xB2,
    0x77, 0x9F, 0xCF, 0x8F, 0x9F, 0xCE, 0x87, 0x9F, 0xC0, 0x87, 0x7F, 0xB0, 0x87, 0x7F, 0xB9, 0x87,
    0x9F, 0xCC, 0x8F, 0x9F, 0xDF, 0x8F, 0xBF, 0xE4, 0x8F, 0x9F, 0xDA, 0x8F, 0x7F, 0xC7, 0x8F, 0x9F,
    0xCD, 0x87, 0x9F, 0xE1, 0x8F, 0xBF, 0xEB, 0x8F, 0x9F, 0xE8, 0x8F, 0x9F, 0xD8, 0x87, 0x9F, 0xCC,
    0x87, 0x9F, 0xD0, 0x8F, 0x9F, 0xDC, 0x8F, 0xBF, 0xDD, 0x87, 0xBF, 0xD1, 0x87, 0x9F, 0xBE, 0x8F,
    0x9F, 0xAC, 0x87, 0x7F, 0xAE, 0x87, 0x9F, 0xC0, 0x8F, 0xBF, 0xD1, 0x8F, 0xBF, 0xD2, 0x8F, 0x9F,
    0xC1, 0x87, 0x9F, 0xB1, 0x87, 0x7F, 0xB8, 0x8F, 0x9F, 0xC6, 0x8F, 0xBF, 0xD4, 0x87, 0x9F, 0xD0,
    0x77, 0x9F, 0xAF, 0x87, 0x5E, 0x82, 0xBF, 0x9F, 0x53, 0xE7, 0x9E, 0x2B, 0xFF, 0xFF, 0x10, 0xFF,
    0xFF, 0x01, 0x00, 0x00, 0x00, 0x00, 0x00, 0x00, 0xFF, 0xFF, 0x01, 0xFF, 0xFF, 0x01, 0x00, 0x00,
    0x00, 0x00, 0x00, 0x00, 0x00, 0x00, 0x00, 0x00, 0x00, 0x00, 0x00, 0x00, 0x00, 0x00, 0x00, 0x00,
    0x00, 0x00, 0x00, 0x00, 0x00, 0x00, 0x00, 0x00, 0x00, 0x00, 0x00, 0x00, 0x00, 0x00, 0x00, 0x00,
    0x00, 0x00, 0x00, 0x00, 0x00, 0x00, 0x00, 0x00, 0x00, 0x00, 0x00, 0x00, 0x00, 0x00, 0x00, 0x00,
    0x00, 0x00, 0x00, 0x00, 0x00, 0x00, 0x00, 0x00, 0x00, 0x00, 0x00, 0x00, 0x00, 0x00, 0x00, 0x00,
    0x00, 0x00, 0x00, 0x00, 0x00, 0x00, 0x00, 0x00, 0x00, 0x00, 0x00, 0x00, 0x00, 0x00, 0x00, 0x00,
    0x00, 0x00, 0x00, 0x00, 0x00, 0x00, 0x00, 0x00, 0x00, 0x00, 0x00, 0x00, 0x00, 0x00, 0x00, 0x00,
    0x00, 0x00, 0x00, 0x00, 0x00, 0x00, 0x00, 0x00, 0x00, 0x00, 0x00, 0x00, 0x00, 0x00, 0x00, 0x00,
    0x00, 0x00, 0x00, 0x00, 0x00, 0x00, 0x00, 0x00, 0x00, 0x00, 0x00, 0x00, 0x00, 0x00, 0x00, 0xFF,
    0xFF, 0x01, 0x00, 0x00, 0x00, 0x00, 0x00, 0x00, 0xFF, 0xFF, 0x02, 0xFF, 0xFE, 0x14, 0xAF, 0x7F,
    0x49, 0x87, 0x7E, 0x91, 0x7F, 0x9F, 0xCF, 0x97, 0xBF, 0xF5, 0xA7, 0xDF, 0xFF, 0xA7, 0xDF, 0xFF,
    0xC7, 0xDF, 0xFF, 0xDF, 0xFF, 0xFF, 0xE7, 0xFF, 0xFD, 0xE7, 0xDF, 0xEF, 0xE7, 0xFF, 0xF6, 0xE7,
    0xFF, 0xFF, 0xE7, 0xFF, 0xFF, 0xE7, 0xFF, 0xFF, 0xEF, 0xFF, 0xFF, 0xEF, 0xFF, 0xFF, 0xEF, 0xFF,
    0xFF, 0xE7, 0xFF, 0xFF, 0xE7, 0xFF, 0xFF, 0xE7, 0xFF, 0xFF, 0xEF, 0xFF, 0xFF, 0xEF, 0xFF, 0xFF,
    0xEF, 0xFF, 0xFF, 0xE7, 0xFF, 0xFF, 0xE7, 0xFF, 0xFF, 0xE7, 0xFF, 0xFF, 0xE7, 0xDF, 0xF7, 0xE7,
    0xFF, 0xED, 0xE7, 0xFF, 0xEB, 0xE7, 0xDF, 0xF0, 0xE7, 0xDF, 0xFA, 0xE7, 0xDF, 0xFD, 0xE7, 0xFF,
    0xF7, 0xE7, 0xDF, 0xF0, 0xE7, 0xDF, 0xF3, 0xE7, 0xFF, 0xFC, 0xE7, 0xFF, 0xFF, 0xCF, 0xFF, 0xFF,
    0xAF, 0xDF, 0xFF, 0xA7, 0xBF, 0xFE, 0x9F, 0xDF, 0xF2, 0x87, 0x9F, 0xCD, 0x7F, 0x5E, 0x8F, 0xA7,
    0x5E, 0x4F, 0xFF, 0xDF, 0x26, 0xFF, 0xFF, 0x0E, 0x00, 0x00, 0x00, 0x00, 0x00, 0x00, 0xFF, 0xFF,
    0x01, 0x00, 0x00, 0x00, 0x00, 0x00, 0x00, 0x00, 0x00, 0x00, 0x00, 0x00, 0x00, 0x00, 0x00, 0x00,
    0x00, 0x00, 0x00, 0x00, 0x00, 0x00, 0x00, 0x00, 0x00, 0x00, 0x00, 0x00, 0x00, 0x00, 0x00, 0x00,
    0x00, 0x00, 0x00, 0x00, 0x00, 0x00, 0x00, 0x00, 0x00, 0x00, 0x00, 0x00, 0x00, 0x00, 0x00, 0x00,
    0x00, 0x00, 0x00, 0x00, 0x00, 0x00, 0x00, 0x00, 0x00, 0x00, 0x00, 0x00, 0x00, 0x00, 0x00, 0x00,
    0x00, 0x00, 0x00, 0x00, 0x00, 0x00, 0x00, 0x00, 0x00, 0x00, 0x00, 0x00, 0x00, 0x00, 0x00, 0x00,
    0x00, 0x00, 0x00, 0x00, 0x00, 0x00, 0x00, 0x00, 0x00, 0x00, 0x00, 0x00, 0x00, 0x00, 0x00, 0x00,
    0x00, 0x00, 0x00, 0x00, 0x00, 0x00, 0x00, 0x00, 0x00, 0x00, 0x00, 0x00, 0x00, 0x00, 0x00, 0x00,
    0x00, 0x00, 0x00, 0x00, 0x00, 0x00, 0x00, 0x00, 0x00, 0x00, 0x00, 0x00, 0xFF, 0xFF, 0x01, 0x00,
    0x00, 0x00, 0xFF, 0xFF, 0x04, 0xFF, 0xFF, 0x2D, 0x9F, 0xBF, 0x72, 0x7F, 0x7F, 0xB2, 0x8F, 0x9F,
    0xE0, 0xAF, 0xBF, 0xFB, 0xCF, 0xDF, 0xFE, 0xFF, 0xFF, 0xFB, 0xFF, 0xFF, 0xFC, 0xFF, 0xFF, 0xFB,
    0xFF, 0xFF, 0xFA, 0xFF, 0xFF, 0xFA, 0xFF, 0xFF, 0xFB, 0xFF, 0xFF, 0xFB, 0xFF, 0xFF, 0xFB, 0xFF,
    0xFF, 0xFA, 0xFF, 0xFF, 0xFB, 0xFF, 0xFF, 0xFD, 0xFF, 0xFF, 0xFD, 0xFF, 0xFF, 0xFD, 0xFF, 0xFF,
    0xFD, 0xFF, 0xFF, 0xFD, 0xFF, 0xFF, 0xFE, 0xFF, 0xFF, 0xFE, 0xFF, 0xFF, 0xFD, 0xFF, 0xFF, 0xFD,
    0xFF, 0xFF, 0xFD, 0xFF, 0xFF, 0xFD, 0xFF, 0xFF, 0xFB, 0xFF, 0xFF, 0xFB, 0xFF, 0xFF, 0xFB, 0xFF,
    0xFF, 0xFC, 0xFF, 0xFF, 0xFC, 0xFF, 0xFF, 0xFB, 0xFF, 0xFF, 0xFB, 0xFF, 0xFF, 0xFB, 0xFF, 0xFF,
    0xFB, 0xFF, 0xFF, 0xFB, 0xFF, 0xFF, 0xFB, 0xFF, 0xFF, 0xFB, 0xFF, 0xFF, 0xFA, 0xFF, 0xFF, 0xFA,
    0xFF, 0xFF, 0xFB, 0xFF, 0xFF, 0xFC, 0xFF, 0xFF, 0xFB, 0xD7, 0xDF, 0xFF, 0xB7, 0xBF, 0xF9, 0x97,
    0x9F, 0xE2, 0x7F, 0x7F, 0xC3, 0x9F, 0x9F, 0x8A, 0xFF, 0xFF, 0x31, 0xFF, 0xF5, 0x03, 0x00, 0x00,
    0x00, 0xFF, 0xFF, 0x01, 0x00, 0x00, 0x00, 0x00, 0x00, 0x00, 0x00, 0x00, 0x00, 0x00, 0x00, 0x00,
    0x00, 0x00, 0x00, 0x00, 0x00, 0x00, 0x00, 0x00, 0x00, 0x00, 0x00, 0x00, 0x00, 0x00, 0x00, 0x00,
    0x00, 0x00, 0x00, 0x00, 0x00, 0x00, 0x00, 0x00, 0x00, 0x00, 0x00, 0x00, 0x00, 0x00, 0x00, 0x00,
    0x00, 0x00, 0x00, 0x00, 0x00, 0x00, 0x00, 0x00, 0x00, 0x00, 0x00, 0x00, 0x00, 0x00, 0x00, 0x00,
    0x00, 0x00, 0x00, 0x00, 0x00, 0x00, 0x00, 0x00, 0x00, 0x00, 0x00, 0x00, 0x00, 0x00, 0x00, 0x00,
    0x00, 0x00, 0x00, 0x00, 0x00, 0x00, 0x00, 0x00, 0x00, 0x00, 0x00, 0x00, 0x00, 0x00, 0x00, 0x00,
    0x00, 0x00, 0x00, 0x00, 0x00, 0x00, 0x00, 0x00, 0x00, 0x00, 0x00, 0x00, 0x00, 0x00, 0x00, 0x00,
    0x00, 0x00, 0x00, 0x00, 0x00, 0x00, 0xF8, 0x00, 0x01, 0x00, 0x00, 0x01, 0x00, 0x00, 0x00, 0xFF,
    0xFF, 0x0D, 0xC7, 0xBF, 0x68, 0x7F, 0x7F, 0xC3, 0x87, 0xBF, 0xF5, 0xC7, 0xDF, 0xFF, 0xF7, 0xFF,
    0xFC, 0xFF, 0xFF, 0xFB, 0xFF, 0xFF, 0xFD, 0xF7, 0xFF, 0xFF, 0xB7, 0xBF, 0xFF, 0x7F, 0x5E, 0xFF,
    0x56, 0xFD, 0xFF, 0x46, 0xDD, 0xFF, 0x3E, 0xBD, 0xFF, 0x3E, 0xBD, 0xFF, 0x3E, 0xBD, 0xFF, 0x3E,
    0xBD, 0xFF, 0x3E, 0xBD, 0xFF, 0x3E, 0xBD, 0xFF, 0x3E, 0xBC, 0xFF, 0x3E, 0x9C, 0xFF, 0x3E, 0x9C,
    0xFF, 0x3E, 0x9C, 0xFF, 0x3E, 0x9C, 0xFF, 0x3E, 0xBC, 0xFF, 0x3E, 0x9C, 0xFF, 0x3E, 0x9C, 0xFF,
    0x3E, 0x9C, 0xFF, 0x3E, 0x9C, 0xFF, 0x3E, 0xBC, 0xFF, 0x3E, 0xBD, 0xFF, 0x3E, 0xDD, 0xFF, 0x3E,
    0xBD, 0xFF, 0x3E, 0xBD, 0xFF, 0x3E, 0xBD, 0xFF, 0x3E, 0xDD, 0xFF, 0x3E, 0xDD, 0xFF, 0x3E, 0xDD,
    0xFF, 0x3E, 0xBD, 0xFF, 0x3E, 0xBD, 0xFF, 0x3E, 0xBD, 0xFF, 0x46, 0xFD, 0xFF, 0x56, 0xFD, 0xFF,
    0x77, 0x3E, 0xFF, 0xAF, 0xBF, 0xFF, 0xEF, 0xFF, 0xFF, 0xFF, 0xFF, 0xFD, 0xFF, 0xFF, 0xFB, 0xFF,
    0xFF, 0xFC, 0xCF, 0xFF, 0xFF, 0x8F, 0xBF, 0xFB, 0x7F, 0x9F, 0xC7, 0xB7, 0x9E, 0x66, 0xFF, 0xFD,
    0x0E, 0x00, 0x00, 0x00, 0x07, 0xFF, 0x01, 0x00, 0x00, 0x00, 0x00, 0x00, 0x00, 0x00, 0x00, 0x00,
    0x00, 0x00, 0x00, 0x00, 0x00, 0x00, 0x00, 0x00, 0x00, 0x00, 0x00, 0x00, 0x00, 0x00, 0x00, 0x00,
    0x00, 0x00, 0x00, 0x00, 0x00, 0x00, 0x00, 0x00, 0x00, 0x00, 0x00, 0x00, 0x00, 0x00, 0x00, 0x00,
    0x00, 0x00, 0x00, 0x00, 0x00, 0x00, 0x00, 0x00, 0x00, 0x00, 0x00, 0x00, 0x00, 0x00, 0x00, 0x00,
    0x00, 0x00, 0x00, 0x00, 0x00, 0x00, 0x00, 0x00, 0x00, 0x00, 0x00, 0x00, 0x00, 0x00, 0x00, 0x00,
    0x00, 0x00, 0x00, 0x00, 0x00, 0x00, 0x00, 0x00, 0x00, 0x00, 0x00, 0x00, 0x00, 0x00, 0x00, 0x00,
    0x00, 0x00, 0x00, 0x00, 0x00, 0x00, 0x00, 0x00, 0x00, 0x00, 0x00, 0x00, 0x00, 0x00, 0x00, 0x00,
    0x00, 0x00, 0x00, 0x07, 0xFF, 0x01, 0x00, 0x00, 0x00, 0xFF, 0xFB, 0x08, 0xFF, 0xDF, 0x3C, 0x97,
    0x9F, 0x9A, 0x7F, 0x7F, 0xE9, 0xAF, 0xBF, 0xF9, 0xFF, 0xFF, 0xF8, 0xFF, 0xFF, 0xFB, 0xF7, 0xFF,
    0xFE, 0xAF, 0x9F, 0xFF, 0x5E, 0xFD, 0xFF, 0x1E, 0x5C, 0xFF, 0x0D, 0xBA, 0xFF, 0x05, 0x59, 0xFF,
    0x05, 0x38, 0xFF, 0x05, 0x17, 0xFF, 0x04, 0xF7, 0xFF, 0x04, 0xF7, 0xFF, 0x04, 0xF7, 0xFF, 0x04,
    0xF7, 0xFF, 0x04, 0xF7, 0xFF, 0x04, 0xF7, 0xFF, 0x04, 0xF7, 0xFF, 0x04, 0xD7, 0xFF, 0x04, 0xD7,
    0xFF, 0x04, 0xD6, 0xFF, 0x04, 0xD6, 0xFF, 0x04, 0xD6, 0xFF, 0x04, 0xD6, 0xFF, 0x04, 0xB6, 0xFF,
    0x04, 0xB6, 0xFF, 0x04, 0xB6, 0xFF, 0x04, 0xD6, 0xFF, 0x04, 0xF7, 0xFF, 0x04, 0xF7, 0xFF, 0x04,
    0xD7, 0xFF, 0x04, 0xD7, 0xFF, 0x04, 0xF7, 0xFF, 0x04, 0xF7, 0xFF, 0x04, 0xF7, 0xFF, 0x04, 0xF7,
    0xFF, 0x04, 0xF7, 0xFF, 0x04, 0xD7, 0xFF, 0x04, 0xD7, 0xFF, 0x04, 0xF7, 0xFF, 0x05, 0x18, 0xFF,
    0x05, 0x59, 0xFF, 0x05, 0xBA, 0xFF, 0x16, 0x3B, 0xFF, 0x4E, 0xFE, 0xFF, 0xA7, 0xBF, 0xFF, 0xEF,
    0xFF, 0xFE, 0xFF, 0xFF, 0xFC, 0xFF, 0xFF, 0xFA, 0xB7, 0xBF, 0xFB, 0x87, 0x9F, 0xEA, 0x97, 0xBF,
    0x9D, 0xFF, 0xFF, 0x3C, 0xFF, 0xFF, 0x05, 0x00, 0x00, 0x00, 0xFF, 0xFF, 0x01, 0x00, 0x00, 0x00,
    0x00, 0x00, 0x00, 0x00, 0x00, 0x00, 0x00, 0x00, 0x00, 0x00, 0x00, 0x00, 0x00, 0x00, 0x00, 0x00,
    0x00, 0x00, 0x00, 0x00, 0x00, 0x00, 0x00, 0x00, 0x00, 0x00, 0x00, 0x00, 0x00, 0x00, 0x00, 0x00,
    0x00, 0x00, 0x00, 0x00, 0x00, 0x00, 0x00, 0x00, 0x00, 0x00, 0x00, 0x00, 0x00, 0x00, 0x00, 0x00,
    0x00, 0x00, 0x00, 0x00, 0x00, 0x00, 0x00, 0x00, 0x00, 0x00, 0x00, 0x00, 0x00, 0x00, 0x00, 0x00,
    0x00, 0x00, 0x00, 0x00, 0x00, 0x00, 0x00, 0x00, 0x00, 0x00, 0x00, 0x00, 0x00, 0x00, 0x00, 0x00,
    0x00, 0x00, 0x00, 0x00, 0x00, 0x00, 0x00, 0x00, 0x00, 0x00, 0x00, 0x00, 0x00, 0x00, 0x00, 0x00,
    0xFF, 0xFF, 0x01, 0x07, 0xFF, 0x01, 0xFF, 0xFF, 0x02, 0xE7, 0xFF, 0x58, 0x7F, 0x9F, 0xCA, 0x8F,
    0x9F, 0xF8, 0xE7, 0xFF, 0xFB, 0xFF, 0xFF, 0xFB, 0xF7, 0xFF, 0xFE, 0x97, 0x7E, 0xFF, 0x2E, 0x7C,
    0xFF, 0x05, 0xBA, 0xFF, 0x05, 0x38, 0xFF, 0x04, 0xF7, 0xFF, 0x04, 0xB6, 0xFF, 0x04, 0x75, 0xFF,
    0x04, 0x54, 0xFF, 0x04, 0x34, 0xFF, 0x04, 0x13, 0xFF, 0x04, 0x13, 0xFF, 0x04, 0x13, 0xFF, 0x04,
    0x13, 0xFF, 0x04, 0x13, 0xFF, 0x03, 0xF3, 0xFF, 0x03, 0xF3, 0xFF, 0x03, 0xF3, 0xFF, 0x03, 0xF2,
    0xFF, 0x03, 0xF2, 0xFF, 0x03, 0xD2, 0xFF, 0x03, 0xD2, 0xFF, 0x03, 0xF2, 0xFF, 0x03, 0xD2, 0xFF,
    0x03, 0xD2, 0xFF, 0x03, 0xF2, 0xFF, 0x03, 0xF2, 0xFF, 0x03, 0xF2, 0xFF, 0x03, 0xF2, 0xFF, 0x03,
    0xF2, 0xFF, 0x03, 0xF2, 0xFF, 0x03, 0xF3, 0xFF, 0x03, 0xF3, 0xFF, 0x04, 0x13, 0xFF, 0x03, 0xF3,
    0xFF, 0x03, 0xF3, 0xFF, 0x03, 0xF3, 0xFF, 0x03, 0xF3, 0xFF, 0x04, 0x13, 0xFF, 0x04, 0x34, 0xFF,
    0x04, 0x75, 0xFF, 0x04, 0x95, 0xFF, 0x04, 0xD6, 0xFF, 0x05, 0x18, 0xFF, 0x05, 0x99, 0xFF, 0x26,
    0x7C, 0xFF, 0x8F, 0x7F, 0xFF, 0xEF, 0xFF, 0xFE, 0xFF, 0xFF, 0xFB, 0xF7, 0xFF, 0xF9, 0x97, 0xBF,
    0xFA, 0x7F, 0x9F, 0xCB, 0xDF, 0xBF, 0x54, 0xFF, 0xFF, 0x01, 0x00, 0x1F, 0x01, 0xFF, 0xFF, 0x01,
    0x00, 0x00, 0x00, 0x00, 0x00, 0x00, 0x00, 0x00, 0x00, 0x00, 0x00, 0x00, 0x00, 0x00, 0x00, 0x00,
    0x00, 0x00, 0x00, 0x00, 0x00, 0x00, 0x00, 0x00, 0x00, 0x00, 0x00, 0x00, 0x00, 0x00, 0x00, 0x00,
    0x00, 0x00, 0x00, 0x00, 0x00, 0x00, 0x00, 0x00, 0x00, 0x00, 0x00, 0x00, 0x00, 0x00, 0x00, 0x00,
    0x00, 0x00, 0x00, 0x00, 0x00, 0x00, 0x00, 0x00, 0x00, 0x00, 0x00, 0x00, 0x00, 0x00, 0x00, 0x00,
    0x00, 0x00, 0x00, 0x00, 0x00, 0x00, 0x00, 0x00, 0x00, 0x00, 0x00, 0x00, 0x00, 0x00, 0x00, 0x00,
    0x00, 0x00, 0x00, 0x00, 0x00, 0x00, 0x00, 0x00, 0x00, 0x00, 0x00, 0x00, 0x00, 0xFF, 0xFF, 0x01,
    0x00, 0x00, 0x00, 0xFF, 0xEF, 0x02, 0xDF, 0x9E, 0x51, 0x77, 0x9F, 0xD2, 0x9F, 0xDF, 0xFF, 0xFF,
    0xFF, 0xF9, 0xFF, 0xFF, 0xFD, 0xC7, 0xDF, 0xFF, 0x3E, 0xBD, 0xFF, 0x05, 0x9A, 0xFF, 0x05, 0x18,
    0xFF, 0x04, 0xD6, 0xFF, 0x04, 0x75, 0xFF, 0x04, 0x34, 0xFF, 0x03, 0xF3, 0xFF, 0x03, 0xB2, 0xFF,
    0x03, 0x91, 0xFF, 0x03, 0x70, 0xFF, 0x03, 0x50, 0xFF, 0x03, 0x50, 0xFF, 0x03, 0x4F, 0xFF, 0x03,
    0x30, 0xFF, 0x03, 0x2F, 0xFF, 0x03, 0x2F, 0xFF, 0x03, 0x2F, 0xFF, 0x03, 0x2F, 0xFF, 0x03, 0x2F,
    0xFF, 0x03, 0x2F, 0xFF, 0x03, 0x4F, 0xFF, 0x03, 0x50, 0xFF, 0x03, 0x50, 0xFF, 0x03, 0x50, 0xFF,
    0x03, 0x50, 0xFF, 0x03, 0x50, 0xFF, 0x03, 0x50, 0xFF, 0x03, 0x50, 0xFF, 0x03, 0x4F, 0xFF, 0x03,
    0x2F, 0xFF, 0x03, 0x2F, 0xFF, 0x03, 0x2F, 0xFF, 0x03, 0x2F, 0xFF, 0x03, 0x2F, 0xFF, 0x03, 0x2F,
    0xFF, 0x03, 0x2F, 0xFF, 0x03, 0x2F, 0xFF, 0x03, 0x30, 0xFF, 0x03, 0x50, 0xFF, 0x03, 0x71, 0xFF,
    0x03, 0xB1, 0xFF, 0x03, 0xD2, 0xFF, 0x04, 0x13, 0xFF, 0x04, 0x54, 0xFF, 0x04, 0xB6, 0xFF, 0x04,
    0xF7, 0xFF, 0x05, 0x79, 0xFF, 0x36, 0xDD, 0xFF, 0xB7, 0xDF, 0xFF, 0xFF, 0xFF, 0xFD, 0xFF, 0xFF,
    0xFA, 0xAF, 0xDF, 0xFE, 0x77, 0x9F, 0xD0, 0xCF, 0x7E, 0x51, 0xFF, 0xFF, 0x02, 0x00, 0x00, 0x00,
    0xFF, 0xFF, 0x01, 0x00, 0x00, 0x00, 0x00, 0x00, 0x00, 0x00, 0x00, 0x00, 0x00, 0x00, 0x00, 0x00,
    0x00, 0x00, 0x00, 0x00, 0x00, 0x00, 0x00, 0x00, 0x00, 0x00, 0x00, 0x00, 0x00, 0x00, 0x00, 0x00,
    0x00, 0x00, 0x00, 0x00, 0x00, 0x00, 0x00, 0x00, 0x00, 0x00, 0x00, 0x00, 0x00, 0x00, 0x00, 0x00,
    0x00, 0x00, 0x00, 0x00, 0x00, 0x00, 0x00, 0x00, 0x00, 0x00, 0x00, 0x00, 0x00, 0x00, 0x00, 0x00,
    0x00, 0x00, 0x00, 0x00, 0x00, 0x00, 0x00, 0x00, 0x00, 0x00, 0x00, 0x00, 0x00, 0x00, 0x00, 0x00,
    0x00, 0x00, 0x00, 0x00, 0x00, 0x00, 0x00, 0x00, 0x00, 0x00, 0x00, 0x00, 0x00, 0x00, 0x00, 0x00,
    0xFF, 0xFF, 0x08, 0xD7, 0xBF, 0x60, 0x77, 0x9F, 0xD6, 0xAF, 0xDF, 0xFC, 0xFF, 0xFF, 0xFC, 0xFF,
    0xFF, 0xFF, 0x87, 0x5E, 0xFF, 0x0E, 0x1B, 0xFF, 0x05, 0x18, 0xFF, 0x04, 0xB6, 0xFF, 0x04, 0x54,
    0xFF, 0x03, 0xF3, 0xFF, 0x03, 0x91, 0xFF, 0x03, 0x70, 0xFF, 0x03, 0x2F, 0xFF, 0x03, 0x0F, 0xFF,
    0x02, 0xCE, 0xFF, 0x02, 0xCD, 0xFF, 0x02, 0xAD, 0xFF, 0x02, 0xAD, 0xFF, 0x02, 0xAD, 0xFF, 0x02,
    0xAD, 0xFF, 0x02, 0x8D, 0xFF, 0x02, 0x8D, 0xFF, 0x02, 0xAD, 0xFF, 0x02, 0xAD, 0xFF, 0x02, 0xAD,
    0xFF, 0x02, 0xCD, 0xFF, 0x03, 0x0E, 0xFF, 0x03, 0x2F, 0xFF, 0x03, 0x30, 0xFF, 0x03, 0x50, 0xFF,
    0x03, 0x50, 0xFF, 0x03, 0x30, 0xFF, 0x03, 0x2F, 0xFF, 0x03, 0x0E, 0xFF, 0x02, 0xEE, 0xFF, 0x02,
    0xCD, 0xFF, 0x02, 0xAD, 0xFF, 0x02, 0xAD, 0xFF, 0x02, 0x8D, 0xFF, 0x02, 0x8D, 0xFF, 0x02, 0x8D,
    0xFF, 0x02, 0xAD, 0xFF, 0x02, 0xAD, 0xFF, 0x02, 0xAD, 0xFF, 0x02, 0xAD, 0xFF, 0x02, 0xCD, 0xFF,
    0x02, 0xEE, 0xFF, 0x03, 0x2F, 0xFF, 0x03, 0x50, 0xFF, 0x03, 0xB1, 0xFF, 0x03, 0xD2, 0xFF, 0x04,
    0x34, 0xFF, 0x04, 0x95, 0xFF, 0x04, 0xF7, 0xFF, 0x0D, 0xFB, 0xFF, 0x77, 0x5E, 0xFF, 0xFF, 0xFF,
    0xFF, 0xFF, 0xFF, 0xFC, 0xBF, 0xDF, 0xFB, 0x6F, 0x9F, 0xD9, 0xC7, 0xBF, 0x65, 0xFF, 0xFF, 0x08,
    0x00, 0x00, 0x00, 0x00, 0x00, 0x00, 0x00, 0x00, 0x00, 0x00, 0x00, 0x00, 0x00, 0x00, 0x00, 0x00,
    0x00, 0x00, 0x00, 0x00, 0x00, 0x00, 0x00, 0x00, 0x00, 0x00, 0x00, 0x00, 0x00, 0x00, 0x00, 0x00,
    0x00, 0x00, 0x00, 0x00, 0x00, 0x00, 0x00, 0x00, 0x00, 0x00, 0x00, 0x00, 0x00, 0x00, 0x00, 0x00,
    0x00, 0x00, 0x00, 0x00, 0x00, 0x00, 0x00, 0x00, 0x00, 0x00, 0x00, 0x00, 0x00, 0x00, 0x00, 0x00,
    0x00, 0x00, 0x00, 0x00, 0x00, 0x00, 0x00, 0x00, 0x00, 0x00, 0x00, 0x00, 0x00, 0x00, 0x00, 0x00,
    0x00, 0x00, 0x00, 0x00, 0x00, 0x00, 0x00, 0x00, 0x00, 0x00, 0x07, 0xFF, 0x01, 0xFF, 0xFF, 0x02,
    0xE7, 0xDF, 0x5E, 0x6F, 0x9F, 0xDE, 0xAF, 0xDF, 0xFE, 0xFF, 0xFF, 0xFC, 0xF7, 0xFF, 0xFF, 0x5E,
    0xFD, 0xFF, 0x05, 0x7A, 0xFF, 0x04, 0xF7, 0xFF, 0x04, 0x75, 0xFF, 0x03, 0xF3, 0xFF, 0x03, 0x91,
    0xFF, 0x03, 0x30, 0xFF, 0x03, 0x0E, 0xFF, 0x02, 0xCE, 0xFF, 0x02, 0xAD, 0xFF, 0x02, 0x8C, 0xFF,
    0x02, 0x4B, 0xFF, 0x02, 0x4B, 0xFF, 0x02, 0x4B, 0xFF, 0x02, 0x4B, 0xFF, 0x02, 0x4B, 0xFF, 0x02,
    0x4B, 0xFF, 0x02, 0x4B, 0xFF, 0x02, 0x4B, 0xFF, 0x02, 0x4B, 0xFF, 0x02, 0x6C, 0xFF, 0x02, 0x6C,
    0xFF, 0x02, 0xAD, 0xFF, 0x03, 0x0F, 0xFF, 0x03, 0x71, 0xFF, 0x04, 0x95, 0xFF, 0x25, 0x58, 0xFF,
    0x25, 0x58, 0xFF, 0x0C, 0x96, 0xFF, 0x03, 0x92, 0xFF, 0x03, 0x2F, 0xFF, 0x02, 0xCD, 0xFF, 0x02,
    0x8C, 0xFF, 0x02, 0x6C, 0xFF, 0x02, 0x4B, 0xFF, 0x02, 0x4B, 0xFF, 0x02, 0x4B, 0xFF, 0x02, 0x4B,
    0xFF, 0x02, 0x4B, 0xFF, 0x02, 0x4B, 0xFF, 0x02, 0x4B, 0xFF, 0x02, 0x4B, 0xFF, 0x02, 0x6C, 0xFF,
    0x02, 0x8C, 0xFF, 0x02, 0xAD, 0xFF, 0x02, 0xCD, 0xFF, 0x02, 0xEE, 0xFF, 0x03, 0x2F, 0xFF, 0x03,
    0x71, 0xFF, 0x03, 0xD2, 0xFF, 0x04, 0x54, 0xFF, 0x04, 0xD6, 0xFF, 0x05, 0x79, 0xFF, 0x4F, 0x1E,
    0xFF, 0xEF, 0xFF, 0xFF, 0xFF, 0xFF, 0xFB, 0xBF, 0xFF, 0xFF, 0x6F, 0x9F, 0xE1, 0xD7, 0xBF, 0x59,
    0xFF, 0xFF, 0x01, 0x07, 0xFF, 0x01, 0x00, 0x00, 0x00, 0x00, 0x00, 0x00, 0x00, 0x00, 0x00, 0x00,
    0x00, 0x00, 0x00, 0x00, 0x00, 0x00, 0x00, 0x00, 0x00, 0x00, 0x00, 0x00, 0x00, 0x00, 0x00, 0x00,
    0x00, 0x00, 0x00, 0x00, 0x00, 0x00, 0x00, 0x00, 0x00, 0x00, 0x00, 0x00, 0x00, 0x00, 0x00, 0x00,
    0x00, 0x00, 0x00, 0x00, 0x00, 0x00, 0x00, 0x00, 0x00, 0x00, 0x00, 0x00, 0x00, 0x00, 0x00, 0x00,
    0x00, 0x00, 0x00, 0x00, 0x00, 0x00, 0x00, 0x00, 0x00, 0x00, 0x00, 0x00, 0x00, 0x00, 0x00, 0x00,
    0x00, 0x00, 0x00, 0x00, 0xFF, 0xFF, 0x01, 0xFF, 0xFF, 0x01, 0x00, 0x00, 0x00, 0xFF, 0xBE, 0x39,
    0x7F, 0x9F, 0xCC, 0xA7, 0xDF, 0xFF, 0xFF, 0xFF, 0xFC, 0xF7, 0xFF, 0xFF, 0x4E, 0xFD, 0xFF, 0x05,
    0x59, 0xFF, 0x04, 0xB6, 0xFF, 0x04, 0x54, 0xFF, 0x03, 0xD2, 0xFF, 0x03, 0x50, 0xFF, 0x03, 0x0E,
    0xFF, 0x02, 0xCD, 0xFF, 0x02, 0xAD, 0xFF, 0x02, 0x6C, 0xFF, 0x02, 0x4B, 0xFF, 0x02, 0x2B, 0xFF,
    0x02, 0x0A, 0xFF, 0x02, 0x0A, 0xFF, 0x02, 0x0A, 0xFF, 0x02, 0x0A, 0xFF, 0x02, 0x0A, 0xFF, 0x02,
    0x0A, 0xFF, 0x02, 0x0A, 0xFF, 0x02, 0x2A, 0xFF, 0x02, 0x0A, 0xFF, 0x02, 0x2B, 0xFF, 0x02, 0x6C,
    0xFF, 0x02, 0xEE, 0xFF, 0x03, 0x92, 0xFF, 0x3D, 0xFA, 0xFF, 0xB7, 0x7E, 0xFF, 0xEF, 0xFF, 0xFF,
    0xF7, 0xFF, 0xFF, 0xBF, 0x9F, 0xFF, 0x4E, 0x3B, 0xFF, 0x03, 0xF3, 0xFF, 0x03, 0x0E, 0xFF, 0x02,
    0x8D, 0xFF, 0x02, 0x4B, 0xFF, 0x02, 0x2B, 0xFF, 0x02, 0x0A, 0xFF, 0x02, 0x0A, 0xFF, 0x02, 0x0A,
    0xFF, 0x02, 0x0A, 0xFF, 0x02, 0x0A, 0xFF, 0x02, 0x0A, 0xFF, 0x02, 0x0A, 0xFF, 0x02, 0x2A, 0xFF,
    0x02, 0x4B, 0xFF, 0x02, 0x4B, 0xFF, 0x02, 0x6B, 0xFF, 0x02, 0x8C, 0xFF, 0x02, 0xAD, 0xFF, 0x02,
    0xEE, 0xFF, 0x03, 0x4F, 0xFF, 0x03, 0x91, 0xFF, 0x04, 0x33, 0xFF, 0x04, 0x95, 0xFF, 0x05, 0x38,
    0xFF, 0x3E, 0xFD, 0xFF, 0xE7, 0xFF, 0xFF, 0xFF, 0xFF, 0xFB, 0xB7, 0xDF, 0xFF, 0x6F, 0x7F, 0xC9,
    0xEF, 0x9E, 0x3F, 0xFF, 0xFF, 0x02, 0xFF, 0xFF, 0x01, 0xFF, 0xFF, 0x01, 0x00, 0x00, 0x00, 0x00,
    0x00, 0x00, 0x00, 0x00, 0x00, 0x00, 0x00, 0x00, 0x00, 0x00, 0x00, 0x00, 0x00, 0x00, 0x00, 0x00,
    0x00, 0x00, 0x00, 0x00, 0x00, 0x00, 0x00, 0x00, 0x00, 0x00, 0x00, 0x00, 0x00, 0x00, 0x00, 0x00,
    0x00, 0x00, 0x00, 0x00, 0x00, 0x00, 0x00, 0x00, 0x00, 0x00, 0x00, 0x00, 0x00, 0x00, 0x00, 0x00,
    0x00, 0x00, 0x00, 0x00, 0x00, 0x00, 0x00, 0x00, 0x00, 0x00, 0x00, 0x00, 0x00, 0x00, 0x00, 0x00,
    0x00, 0x00, 0x00, 0x00, 0xFF, 0xFF, 0x01, 0x00, 0x00, 0x00, 0xFF, 0xFF, 0x1C, 0x97, 0x7F, 0xA2,
    0x8F, 0x9F, 0xF8, 0xFF, 0xFF, 0xFC, 0xFF, 0xFF, 0xFF, 0x4E, 0xDD, 0xFF, 0x05, 0x38, 0xFF, 0x04,
    0xB6, 0xFF, 0x04, 0x13, 0xFF, 0x03, 0x91, 0xFF, 0x03, 0x2F, 0xFF, 0x02, 0xEE, 0xFF, 0x02, 0xAD,
    0xFF, 0x02, 0x6C, 0xFF, 0x02, 0x4B, 0xFF, 0x02, 0x2B, 0xFF, 0x02, 0x0A, 0xFF, 0x02, 0x0A, 0xFF,
    0x01, 0xEA, 0xFF, 0x01, 0xE9, 0xFF, 0x01, 0xC9, 0xFF, 0x01, 0xC9, 0xFF, 0x01, 0xC9, 0xFF, 0x01,
    0xE9, 0xFF, 0x01, 0xE9, 0xFF, 0x01, 0xE9, 0xFF, 0x02, 0x0A, 0xFF, 0x02, 0x2B, 0xFF, 0x02, 0xAD,
    0xFF, 0x03, 0x50, 0xFF, 0x4E, 0x1A, 0xFF, 0xF7, 0xFF, 0xFF, 0xFF, 0xFF, 0xFF, 0xCF, 0xFF, 0xFF,
    0xC7, 0xFF, 0xFF, 0xFF, 0xFF, 0xFF, 0xFF, 0xFF, 0xFF, 0x5E, 0x5B, 0xFF, 0x03, 0x71, 0xFF, 0x02,
    0xCE, 0xFF, 0x02, 0x4B, 0xFF, 0x02, 0x0A, 0xFF, 0x02, 0x0A, 0xFF, 0x01, 0xE9, 0xFF, 0x01, 0xC9,
    0xFF, 0x01, 0xC9, 0xFF, 0x01, 0xC9, 0xFF, 0x01, 0xE9, 0xFF, 0x01, 0xE9, 0xFF, 0x01, 0xE9, 0xFF,
    0x01, 0xEA, 0xFF, 0x02, 0x0A, 0xFF, 0x02, 0x2A, 0xFF, 0x02, 0x2B, 0xFF, 0x02, 0x4B, 0xFF, 0x02,
    0x8C, 0xFF, 0x02, 0xCD, 0xFF, 0x03, 0x0F, 0xFF, 0x03, 0x70, 0xFF, 0x03, 0xF2, 0xFF, 0x04, 0x75,
    0xFF, 0x05, 0x18, 0xFF, 0x3E, 0xDD, 0xFF, 0xF7, 0xFF, 0xFF, 0xFF, 0xFF, 0xFE, 0x9F, 0xBF, 0xFD,
    0x87, 0x9F, 0xB6, 0xFF, 0xDF, 0x38, 0x07, 0xFF, 0x01, 0xFF, 0xFF, 0x01, 0x00, 0x00, 0x00, 0x00,
    0x00, 0x00, 0x00, 0x00, 0x00, 0x00, 0x00, 0x00, 0x00, 0x00, 0x00, 0x00, 0x00, 0x00, 0x00, 0x00,
    0x00, 0x00, 0x00, 0x00, 0x00, 0x00, 0x00, 0x00, 0x00, 0x00, 0x00, 0x00, 0x00, 0x00, 0x00, 0x00,
    0x00, 0x00, 0x00, 0x00, 0x00, 0x00, 0x00, 0x00, 0x00, 0x00, 0x00, 0x00, 0x00, 0x00, 0x00, 0x00,
    0x00, 0x00, 0x00, 0x00, 0x00, 0x00, 0x00, 0x00, 0x00, 0x00, 0x00, 0x00, 0x00, 0x00, 0x00, 0x00,
    0x00, 0x00, 0x00, 0x00, 0x00, 0x00, 0x00, 0xFF, 0xFF, 0x03, 0xB7, 0x9F, 0x6D, 0x77, 0x9F, 0xEA,
    0xEF, 0xFF, 0xF7, 0xFF, 0xFF, 0xFE, 0x7F, 0x3E, 0xFF, 0x05, 0x39, 0xFF, 0x04, 0x96, 0xFF, 0x04,
    0x13, 0xFF, 0x03, 0x91, 0xFF, 0x03, 0x2F, 0xFF, 0x02, 0xCE, 0xFF, 0x02, 0x8C, 0xFF, 0x02, 0x4B,
    0xFF, 0x02, 0x2B, 0xFF, 0x02, 0x0A, 0xFF, 0x02, 0x0A, 0xFF, 0x01, 0xE9, 0xFF, 0x01, 0xE9, 0xFF,
    0x01, 0xC9, 0xFF, 0x01, 0xC9, 0xFF, 0x01, 0xC9, 0xFF, 0x01, 0xC9, 0xFF, 0x01, 0xC9, 0xFF, 0x01,
    0xC9, 0xFF, 0x01, 0xC9, 0xFF, 0x01, 0xC9, 0xFF, 0x02, 0x0A, 0xFF, 0x02, 0x4B, 0xFF, 0x02, 0xAE,
    0xFF, 0x0C, 0x55, 0xFF, 0xC7, 0xBF, 0xFF, 0xFF, 0xFF, 0xFF, 0x6F, 0x9F, 0xFF, 0x07, 0x7F, 0xFF,
    0x07, 0x7F, 0xFF, 0x57, 0xBF, 0xFF, 0xFF, 0xFF, 0xFF, 0xDF, 0xFF, 0xFF, 0x14, 0xB6, 0xFF, 0x02,
    0xCE, 0xFF, 0x02, 0x6C, 0xFF, 0x02, 0x0A, 0xFF, 0x01, 0xEA, 0xFF, 0x01, 0xE9, 0xFF, 0x01, 0xC9,
    0xFF, 0x01, 0xC9, 0xFF, 0x01, 0xC9, 0xFF, 0x01, 0xC9, 0xFF, 0x01, 0xC9, 0xFF, 0x01, 0xC9, 0xFF,
    0x01, 0xC9, 0xFF, 0x01, 0xE9, 0xFF, 0x01, 0xEA, 0xFF, 0x02, 0x0A, 0xFF, 0x02, 0x0A, 0xFF, 0x02,
    0x4B, 0xFF, 0x02, 0x6C, 0xFF, 0x02, 0xAD, 0xFF, 0x02, 0xEE, 0xFF, 0x03, 0x50, 0xFF, 0x03, 0xF3,
    0xFF, 0x04, 0x75, 0xFF, 0x05, 0x38, 0xFF, 0x67, 0x3E, 0xFF, 0xFF, 0xFF, 0xFF, 0xF7, 0xFF, 0xFB,
    0x7F, 0x9F, 0xF8, 0xA7, 0x9F, 0x9C, 0xFF, 0xFF, 0x12, 0x00, 0x00, 0x00, 0xFF, 0xFF, 0x01, 0x00,
    0x00, 0x00, 0x00, 0x00, 0x00, 0x00, 0x00, 0x00, 0x00, 0x00, 0x00, 0x00, 0x00, 0x00, 0x00, 0x00,
    0x00, 0x00, 0x00, 0x00, 0x00, 0x00, 0x00, 0x00, 0x00, 0x00, 0x00, 0x00, 0x00, 0x00, 0x00, 0x00,
    0x00, 0x00, 0x00, 0x00, 0x00, 0x00, 0x00, 0x00, 0x00, 0x00, 0x00, 0x00, 0x00, 0x00, 0x00, 0x00,
    0x00, 0x00, 0x00, 0x00, 0x00, 0x00, 0x00, 0x00, 0x00, 0x00, 0x00, 0x00, 0x00, 0x00, 0x00, 0x00,
    0x00, 0xFF, 0xFF, 0x01, 0x00, 0x00, 0x00, 0xFF, 0xDF, 0x26, 0x7F, 0x9F, 0xC4, 0xBF, 0xDF, 0xFC,
    0xFF, 0xFF, 0xFA, 0xAF, 0x9F, 0xFF, 0x05, 0x9A, 0xFF, 0x04, 0x96, 0xFF, 0x04, 0x13, 0xFF, 0x03,
    0x91, 0xFF, 0x03, 0x0F, 0xFF, 0x02, 0xAD, 0xFF, 0x02, 0x6C, 0xFF, 0x02, 0x4B, 0xFF, 0x02, 0x2A,
    0xFF, 0x02, 0x0A, 0xFF, 0x01, 0xE9, 0xFF, 0x01, 0xC9, 0xFF, 0x01, 0xC9, 0xFF, 0x01, 0xC9, 0xFF,
    0x01, 0xC8, 0xFF, 0x01, 0xA8, 0xFF, 0x01, 0xA8, 0xFF, 0x01, 0xA8, 0xFF, 0x01, 0xA8, 0xFF, 0x01,
    0xC8, 0xFF, 0x01, 0xA8, 0xFF, 0x01, 0xC9, 0xFF, 0x02, 0x0A, 0xFF, 0x02, 0x4B, 0xFF, 0x02, 0xEE,
    0xFF, 0x2D, 0xB9, 0xFF, 0xFF, 0xFF, 0xFF, 0xB7, 0xDF, 0xFF, 0x07, 0x3E, 0xFF, 0x06, 0xDD, 0xFF,
    0x06, 0xDD, 0xFF, 0x07, 0x5F, 0xFF, 0x9F, 0xFF, 0xFF, 0xFF, 0xFF, 0xFF, 0x45, 0xF9, 0xFF, 0x03,
    0x0F, 0xFF, 0x02, 0x6C, 0xFF, 0x02, 0x0A, 0xFF, 0x01, 0xE9, 0xFF, 0x01, 0xC9, 0xFF, 0x01, 0xA8,
    0xFF, 0x01, 0xA8, 0xFF, 0x01, 0xA8, 0xFF, 0x01, 0xA8, 0xFF, 0x01, 0xA8, 0xFF, 0x01, 0xA8, 0xFF,
    0x01, 0xA8, 0xFF, 0x01, 0xC9, 0xFF, 0x01, 0xC9, 0xFF, 0x01, 0xC9, 0xFF, 0x01, 0xE9, 0xFF, 0x02,
    0x0A, 0xFF, 0x02, 0x2A, 0xFF, 0x02, 0x4B, 0xFF, 0x02, 0x8C, 0xFF, 0x02, 0xEE, 0xFF, 0x03, 0x50,
    0xFF, 0x03, 0xF3, 0xFF, 0x04, 0x95, 0xFF, 0x05, 0x99, 0xFF, 0x97, 0x7F, 0xFF, 0xFF, 0xFF, 0xFC,
    0xD7, 0xFF, 0xFF, 0x77, 0x9F, 0xE6, 0xDF, 0xBF, 0x52, 0xFF, 0xFF, 0x04, 0x07, 0xFF, 0x01, 0x00,
    0x00, 0x00, 0x00, 0x00, 0x00, 0x00, 0x00, 0x00, 0x00, 0x00, 0x00, 0x00, 0x00, 0x00, 0x00, 0x00,
    0x00, 0x00, 0x00, 0x00, 0x00, 0x00, 0x00, 0x00, 0x00, 0x00, 0x00, 0x00, 0x00, 0x00, 0x00, 0x00,
    0x00, 0x00, 0x00, 0x00, 0x00, 0x00, 0x00, 0x00, 0x00, 0x00, 0x00, 0x00, 0x00, 0x00, 0x00, 0x00,
    0x00, 0x00, 0x00, 0x00, 0x00, 0x00, 0x00, 0x00, 0x00, 0x00, 0x00, 0x00, 0x00, 0x00, 0x00, 0x00,
    0x00, 0x00, 0x00, 0x00, 0xFF, 0xFF, 0x09, 0x8F, 0x5E, 0x77, 0x8F, 0xBF, 0xF4, 0xFF, 0xFF, 0xF9,
    0xEF, 0xFF, 0xFE, 0x16, 0x1B, 0xFF, 0x04, 0xB6, 0xFF, 0x04, 0x13, 0xFF, 0x03, 0x91, 0xFF, 0x03,
    0x0F, 0xFF, 0x02, 0xAD, 0xFF, 0x02, 0x6C, 0xFF, 0x02, 0x2B, 0xFF, 0x02, 0x0A, 0xFF, 0x01, 0xEA,
    0xFF, 0x01, 0xC9, 0xFF, 0x01, 0xC9, 0xFF, 0x01, 0xC8, 0xFF, 0x01, 0xA8, 0xFF, 0x01, 0xA8, 0xFF,
    0x01, 0xA8, 0xFF, 0x01, 0xA8, 0xFF, 0x01, 0xA8, 0xFF, 0x01, 0xA8, 0xFF, 0x01, 0xA8, 0xFF, 0x01,
    0xA8, 0xFF, 0x01, 0xA8, 0xFF, 0x01, 0xC9, 0xFF, 0x01, 0xEA, 0xFF, 0x02, 0x6C, 0xFF, 0x03, 0x0F,
    0xFF, 0x35, 0xB9, 0xFF, 0xFF, 0xFF, 0xFF, 0x97, 0xDF, 0xFF, 0x07, 0x3E, 0xFF, 0x06, 0x7C, 0xFF,
    0x0E, 0x7C, 0xFF, 0x07, 0x1E, 0xFF, 0x77, 0xDF, 0xFF, 0xFF, 0xFF, 0xFF, 0x56, 0x3A, 0xFF, 0x03,
    0x10, 0xFF, 0x02, 0x6C, 0xFF, 0x02, 0x0A, 0xFF, 0x01, 0xC9, 0xFF, 0x01, 0xC9, 0xFF, 0x01, 0xA8,
    0xFF, 0x01, 0xA8, 0xFF, 0x01, 0xA8, 0xFF, 0x01, 0xA8, 0xFF, 0x01, 0xA8, 0xFF, 0x01, 0xA8, 0xFF,
    0x01, 0xA8, 0xFF, 0x01, 0xC8, 0xFF, 0x01, 0xC8, 0xFF, 0x01, 0xC9, 0xFF, 0x01, 0xC9, 0xFF, 0x01,
    0xC9, 0xFF, 0x01, 0xE9, 0xFF, 0x02, 0x0A, 0xFF, 0x02, 0x4B, 0xFF, 0x02, 0x8D, 0xFF, 0x02, 0xEE,
    0xFF, 0x03, 0x70, 0xFF, 0x04, 0x13, 0xFF, 0x04, 0xB6, 0xFF, 0x0E, 0x1B, 0xFF, 0xDF, 0xFF, 0xFF,
    0xFF, 0xFF, 0xFD, 0x9F, 0x9F, 0xFE, 0x8F, 0x7E, 0xA2, 0xFF, 0xFF, 0x28, 0x00, 0x00, 0x00, 0x00,
    0x00, 0x00, 0x00, 0x00, 0x00, 0x00, 0x00, 0x00, 0x00, 0x00, 0x00, 0x00, 0x00, 0x00, 0x00, 0x00,
    0x00, 0x00, 0x00, 0x00, 0x00, 0x00, 0x00, 0x00, 0x00, 0x00, 0x00, 0x00, 0x00, 0x00, 0x00, 0x00,
    0x00, 0x00, 0x00, 0x00, 0x00, 0x00, 0x00, 0x00, 0x00, 0x00, 0x00, 0x00, 0x00, 0x00, 0x00, 0x00,
    0x00, 0x00, 0x00, 0x00, 0x00, 0x00, 0x00, 0x00, 0x00, 0x00, 0x00, 0x00, 0x00, 0x00, 0x00, 0x00,
    0x00, 0x00, 0x00, 0x00, 0xEF, 0xDF, 0x39, 0x7F, 0x7F, 0xC3, 0xCF, 0xDF, 0xFD, 0xFF, 0xFF, 0xFD,
    0x77, 0x1E, 0xFF, 0x05, 0x18, 0xFF, 0x04, 0x54, 0xFF, 0x03, 0xB1, 0xFF, 0x03, 0x2F, 0xFF, 0x02,
    0xAD, 0xFF, 0x02, 0x6C, 0xFF, 0x02, 0x2B, 0xFF, 0x02, 0x0A, 0xFF, 0x01, 0xE9, 0xFF, 0x01, 0xC9,
    0xFF, 0x01, 0xC9, 0xFF, 0x01, 0xC8, 0xFF, 0x01, 0xA8, 0xFF, 0x01, 0xA8, 0xFF, 0x01, 0xA8, 0xFF,
    0x01, 0xA8, 0xFF, 0x01, 0xA8, 0xFF, 0x01, 0xA8, 0xFF, 0x01, 0xA8, 0xFF, 0x01, 0xA8, 0xFF, 0x01,
    0xA8, 0xFF, 0x01, 0xA8, 0xFF, 0x01, 0xC9, 0xFF, 0x01, 0xEA, 0xFF, 0x02, 0x6C, 0xFF, 0x02, 0xEE,
    0xFF, 0x25, 0x37, 0xFF, 0xF7, 0xFF, 0xFF, 0xDF, 0xDF, 0xFF, 0x17, 0x5F, 0xFF, 0x06, 0xDD, 0xFF,
    0x06, 0xBD, 0xFF, 0x0F, 0x3E, 0xFF, 0xC7, 0xDF, 0xFF, 0xFF, 0xFF, 0xFF, 0x35, 0x78, 0xFF, 0x02,
    0xEF, 0xFF, 0x02, 0x6C, 0xFF, 0x01, 0xEA, 0xFF, 0x01, 0xC9, 0xFF, 0x01, 0xA9, 0xFF, 0x01, 0xA8,
    0xFF, 0x01, 0xA8, 0xFF, 0x01, 0xA8, 0xFF, 0x01, 0xA8, 0xFF, 0x01, 0xA8, 0xFF, 0x01, 0xA8, 0xFF,
    0x01, 0xA8, 0xFF, 0x01, 0xA8, 0xFF, 0x01, 0xC8, 0xFF, 0x01, 0xC9, 0xFF, 0x01, 0xC9, 0xFF, 0x01,
    0xC9, 0xFF, 0x01, 0xE9, 0xFF, 0x01, 0xE9, 0xFF, 0x02, 0x2A, 0xFF, 0x02, 0x4B, 0xFF, 0x02, 0xAD,
    0xFF, 0x03, 0x0F, 0xFF, 0x03, 0x91, 0xFF, 0x04, 0x54, 0xFF, 0x04, 0xF7, 0xFF, 0x5F, 0x1D, 0xFF,
    0xFF, 0xFF, 0xFE, 0xDF, 0xDF, 0xFE, 0x7F, 0x7F, 0xE1, 0xDF, 0xBF, 0x6E, 0xFF, 0xFF, 0x0E, 0x00,
    0x00, 0x00, 0xFF, 0xFF, 0x01, 0x00, 0x00, 0x00, 0x00, 0x00, 0x00, 0x00, 0x00, 0x00, 0x00, 0x00,
    0x00, 0x00, 0x00, 0x00, 0x00, 0x00, 0x00, 0x00, 0x00, 0x00, 0x00, 0x00, 0x00, 0x00, 0x00, 0x00,
    0x00, 0x00, 0x00, 0x00, 0x00, 0x00, 0x00, 0x00, 0x00, 0x00, 0x00, 0x00, 0x00, 0x00, 0x00, 0x00,
    0x00, 0x00, 0x00, 0x00, 0x00, 0x00, 0x00, 0x00, 0x00, 0x00, 0x00, 0x00, 0x00, 0x00, 0x00, 0x00,
    0x00, 0xFF, 0xFF, 0x09, 0x9F, 0x9F, 0x7E, 0x8F, 0xBF, 0xF4, 0xFF, 0xFF, 0xFB, 0xE7, 0xFF, 0xFF,
    0x0D, 0xBA, 0xFF, 0x04, 0x75, 0xFF, 0x03, 0xD2, 0xFF, 0x03, 0x50, 0xFF, 0x02, 0xCE, 0xFF, 0x02,
    0x6C, 0xFF, 0x02, 0x2B, 0xFF, 0x02, 0x0A, 0xFF, 0x01, 0xE9, 0xFF, 0x01, 0xC9, 0xFF, 0x01, 0xC9,
    0xFF, 0x01, 0xC8, 0xFF, 0x01, 0xC8, 0xFF, 0x01, 0xA8, 0xFF, 0x01, 0xA8, 0xFF, 0x01, 0xA8, 0xFF,
    0x01, 0xA8, 0xFF, 0x01, 0xA8, 0xFF, 0x01, 0xA8, 0xFF, 0x01, 0xA8, 0xFF, 0x01, 0xA8, 0xFF, 0x01,
    0xA8, 0xFF, 0x01, 0xC9, 0xFF, 0x01, 0xE9, 0xFF, 0x01, 0xEA, 0xFF, 0x02, 0x4B, 0xFF, 0x02, 0xCE,
    0xFF, 0x03, 0xF3, 0xFF, 0x8F, 0x1D, 0xFF, 0xFF, 0xFF, 0xFF, 0xC7, 0xDF, 0xFF, 0x4F, 0x9F, 0xFF,
    0x47, 0x9F, 0xFF, 0xAF, 0xDF, 0xFF, 0xFF, 0xFF, 0xFF, 0xAF, 0x7F, 0xFF, 0x0C, 0x34, 0xFF, 0x02,
    0xEE, 0xFF, 0x02, 0x4B, 0xFF, 0x01, 0xEA, 0xFF, 0x01, 0xC9, 0xFF, 0x01, 0xC9, 0xFF, 0x01, 0xC9,
    0xFF, 0x01, 0xA8, 0xFF, 0x01, 0xC9, 0xFF, 0x01, 0xA8, 0xFF, 0x01, 0xA8, 0xFF, 0x01, 0xA8, 0xFF,
    0x01, 0xA8, 0xFF, 0x01, 0xA8, 0xFF, 0x01, 0xC9, 0xFF, 0x01, 0xC9, 0xFF, 0x01, 0xC9, 0xFF, 0x01,
    0xC9, 0xFF, 0x01, 0xC9, 0xFF, 0x01, 0xE9, 0xFF, 0x01, 0xEA, 0xFF, 0x02, 0x0A, 0xFF, 0x02, 0x6C,
    0xFF, 0x02, 0xAD, 0xFF, 0x03, 0x0F, 0xFF, 0x03, 0xB2, 0xFF, 0x04, 0x75, 0xFF, 0x0D, 0x99, 0xFF,
    0xCF, 0xDF, 0xFF, 0xFF, 0xFF, 0xFC, 0x9F, 0xDF, 0xFF, 0x8F, 0x7F, 0xB1, 0xFF, 0xFF, 0x25, 0x00,
    0x00, 0x00, 0xFF, 0xFF, 0x01, 0x00, 0x00, 0x00, 0x00, 0x00, 0x00, 0x00, 0x00, 0x00, 0x00, 0x00,
    0x00, 0x00, 0x00, 0x00, 0x00, 0x00, 0x00, 0x00, 0x00, 0x00, 0x00, 0x00, 0x00, 0x00, 0x00, 0x00,
    0x00, 0x00, 0x00, 0x00, 0x00, 0x00, 0x00, 0x00, 0x00, 0x00, 0x00, 0x00, 0x00, 0x00, 0x00, 0x00,
    0x00, 0x00, 0x00, 0x00, 0x00, 0x00, 0x00, 0x00, 0x00, 0x00, 0x00, 0xFF, 0xFF, 0x01, 0x00, 0x00,
    0x00, 0xFF, 0xBE, 0x19, 0x6F, 0x5F, 0xBB, 0xBF, 0xFF, 0xFF, 0xFF, 0xFF, 0xFD, 0x6E, 0xFE, 0xFF,
    0x04, 0xB7, 0xFF, 0x04, 0x13, 0xFF, 0x03, 0x71, 0xFF, 0x02, 0xEE, 0xFF, 0x02, 0x8C, 0xFF, 0x02,
    0x4B, 0xFF, 0x02, 0x0A, 0xFF, 0x01, 0xEA, 0xFF, 0x01, 0xC9, 0xFF, 0x01, 0xC9, 0xFF, 0x01, 0xA8,
    0xFF, 0x01, 0xA8, 0xFF, 0x01, 0xA8, 0xFF, 0x01, 0xA8, 0xFF, 0x01, 0xA8, 0xFF, 0x01, 0xA8, 0xFF,
    0x01, 0xA8, 0xFF, 0x01, 0xA8, 0xFF, 0x01, 0xA8, 0xFF, 0x01, 0xC9, 0xFF, 0x01, 0xC9, 0xFF, 0x01,
    0xC9, 0xFF, 0x01, 0xC9, 0xFF, 0x01, 0xE9, 0xFF, 0x02, 0x0A, 0xFF, 0x02, 0x2B, 0xFF, 0x02, 0xCD,
    0xFF, 0x03, 0x30, 0xFF, 0x1D, 0x17, 0xFF, 0xAF, 0x9F, 0xFF, 0xFF, 0xFF, 0xFF, 0xFF, 0xFF, 0xFF,
    0xFF, 0xFF, 0xFF, 0xFF, 0xFF, 0xFF, 0xC7, 0xBF, 0xFF, 0x25, 0x58, 0xFF, 0x03, 0x50, 0xFF, 0x02,
    0xCE, 0xFF, 0x02, 0x2B, 0xFF, 0x02, 0x0A, 0xFF, 0x01, 0xEA, 0xFF, 0x01, 0xE9, 0xFF, 0x01, 0xC9,
    0xFF, 0x01, 0xC9, 0xFF, 0x01, 0xC9, 0xFF, 0x01, 0xC9, 0xFF, 0x01, 0xC9, 0xFF, 0x01, 0xC9, 0xFF,
    0x01, 0xC9, 0xFF, 0x01, 0xC9, 0xFF, 0x01, 0xC9, 0xFF, 0x01, 0xC9, 0xFF, 0x01, 0xC8, 0xFF, 0x01,
    0xC9, 0xFF, 0x01, 0xC9, 0xFF, 0x01, 0xC9, 0xFF, 0x01, 0xE9, 0xFF, 0x02, 0x0A, 0xFF, 0x02, 0x2B,
    0xFF, 0x02, 0x6C, 0xFF, 0x02, 0xCD, 0xFF, 0x03, 0x50, 0xFF, 0x03, 0xF3, 0xFF, 0x04, 0xB6, 0xFF,
    0x56, 0xFD, 0xFF, 0xFF, 0xFF, 0xFE, 0xD7, 0xFF, 0xFF, 0x6F, 0x7F, 0xD4, 0xEF, 0x9E, 0x35, 0x00,
    0x00, 0x00, 0x07, 0xFF, 0x01, 0x00, 0x00, 0x00, 0x00, 0x00, 0x00, 0x00, 0x00, 0x00, 0x00, 0x00,
    0x00, 0x00, 0x00, 0x00, 0x00, 0x00, 0x00, 0x00, 0x00, 0x00, 0x00, 0x00, 0x00, 0x00, 0x00, 0x00,
    0x00, 0x00, 0x00, 0x00, 0x00, 0x00, 0x00, 0x00, 0x00, 0x00, 0x00, 0x00, 0x00, 0x00, 0x00, 0x00,
    0x00, 0x00, 0x00, 0x00, 0x00, 0x00, 0x00, 0x00, 0x00, 0x00, 0x00, 0x7F, 0xFF, 0x02, 0x00, 0x00,
    0x00, 0xA7, 0x7E, 0x3D, 0x87, 0x9F, 0xE5, 0xFF, 0xFF, 0xFE, 0xE7, 0xDF, 0xFE, 0x25, 0xDA, 0xFF,
    0x04, 0x55, 0xFF, 0x03, 0xD2, 0xFF, 0x03, 0x2F, 0xFF, 0x02, 0xAD, 0xFF, 0x02, 0x4B, 0xFF, 0x02,
    0x2A, 0xFF, 0x02, 0x0A, 0xFF, 0x01, 0xE9, 0xFF, 0x01, 0xC9, 0xFF, 0x01, 0xC9, 0xFF, 0x01, 0xA8,
    0xFF, 0x01, 0xA8, 0xFF, 0x01, 0xA8, 0xFF, 0x01, 0xA8, 0xFF, 0x01, 0xC9, 0xFF, 0x01, 0xC9, 0xFF,
    0x01, 0xE9, 0xFF, 0x01, 0xE9, 0xFF, 0x01, 0xE9, 0xFF, 0x01, 0xE9, 0xFF, 0x01, 0xEA, 0xFF, 0x01,
    0xEA, 0xFF, 0x02, 0x0A, 0xFF, 0x02, 0x0A, 0xFF, 0x02, 0x2B, 0xFF, 0x02, 0x4B, 0xFF, 0x02, 0x8C,
    0xFF, 0x03, 0x2F, 0xFF, 0x03, 0xF3, 0xFF, 0x05, 0x59, 0xFF, 0xC7, 0xDF, 0xFF, 0xFF, 0xFF, 0xFF,
    0xFF, 0xFF, 0xFF, 0xDF, 0xFF, 0xFF, 0x0D, 0x99, 0xFF, 0x03, 0xF3, 0xFF, 0x03, 0x2F, 0xFF, 0x02,
    0x8D, 0xFF, 0x02, 0x4B, 0xFF, 0x02, 0x2B, 0xFF, 0x02, 0x2A, 0xFF, 0x02, 0x0A, 0xFF, 0x02, 0x0A,
    0xFF, 0x02, 0x0A, 0xFF, 0x02, 0x0A, 0xFF, 0x01, 0xEA, 0xFF, 0x02, 0x0A, 0xFF, 0x01, 0xEA, 0xFF,
    0x01, 0xE9, 0xFF, 0x01, 0xE9, 0xFF, 0x01, 0xC9, 0xFF, 0x01, 0xC9, 0xFF, 0x01, 0xC9, 0xFF, 0x01,
    0xC9, 0xFF, 0x01, 0xC9, 0xFF, 0x01, 0xC9, 0xFF, 0x01, 0xC9, 0xFF, 0x01, 0xE9, 0xFF, 0x02, 0x0A,
    0xFF, 0x02, 0x4B, 0xFF, 0x02, 0x8D, 0xFF, 0x03, 0x0E, 0xFF, 0x03, 0x91, 0xFF, 0x04, 0x54, 0xFF,
    0x15, 0xDA, 0xFF, 0xD7, 0xDF, 0xFE, 0xFF, 0xFF, 0xFF, 0x97, 0x9F, 0xEB, 0x97, 0x5E, 0x51, 0x00,
    0x00, 0x00, 0x03, 0xEF, 0x02, 0x00, 0x00, 0x00, 0x00, 0x00, 0x00, 0x00, 0x00, 0x00, 0x00, 0x00,
    0x00, 0x00, 0x00, 0x00, 0x00, 0x00, 0x00, 0x00, 0x00, 0x00, 0x00, 0x00, 0x00, 0x00, 0x00, 0x00,
    0x00, 0x00, 0x00, 0x00, 0x00, 0x00, 0x00, 0x00, 0x00, 0x00, 0x00, 0x00, 0x00, 0x00, 0x00, 0x00,
    0x00, 0x00, 0x00, 0x00, 0x00, 0x00, 0x00, 0x00, 0xFF, 0xFF, 0x01, 0x00, 0x00, 0x00, 0xFF, 0xFF,
    0x04, 0x8F, 0x5E, 0x81, 0xAF, 0xBF, 0xFA, 0xFF, 0xFF, 0xFC, 0xA7, 0x5E, 0xFE, 0x04, 0xF8, 0xFF,
    0x04, 0x34, 0xFF, 0x03, 0x70, 0xFF, 0x02, 0xEE, 0xFF, 0x02, 0x8C, 0xFF, 0x02, 0x2B, 0xFF, 0x02,
    0x0A, 0xFF, 0x01, 0xE9, 0xFF, 0x01, 0xC9, 0xFF, 0x01, 0xC9, 0xFF, 0x01, 0xC8, 0xFF, 0x01, 0xC9,
    0xFF, 0x01, 0xC9, 0xFF, 0x01, 0xC9, 0xFF, 0x01, 0xE9, 0xFF, 0x01, 0xEA, 0xFF, 0x02, 0x0A, 0xFF,
    0x02, 0x2B, 0xFF, 0x02, 0x2B, 0xFF, 0x02, 0x4B, 0xFF, 0x02, 0x6C, 0xFF, 0x02, 0x6C, 0xFF, 0x02,
    0x6C, 0xFF, 0x02, 0x6C, 0xFF, 0x02, 0x6C, 0xFF, 0x02, 0x8C, 0xFF, 0x02, 0x8C, 0xFF, 0x02, 0xCE,
    0xFF, 0x03, 0x2F, 0xFF, 0x03, 0x91, 0xFF, 0x05, 0x18, 0xFF, 0xBF, 0xDF, 0xFF, 0xFF, 0xFF, 0xFF,
    0xFF, 0xFF, 0xFF, 0xDF, 0xDF, 0xFF, 0x05, 0x38, 0xFF, 0x03, 0x92, 0xFF, 0x03, 0x0F, 0xFF, 0x02,
    0xCE, 0xFF, 0x02, 0xAD, 0xFF, 0x02, 0x8C, 0xFF, 0x02, 0x8C, 0xFF, 0x02, 0x8C, 0xFF, 0x02, 0x6C,
    0xFF, 0x02, 0x6C, 0xFF, 0x02, 0x8C, 0xFF, 0x02, 0x6C, 0xFF, 0x02, 0x4B, 0xFF, 0x02, 0x4B, 0xFF,
    0x02, 0x2B, 0xFF, 0x02, 0x0A, 0xFF, 0x01, 0xEA, 0xFF, 0x01, 0xE9, 0xFF, 0x01, 0xC9, 0xFF, 0x01,
    0xC9, 0xFF, 0x01, 0xC9, 0xFF, 0x01, 0xC9, 0xFF, 0x01, 0xC9, 0xFF, 0x01, 0xC9, 0xFF, 0x02, 0x0A,
    0xFF, 0x02, 0x2B, 0xFF, 0x02, 0x6C, 0xFF, 0x02, 0xCD, 0xFF, 0x03, 0x50, 0xFF, 0x04, 0x13, 0xFF,
    0x04, 0xF7, 0xFF, 0x8F, 0x3E, 0xFE, 0xFF, 0xFF, 0xFE, 0xBF, 0xBF, 0xFB, 0x87, 0x5E, 0x8F, 0xFF,
    0xFD, 0x0F, 0x7B, 0xFF, 0x02, 0x00, 0x00, 0x00, 0x00, 0x00, 0x00, 0x00, 0x00, 0x00, 0x00, 0x00,
    0x00, 0x00, 0x00, 0x00, 0x00, 0x00, 0x00, 0x00, 0x00, 0x00, 0x00, 0x00, 0x00, 0x00, 0x00, 0x00,
    0x00, 0x00, 0x00, 0x00, 0x00, 0x00, 0x00, 0x00, 0x00, 0x00, 0x00, 0x00, 0x00, 0x00, 0x00, 0x00,
    0x00, 0x00, 0x00, 0x00, 0x00, 0x00, 0x00, 0x00, 0x07, 0xFF, 0x01, 0x00, 0x00, 0x00, 0xFF, 0xDF,
    0x2C, 0x97, 0x9F, 0xC8, 0xCF, 0xFF, 0xFF, 0xFF, 0xFF, 0xFC, 0x6E, 0xBC, 0xFF, 0x04, 0x96, 0xFF,
    0x03, 0xF2, 0xFF, 0x03, 0x2F, 0xFF, 0x02, 0xAD, 0xFF, 0x02, 0x4B, 0xFF, 0x02, 0x0A, 0xFF, 0x01,
    0xE9, 0xFF, 0x01, 0xC9, 0xFF, 0x01, 0xC9, 0xFF, 0x01, 0xC9, 0xFF, 0x01, 0xC9, 0xFF, 0x01, 0xC9,
    0xFF, 0x01, 0xE9, 0xFF, 0x01, 0xEA, 0xFF, 0x02, 0x0A, 0xFF, 0x02, 0x4B, 0xFF, 0x02, 0x8C, 0xFF,
    0x02, 0xAD, 0xFF, 0x02, 0xCE, 0xFF, 0x02, 0xEF, 0xFF, 0x03, 0x0F, 0xFF, 0x03, 0x0F, 0xFF, 0x03,
    0x0F, 0xFF, 0x03, 0x0F, 0xFF, 0x03, 0x0F, 0xFF, 0x03, 0x0F, 0xFF, 0x03, 0x30, 0xFF, 0x03, 0x51,
    0xFF, 0x03, 0x71, 0xFF, 0x03, 0xD2, 0xFF, 0x05, 0x59, 0xFF, 0xBF, 0xBF, 0xFF, 0xFF, 0xFF, 0xFF,
    0xFF, 0xFF, 0xFF, 0xDF, 0xFF, 0xFF, 0x05, 0x59, 0xFF, 0x03, 0xB2, 0xFF, 0x03, 0x71, 0xFF, 0x03,
    0x51, 0xFF, 0x03, 0x30, 0xFF, 0x03, 0x0F, 0xFF, 0x03, 0x2F, 0xFF, 0x03, 0x30, 0xFF, 0x03, 0x0F,
    0xFF, 0x03, 0x0F, 0xFF, 0x03, 0x0F, 0xFF, 0x03, 0x0F, 0xFF, 0x02, 0xEE, 0xFF, 0x02, 0xCE, 0xFF,
    0x02, 0xAD, 0xFF, 0x02, 0x6C, 0xFF, 0x02, 0x2B, 0xFF, 0x02, 0x0A, 0xFF, 0x01, 0xEA, 0xFF, 0x01,
    0xE9, 0xFF, 0x01, 0xC9, 0xFF, 0x01, 0xC9, 0xFF, 0x01, 0xC9, 0xFF, 0x01, 0xE9, 0xFF, 0x01, 0xE9,
    0xFF, 0x02, 0x0A, 0xFF, 0x02, 0x4B, 0xFF, 0x02, 0xAD, 0xFF, 0x03, 0x0F, 0xFF, 0x03, 0xD2, 0xFF,
    0x04, 0x55, 0xFF, 0x56, 0x7C, 0xFF, 0xFF, 0xFF, 0xFD, 0xE7, 0xFF, 0xFF, 0x8F, 0x9F, 0xD2, 0xDF,
    0x9F, 0x37, 0x00, 0x00, 0x00, 0x07, 0xFF, 0x01, 0x00, 0x00, 0x00, 0x00, 0x00, 0x00, 0x00, 0x00,
    0x00, 0x00, 0x00, 0x00, 0x00, 0x00, 0x00, 0x00, 0x00, 0x00, 0x00, 0x00, 0x00, 0x00, 0x00, 0x00,
    0x00, 0x00, 0x00, 0x00, 0x00, 0x00, 0x00, 0x00, 0x00, 0x00, 0x00, 0x00, 0x00, 0x00, 0x00, 0x00,
    0x00, 0x00, 0x00, 0x00, 0x00, 0x00, 0x00, 0x00, 0x07, 0xFF, 0x01, 0x00, 0x00, 0x00, 0xCF, 0xDF,
    0x5F, 0x8F, 0x9F, 0xF9, 0xE7, 0xFF, 0xFC, 0xF7, 0xFF, 0xFE, 0x35, 0xFB, 0xFF, 0x04, 0x34, 0xFF,
    0x03, 0xB1, 0xFF, 0x02, 0xEE, 0xFF, 0x02, 0x8C, 0xFF, 0x02, 0x2B, 0xFF, 0x01, 0xEA, 0xFF, 0x01,
    0xE9, 0xFF, 0x01, 0xC9, 0xFF, 0x01, 0xC9, 0xFF, 0x01, 0xE9, 0xFF, 0x01, 0xEA, 0xFF, 0x02, 0x0A,
    0xFF, 0x02, 0x2A, 0xFF, 0x02, 0x4B, 0xFF, 0x02, 0xAD, 0xFF, 0x02, 0xEE, 0xFF, 0x03, 0x30, 0xFF,
    0x03, 0x92, 0xFF, 0x04, 0x14, 0xFF, 0x04, 0xB6, 0xFF, 0x15, 0x37, 0xFF, 0x1D, 0x58, 0xFF, 0x1D,
    0x58, 0xFF, 0x1D, 0x58, 0xFF, 0x1D, 0x58, 0xFF, 0x1D, 0x58, 0xFF, 0x1D, 0x78, 0xFF, 0x1D, 0x78,
    0xFF, 0x1D, 0x79, 0xFF, 0x1D, 0xB9, 0xFF, 0x16, 0x3B, 0xFF, 0xC7, 0xDF, 0xFF, 0xFF, 0xFF, 0xFF,
    0xFF, 0xFF, 0xFF, 0xDF, 0xFF, 0xFF, 0x1E, 0x3B, 0xFF, 0x1D, 0x99, 0xFF, 0x1D, 0x99, 0xFF, 0x1D,
    0x58, 0xFF, 0x1D, 0x58, 0xFF, 0x1D, 0x58, 0xFF, 0x1D, 0x58, 0xFF, 0x1D, 0x58, 0xFF, 0x1D, 0x58,
    0xFF, 0x1D, 0x58, 0xFF, 0x1D, 0x17, 0xFF, 0x04, 0xF7, 0xFF, 0x04, 0x55, 0xFF, 0x03, 0xB2, 0xFF,
    0x03, 0x50, 0xFF, 0x03, 0x0F, 0xFF, 0x02, 0xCE, 0xFF, 0x02, 0x6C, 0xFF, 0x02, 0x2B, 0xFF, 0x02,
    0x0A, 0xFF, 0x01, 0xE9, 0xFF, 0x01, 0xE9, 0xFF, 0x01, 0xC9, 0xFF, 0x01, 0xC9, 0xFF, 0x01, 0xC9,
    0xFF, 0x01, 0xEA, 0xFF, 0x02, 0x2B, 0xFF, 0x02, 0x6C, 0xFF, 0x02, 0xEE, 0xFF, 0x03, 0x91, 0xFF,
    0x04, 0x14, 0xFF, 0x1D, 0xB9, 0xFF, 0xEF, 0xFF, 0xFF, 0xF7, 0xFF, 0xFA, 0x8F, 0xDF, 0xFB, 0xAF,
    0x9F, 0x6A, 0x00, 0x00, 0x00, 0x07, 0xFF, 0x01, 0x00, 0x00, 0x00, 0x00, 0x00, 0x00, 0x00, 0x00,
    0x00, 0x00, 0x00, 0x00, 0x00, 0x00, 0x00, 0x00, 0x00, 0x00, 0x00, 0x00, 0x00, 0x00, 0x00, 0x00,
    0x00, 0x00, 0x00, 0x00, 0x00, 0x00, 0x00, 0x00, 0x00, 0x00, 0x00, 0x00, 0x00, 0x00, 0x00, 0x00,
    0x00, 0x00, 0x00, 0x00, 0x00, 0x00, 0x00, 0x00, 0x07, 0xFF, 0x01, 0x00, 0x00, 0x00, 0xA7, 0x9F,
    0x62, 0x8F, 0xBF, 0xFF, 0xF7, 0xFF, 0xF9, 0xE7, 0xDF, 0xFE, 0x15, 0x79, 0xFF, 0x04, 0x13, 0xFF,
    0x03, 0x71, 0xFF, 0x02, 0xCE, 0xFF, 0x02, 0x6C, 0xFF, 0x02, 0x2A, 0xFF, 0x01, 0xEA, 0xFF, 0x01,
    0xE9, 0xFF, 0x01, 0xC9, 0xFF, 0x01, 0xE9, 0xFF, 0x01, 0xEA, 0xFF, 0x02, 0x0A, 0xFF, 0x02, 0x4B,
    0xFF, 0x02, 0x8C, 0xFF, 0x02, 0xCE, 0xFF, 0x03, 0x50, 0xFF, 0x03, 0xF3, 0xFF, 0x1D, 0x17, 0xFF,
    0x5E, 0x5B, 0xFF, 0x9F, 0x1D, 0xFF, 0xCF, 0xBF, 0xFF, 0xEF, 0xFF, 0xFF, 0xF7, 0xFF, 0xFF, 0xEF,
    0xFF, 0xFF, 0xEF, 0xFF, 0xFF, 0xEF, 0xFF, 0xFF, 0xEF, 0xFF, 0xFF, 0xEF, 0xFF, 0xFF, 0xEF, 0xFF,
    0xFF, 0xEF, 0xFF, 0xFF, 0xEF, 0xFF, 0xFF, 0xEF, 0xFF, 0xFF, 0xFF, 0xFF, 0xFF, 0xFF, 0xFF, 0xFF,
    0xFF, 0xFF, 0xFF, 0xFF, 0xFF, 0xFF, 0xEF, 0xFF, 0xFF, 0xF7, 0xFF, 0xFF, 0xEF, 0xFF, 0xFF, 0xEF,
    0xFF, 0xFF, 0xEF, 0xFF, 0xFF, 0xEF, 0xFF, 0xFF, 0xEF, 0xFF, 0xFF, 0xEF, 0xFF, 0xFF, 0xEF, 0xFF,
    0xFF, 0xEF, 0xFF, 0xFF, 0xEF, 0xFF, 0xFF, 0xD7, 0xDF, 0xFF, 0x9F, 0x3E, 0xFF, 0x66, 0x9C, 0xFF,
    0x25, 0x78, 0xFF, 0x04, 0x34, 0xFF, 0x03, 0x71, 0xFF, 0x02, 0xEE, 0xFF, 0x02, 0x8C, 0xFF, 0x02,
    0x4B, 0xFF, 0x02, 0x0A, 0xFF, 0x01, 0xEA, 0xFF, 0x01, 0xE9, 0xFF, 0x01, 0xC9, 0xFF, 0x01, 0xE9,
    0xFF, 0x01, 0xEA, 0xFF, 0x02, 0x2A, 0xFF, 0x02, 0x6B, 0xFF, 0x02, 0xAD, 0xFF, 0x03, 0x50, 0xFF,
    0x03, 0xF3, 0xFF, 0x05, 0x38, 0xFF, 0xD7, 0xDF, 0xFF, 0xFF, 0xFF, 0xFA, 0x97, 0xFF, 0xFF, 0x9F,
    0x9F, 0x7E, 0xFF, 0xFF, 0x0A, 0x00, 0x00, 0x00, 0x00, 0x00, 0x00, 0x00, 0x00, 0x00, 0x00, 0x00,
    0x00, 0x00, 0x00, 0x00, 0x00, 0x00, 0x00, 0x00, 0x00, 0x00, 0x00, 0x00, 0x00, 0x00, 0x00, 0x00,
    0x00, 0x00, 0x00, 0x00, 0x00, 0x00, 0x00, 0x00, 0x00, 0x00, 0x00, 0x00, 0x00, 0x00, 0x00, 0x00,
    0x00, 0x00, 0x00, 0x00, 0x00, 0x00, 0x00, 0x00, 0x07, 0xFF, 0x01, 0x00, 0x00, 0x00, 0x87, 0x5E,
    0x55, 0x97, 0xBF, 0xFF, 0xFF, 0xFF, 0xF9, 0xC7, 0xBF, 0xFE, 0x05, 0x18, 0xFF, 0x03, 0xF3, 0xFF,
    0x03, 0x50, 0xFF, 0x02, 0xAD, 0xFF, 0x02, 0x4B, 0xFF, 0x02, 0x0A, 0xFF, 0x01, 0xE9, 0xFF, 0x01,
    0xE9, 0xFF, 0x01, 0xE9, 0xFF, 0x01, 0xEA, 0xFF, 0x02, 0x0A, 0xFF, 0x02, 0x4B, 0xFF, 0x02, 0xAD,
    0xFF, 0x03, 0x2F, 0xFF, 0x03, 0x92, 0xFF, 0x25, 0x17, 0xFF, 0x8E, 0xFD, 0xFF, 0xE7, 0xFF, 0xFF,
    0xFF, 0xFF, 0xFF, 0xFF, 0xFF, 0xFF, 0xFF, 0xFF, 0xFF, 0xFF, 0xFF, 0xFF, 0xFF, 0xFF, 0xFF, 0xFF,
    0xFF, 0xFF, 0xFF, 0xFF, 0xFF, 0xFF, 0xFF, 0xFF, 0xFF, 0xFF, 0xFF, 0xFF, 0xFF, 0xFF, 0xFF, 0xFF,
    0xFF, 0xFF, 0xFF, 0xFF, 0xFF, 0xFF, 0xFF, 0xFF, 0xFF, 0xFF, 0xFF, 0xFF, 0xFF, 0xFF, 0xFF, 0xFF,
    0xFF, 0xFF, 0xFF, 0xFF, 0xFF, 0xFF, 0xFF, 0xFF, 0xFF, 0xFF, 0xFF, 0xFF, 0xFF, 0xFF, 0xFF, 0xFF,
    0xFF, 0xFF, 0xFF, 0xFF, 0xFF, 0xFF, 0xFF, 0xFF, 0xFF, 0xFF, 0xFF, 0xFF, 0xFF, 0xFF, 0xFF, 0xFF,
    0xFF, 0xFF, 0xFF, 0xFF, 0xFF, 0xFF, 0xFF, 0xFF, 0xFF, 0xFF, 0xFF, 0xFF, 0xFF, 0xFF, 0xFF, 0xFF,
    0xEF, 0xFF, 0xFF, 0x97, 0x3E, 0xFF, 0x2D, 0x79, 0xFF, 0x03, 0xB2, 0xFF, 0x03, 0x2F, 0xFF, 0x02,
    0xAD, 0xFF, 0x02, 0x4B, 0xFF, 0x02, 0x2A, 0xFF, 0x02, 0x0A, 0xFF, 0x01, 0xE9, 0xFF, 0x01, 0xE9,
    0xFF, 0x01, 0xE9, 0xFF, 0x02, 0x0A, 0xFF, 0x02, 0x4B, 0xFF, 0x02, 0xAD, 0xFF, 0x03, 0x2F, 0xFF,
    0x03, 0xD2, 0xFF, 0x04, 0xD6, 0xFF, 0xAF, 0x7E, 0xFF, 0xFF, 0xFF, 0xFD, 0xA7, 0xBF, 0xFF, 0x97,
    0x7E, 0x79, 0xFF, 0xFF, 0x1C, 0x00, 0x00, 0x00, 0x00, 0x1F, 0x01, 0x00, 0x00, 0x00, 0x00, 0x00,
    0x00, 0x00, 0x00, 0x00, 0x00, 0x00, 0x00, 0x00, 0x00, 0x00, 0x00, 0x00, 0x00, 0x00, 0x00, 0x00,
    0x00, 0x00, 0x00, 0x00, 0x00, 0x00, 0x00, 0x00, 0x00, 0x00, 0x00, 0x00, 0x00, 0x00, 0x00, 0x00,
    0x00, 0x00, 0x00, 0x00, 0x00, 0x00, 0x00, 0x00, 0x07, 0xFF, 0x01, 0xFF, 0xFF, 0x06, 0x87, 0x5E,
    0x55, 0x9F, 0x9F, 0xFE, 0xFF, 0xFF, 0xFB, 0xAF, 0x7F, 0xFF, 0x04, 0xD7, 0xFF, 0x03, 0xD2, 0xFF,
    0x03, 0x2F, 0xFF, 0x02, 0x8D, 0xFF, 0x02, 0x4B, 0xFF, 0x02, 0x0A, 0xFF, 0x01, 0xE9, 0xFF, 0x01,
    0xE9, 0xFF, 0x01, 0xEA, 0xFF, 0x02, 0x0A, 0xFF, 0x02, 0x4B, 0xFF, 0x02, 0xAD, 0xFF, 0x03, 0x2F,
    0xFF, 0x03, 0xF4, 0xFF, 0x46, 0x3B, 0xFF, 0xDF, 0xDF, 0xFF, 0xFF, 0xFF, 0xFF, 0xFF, 0xFF, 0xFF,
    0xFF, 0xFF, 0xFF, 0xDF, 0xBF, 0xFF, 0x9E, 0xFD, 0xFF, 0x76, 0x5B, 0xFF, 0x76, 0x1A, 0xFF, 0x76,
    0x1A, 0xFF, 0x76, 0x1A, 0xFF, 0x76, 0x1A, 0xFF, 0x76, 0x3A, 0xFF, 0x76, 0x3A, 0xFF, 0x76, 0x1A,
    0xFF, 0x76, 0x3A, 0xFF, 0x76, 0x3A, 0xFF, 0x76, 0x3A, 0xFF, 0x76, 0x3A, 0xFF, 0x76, 0x3A, 0xFF,
    0x76, 0x3A, 0xFF, 0x76, 0x3A, 0xFF, 0x76, 0x1A, 0xFF, 0x76, 0x3A, 0xFF, 0x76, 0x1A, 0xFF, 0x76,
    0x1A, 0xFF, 0x76, 0x1A, 0xFF, 0x76, 0x1A, 0xFF, 0x76, 0x1A, 0xFF, 0x76, 0x1A, 0xFF, 0x76, 0x1A,
    0xFF, 0x76, 0x1A, 0xFF, 0x76, 0x5B, 0xFF, 0x96, 0xDC, 0xFF, 0xD7, 0x9E, 0xFF, 0xFF, 0xFF, 0xFF,
    0xFF, 0xFF, 0xFF, 0xFF, 0xFF, 0xFF, 0xE7, 0xFF, 0xFF, 0x5E, 0x9C, 0xFF, 0x04, 0x35, 0xFF, 0x03,
    0x50, 0xFF, 0x02, 0xCD, 0xFF, 0x02, 0x4C, 0xFF, 0x02, 0x0A, 0xFF, 0x01, 0xEA, 0xFF, 0x01, 0xE9,
    0xFF, 0x01, 0xE9, 0xFF, 0x02, 0x0A, 0xFF, 0x02, 0x2B, 0xFF, 0x02, 0x8C, 0xFF, 0x03, 0x0F, 0xFF,
    0x03, 0xB1, 0xFF, 0x04, 0xB6, 0xFF, 0x97, 0x3E, 0xFF, 0xFF, 0xFF, 0xFE, 0xAF, 0x9F, 0xFE, 0x87,
    0x7E, 0x79, 0xFF, 0xFF, 0x26, 0x00, 0x00, 0x00, 0x07, 0xFF, 0x01, 0x00, 0x00, 0x00, 0x00, 0x00,
    0x00, 0x00, 0x00, 0x00, 0x00, 0x00, 0x00, 0x00, 0x00, 0x00, 0x00, 0x00, 0x00, 0x00, 0x00, 0x00,
    0x00, 0x00, 0x00, 0x00, 0x00, 0x00, 0x00, 0x00, 0x00, 0x00, 0x00, 0x00, 0x00, 0x00, 0x00, 0x00,
    0x00, 0x00, 0x00, 0x00, 0x00, 0x00, 0x00, 0x00, 0x7F, 0xFF, 0x02, 0xFF, 0xFF, 0x15, 0x8F, 0x5E,
    0x68, 0xA7, 0xBF, 0xFF, 0xFF, 0xFF, 0xFD, 0xA7, 0x5E, 0xFF, 0x04, 0xB6, 0xFF, 0x03, 0xB2, 0xFF,
    0x03, 0x0F, 0xFF, 0x02, 0x8C, 0xFF, 0x02, 0x4B, 0xFF, 0x02, 0x0A, 0xFF, 0x01, 0xE9, 0xFF, 0x01,
    0xE9, 0xFF, 0x02, 0x0A, 0xFF, 0x02, 0x2B, 0xFF, 0x02, 0x8C, 0xFF, 0x03, 0x2F, 0xFF, 0x03, 0xF3,
    0xFF, 0x66, 0x7C, 0xFF, 0xF7, 0xFF, 0xFF, 0xFF, 0xFF, 0xFF, 0xF7, 0xFF, 0xFF, 0xB6, 0xFD, 0xFF,
    0x45, 0x37, 0xFF, 0x14, 0x34, 0xFF, 0x03, 0x92, 0xFF, 0x03, 0x51, 0xFF, 0x03, 0x30, 0xFF, 0x03,
    0x30, 0xFF, 0x03, 0x10, 0xFF, 0x03, 0x30, 0xFF, 0x03, 0x30, 0xFF, 0x03, 0x30, 0xFF, 0x03, 0x30,
    0xFF, 0x03, 0x30, 0xFF, 0x03, 0x30, 0xFF, 0x03, 0x30, 0xFF, 0x03, 0x30, 0xFF, 0x03, 0x30, 0xFF,
    0x03, 0x30, 0xFF, 0x03, 0x30, 0xFF, 0x03, 0x10, 0xFF, 0x03, 0x10, 0xFF, 0x03, 0x10, 0xFF, 0x03,
    0x10, 0xFF, 0x03, 0x10, 0xFF, 0x03, 0x0F, 0xFF, 0x03, 0x10, 0xFF, 0x03, 0x10, 0xFF, 0x03, 0x10,
    0xFF, 0x03, 0x10, 0xFF, 0x03, 0x51, 0xFF, 0x03, 0x71, 0xFF, 0x0C, 0x34, 0xFF, 0x3D, 0x37, 0xFF,
    0xA6, 0xFD, 0xFF, 0xF7, 0xFF, 0xFF, 0xFF, 0xFF, 0xFF, 0xFF, 0xFF, 0xFF, 0x7E, 0xDD, 0xFF, 0x04,
    0x34, 0xFF, 0x03, 0x50, 0xFF, 0x02, 0xAD, 0xFF, 0x02, 0x4B, 0xFF, 0x02, 0x0A, 0xFF, 0x01, 0xE9,
    0xFF, 0x01, 0xE9, 0xFF, 0x02, 0x0A, 0xFF, 0x02, 0x2B, 0xFF, 0x02, 0x6C, 0xFF, 0x03, 0x0E, 0xFF,
    0x03, 0xB1, 0xFF, 0x04, 0x95, 0xFF, 0x87, 0x1D, 0xFF, 0xFF, 0xFF, 0xFD, 0xB7, 0xBF, 0xFF, 0x87,
    0x5E, 0x88, 0xFF, 0xFF, 0x28, 0x00, 0x00, 0x00, 0x00, 0x00, 0x00, 0x00, 0x00, 0x00, 0x00, 0x00,
    0x00, 0x00, 0x00, 0x00, 0x00, 0x00, 0x00, 0x00, 0x00, 0x00, 0x00, 0x00, 0x00, 0x00, 0x00, 0x00,
    0x00, 0x00, 0x00, 0x00, 0x00, 0x00, 0x00, 0x00, 0x00, 0x00, 0x00, 0x00, 0x00, 0x00, 0x00, 0x00,
    0x00, 0x00, 0x00, 0x00, 0x00, 0x00, 0x00, 0x00, 0x00, 0x00, 0x00, 0xFF, 0xFD, 0x0C, 0x8F, 0x9F,
    0x7C, 0xA7, 0xDF, 0xFF, 0xFF, 0xFF, 0xFA, 0x9F, 0x5E, 0xFF, 0x04, 0x96, 0xFF, 0x03, 0x91, 0xFF,
    0x02, 0xEE, 0xFF, 0x02, 0x6C, 0xFF, 0x02, 0x2B, 0xFF, 0x02, 0x0A, 0xFF, 0x01, 0xEA, 0xFF, 0x02,
    0x0A, 0xFF, 0x02, 0x2B, 0xFF, 0x02, 0x8C, 0xFF, 0x03, 0x0F, 0xFF, 0x03, 0xD3, 0xFF, 0x5E, 0x9C,
    0xFF, 0xFF, 0xFF, 0xFF, 0xFF, 0xFF, 0xFF, 0xDF, 0xBF, 0xFF, 0x55, 0x99, 0xFF, 0x03, 0x92, 0xFF,
    0x02, 0xEF, 0xFF, 0x02, 0xEE, 0xFF, 0x02, 0xCD, 0xFF, 0x02, 0xAD, 0xFF, 0x02, 0x8C, 0xFF, 0x02,
    0x8C, 0xFF, 0x02, 0x8C, 0xFF, 0x02, 0x8C, 0xFF, 0x02, 0x8C, 0xFF, 0x02, 0x6C, 0xFF, 0x02, 0x6C,
    0xFF, 0x02, 0x8C, 0xFF, 0x02, 0x8C, 0xFF, 0x02, 0x8C, 0xFF, 0x02, 0x8C, 0xFF, 0x02, 0x6C, 0xFF,
    0x02, 0x6C, 0xFF, 0x02, 0x6C, 0xFF, 0x02, 0x6C, 0xFF, 0x02, 0x6C, 0xFF, 0x02, 0x6C, 0xFF, 0x02,
    0x6C, 0xFF, 0x02, 0x6C, 0xFF, 0x02, 0x6C, 0xFF, 0x02, 0x8C, 0xFF, 0x02, 0x8C, 0xFF, 0x02, 0x8C,
    0xFF, 0x02, 0x8D, 0xFF, 0x02, 0x8D, 0xFF, 0x02, 0xAD, 0xFF, 0x02, 0xEE, 0xFF, 0x02, 0xEF, 0xFF,
    0x03, 0x71, 0xFF, 0x45, 0x38, 0xFF, 0xD7, 0xBF, 0xFF, 0xFF, 0xFF, 0xFF, 0xFF, 0xFF, 0xFF, 0x76,
    0xDD, 0xFF, 0x04, 0x14, 0xFF, 0x03, 0x2F, 0xFF, 0x02, 0x8C, 0xFF, 0x02, 0x4B, 0xFF, 0x02, 0x0A,
    0xFF, 0x02, 0x0A, 0xFF, 0x02, 0x0A, 0xFF, 0x02, 0x2B, 0xFF, 0x02, 0x6C, 0xFF, 0x02, 0xEE, 0xFF,
    0x03, 0x91, 0xFF, 0x04, 0x55, 0xFF, 0x86, 0xFD, 0xFF, 0xFF, 0xFF, 0xFC, 0xBF, 0xFF, 0xFF, 0x8F,
    0x7F, 0xA0, 0xFF, 0xBE, 0x20, 0x00, 0x00, 0x00, 0x07, 0xFF, 0x01, 0x00, 0x00, 0x00, 0x00, 0x00,
    0x00, 0x00, 0x00, 0x00, 0x00, 0x00, 0x00, 0x00, 0x00, 0x00, 0x00, 0x00, 0x00, 0x00, 0x00, 0x00,
    0x00, 0x00, 0x00, 0x00, 0x00, 0x00, 0x00, 0x00, 0x00, 0x00, 0x00, 0x00, 0x00, 0x00, 0x00, 0x00,
    0x00, 0x00, 0x00, 0x00, 0x00, 0x00, 0x00, 0x00, 0x00, 0x00, 0x00, 0x00, 0x00, 0x00, 0x97, 0xBF,
    0x85, 0x9F, 0xFF, 0xFF, 0xFF, 0xFF, 0xF6, 0x9F, 0x3E, 0xFF, 0x04, 0x75, 0xFF, 0x03, 0x91, 0xFF,
    0x02, 0xEE, 0xFF, 0x02, 0x6C, 0xFF, 0x02, 0x4B, 0xFF, 0x02, 0x2A, 0xFF, 0x02, 0x0A, 0xFF, 0x02,
    0x2A, 0xFF, 0x02, 0x6C, 0xFF, 0x02, 0xEE, 0xFF, 0x03, 0x92, 0xFF, 0x2D, 0xB9, 0xFF, 0xEF, 0xFF,
    0xFF, 0xFF, 0xFF, 0xFF, 0xDF, 0xBF, 0xFF, 0x2C, 0xD6, 0xFF, 0x03, 0x10, 0xFF, 0x02, 0xEE, 0xFF,
    0x02, 0xAD, 0xFF, 0x02, 0x4B, 0xFF, 0x02, 0x0A, 0xFF, 0x01, 0xEA, 0xFF, 0x01, 0xE9, 0xFF, 0x01,
    0xC9, 0xFF, 0x01, 0xE9, 0xFF, 0x01, 0xC9, 0xFF, 0x01, 0xC9, 0xFF, 0x01, 0xC9, 0xFF, 0x01, 0xC9,
    0xFF, 0x01, 0xC9, 0xFF, 0x01, 0xC9, 0xFF, 0x01, 0xC9, 0xFF, 0x01, 0xC9, 0xFF, 0x01, 0xC9, 0xFF,
    0x01, 0xC9, 0xFF, 0x01, 0xC9, 0xFF, 0x01, 0xC9, 0xFF, 0x01, 0xC9, 0xFF, 0x01, 0xC9, 0xFF, 0x01,
    0xC9, 0xFF, 0x01, 0xC9, 0xFF, 0x01, 0xC9, 0xFF, 0x01, 0xC9, 0xFF, 0x01, 0xC9, 0xFF, 0x01, 0xE9,
    0xFF, 0x01, 0xE9, 0xFF, 0x02, 0x0A, 0xFF, 0x02, 0x0A, 0xFF, 0x02, 0x4B, 0xFF, 0x02, 0x8C, 0xFF,
    0x02, 0xCE, 0xFF, 0x02, 0xEF, 0xFF, 0x1C, 0x96, 0xFF, 0xCF, 0x9E, 0xFF, 0xFF, 0xFF, 0xFF, 0xFF,
    0xFF, 0xFF, 0x3E, 0x1B, 0xFF, 0x03, 0x92, 0xFF, 0x02, 0xEE, 0xFF, 0x02, 0x8C, 0xFF, 0x02, 0x4B,
    0xFF, 0x02, 0x2B, 0xFF, 0x02, 0x2B, 0xFF, 0x02, 0x4B, 0xFF, 0x02, 0x6C, 0xFF, 0x02, 0xEE, 0xFF,
    0x03, 0x91, 0xFF, 0x04, 0x75, 0xFF, 0x87, 0x1D, 0xFF, 0xFF, 0xFF, 0xFC, 0xBF, 0xFF, 0xFF, 0x8F,
    0x9F, 0xB4, 0xFF, 0x9E, 0x15, 0x00, 0x00, 0x00, 0x00, 0x00, 0x00, 0x00, 0x00, 0x00, 0x00, 0x00,
    0x00, 0x00, 0x00, 0x00, 0x00, 0x00, 0x00, 0x00, 0x00, 0x00, 0x00, 0x00, 0x00, 0x00, 0x00, 0x00,
    0x00, 0x00, 0x00, 0x00, 0x00, 0x00, 0x00, 0x00, 0x00, 0x00, 0x00, 0x00, 0x00, 0x00, 0x00, 0x00,
    0x00, 0x00, 0x00, 0x00, 0x00, 0x00, 0x00, 0x00, 0x00, 0x00, 0x00, 0xFF, 0xFF, 0x01, 0x97, 0x9F,
    0x83, 0xA7, 0xFF, 0xFF, 0xFF, 0xFF, 0xF7, 0x9F, 0x3E, 0xFF, 0x04, 0x75, 0xFF, 0x03, 0x91, 0xFF,
    0x02, 0xEE, 0xFF, 0x02, 0x8C, 0xFF, 0x02, 0x6C, 0xFF, 0x02, 0x4B, 0xFF, 0x02, 0x6C, 0xFF, 0x02,
    0xAD, 0xFF, 0x02, 0xEE, 0xFF, 0x03, 0x70, 0xFF, 0x04, 0xB6, 0xFF, 0xBF, 0x9F, 0xFF, 0xFF, 0xFF,
    0xFF, 0xE7, 0xFF, 0xFF, 0x3D, 0x17, 0xFF, 0x02, 0xCF, 0xFF, 0x02, 0xCE, 0xFF, 0x02, 0x4C, 0xFF,
    0x01, 0xEA, 0xFF, 0x01, 0xC9, 0xFF, 0x01, 0xA8, 0xFF, 0x01, 0x88, 0xFF, 0x01, 0x67, 0xFF, 0x01,
    0x67, 0xFF, 0x01, 0x67, 0xFF, 0x01, 0x67, 0xFF, 0x01, 0x67, 0xFF, 0x01, 0x87, 0xFF, 0x01, 0x67,
    0xFF, 0x01, 0x67, 0xFF, 0x01, 0x67, 0xFF, 0x01, 0x67, 0xFF, 0x01, 0x67, 0xFF, 0x01, 0x67, 0xFF,
    0x01, 0x67, 0xFF, 0x01, 0x67, 0xFF, 0x01, 0x67, 0xFF, 0x01, 0x67, 0xFF, 0x01, 0x67, 0xFF, 0x01,
    0x67, 0xFF, 0x01, 0x67, 0xFF, 0x01, 0x67, 0xFF, 0x01, 0x67, 0xFF, 0x01, 0x67, 0xFF, 0x01, 0x67,
    0xFF, 0x01, 0x88, 0xFF, 0x01, 0x88, 0xFF, 0x01, 0xA8, 0xFF, 0x01, 0xC9, 0xFF, 0x01, 0xEA, 0xFF,
    0x02, 0x4B, 0xFF, 0x02, 0xCD, 0xFF, 0x02, 0xCF, 0xFF, 0x2C, 0xB6, 0xFF, 0xDF, 0xBF, 0xFF, 0xFF,
    0xFF, 0xFF, 0xCF, 0xDF, 0xFF, 0x14, 0xF7, 0xFF, 0x03, 0x71, 0xFF, 0x0B, 0x0F, 0xFF, 0x02, 0xCE,
    0xFF, 0x02, 0x8C, 0xFF, 0x02, 0x6C, 0xFF, 0x02, 0x6C, 0xFF, 0x02, 0x8C, 0xFF, 0x02, 0xEE, 0xFF,
    0x03, 0x91, 0xFF, 0x04, 0x75, 0xFF, 0x87, 0x1D, 0xFF, 0xFF, 0xFF, 0xFC, 0xBF, 0xFF, 0xFF, 0x8F,
    0x9F, 0xB3, 0xFF, 0x5E, 0x19, 0x00, 0x00, 0x00, 0xFF, 0xFF, 0x01, 0x00, 0x00, 0x00, 0x00, 0x00,
    0x00, 0x00, 0x00, 0x00, 0x00, 0x00, 0x00, 0x00, 0x00, 0x00, 0x00, 0x00, 0x00, 0x00, 0x00, 0x00,
    0x00, 0x00, 0x00, 0x00, 0x00, 0x00, 0x00, 0x00, 0x00, 0x00, 0x00, 0x00, 0x00, 0x00, 0x00, 0x00,
    0x00, 0x00, 0x00, 0x00, 0x00, 0x00, 0x00, 0x00, 0x00, 0x00, 0x00, 0xFF, 0xFE, 0x15, 0x8F, 0x7F,
    0x77, 0xA7, 0xFF, 0xFF, 0xFF, 0xFF, 0xFA, 0x9F, 0x3E, 0xFF, 0x04, 0x75, 0xFF, 0x03, 0x91, 0xFF,
    0x03, 0x0E, 0xFF, 0x02, 0xAD, 0xFF, 0x02, 0x8D, 0xFF, 0x02, 0xCD, 0xFF, 0x02, 0xEE, 0xFF, 0x03,
    0x30, 0xFF, 0x03, 0xB2, 0xFF, 0x04, 0x35, 0xFF, 0x56, 0x9C, 0xFF, 0xFF, 0xFF, 0xFF, 0xFF, 0xFF,
    0xFF, 0x65, 0xD9, 0xFF, 0x02, 0xCF, 0xFF, 0x02, 0xAD, 0xFF, 0x02, 0x4B, 0xFF, 0x01, 0xE9, 0xFF,
    0x01, 0xA8, 0xFF, 0x01, 0x87, 0xFF, 0x01, 0x67, 0xFF, 0x01, 0x47, 0xFF, 0x01, 0x46, 0xFF, 0x01,
    0x47, 0xFF, 0x01, 0x46, 0xFF, 0x01, 0x46, 0xFF, 0x01, 0x46, 0xFF, 0x01, 0x46, 0xFF, 0x01, 0x46,
    0xFF, 0x01, 0x46, 0xFF, 0x01, 0x46, 0xFF, 0x01, 0x46, 0xFF, 0x01, 0x46, 0xFF, 0x01, 0x46, 0xFF,
    0x01, 0x26, 0xFF, 0x01, 0x46, 0xFF, 0x01, 0x46, 0xFF, 0x01, 0x46, 0xFF, 0x01, 0x46, 0xFF, 0x01,
    0x47, 0xFF, 0x01, 0x46, 0xFF, 0x01, 0x46, 0xFF, 0x01, 0x46, 0xFF, 0x01, 0x46, 0xFF, 0x01, 0x47,
    0xFF, 0x01, 0x47, 0xFF, 0x01, 0x67, 0xFF, 0x01, 0x67, 0xFF, 0x01, 0x67, 0xFF, 0x01, 0x88, 0xFF,
    0x01, 0xC9, 0xFF, 0x02, 0x0A, 0xFF, 0x02, 0xAD, 0xFF, 0x03, 0x10, 0xFF, 0x4D, 0xB9, 0xFF, 0xFF,
    0xFF, 0xFF, 0xFF, 0xFF, 0xFF, 0x6E, 0xFD, 0xFF, 0x04, 0x35, 0xFF, 0x03, 0xD2, 0xFF, 0x03, 0x71,
    0xFF, 0x03, 0x0F, 0xFF, 0x02, 0xEE, 0xFF, 0x02, 0xAD, 0xFF, 0x02, 0xAD, 0xFF, 0x02, 0xEE, 0xFF,
    0x03, 0x91, 0xFF, 0x04, 0x75, 0xFF, 0x87, 0x1D, 0xFF, 0xFF, 0xFF, 0xFC, 0xBF, 0xFF, 0xFF, 0x87,
    0x7F, 0x9F, 0xFF, 0xDF, 0x26, 0x00, 0x00, 0x00, 0x07, 0xFF, 0x01, 0x00, 0x00, 0x00, 0x00, 0x00,
    0x00, 0x00, 0x00, 0x00, 0x00, 0x00, 0x00, 0x00, 0x00, 0x00, 0x00, 0x00, 0x00, 0x00, 0x00, 0x00,
    0x00, 0x00, 0x00, 0x00, 0x00, 0x00, 0x00, 0x00, 0x00, 0x00, 0x00, 0x00, 0x00, 0x00, 0x00, 0x00,
    0x00, 0x00, 0x00, 0x00, 0x00, 0x00, 0x00, 0x00, 0x07, 0xFF, 0x01, 0xFF, 0xFE, 0x1E, 0x87, 0x7F,
    0x66, 0xA7, 0xDF, 0xFF, 0xFF, 0xFF, 0xFC, 0x9F, 0x3E, 0xFF, 0x04, 0x75, 0xFF, 0x03, 0xB1, 0xFF,
    0x03, 0x2F, 0xFF, 0x02, 0xCE, 0xFF, 0x02, 0xEE, 0xFF, 0x03, 0x50, 0xFF, 0x0C, 0x95, 0xFF, 0x56,
    0x1A, 0xFF, 0x6E, 0xBC, 0xFF, 0x76, 0xDD, 0xFF, 0xCF, 0xDF, 0xFF, 0xFF, 0xFF, 0xFF, 0xCF, 0x7E,
    0xFF, 0x03, 0xB2, 0xFF, 0x02, 0xAD, 0xFF, 0x02, 0x4B, 0xFF, 0x01, 0xC9, 0xFF, 0x01, 0x88, 0xFF,
    0x01, 0x67, 0xFF, 0x01, 0x46, 0xFF, 0x01, 0x47, 0xFF, 0x01, 0x46, 0xFF, 0x01, 0x46, 0xFF, 0x01,
    0x46, 0xFF, 0x01, 0x46, 0xFF, 0x01, 0x26, 0xFF, 0x01, 0x26, 0xFF, 0x01, 0x26, 0xFF, 0x01, 0x26,
    0xFF, 0x01, 0x26, 0xFF, 0x01, 0x26, 0xFF, 0x01, 0x26, 0xFF, 0x01, 0x26, 0xFF, 0x01, 0x26, 0xFF,
    0x01, 0x26, 0xFF, 0x01, 0x26, 0xFF, 0x01, 0x26, 0xFF, 0x01, 0x26, 0xFF, 0x01, 0x26, 0xFF, 0x01,
    0x26, 0xFF, 0x01, 0x26, 0xFF, 0x01, 0x26, 0xFF, 0x01, 0x26, 0xFF, 0x01, 0x46, 0xFF, 0x01, 0x46,
    0xFF, 0x01, 0x46, 0xFF, 0x01, 0x47, 0xFF, 0x01, 0x46, 0xFF, 0x01, 0x46, 0xFF, 0x01, 0x67, 0xFF,
    0x01, 0x88, 0xFF, 0x01, 0xC9, 0xFF, 0x02, 0x2B, 0xFF, 0x02, 0xCE, 0xFF, 0x03, 0x92, 0xFF, 0xBF,
    0x3D, 0xFF, 0xFF, 0xFF, 0xFF, 0xDF, 0xDF, 0xFF, 0x76, 0xFD, 0xFF, 0x6E, 0xBC, 0xFF, 0x5E, 0x3A,
    0xFF, 0x14, 0xD6, 0xFF, 0x03, 0x91, 0xFF, 0x03, 0x0F, 0xFF, 0x02, 0xEE, 0xFF, 0x03, 0x0F, 0xFF,
    0x03, 0x91, 0xFF, 0x04, 0x75, 0xFF, 0x87, 0x1D, 0xFF, 0xFF, 0xFF, 0xFC, 0xBF, 0xDF, 0xFF, 0x87,
    0x7E, 0x8C, 0xFF, 0xDF, 0x2D, 0x00, 0x00, 0x00, 0xFF, 0xE0, 0x01, 0x00, 0x00, 0x00, 0x00, 0x00,
    0x00, 0x00, 0x00, 0x00, 0x00, 0x00, 0x00, 0x00, 0x00, 0x00, 0x00, 0x00, 0x00, 0x00, 0x00, 0x00,
    0x00, 0x00, 0x00, 0x00, 0x00, 0x00, 0x00, 0x00, 0x00, 0x00, 0x00, 0x00, 0x00, 0x00, 0x00, 0x00,
    0x00, 0x00, 0x00, 0x00, 0x00, 0x00, 0x00, 0x00, 0x07, 0xFF, 0x01, 0xFF, 0xFE, 0x1E, 0x87, 0x5E,
    0x6A, 0xA7, 0xFF, 0xFF, 0xFF, 0xFF, 0xFC, 0x9F, 0x5E, 0xFF, 0x04, 0x96, 0xFF, 0x03, 0xB1, 0xFF,
    0x03, 0x2F, 0xFF, 0x03, 0x2F, 0xFF, 0x03, 0x71, 0xFF, 0x3D, 0x79, 0xFF, 0xD7, 0xBF, 0xFF, 0xFF,
    0xFF, 0xFF, 0xFF, 0xFF, 0xFF, 0xFF, 0xFF, 0xFF, 0xFF, 0xFF, 0xFF, 0xFF, 0xFF, 0xFF, 0x6D, 0xD9,
    0xFF, 0x02, 0xAE, 0xFF, 0x02, 0x8C, 0xFF, 0x01, 0xC9, 0xFF, 0x01, 0x88, 0xFF, 0x01, 0x67, 0xFF,
    0x01, 0x46, 0xFF, 0x01, 0x66, 0xFF, 0x01, 0x26, 0xFF, 0x00, 0xA4, 0xFF, 0x00, 0x84, 0xFF, 0x00,
    0xA4, 0xFF, 0x01, 0x26, 0xFF, 0x01, 0x46, 0xFF, 0x01, 0x26, 0xFF, 0x01, 0x05, 0xFF, 0x01, 0x05,
    0xFF, 0x01, 0x25, 0xFF, 0x01, 0x05, 0xFF, 0x01, 0x05, 0xFF, 0x01, 0x05, 0xFF, 0x01, 0x05, 0xFF,
    0x01, 0x05, 0xFF, 0x01, 0x05, 0xFF, 0x01, 0x05, 0xFF, 0x01, 0x05, 0xFF, 0x01, 0x06, 0xFF, 0x01,
    0x05, 0xFF, 0x01, 0x05, 0xFF, 0x01, 0x26, 0xFF, 0x01, 0x46, 0xFF, 0x01, 0x26, 0xFF, 0x00, 0xA4,
    0xFF, 0x00, 0x84, 0xFF, 0x00, 0xA4, 0xFF, 0x01, 0x26, 0xFF, 0x01, 0x67, 0xFF, 0x01, 0x46, 0xFF,
    0x01, 0x67, 0xFF, 0x01, 0x88, 0xFF, 0x01, 0xC9, 0xFF, 0x02, 0x6C, 0xFF, 0x02, 0xAE, 0xFF, 0x4D,
    0x99, 0xFF, 0xFF, 0xFF, 0xFF, 0xFF, 0xFF, 0xFF, 0xFF, 0xFF, 0xFF, 0xFF, 0xFF, 0xFF, 0xFF, 0xFF,
    0xFF, 0xDF, 0xDF, 0xFF, 0x4E, 0x3B, 0xFF, 0x03, 0xB2, 0xFF, 0x03, 0x0F, 0xFF, 0x03, 0x2F, 0xFF,
    0x03, 0xB1, 0xFF, 0x04, 0x75, 0xFF, 0x86, 0xFD, 0xFF, 0xFF, 0xFF, 0xFC, 0xBF, 0xBF, 0xFF, 0x87,
    0x5E, 0x8E, 0xFF, 0xFF, 0x2C, 0x00, 0x00, 0x00, 0x00, 0x1F, 0x01, 0x00, 0x00, 0x00, 0x00, 0x00,
    0x00, 0x00, 0x00, 0x00, 0x00, 0x00, 0x00, 0x00, 0x00, 0x00, 0x00, 0x00, 0x00, 0x00, 0x00, 0x00,
    0x00, 0x00, 0x00, 0x00, 0x00, 0x00, 0x00, 0x00, 0x00, 0x00, 0x00, 0x00, 0x00, 0x00, 0x00, 0x00,
    0x00, 0x00, 0x00, 0x00, 0x00, 0x00, 0x00, 0x00, 0x00, 0x00, 0x00, 0xFF, 0xFE, 0x11, 0x8F, 0x7F,
    0x7D, 0xA7, 0xFF, 0xFF, 0xFF, 0xFF, 0xFA, 0x9F, 0x3E, 0xFF, 0x04, 0x96, 0xFF, 0x03, 0xB2, 0xFF,
    0x03, 0x50, 0xFF, 0x03, 0x30, 0xFF, 0x14, 0xF6, 0xFF, 0xE7, 0xDF, 0xFF, 0xFF, 0xFF, 0xFF, 0x97,
    0xDF, 0xFF, 0x5F, 0xBF, 0xFF, 0x87, 0xDF, 0xFF, 0xFF, 0xFF, 0xFF, 0xFF, 0xFF, 0xFF, 0x24, 0x95,
    0xFF, 0x02, 0x8D, 0xFF, 0x02, 0x2B, 0xFF, 0x01, 0xA8, 0xFF, 0x01, 0x67, 0xFF, 0x01, 0x46, 0xFF,
    0x01, 0x46, 0xFF, 0x01, 0x05, 0xFF, 0x00, 0xE5, 0xFF, 0x0B, 0x6F, 0xFF, 0x04, 0x52, 0xFF, 0x03,
    0x4E, 0xFF, 0x01, 0x06, 0xFF, 0x00, 0xE5, 0xFF, 0x01, 0x26, 0xFF, 0x01, 0x26, 0xFF, 0x01, 0x05,
    0xFF, 0x01, 0x05, 0xFF, 0x01, 0x05, 0xFF, 0x01, 0x05, 0xFF, 0x01, 0x05, 0xFF, 0x01, 0x05, 0xFF,
    0x01, 0x05, 0xFF, 0x01, 0x05, 0xFF, 0x01, 0x05, 0xFF, 0x01, 0x05, 0xFF, 0x01, 0x05, 0xFF, 0x01,
    0x05, 0xFF, 0x01, 0x05, 0xFF, 0x01, 0x26, 0xFF, 0x00, 0xE5, 0xFF, 0x00, 0xE5, 0xFF, 0x03, 0x2E,
    0xFF, 0x04, 0x72, 0xFF, 0x03, 0x8F, 0xFF, 0x01, 0x27, 0xFF, 0x01, 0x05, 0xFF, 0x01, 0x47, 0xFF,
    0x01, 0x47, 0xFF, 0x01, 0x67, 0xFF, 0x01, 0xA8, 0xFF, 0x02, 0x0A, 0xFF, 0x02, 0x8D, 0xFF, 0x14,
    0x95, 0xFF, 0xEF, 0xFF, 0xFF, 0xFF, 0xFF, 0xFF, 0x8F, 0xBF, 0xFF, 0x57, 0xBF, 0xFF, 0x8F, 0xDF,
    0xFF, 0xFF, 0xFF, 0xFF, 0xEF, 0xFF, 0xFF, 0x25, 0x37, 0xFF, 0x03, 0x50, 0xFF, 0x03, 0x70, 0xFF,
    0x03, 0xB1, 0xFF, 0x04, 0x75, 0xFF, 0x86, 0xFD, 0xFF, 0xFF, 0xFF, 0xFC, 0xBF, 0xFF, 0xFF, 0x87,
    0x7F, 0xA3, 0xFF, 0x9E, 0x24, 0x00, 0x00, 0x00, 0xFF, 0xFF, 0x01, 0x00, 0x00, 0x00, 0x00, 0x00,
    0x00, 0x00, 0x00, 0x00, 0x00, 0x00, 0x00, 0x00, 0x00, 0x00, 0x00, 0x00, 0x00, 0x00, 0x00, 0x00,
    0x00, 0x00, 0x00, 0x00, 0x00, 0x00, 0x00, 0x00, 0x00, 0x00, 0x00, 0x00, 0x00, 0x00, 0x00, 0x00,
    0x00, 0x00, 0x00, 0x00, 0x00, 0x00, 0x00, 0x00, 0x00, 0x00, 0x00, 0x00, 0x00, 0x00, 0x97, 0x9F,
    0x86, 0xA7, 0xFF, 0xFF, 0xFF, 0xFF, 0xF6, 0x9F, 0x3E, 0xFF, 0x04, 0x96, 0xFF, 0x03, 0xB2, 0xFF,
    0x03, 0x70, 0xFF, 0x03, 0xB2, 0xFF, 0x8E, 0xDC, 0xFF, 0xFF, 0xFF, 0xFF, 0x5F, 0xBF, 0xFF, 0x07,
    0x5F, 0xFF, 0x07, 0x5F, 0xFF, 0x4F, 0xBF, 0xFF, 0xFF, 0xFF, 0xFF, 0xD7, 0xBF, 0xFF, 0x0B, 0xD3,
    0xFF, 0x02, 0x4C, 0xFF, 0x01, 0xE9, 0xFF, 0x01, 0x88, 0xFF, 0x01, 0x47, 0xFF, 0x01, 0x46, 0xFF,
    0x01, 0x06, 0xFF, 0x01, 0x06, 0xFF, 0x0D, 0xB7, 0xFF, 0x1F, 0xFF, 0xFF, 0x17, 0xFF, 0xFF, 0x1F,
    0xFF, 0xFF, 0x0D, 0xB7, 0xFF, 0x01, 0x06, 0xFF, 0x01, 0x06, 0xFF, 0x01, 0x26, 0xFF, 0x01, 0x05,
    0xFF, 0x01, 0x05, 0xFF, 0x01, 0x05, 0xFF, 0x01, 0x05, 0xFF, 0x01, 0x05, 0xFF, 0x01, 0x05, 0xFF,
    0x01, 0x05, 0xFF, 0x01, 0x05, 0xFF, 0x01, 0x05, 0xFF, 0x01, 0x05, 0xFF, 0x01, 0x05, 0xFF, 0x01,
    0x05, 0xFF, 0x01, 0x05, 0xFF, 0x01, 0x05, 0xFF, 0x00, 0xC5, 0xFF, 0x0D, 0x36, 0xFF, 0x1F, 0xFF,
    0xFF, 0x17, 0xFF, 0xFF, 0x1F, 0xFF, 0xFF, 0x16, 0x39, 0xFF, 0x01, 0x47, 0xFF, 0x01, 0x06, 0xFF,
    0x01, 0x46, 0xFF, 0x01, 0x47, 0xFF, 0x01, 0x67, 0xFF, 0x01, 0xC9, 0xFF, 0x02, 0x6C, 0xFF, 0x0B,
    0x71, 0xFF, 0xB7, 0x3D, 0xFF, 0xFF, 0xFF, 0xFF, 0x67, 0xBF, 0xFF, 0x07, 0x5F, 0xFF, 0x07, 0x7F,
    0xFF, 0x47, 0xBF, 0xFF, 0xFF, 0xFF, 0xFF, 0x9F, 0x1D, 0xFF, 0x04, 0x13, 0xFF, 0x03, 0x70, 0xFF,
    0x03, 0xB1, 0xFF, 0x04, 0x55, 0xFF, 0x86, 0xFD, 0xFF, 0xFF, 0xFF, 0xFC, 0xBF, 0xFF, 0xFF, 0x8F,
    0x9F, 0xB6, 0xFF, 0x5E, 0x18, 0x00, 0x00, 0x00, 0x07, 0xFF, 0x01, 0x00, 0x00, 0x00, 0x00, 0x00,
    0x00, 0x00, 0x00, 0x00, 0x00, 0x00, 0x00, 0x00, 0x00, 0x00, 0x00, 0x00, 0x00, 0x00, 0x00, 0x00,
    0x00, 0x00, 0x00, 0x00, 0x00, 0x00, 0x00, 0x00, 0x00, 0x00, 0x00, 0x00, 0x00, 0x00, 0x00, 0x00,
    0x00, 0x00, 0x00, 0x00, 0x00, 0x00, 0x00, 0x00, 0x00, 0x00, 0x00, 0x00, 0x00, 0x00, 0x97, 0x9F,
    0x85, 0xA7, 0xFF, 0xFF, 0xFF, 0xFF, 0xF7, 0x9F, 0x5E, 0xFF, 0x04, 0xB6, 0xFF, 0x03, 0xD2, 0xFF,
    0x03, 0x50, 0xFF, 0x04, 0x54, 0xFF, 0xC7, 0x7E, 0xFF, 0xDF, 0xFF, 0xFF, 0x07, 0x5F, 0xFF, 0x06,
    0xFE, 0xFF, 0x06, 0xDD, 0xFF, 0x7F, 0x9F, 0xFF, 0xFF, 0xFF, 0xFF, 0xB7, 0x3E, 0xFF, 0x0B, 0x51,
    0xFF, 0x02, 0x2B, 0xFF, 0x01, 0xC9, 0xFF, 0x01, 0x67, 0xFF, 0x01, 0x47, 0xFF, 0x01, 0x46, 0xFF,
    0x00, 0x83, 0xFF, 0x03, 0xB0, 0xFF, 0x17, 0xFF, 0xFF, 0x17, 0xDF, 0xFF, 0x17, 0xDF, 0xFF, 0x1F,
    0xDF, 0xFF, 0x17, 0xFF, 0xFF, 0x03, 0xD0, 0xFF, 0x00, 0x84, 0xFF, 0x01, 0x26, 0xFF, 0x01, 0x05,
    0xFF, 0x01, 0x05, 0xFF, 0x01, 0x05, 0xFF, 0x01, 0x05, 0xFF, 0x01, 0x05, 0xFF, 0x01, 0x05, 0xFF,
    0x01, 0x05, 0xFF, 0x01, 0x05, 0xFF, 0x01, 0x05, 0xFF, 0x01, 0x05, 0xFF, 0x01, 0x05, 0xFF, 0x01,
    0x05, 0xFF, 0x01, 0x26, 0xFF, 0x00, 0x84, 0xFF, 0x03, 0x4E, 0xFF, 0x17, 0xFF, 0xFF, 0x1F, 0xDF,
    0xFF, 0x17, 0xDF, 0xFF, 0x1F, 0xDF, 0xFF, 0x1F, 0xFF, 0xFF, 0x0C, 0x94, 0xFF, 0x00, 0xA4, 0xFF,
    0x01, 0x46, 0xFF, 0x01, 0x46, 0xFF, 0x01, 0x67, 0xFF, 0x01, 0xA9, 0xFF, 0x02, 0x2B, 0xFF, 0x02,
    0xEF, 0xFF, 0x9E, 0xDC, 0xFF, 0xFF, 0xFF, 0xFF, 0x8F, 0xBF, 0xFF, 0x06, 0xFE, 0xFF, 0x06, 0xFE,
    0xFF, 0x07, 0x5F, 0xFF, 0xC7, 0xFF, 0xFF, 0xCF, 0xBF, 0xFF, 0x0C, 0xB6, 0xFF, 0x03, 0x50, 0xFF,
    0x03, 0xB1, 0xFF, 0x04, 0x55, 0xFF, 0x86, 0xFD, 0xFF, 0xFF, 0xFF, 0xFC, 0xBF, 0xFF, 0xFF, 0x8F,
    0x9F, 0xB5, 0xFF, 0x5E, 0x19, 0x00, 0x00, 0x00, 0xFF, 0xFF, 0x01, 0x00, 0x00, 0x00, 0x00, 0x00,
    0x00, 0x00, 0x00, 0x00, 0x00, 0x00, 0x00, 0x00, 0x00, 0x00, 0x00, 0x00, 0x00, 0x00, 0x00, 0x00,
    0x00, 0x00, 0x00, 0x00, 0x00, 0x00, 0x00, 0x00, 0x00, 0x00, 0x00, 0x00, 0x00, 0x00, 0x00, 0x00,
    0x00, 0x00, 0x00, 0x00, 0x00, 0x00, 0x00, 0x00, 0x00, 0x00, 0x00, 0xFF, 0xFF, 0x10, 0x8F, 0x5F,
    0x78, 0xA7, 0xFF, 0xFF, 0xFF, 0xFF, 0xFA, 0x9F, 0x5E, 0xFF, 0x04, 0xB6, 0xFF, 0x03, 0xD2, 0xFF,
    0x03, 0x70, 0xFF, 0x0C, 0x55, 0xFF, 0xC7, 0x7E, 0xFF, 0xC7, 0xFF, 0xFF, 0x07, 0x3E, 0xFF, 0x06,
    0xBD, 0xFF, 0x06, 0x9C, 0xFF, 0x77, 0x7E, 0xFF, 0xFF, 0xFF, 0xFF, 0xB6, 0xFD, 0xFF, 0x02, 0xEF,
    0xFF, 0x02, 0x2B, 0xFF, 0x01, 0xA9, 0xFF, 0x01, 0x67, 0xFF, 0x01, 0x46, 0xFF, 0x01, 0x46, 0xFF,
    0x00, 0x84, 0xFF, 0x0D, 0x15, 0xFF, 0x17, 0xFF, 0xFF, 0x17, 0xDF, 0xFF, 0x17, 0xFF, 0xFF, 0x17,
    0xDF, 0xFF, 0x17, 0xFF, 0xFF, 0x0D, 0x15, 0xFF, 0x00, 0x84, 0xFF, 0x01, 0x46, 0xFF, 0x01, 0x05,
    0xFF, 0x01, 0x05, 0xFF, 0x01, 0x05, 0xFF, 0x01, 0x05, 0xFF, 0x01, 0x05, 0xFF, 0x01, 0x05, 0xFF,
    0x01, 0x05, 0xFF, 0x01, 0x05, 0xFF, 0x01, 0x05, 0xFF, 0x01, 0x05, 0xFF, 0x01, 0x05, 0xFF, 0x01,
    0x05, 0xFF, 0x01, 0x26, 0xFF, 0x00, 0x63, 0xFF, 0x0C, 0x93, 0xFF, 0x1F, 0xFF, 0xFF, 0x1F, 0xDF,
    0xFF, 0x1F, 0xFF, 0xFF, 0x17, 0xDF, 0xFF, 0x1F, 0xFF, 0xFF, 0x15, 0xD8, 0xFF, 0x00, 0xC5, 0xFF,
    0x01, 0x46, 0xFF, 0x01, 0x46, 0xFF, 0x01, 0x67, 0xFF, 0x01, 0xA8, 0xFF, 0x02, 0x0A, 0xFF, 0x02,
    0xCF, 0xFF, 0x9E, 0xBC, 0xFF, 0xFF, 0xFF, 0xFF, 0x87, 0x9F, 0xFF, 0x06, 0xBD, 0xFF, 0x06, 0xBC,
    0xFF, 0x07, 0x3E, 0xFF, 0xB7, 0xFF, 0xFF, 0xD7, 0x9F, 0xFF, 0x14, 0x96, 0xFF, 0x03, 0x71, 0xFF,
    0x03, 0xB2, 0xFF, 0x04, 0x55, 0xFF, 0x86, 0xFD, 0xFF, 0xFF, 0xFF, 0xFC, 0xBF, 0xDF, 0xFF, 0x8F,
    0x7F, 0xA3, 0xFF, 0xDF, 0x25, 0x00, 0x00, 0x00, 0xFF, 0xFF, 0x01, 0x00, 0x00, 0x00, 0x00, 0x00,
    0x00, 0x00, 0x00, 0x00, 0x00, 0x00, 0x00, 0x00, 0x00, 0x00, 0x00, 0x00, 0x00, 0x00, 0x00, 0x00,
    0x00, 0x00, 0x00, 0x00, 0x00, 0x00, 0x00, 0x00, 0x00, 0x00, 0x00, 0x00, 0x00, 0x00, 0x00, 0x00,
    0x00, 0x00, 0x00, 0x00, 0x00, 0x00, 0x00, 0x00, 0x7F, 0xFF, 0x02, 0xFF, 0xFE, 0x18, 0x7F, 0x3E,
    0x64, 0xA7, 0xDF, 0xFF, 0xFF, 0xFF, 0xFC, 0x9F, 0x3E, 0xFF, 0x04, 0xB6, 0xFF, 0x03, 0xD2, 0xFF,
    0x03, 0x70, 0xFF, 0x04, 0x54, 0xFF, 0xC7, 0x7E, 0xFF, 0xCF, 0xFF, 0xFF, 0x07, 0x1E, 0xFF, 0x06,
    0x7C, 0xFF, 0x06, 0x7C, 0xFF, 0x77, 0x7E, 0xFF, 0xFF, 0xFF, 0xFF, 0xB6, 0xFD, 0xFF, 0x02, 0xEF,
    0xFF, 0x02, 0x0B, 0xFF, 0x01, 0xA8, 0xFF, 0x01, 0x47, 0xFF, 0x01, 0x46, 0xFF, 0x01, 0x46, 0xFF,
    0x00, 0xA4, 0xFF, 0x0C, 0xF5, 0xFF, 0x17, 0xFF, 0xFF, 0x17, 0xDF, 0xFF, 0x17, 0xFF, 0xFF, 0x17,
    0xDF, 0xFF, 0x1F, 0xFF, 0xFF, 0x0D, 0x15, 0xFF, 0x00, 0xA4, 0xFF, 0x01, 0x26, 0xFF, 0x01, 0x06,
    0xFF, 0x01, 0x05, 0xFF, 0x01, 0x05, 0xFF, 0x01, 0x05, 0xFF, 0x01, 0x05, 0xFF, 0x01, 0x05, 0xFF,
    0x01, 0x05, 0xFF, 0x01, 0x05, 0xFF, 0x01, 0x05, 0xFF, 0x01, 0x05, 0xFF, 0x01, 0x05, 0xFF, 0x01,
    0x05, 0xFF, 0x01, 0x26, 0xFF, 0x00, 0x63, 0xFF, 0x0C, 0x73, 0xFF, 0x1F, 0xFF, 0xFF, 0x1F, 0xFF,
    0xFF, 0x1F, 0xFF, 0xFF, 0x17, 0xDF, 0xFF, 0x1F, 0xFF, 0xFF, 0x15, 0x97, 0xFF, 0x00, 0xC5, 0xFF,
    0x01, 0x46, 0xFF, 0x01, 0x46, 0xFF, 0x01, 0x67, 0xFF, 0x01, 0xA8, 0xFF, 0x02, 0x0A, 0xFF, 0x02,
    0xCE, 0xFF, 0x9E, 0xBB, 0xFF, 0xFF, 0xFF, 0xFF, 0x87, 0x9F, 0xFF, 0x06, 0x7C, 0xFF, 0x06, 0x9C,
    0xFF, 0x06, 0xFE, 0xFF, 0xB7, 0xFF, 0xFF, 0xD7, 0x9F, 0xFF, 0x14, 0x96, 0xFF, 0x03, 0x71, 0xFF,
    0x03, 0xD2, 0xFF, 0x04, 0x75, 0xFF, 0x86, 0xFD, 0xFF, 0xFF, 0xFF, 0xFC, 0xBF, 0xDF, 0xFF, 0x87,
    0x5E, 0x95, 0xFF, 0xFF, 0x2C, 0x00, 0x00, 0x00, 0x00, 0x1F, 0x01, 0x00, 0x00, 0x00, 0x00, 0x00,
    0x00, 0x00, 0x00, 0x00, 0x00, 0x00, 0x00, 0x00, 0x00, 0x00, 0x00, 0x00, 0x00, 0x00, 0x00, 0x00,
    0x00, 0x00, 0x00, 0x00, 0x00, 0x00, 0x00, 0x00, 0x00, 0x00, 0x00, 0x00, 0x00, 0x00, 0x00, 0x00,
    0x00, 0x00, 0x00, 0x00, 0x00, 0x00, 0x00, 0x00, 0x7F, 0xFF, 0x02, 0xFF, 0xFE, 0x13, 0x7F, 0x3E,
    0x5F, 0xA7, 0xBF, 0xFF, 0xFF, 0xFF, 0xFC, 0x9F, 0x3E, 0xFF, 0x04, 0xB6, 0xFF, 0x03, 0xD2, 0xFF,
    0x03, 0x70, 0xFF, 0x04, 0x54, 0xFF, 0xC7, 0x7E, 0xFF, 0xCF, 0xFF, 0xFF, 0x06, 0xFE, 0xFF, 0x06,
    0x5B, 0xFF, 0x06, 0x3B, 0xFF, 0x77, 0x5E, 0xFF, 0xFF, 0xFF, 0xFF, 0xB7, 0x1D, 0xFF, 0x02, 0xEF,
    0xFF, 0x02, 0x0A, 0xFF, 0x01, 0xA8, 0xFF, 0x01, 0x67, 0xFF, 0x01, 0x26, 0xFF, 0x01, 0x46, 0xFF,
    0x00, 0x84, 0xFF, 0x0C, 0xD4, 0xFF, 0x1F, 0xFF, 0xFF, 0x17, 0xDF, 0xFF, 0x17, 0xFF, 0xFF, 0x17,
    0xFF, 0xFF, 0x1F, 0xFF, 0xFF, 0x0D, 0x36, 0xFF, 0x00, 0xA4, 0xFF, 0x01, 0x26, 0xFF, 0x01, 0x05,
    0xFF, 0x01, 0x05, 0xFF, 0x01, 0x05, 0xFF, 0x01, 0x05, 0xFF, 0x01, 0x05, 0xFF, 0x01, 0x05, 0xFF,
    0x01, 0x05, 0xFF, 0x01, 0x05, 0xFF, 0x01, 0x05, 0xFF, 0x01, 0x05, 0xFF, 0x01, 0x05, 0xFF, 0x01,
    0x05, 0xFF, 0x01, 0x25, 0xFF, 0x00, 0x63, 0xFF, 0x0C, 0x93, 0xFF, 0x1F, 0xFF, 0xFF, 0x1F, 0xDF,
    0xFF, 0x1F, 0xFF, 0xFF, 0x17, 0xDF, 0xFF, 0x1F, 0xFF, 0xFF, 0x0D, 0xB7, 0xFF, 0x00, 0xE5, 0xFF,
    0x01, 0x46, 0xFF, 0x01, 0x46, 0xFF, 0x01, 0x47, 0xFF, 0x01, 0xA8, 0xFF, 0x02, 0x0A, 0xFF, 0x02,
    0xAE, 0xFF, 0x9E, 0x9B, 0xFF, 0xFF, 0xFF, 0xFF, 0x87, 0x7E, 0xFF, 0x06, 0x5C, 0xFF, 0x06, 0x5B,
    0xFF, 0x06, 0xFE, 0xFF, 0xB7, 0xFF, 0xFF, 0xD7, 0x9F, 0xFF, 0x14, 0xB6, 0xFF, 0x03, 0x91, 0xFF,
    0x03, 0xD2, 0xFF, 0x04, 0x75, 0xFF, 0x87, 0x1D, 0xFF, 0xFF, 0xFF, 0xFC, 0xBF, 0xDF, 0xFF, 0x87,
    0x7F, 0x97, 0xFF, 0xFF, 0x2B, 0x00, 0x00, 0x00, 0x00, 0x00, 0x00, 0x00, 0x00, 0x00, 0x00, 0x00,
    0x00, 0x00, 0x00, 0x00, 0x00, 0x00, 0x00, 0x00, 0x00, 0x00, 0x00, 0x00, 0x00, 0x00, 0x00, 0x00,
    0x00, 0x00, 0x00, 0x00, 0x00, 0x00, 0x00, 0x00, 0x00, 0x00, 0x00, 0x00, 0x00, 0x00, 0x00, 0x00,
    0x00, 0x00, 0x00, 0x00, 0x00, 0x00, 0x00, 0x00, 0x07, 0xFF, 0x01, 0xFF, 0xFF, 0x02, 0x87, 0x9F,
    0x6D, 0xA7, 0xDF, 0xFF, 0xFF, 0xFF, 0xF7, 0x9F, 0x3E, 0xFF, 0x04, 0x96, 0xFF, 0x03, 0xD2, 0xFF,
    0x03, 0x70, 0xFF, 0x04, 0x34, 0xFF, 0xC7, 0x7E, 0xFF, 0xCF, 0xFF, 0xFF, 0x06, 0xFE, 0xFF, 0x06,
    0x5B, 0xFF, 0x06, 0x1B, 0xFF, 0x77, 0x5E, 0xFF, 0xFF, 0xFF, 0xFF, 0xB7, 0x1D, 0xFF, 0x02, 0xEF,
    0xFF, 0x02, 0x0A, 0xFF, 0x01, 0xA8, 0xFF, 0x01, 0x67, 0xFF, 0x01, 0x26, 0xFF, 0x01, 0x26, 0xFF,
    0x00, 0x64, 0xFF, 0x0D, 0x15, 0xFF, 0x17, 0xFF, 0xFF, 0x17, 0xDF, 0xFF, 0x17, 0xFF, 0xFF, 0x17,
    0xDF, 0xFF, 0x17, 0xFF, 0xFF, 0x0D, 0x15, 0xFF, 0x00, 0x84, 0xFF, 0x01, 0x46, 0xFF, 0x01, 0x06,
    0xFF, 0x01, 0x05, 0xFF, 0x01, 0x05, 0xFF, 0x01, 0x05, 0xFF, 0x01, 0x05, 0xFF, 0x01, 0x05, 0xFF,
    0x01, 0x05, 0xFF, 0x01, 0x05, 0xFF, 0x01, 0x05, 0xFF, 0x01, 0x05, 0xFF, 0x01, 0x05, 0xFF, 0x01,
    0x05, 0xFF, 0x01, 0x26, 0xFF, 0x00, 0x84, 0xFF, 0x0C, 0x93, 0xFF, 0x1F, 0xFF, 0xFF, 0x17, 0xDF,
    0xFF, 0x17, 0xFF, 0xFF, 0x17, 0xDF, 0xFF, 0x1F, 0xFF, 0xFF, 0x0D, 0xB7, 0xFF, 0x00, 0xA5, 0xFF,
    0x01, 0x26, 0xFF, 0x01, 0x46, 0xFF, 0x01, 0x67, 0xFF, 0x01, 0xA8, 0xFF, 0x02, 0x0A, 0xFF, 0x02,
    0xAE, 0xFF, 0x9E, 0x9B, 0xFF, 0xFF, 0xFF, 0xFF, 0x87, 0x7E, 0xFF, 0x06, 0x3C, 0xFF, 0x06, 0x5B,
    0xFF, 0x06, 0xFE, 0xFF, 0xB7, 0xFF, 0xFF, 0xD7, 0x9F, 0xFF, 0x14, 0x96, 0xFF, 0x03, 0x91, 0xFF,
    0x03, 0xD2, 0xFF, 0x04, 0x95, 0xFF, 0x87, 0x1D, 0xFF, 0xFF, 0xFF, 0xFC, 0xBF, 0xFF, 0xFF, 0x8F,
    0x9F, 0xA8, 0xFF, 0xFE, 0x23, 0x00, 0x00, 0x00, 0x07, 0xFF, 0x01, 0x00, 0x00, 0x00, 0x00, 0x00,
    0x00, 0x00, 0x00, 0x00, 0x00, 0x00, 0x00, 0x00, 0x00, 0x00, 0x00, 0x00, 0x00, 0x00, 0x00, 0x00,
    0x00, 0x00, 0x00, 0x00, 0x00, 0x00, 0x00, 0x00, 0x00, 0x00, 0x00, 0x00, 0x00, 0x00, 0x00, 0x00,
    0x00, 0x00, 0x00, 0x00, 0x00, 0x00, 0x00, 0x00, 0x07, 0xFF, 0x01, 0x00, 0x00, 0x00, 0x97, 0xBF,
    0x7C, 0xA7, 0xFF, 0xFF, 0xFF, 0xFF, 0xF6, 0x9F, 0x5E, 0xFF, 0x04, 0xB6, 0xFF, 0x03, 0xD2, 0xFF,
    0x03, 0x50, 0xFF, 0x0C, 0x34, 0xFF, 0xC7, 0x7E, 0xFF, 0xCF, 0xFF, 0xFF, 0x06, 0xFE, 0xFF, 0x06,
    0x5B, 0xFF, 0x06, 0x3B, 0xFF, 0x77, 0x5E, 0xFF, 0xFF, 0xFF, 0xFF, 0xB6, 0xFD, 0xFF, 0x02, 0xCF,
    0xFF, 0x02, 0x0B, 0xFF, 0x01, 0xA8, 0xFF, 0x01, 0x47, 0xFF, 0x01, 0x26, 0xFF, 0x01, 0x26, 0xFF,
    0x00, 0xA4, 0xFF, 0x03, 0x0D, 0xFF, 0x17, 0xFF, 0xFF, 0x1F, 0xFF, 0xFF, 0x17, 0xDF, 0xFF, 0x1F,
    0xFF, 0xFF, 0x17, 0xFF, 0xFF, 0x03, 0x0E, 0xFF, 0x00, 0xA4, 0xFF, 0x01, 0x46, 0xFF, 0x01, 0x06,
    0xFF, 0x01, 0x26, 0xFF, 0x01, 0x26, 0xFF, 0x01, 0x05, 0xFF, 0x01, 0x05, 0xFF, 0x01, 0x05, 0xFF,
    0x01, 0x05, 0xFF, 0x01, 0x05, 0xFF, 0x01, 0x05, 0xFF, 0x01, 0x25, 0xFF, 0x01, 0x26, 0xFF, 0x01,
    0x26, 0xFF, 0x01, 0x26, 0xFF, 0x00, 0xC5, 0xFF, 0x02, 0x8B, 0xFF, 0x17, 0xDF, 0xFF, 0x1F, 0xFF,
    0xFF, 0x17, 0xDF, 0xFF, 0x1F, 0xFF, 0xFF, 0x1F, 0xFF, 0xFF, 0x0B, 0xB0, 0xFF, 0x00, 0xA4, 0xFF,
    0x01, 0x46, 0xFF, 0x01, 0x46, 0xFF, 0x01, 0x67, 0xFF, 0x01, 0xA8, 0xFF, 0x02, 0x0A, 0xFF, 0x02,
    0xAE, 0xFF, 0x9E, 0xBB, 0xFF, 0xFF, 0xFF, 0xFF, 0x87, 0x7E, 0xFF, 0x06, 0x5C, 0xFF, 0x06, 0x5B,
    0xFF, 0x06, 0xFE, 0xFF, 0xB7, 0xFF, 0xFF, 0xD7, 0x9F, 0xFF, 0x14, 0x96, 0xFF, 0x03, 0x91, 0xFF,
    0x03, 0xF2, 0xFF, 0x04, 0x95, 0xFF, 0x87, 0x1D, 0xFF, 0xFF, 0xFF, 0xFC, 0xBF, 0xFF, 0xFF, 0x8F,
    0xBF, 0xBA, 0xFF, 0xBF, 0x18, 0x00, 0x00, 0x00, 0xFF, 0xFF, 0x01, 0x00, 0x00, 0x00, 0x00, 0x00,
    0x00, 0x00, 0x00, 0x00, 0x00, 0x00, 0x00, 0x00, 0x00, 0x00, 0x00, 0x00, 0x00, 0x00, 0x00, 0x00,
    0x00, 0x00, 0x00, 0x00, 0x00, 0x00, 0x00, 0x00, 0x00, 0x00, 0x00, 0x00, 0x00, 0x00, 0x00, 0x00,
    0x00, 0x00, 0x00, 0x00, 0x00, 0x00, 0x00, 0x00, 0x00, 0x00, 0x00, 0x00, 0x00, 0x00, 0x97, 0xBF,
    0x85, 0xA7, 0xFF, 0xFF, 0xFF, 0xFF, 0xF6, 0x9F, 0x5E, 0xFF, 0x04, 0x96, 0xFF, 0x03, 0xD2, 0xFF,
    0x03, 0x2F, 0xFF, 0x04, 0x34, 0xFF, 0xC7, 0x7E, 0xFF, 0xDF, 0xFF, 0xFF, 0x07, 0x3E, 0xFF, 0x06,
    0x9C, 0xFF, 0x06, 0x7C, 0xFF, 0x7F, 0x7E, 0xFF, 0xFF, 0xFF, 0xFF, 0xB6, 0xFD, 0xFF, 0x02, 0xEF,
    0xFF, 0x02, 0x0B, 0xFF, 0x01, 0xA8, 0xFF, 0x01, 0x47, 0xFF, 0x01, 0x26, 0xFF, 0x01, 0x26, 0xFF,
    0x01, 0x46, 0xFF, 0x00, 0xA4, 0xFF, 0x0C, 0x52, 0xFF, 0x1F, 0x7E, 0xFF, 0x17, 0xFF, 0xFF, 0x17,
    0x7E, 0xFF, 0x0C, 0x73, 0xFF, 0x00, 0xC5, 0xFF, 0x01, 0x26, 0xFF, 0x01, 0x46, 0xFF, 0x01, 0x26,
    0xFF, 0x00, 0x63, 0xFF, 0x00, 0x84, 0xFF, 0x01, 0x46, 0xFF, 0x01, 0x46, 0xFF, 0x01, 0x26, 0xFF,
    0x01, 0x26, 0xFF, 0x01, 0x26, 0xFF, 0x01, 0x26, 0xFF, 0x00, 0x84, 0xFF, 0x00, 0x63, 0xFF, 0x01,
    0x26, 0xFF, 0x01, 0x46, 0xFF, 0x01, 0x26, 0xFF, 0x00, 0xA4, 0xFF, 0x03, 0xF1, 0xFF, 0x17, 0x5D,
    0xFF, 0x17, 0xFF, 0xFF, 0x1F, 0xBF, 0xFF, 0x0C, 0xD4, 0xFF, 0x00, 0xE6, 0xFF, 0x01, 0x26, 0xFF,
    0x01, 0x26, 0xFF, 0x01, 0x46, 0xFF, 0x01, 0x67, 0xFF, 0x01, 0xA8, 0xFF, 0x02, 0x0B, 0xFF, 0x02,
    0xCE, 0xFF, 0x9E, 0xBB, 0xFF, 0xFF, 0xFF, 0xFF, 0x8F, 0x9F, 0xFF, 0x06, 0x7C, 0xFF, 0x06, 0xBC,
    0xFF, 0x07, 0x1E, 0xFF, 0xBF, 0xFF, 0xFF, 0xD7, 0xBF, 0xFF, 0x0C, 0x96, 0xFF, 0x03, 0x71, 0xFF,
    0x03, 0xD2, 0xFF, 0x04, 0x96, 0xFF, 0x87, 0x1D, 0xFF, 0xFF, 0xFF, 0xFC, 0xBF, 0xFF, 0xFF, 0x8F,
    0x9F, 0xB8, 0xFF, 0xFF, 0x19, 0x00, 0x00, 0x00, 0xFF, 0xFF, 0x01, 0x00, 0x00, 0x00, 0x00, 0x00,
    0x00, 0x00, 0x00, 0x00, 0x00, 0x00, 0x00, 0x00, 0x00, 0x00, 0x00, 0x00, 0x00, 0x00, 0x00, 0x00,
    0x00, 0x00, 0x00, 0x00, 0x00, 0x00, 0x00, 0x00, 0x00, 0x00, 0x00, 0x00, 0x00, 0x00, 0x00, 0x00,
    0x00, 0x00, 0x00, 0x00, 0x00, 0x00, 0x00, 0x00, 0x00, 0x00, 0x00, 0xFF, 0xFF, 0x0C, 0x8F, 0x9F,
    0x77, 0xA7, 0xFF, 0xFF, 0xFF, 0xFF, 0xFA, 0x9F, 0x3E, 0xFF, 0x04, 0x96, 0xFF, 0x03, 0xD2, 0xFF,
    0x03, 0x50, 0xFF, 0x03, 0xB2, 0xFF, 0x8E, 0xDC, 0xFF, 0xFF, 0xFF, 0xFF, 0x57, 0x9F, 0xFF, 0x07,
    0x1E, 0xFF, 0x06, 0xFE, 0xFF, 0x67, 0x9F, 0xFF, 0xFF, 0xFF, 0xFF, 0xBF, 0x3E, 0xFF, 0x0B, 0x51,
    0xFF, 0x02, 0x0A, 0xFF, 0x01, 0xA8, 0xFF, 0x01, 0x67, 0xFF, 0x01, 0x46, 0xFF, 0x01, 0x26, 0xFF,
    0x01, 0x26, 0xFF, 0x01, 0x26, 0xFF, 0x00, 0xC5, 0xFF, 0x01, 0xC9, 0xFF, 0x02, 0xCD, 0xFF, 0x01,
    0xE9, 0xFF, 0x00, 0xA4, 0xFF, 0x01, 0x26, 0xFF, 0x01, 0x26, 0xFF, 0x01, 0x26, 0xFF, 0x01, 0x06,
    0xFF, 0x03, 0xD0, 0xFF, 0x03, 0xD0, 0xFF, 0x00, 0xC5, 0xFF, 0x00, 0xE5, 0xFF, 0x01, 0x47, 0xFF,
    0x01, 0x47, 0xFF, 0x00, 0xE5, 0xFF, 0x00, 0xC5, 0xFF, 0x03, 0xD0, 0xFF, 0x0C, 0x11, 0xFF, 0x01,
    0x26, 0xFF, 0x01, 0x26, 0xFF, 0x01, 0x26, 0xFF, 0x01, 0x26, 0xFF, 0x00, 0xC5, 0xFF, 0x01, 0xA8,
    0xFF, 0x02, 0xCD, 0xFF, 0x02, 0x4B, 0xFF, 0x00, 0xA4, 0xFF, 0x01, 0x26, 0xFF, 0x01, 0x46, 0xFF,
    0x01, 0x26, 0xFF, 0x01, 0x46, 0xFF, 0x01, 0x67, 0xFF, 0x01, 0xA8, 0xFF, 0x02, 0x2B, 0xFF, 0x02,
    0xEF, 0xFF, 0xA6, 0xDC, 0xFF, 0xFF, 0xFF, 0xFF, 0x77, 0x9F, 0xFF, 0x06, 0xFE, 0xFF, 0x07, 0x1E,
    0xFF, 0x3F, 0x7F, 0xFF, 0xFF, 0xFF, 0xFF, 0xA7, 0x1D, 0xFF, 0x03, 0xF4, 0xFF, 0x03, 0x71, 0xFF,
    0x03, 0xD2, 0xFF, 0x04, 0x95, 0xFF, 0x87, 0x1D, 0xFF, 0xFF, 0xFF, 0xFC, 0xBF, 0xDF, 0xFF, 0x8F,
    0x7F, 0xA3, 0xFF, 0xDF, 0x25, 0x00, 0x00, 0x00, 0xFF, 0xFF, 0x01, 0x00, 0x00, 0x00, 0x00, 0x00,
    0x00, 0x00, 0x00, 0x00, 0x00, 0x00, 0x00, 0x00, 0x00, 0x00, 0x00, 0x00, 0x00, 0x00, 0x00, 0x00,
    0x00, 0x00, 0x00, 0x00, 0x00, 0x00, 0x00, 0x00, 0x00, 0x00, 0x00, 0x00, 0x00, 0x00, 0x00, 0x00,
    0x00, 0x00, 0x00, 0x00, 0x00, 0x00, 0x00, 0x00, 0x7F, 0xFF, 0x02, 0xFF, 0xFF, 0x15, 0x8F, 0x5E,
    0x61, 0xAF, 0xFF, 0xFF, 0xFF, 0xFF, 0xFB, 0x9F, 0x5E, 0xFF, 0x04, 0xB6, 0xFF, 0x03, 0xD2, 0xFF,
    0x03, 0x70, 0xFF, 0x03, 0x2F, 0xFF, 0x24, 0xF6, 0xFF, 0xE7, 0xFF, 0xFF, 0xFF, 0xFF, 0xFF, 0x77,
    0xBF, 0xFF, 0x2F, 0x7F, 0xFF, 0x77, 0xBF, 0xFF, 0xFF, 0xFF, 0xFF, 0xD7, 0xBF, 0xFF, 0x0B, 0xB2,
    0xFF, 0x02, 0x2B, 0xFF, 0x01, 0xC9, 0xFF, 0x01, 0x67, 0xFF, 0x01, 0x47, 0xFF, 0x01, 0x26, 0xFF,
    0x01, 0x26, 0xFF, 0x01, 0x26, 0xFF, 0x01, 0x26, 0xFF, 0x00, 0xC4, 0xFF, 0x00, 0xA4, 0xFF, 0x00,
    0xC5, 0xFF, 0x01, 0x26, 0xFF, 0x01, 0x26, 0xFF, 0x01, 0x46, 0xFF, 0x00, 0x63, 0xFF, 0x02, 0xCD,
    0xFF, 0x17, 0xFF, 0xFF, 0x17, 0xFF, 0xFF, 0x04, 0xD4, 0xFF, 0x01, 0xC9, 0xFF, 0x01, 0x47, 0xFF,
    0x01, 0x27, 0xFF, 0x01, 0xC9, 0xFF, 0x0C, 0xF5, 0xFF, 0x17, 0xFF, 0xFF, 0x1F, 0xFF, 0xFF, 0x03,
    0x2E, 0xFF, 0x00, 0x63, 0xFF, 0x01, 0x46, 0xFF, 0x01, 0x26, 0xFF, 0x01, 0x26, 0xFF, 0x00, 0xC4,
    0xFF, 0x00, 0xA4, 0xFF, 0x00, 0xC4, 0xFF, 0x01, 0x26, 0xFF, 0x01, 0x46, 0xFF, 0x01, 0x26, 0xFF,
    0x01, 0x26, 0xFF, 0x01, 0x46, 0xFF, 0x01, 0x67, 0xFF, 0x01, 0xC9, 0xFF, 0x02, 0x2B, 0xFF, 0x0B,
    0x71, 0xFF, 0xBF, 0x5E, 0xFF, 0xFF, 0xFF, 0xFF, 0x87, 0xBF, 0xFF, 0x2F, 0x9F, 0xFF, 0x67, 0xBF,
    0xFF, 0xF7, 0xFF, 0xFF, 0xF7, 0xFF, 0xFF, 0x35, 0x38, 0xFF, 0x03, 0x50, 0xFF, 0x03, 0x91, 0xFF,
    0x03, 0xD2, 0xFF, 0x04, 0x75, 0xFF, 0x86, 0xFD, 0xFF, 0xFF, 0xFF, 0xFD, 0xBF, 0xBF, 0xFF, 0x8F,
    0x5E, 0x8D, 0xFF, 0xDF, 0x2B, 0x00, 0x00, 0x00, 0x00, 0x00, 0x00, 0x00, 0x00, 0x00, 0x00, 0x00,
    0x00, 0x00, 0x00, 0x00, 0x00, 0x00, 0x00, 0x00, 0x00, 0x00, 0x00, 0x00, 0x00, 0x00, 0x00, 0x00,
    0x00, 0x00, 0x00, 0x00, 0x00, 0x00, 0x00, 0x00, 0x00, 0x00, 0x00, 0x00, 0x00, 0x00, 0x00, 0x00,
    0x00, 0x00, 0x00, 0x00, 0x00, 0x00, 0x00, 0x00, 0x07, 0xFF, 0x02, 0xFF, 0xFF, 0x11, 0x87, 0x5E,
    0x59, 0xA7, 0xDF, 0xFF, 0xFF, 0xFF, 0xFB, 0xA7, 0x7E, 0xFF, 0x04, 0xD7, 0xFF, 0x03, 0xD2, 0xFF,
    0x03, 0x50, 0xFF, 0x03, 0x2F, 0xFF, 0x03, 0x91, 0xFF, 0x45, 0xB9, 0xFF, 0xCF, 0xBF, 0xFF, 0xFF,
    0xFF, 0xFF, 0xFF, 0xFF, 0xFF, 0xFF, 0xFF, 0xFF, 0xFF, 0xFF, 0xFF, 0xFF, 0xFF, 0xFF, 0x2C, 0xD6,
    0xFF, 0x02, 0x6C, 0xFF, 0x02, 0x0A, 0xFF, 0x01, 0x88, 0xFF, 0x01, 0x47, 0xFF, 0x01, 0x46, 0xFF,
    0x01, 0x26, 0xFF, 0x01, 0x26, 0xFF, 0x01, 0x26, 0xFF, 0x01, 0x26, 0xFF, 0x01, 0x26, 0xFF, 0x01,
    0x26, 0xFF, 0x01, 0x26, 0xFF, 0x01, 0x26, 0xFF, 0x01, 0x26, 0xFF, 0x00, 0xE5, 0xFF, 0x01, 0xC9,
    0xFF, 0x0E, 0xDB, 0xFF, 0x17, 0xFF, 0xFF, 0x17, 0xFF, 0xFF, 0x17, 0x5D, 0xFF, 0x0E, 0x19, 0xFF,
    0x06, 0x18, 0xFF, 0x17, 0x5D, 0xFF, 0x17, 0xFF, 0xFF, 0x17, 0xFF, 0xFF, 0x17, 0x1C, 0xFF, 0x02,
    0x0A, 0xFF, 0x00, 0xE5, 0xFF, 0x01, 0x26, 0xFF, 0x01, 0x26, 0xFF, 0x01, 0x26, 0xFF, 0x01, 0x26,
    0xFF, 0x01, 0x26, 0xFF, 0x01, 0x26, 0xFF, 0x01, 0x26, 0xFF, 0x01, 0x26, 0xFF, 0x01, 0x26, 0xFF,
    0x01, 0x26, 0xFF, 0x01, 0x47, 0xFF, 0x01, 0x88, 0xFF, 0x01, 0xEA, 0xFF, 0x02, 0x4C, 0xFF, 0x1C,
    0x75, 0xFF, 0xF7, 0xFF, 0xFF, 0xFF, 0xFF, 0xFF, 0xFF, 0xFF, 0xFF, 0xFF, 0xFF, 0xFF, 0xFF, 0xFF,
    0xFF, 0xDF, 0xDF, 0xFF, 0x4D, 0xDA, 0xFF, 0x03, 0x91, 0xFF, 0x03, 0x50, 0xFF, 0x03, 0x50, 0xFF,
    0x03, 0xD2, 0xFF, 0x04, 0x96, 0xFF, 0x8F, 0x3E, 0xFF, 0xFF, 0xFF, 0xFD, 0xBF, 0xBF, 0xFE, 0x8F,
    0x7E, 0x85, 0xFF, 0xFF, 0x29, 0x00, 0x00, 0x00, 0xFF, 0xFF, 0x01, 0x00, 0x00, 0x00, 0x00, 0x00,
    0x00, 0x00, 0x00, 0x00, 0x00, 0x00, 0x00, 0x00, 0x00, 0x00, 0x00, 0x00, 0x00, 0x00, 0x00, 0x00,
    0x00, 0x00, 0x00, 0x00, 0x00, 0x00, 0x00, 0x00, 0x00, 0x00, 0x00, 0x00, 0x00, 0x00, 0x00, 0x00,
    0x00, 0x00, 0x00, 0x00, 0x00, 0x00, 0x00, 0x00, 0x07, 0xFF, 0x01, 0xFF, 0xFF, 0x03, 0x8F, 0x7E,
    0x62, 0xA7, 0xFF, 0xFF, 0xFF, 0xFF, 0xF8, 0xB7, 0x9F, 0xFF, 0x04, 0xF7, 0xFF, 0x03, 0xD2, 0xFF,
    0x03, 0x50, 0xFF, 0x03, 0x0E, 0xFF, 0x03, 0x0E, 0xFF, 0x03, 0x50, 0xFF, 0x14, 0xB6, 0xFF, 0x56,
    0x1A, 0xFF, 0x76, 0xBC, 0xFF, 0x7E, 0xFD, 0xFF, 0xE7, 0xFF, 0xFF, 0xFF, 0xFF, 0xFF, 0x7E, 0x5B,
    0xFF, 0x02, 0xCF, 0xFF, 0x02, 0x4B, 0xFF, 0x01, 0xA9, 0xFF, 0x01, 0x67, 0xFF, 0x01, 0x46, 0xFF,
    0x01, 0x26, 0xFF, 0x01, 0x26, 0xFF, 0x01, 0x26, 0xFF, 0x01, 0x26, 0xFF, 0x01, 0x06, 0xFF, 0x01,
    0x26, 0xFF, 0x01, 0x05, 0xFF, 0x01, 0x05, 0xFF, 0x01, 0x25, 0xFF, 0x01, 0x46, 0xFF, 0x00, 0xE5,
    0xFF, 0x01, 0x88, 0xFF, 0x0E, 0x7A, 0xFF, 0x27, 0xFF, 0xFF, 0x1F, 0xFF, 0xFF, 0x17, 0xFF, 0xFF,
    0x17, 0xFF, 0xFF, 0x1F, 0xFF, 0xFF, 0x1F, 0xFF, 0xFF, 0x16, 0xBB, 0xFF, 0x01, 0xE9, 0xFF, 0x00,
    0xC5, 0xFF, 0x01, 0x47, 0xFF, 0x01, 0x26, 0xFF, 0x01, 0x26, 0xFF, 0x01, 0x26, 0xFF, 0x01, 0x26,
    0xFF, 0x01, 0x26, 0xFF, 0x01, 0x26, 0xFF, 0x01, 0x26, 0xFF, 0x01, 0x26, 0xFF, 0x01, 0x26, 0xFF,
    0x01, 0x46, 0xFF, 0x01, 0x67, 0xFF, 0x01, 0xA9, 0xFF, 0x02, 0x4B, 0xFF, 0x02, 0x8D, 0xFF, 0x5D,
    0xD9, 0xFF, 0xFF, 0xFF, 0xFF, 0xF7, 0xFF, 0xFF, 0x8F, 0x3E, 0xFF, 0x76, 0xBC, 0xFF, 0x56, 0x3A,
    0xFF, 0x1C, 0xB6, 0xFF, 0x03, 0x92, 0xFF, 0x03, 0x0F, 0xFF, 0x03, 0x0F, 0xFF, 0x03, 0x50, 0xFF,
    0x03, 0xD2, 0xFF, 0x04, 0xD6, 0xFF, 0x9F, 0x5E, 0xFF, 0xFF, 0xFF, 0xFC, 0xAF, 0xFF, 0xFF, 0x97,
    0x9F, 0x8C, 0xFF, 0xFE, 0x1F, 0x00, 0x00, 0x00, 0xFF, 0xFF, 0x01, 0x00, 0x00, 0x00, 0x00, 0x00,
    0x00, 0x00, 0x00, 0x00, 0x00, 0x00, 0x00, 0x00, 0x00, 0x00, 0x00, 0x00, 0x00, 0x00, 0x00, 0x00,
    0x00, 0x00, 0x00, 0x00, 0x00, 0x00, 0x00, 0x00, 0x00, 0x00, 0x00, 0x00, 0x00, 0x00, 0x00, 0x00,
    0x00, 0x00, 0x00, 0x00, 0x00, 0x00, 0x00, 0x00, 0x07, 0xFF, 0x01, 0x00, 0x00, 0x00, 0xA7, 0xBF,
    0x6D, 0x97, 0xFF, 0xFF, 0xFF, 0xFF, 0xF8, 0xD7, 0xBF, 0xFF, 0x05, 0x38, 0xFF, 0x03, 0xD3, 0xFF,
    0x03, 0x50, 0xFF, 0x02, 0xEE, 0xFF, 0x02, 0xCD, 0xFF, 0x02, 0xEE, 0xFF, 0x03, 0x0F, 0xFF, 0x03,
    0x71, 0xFF, 0x03, 0xB2, 0xFF, 0x04, 0xB6, 0xFF, 0x97, 0x7E, 0xFF, 0xFF, 0xFF, 0xFF, 0xD7, 0xBF,
    0xFF, 0x03, 0xF3, 0xFF, 0x02, 0x6D, 0xFF, 0x02, 0x2A, 0xFF, 0x01, 0xA8, 0xFF, 0x01, 0x67, 0xFF,
    0x01, 0x46, 0xFF, 0x01, 0x26, 0xFF, 0x01, 0x26, 0xFF, 0x01, 0x26, 0xFF, 0x01, 0x26, 0xFF, 0x01,
    0x26, 0xFF, 0x01, 0x26, 0xFF, 0x01, 0x26, 0xFF, 0x01, 0x26, 0xFF, 0x01, 0x26, 0xFF, 0x01, 0x67,
    0xFF, 0x00, 0xE5, 0xFF, 0x01, 0xA9, 0xFF, 0x0B, 0xF1, 0xFF, 0x0D, 0xD8, 0xFF, 0x16, 0xDC, 0xFF,
    0x16, 0xDC, 0xFF, 0x0D, 0xF8, 0xFF, 0x03, 0xF1, 0xFF, 0x01, 0xA9, 0xFF, 0x01, 0x06, 0xFF, 0x01,
    0x67, 0xFF, 0x01, 0x26, 0xFF, 0x01, 0x26, 0xFF, 0x01, 0x26, 0xFF, 0x01, 0x26, 0xFF, 0x01, 0x26,
    0xFF, 0x01, 0x26, 0xFF, 0x01, 0x26, 0xFF, 0x01, 0x26, 0xFF, 0x01, 0x26, 0xFF, 0x01, 0x46, 0xFF,
    0x01, 0x67, 0xFF, 0x01, 0xA8, 0xFF, 0x02, 0x0A, 0xFF, 0x02, 0x8C, 0xFF, 0x03, 0xB2, 0xFF, 0xC7,
    0x7E, 0xFF, 0xFF, 0xFF, 0xFF, 0xAF, 0x7E, 0xFF, 0x04, 0xB7, 0xFF, 0x03, 0xD3, 0xFF, 0x03, 0x71,
    0xFF, 0x03, 0x0F, 0xFF, 0x02, 0xEE, 0xFF, 0x02, 0xCE, 0xFF, 0x02, 0xEE, 0xFF, 0x03, 0x50, 0xFF,
    0x03, 0xF3, 0xFF, 0x04, 0xF7, 0xFF, 0xBF, 0x9F, 0xFF, 0xFF, 0xFF, 0xFB, 0xA7, 0xFF, 0xFF, 0xA7,
    0xBF, 0x92, 0xFF, 0xFD, 0x0E, 0x00, 0x00, 0x00, 0x00, 0x00, 0x00, 0x00, 0x00, 0x00, 0x00, 0x00,
    0x00, 0x00, 0x00, 0x00, 0x00, 0x00, 0x00, 0x00, 0x00, 0x00, 0x00, 0x00, 0x00, 0x00, 0x00, 0x00,
    0x00, 0x00, 0x00, 0x00, 0x00, 0x00, 0x00, 0x00, 0x00, 0x00, 0x00, 0x00, 0x00, 0x00, 0x00, 0x00,
    0x00, 0x00, 0x00, 0x00, 0x00, 0x00, 0x00, 0x00, 0x07, 0xFF, 0x01, 0x00, 0x00, 0x00, 0xB7, 0xBF,
    0x5F, 0x87, 0xBF, 0xFA, 0xF7, 0xFF, 0xFC, 0xEF, 0xDF, 0xFE, 0x1D, 0xB9, 0xFF, 0x03, 0xF3, 0xFF,
    0x03, 0x70, 0xFF, 0x02, 0xCE, 0xFF, 0x02, 0x8D, 0xFF, 0x02, 0x6C, 0xFF, 0x02, 0x8C, 0xFF, 0x02,
    0xCD, 0xFF, 0x03, 0x0F, 0xFF, 0x03, 0x91, 0xFF, 0x3D, 0xDA, 0xFF, 0xF7, 0xFF, 0xFF, 0xFF, 0xFF,
    0xFF, 0x86, 0x7B, 0xFF, 0x03, 0x10, 0xFF, 0x02, 0x6C, 0xFF, 0x02, 0x0A, 0xFF, 0x01, 0xA8, 0xFF,
    0x01, 0x67, 0xFF, 0x01, 0x47, 0xFF, 0x01, 0x46, 0xFF, 0x01, 0x26, 0xFF, 0x01, 0x26, 0xFF, 0x01,
    0x26, 0xFF, 0x01, 0x26, 0xFF, 0x01, 0x26, 0xFF, 0x01, 0x26, 0xFF, 0x01, 0x46, 0xFF, 0x01, 0x46,
    0xFF, 0x01, 0x87, 0xFF, 0x01, 0x47, 0xFF, 0x00, 0xC5, 0xFF, 0x01, 0x27, 0xFF, 0x01, 0xA9, 0xFF,
    0x01, 0xC9, 0xFF, 0x01, 0x47, 0xFF, 0x00, 0xC5, 0xFF, 0x01, 0x46, 0xFF, 0x01, 0x67, 0xFF, 0x01,
    0x46, 0xFF, 0x01, 0x46, 0xFF, 0x01, 0x46, 0xFF, 0x01, 0x46, 0xFF, 0x01, 0x46, 0xFF, 0x01, 0x26,
    0xFF, 0x01, 0x26, 0xFF, 0x01, 0x26, 0xFF, 0x01, 0x46, 0xFF, 0x01, 0x47, 0xFF, 0x01, 0x67, 0xFF,
    0x01, 0xA8, 0xFF, 0x02, 0x0A, 0xFF, 0x02, 0x6C, 0xFF, 0x02, 0xAF, 0xFF, 0x6E, 0x1A, 0xFF, 0xFF,
    0xFF, 0xFF, 0xFF, 0xFF, 0xFF, 0x56, 0x1A, 0xFF, 0x03, 0x91, 0xFF, 0x03, 0x2F, 0xFF, 0x02, 0xCD,
    0xFF, 0x02, 0xAD, 0xFF, 0x02, 0x8D, 0xFF, 0x02, 0xAD, 0xFF, 0x02, 0xEE, 0xFF, 0x03, 0x70, 0xFF,
    0x03, 0xF3, 0xFF, 0x0D, 0x79, 0xFF, 0xDF, 0xDF, 0xFF, 0xFF, 0xFF, 0xFC, 0x97, 0xBF, 0xFB, 0xB7,
    0xBF, 0x79, 0xFF, 0xFF, 0x02, 0x00, 0x00, 0x00, 0x00, 0x00, 0x00, 0x00, 0x00, 0x00, 0x00, 0x00,
    0x00, 0x00, 0x00, 0x00, 0x00, 0x00, 0x00, 0x00, 0x00, 0x00, 0x00, 0x00, 0x00, 0x00, 0x00, 0x00,
    0x00, 0x00, 0x00, 0x00, 0x00, 0x00, 0x00, 0x00, 0x00, 0x00, 0x00, 0x00, 0x00, 0x00, 0x00, 0x00,
    0x00, 0x00, 0x00, 0x00, 0x00, 0x00, 0x00, 0x00, 0xFF, 0xFF, 0x01, 0x00, 0x00, 0x00, 0xE7, 0xBF,
    0x32, 0x8F, 0x9F, 0xD8, 0xE7, 0xFF, 0xFF, 0xFF, 0xFF, 0xFC, 0x46, 0x3B, 0xFF, 0x04, 0x34, 0xFF,
    0x03, 0x70, 0xFF, 0x02, 0xCE, 0xFF, 0x02, 0x8C, 0xFF, 0x02, 0x4B, 0xFF, 0x02, 0x4B, 0xFF, 0x02,
    0x6C, 0xFF, 0x02, 0xAD, 0xFF, 0x03, 0x2F, 0xFF, 0x04, 0x55, 0xFF, 0xA7, 0x7E, 0xFF, 0xFF, 0xFF,
    0xFF, 0xF7, 0xFF, 0xFF, 0x4D, 0x99, 0xFF, 0x02, 0x8E, 0xFF, 0x02, 0x6C, 0xFF, 0x02, 0x0A, 0xFF,
    0x01, 0xA9, 0xFF, 0x01, 0x88, 0xFF, 0x01, 0x67, 0xFF, 0x01, 0x67, 0xFF, 0x01, 0x47, 0xFF, 0x01,
    0x47, 0xFF, 0x01, 0x47, 0xFF, 0x01, 0x67, 0xFF, 0x01, 0x47, 0xFF, 0x01, 0x67, 0xFF, 0x01, 0x67,
    0xFF, 0x01, 0x67, 0xFF, 0x01, 0x67, 0xFF, 0x01, 0x88, 0xFF, 0x01, 0x87, 0xFF, 0x01, 0x47, 0xFF,
    0x01, 0x47, 0xFF, 0x01, 0x87, 0xFF, 0x01, 0x88, 0xFF, 0x01, 0x67, 0xFF, 0x01, 0x67, 0xFF, 0x01,
    0x67, 0xFF, 0x01, 0x67, 0xFF, 0x01, 0x67, 0xFF, 0x01, 0x67, 0xFF, 0x01, 0x47, 0xFF, 0x01, 0x47,
    0xFF, 0x01, 0x47, 0xFF, 0x01, 0x47, 0xFF, 0x01, 0x67, 0xFF, 0x01, 0x88, 0xFF, 0x01, 0xA8, 0xFF,
    0x02, 0x0A, 0xFF, 0x02, 0x6C, 0xFF, 0x02, 0x8E, 0xFF, 0x35, 0x17, 0xFF, 0xEF, 0xDF, 0xFF, 0xFF,
    0xFF, 0xFF, 0xBF, 0x9E, 0xFF, 0x0C, 0x55, 0xFF, 0x03, 0x2F, 0xFF, 0x02, 0xCD, 0xFF, 0x02, 0x6C,
    0xFF, 0x02, 0x6C, 0xFF, 0x02, 0x6C, 0xFF, 0x02, 0x8C, 0xFF, 0x02, 0xEE, 0xFF, 0x03, 0x91, 0xFF,
    0x04, 0x34, 0xFF, 0x35, 0xFA, 0xFF, 0xF7, 0xFF, 0xFD, 0xEF, 0xFF, 0xFE, 0x8F, 0x9F, 0xD8, 0xC7,
    0x9F, 0x45, 0x00, 0x00, 0x00, 0x00, 0x1F, 0x01, 0x00, 0x00, 0x00, 0x00, 0x00, 0x00, 0x00, 0x00,
    0x00, 0x00, 0x00, 0x00, 0x00, 0x00, 0x00, 0x00, 0x00, 0x00, 0x00, 0x00, 0x00, 0x00, 0x00, 0x00,
    0x00, 0x00, 0x00, 0x00, 0x00, 0x00, 0x00, 0x00, 0x00, 0x00, 0x00, 0x00, 0x00, 0x00, 0x00, 0x00,
    0x00, 0x00, 0x00, 0x00, 0x00, 0x00, 0x00, 0x00, 0xFF, 0xFF, 0x01, 0x07, 0xFF, 0x01, 0xFF, 0xFF,
    0x0A, 0x87, 0x7F, 0x9F, 0xBF, 0xDF, 0xFF, 0xFF, 0xFF, 0xFC, 0x7F, 0x1D, 0xFF, 0x04, 0x96, 0xFF,
    0x03, 0x91, 0xFF, 0x02, 0xEE, 0xFF, 0x02, 0x8C, 0xFF, 0x02, 0x4B, 0xFF, 0x02, 0x2B, 0xFF, 0x02,
    0x2B, 0xFF, 0x02, 0x6C, 0xFF, 0x02, 0xCE, 0xFF, 0x03, 0x71, 0xFF, 0x15, 0x38, 0xFF, 0xDF, 0xDF,
    0xFF, 0xFF, 0xFF, 0xFF, 0xF7, 0xFF, 0xFF, 0x4D, 0x78, 0xFF, 0x02, 0xF0, 0xFF, 0x02, 0x8D, 0xFF,
    0x02, 0x6B, 0xFF, 0x02, 0x0A, 0xFF, 0x01, 0xE9, 0xFF, 0x01, 0xC9, 0xFF, 0x01, 0xC9, 0xFF, 0x01,
    0xA8, 0xFF, 0x01, 0xA9, 0xFF, 0x01, 0xC9, 0xFF, 0x01, 0xA8, 0xFF, 0x01, 0xA9, 0xFF, 0x01, 0xA9,
    0xFF, 0x01, 0xA8, 0xFF, 0x01, 0xA8, 0xFF, 0x01, 0xA9, 0xFF, 0x01, 0xC9, 0xFF, 0x01, 0xC9, 0xFF,
    0x01, 0xC9, 0xFF, 0x01, 0xA9, 0xFF, 0x01, 0xA9, 0xFF, 0x01, 0xA8, 0xFF, 0x01, 0xA8, 0xFF, 0x01,
    0xA9, 0xFF, 0x01, 0xC9, 0xFF, 0x01, 0xA9, 0xFF, 0x01, 0xA9, 0xFF, 0x01, 0xA9, 0xFF, 0x01, 0xC9,
    0xFF, 0x01, 0xC9, 0xFF, 0x01, 0xC9, 0xFF, 0x01, 0xE9, 0xFF, 0x02, 0x0A, 0xFF, 0x02, 0x2B, 0xFF,
    0x02, 0x6C, 0xFF, 0x02, 0xCF, 0xFF, 0x3D, 0x17, 0xFF, 0xE7, 0xDF, 0xFF, 0xFF, 0xFF, 0xFF, 0xEF,
    0xFF, 0xFF, 0x25, 0x58, 0xFF, 0x03, 0x71, 0xFF, 0x03, 0x0E, 0xFF, 0x02, 0x8C, 0xFF, 0x02, 0x4B,
    0xFF, 0x02, 0x4B, 0xFF, 0x02, 0x6C, 0xFF, 0x02, 0x8D, 0xFF, 0x03, 0x0F, 0xFF, 0x03, 0xD2, 0xFF,
    0x04, 0x96, 0xFF, 0x6E, 0xDD, 0xFF, 0xFF, 0xFF, 0xFC, 0xD7, 0xFF, 0xFF, 0x87, 0x5F, 0xA6, 0xFF,
    0x7D, 0x1E, 0xBF, 0xFF, 0x04, 0x00, 0x00, 0x00, 0x00, 0x00, 0x00, 0x00, 0x00, 0x00, 0x00, 0x00,
    0x00, 0x00, 0x00, 0x00, 0x00, 0x00, 0x00, 0x00, 0x00, 0x00, 0x00, 0x00, 0x00, 0x00, 0x00, 0x00,
    0x00, 0x00, 0x00, 0x00, 0x00, 0x00, 0x00, 0x00, 0x00, 0x00, 0x00, 0x00, 0x00, 0x00, 0x00, 0x00,
    0x00, 0x00, 0x00, 0x00, 0x00, 0x00, 0x00, 0x00, 0x00, 0x00, 0x00, 0x07, 0xFF, 0x01, 0x00, 0x00,
    0x00, 0x87, 0x5E, 0x65, 0x97, 0x9F, 0xF5, 0xFF, 0xFF, 0xFD, 0xBF, 0x9F, 0xFE, 0x05, 0x18, 0xFF,
    0x03, 0xD2, 0xFF, 0x03, 0x0F, 0xFF, 0x02, 0xAD, 0xFF, 0x02, 0x4B, 0xFF, 0x02, 0x2B, 0xFF, 0x02,
    0x2A, 0xFF, 0x02, 0x2B, 0xFF, 0x02, 0x6C, 0xFF, 0x03, 0x0F, 0xFF, 0x03, 0x91, 0xFF, 0x3D, 0xDA,
    0xFF, 0xF7, 0xFF, 0xFF, 0xFF, 0xFF, 0xFF, 0xFF, 0xFF, 0xFF, 0x7E, 0x5B, 0xFF, 0x0B, 0xB3, 0xFF,
    0x02, 0xCF, 0xFF, 0x02, 0x8D, 0xFF, 0x02, 0x6C, 0xFF, 0x02, 0x4C, 0xFF, 0x02, 0x4B, 0xFF, 0x02,
    0x2B, 0xFF, 0x02, 0x4B, 0xFF, 0x02, 0x4B, 0xFF, 0x02, 0x4B, 0xFF, 0x02, 0x2B, 0xFF, 0x02, 0x2B,
    0xFF, 0x02, 0x4B, 0xFF, 0x02, 0x4B, 0xFF, 0x02, 0x4B, 0xFF, 0x02, 0x4B, 0xFF, 0x02, 0x2B, 0xFF,
    0x02, 0x4B, 0xFF, 0x02, 0x4B, 0xFF, 0x02, 0x4B, 0xFF, 0x02, 0x4B, 0xFF, 0x02, 0x4B, 0xFF, 0x02,
    0x4B, 0xFF, 0x02, 0x2B, 0xFF, 0x02, 0x4B, 0xFF, 0x02, 0x4B, 0xFF, 0x02, 0x4B, 0xFF, 0x02, 0x4C,
    0xFF, 0x02, 0x4C, 0xFF, 0x02, 0x4C, 0xFF, 0x02, 0x6C, 0xFF, 0x02, 0x6D, 0xFF, 0x02, 0xAE, 0xFF,
    0x0B, 0x92, 0xFF, 0x6D, 0xFA, 0xFF, 0xF7, 0xFF, 0xFF, 0xFF, 0xFF, 0xFF, 0xFF, 0xFF, 0xFF, 0x4D,
    0xDA, 0xFF, 0x03, 0x92, 0xFF, 0x03, 0x2F, 0xFF, 0x02, 0xAD, 0xFF, 0x02, 0x6C, 0xFF, 0x02, 0x2B,
    0xFF, 0x02, 0x4B, 0xFF, 0x02, 0x6C, 0xFF, 0x02, 0xAD, 0xFF, 0x03, 0x50, 0xFF, 0x03, 0xF3, 0xFF,
    0x05, 0x18, 0xFF, 0xAF, 0x7E, 0xFE, 0xFF, 0xFF, 0xFF, 0xA7, 0xBF, 0xFE, 0x7F, 0x3E, 0x79, 0xFF,
    0xFF, 0x0E, 0x9F, 0xFF, 0x05, 0x00, 0x00, 0x00, 0x00, 0x00, 0x00, 0x00, 0x00, 0x00, 0x00, 0x00,
    0x00, 0x00, 0x00, 0x00, 0x00, 0x00, 0x00, 0x00, 0x00, 0x00, 0x00, 0x00, 0x00, 0x00, 0x00, 0x00,
    0x00, 0x00, 0x00, 0x00, 0x00, 0x00, 0x00, 0x00, 0x00, 0x00, 0x00, 0x00, 0x00, 0x00, 0x00, 0x00,
    0x00, 0x00, 0x00, 0x00, 0x00, 0x00, 0x00, 0x00, 0x00, 0x00, 0x00, 0xFF, 0xFF, 0x01, 0x00, 0x00,
    0x00, 0xD7, 0x9E, 0x42, 0x7F, 0x9F, 0xE5, 0xE7, 0xFF, 0xFF, 0xF7, 0xFF, 0xFE, 0x36, 0x3B, 0xFF,
    0x04, 0x34, 0xFF, 0x03, 0x50, 0xFF, 0x02, 0xCD, 0xFF, 0x02, 0x6C, 0xFF, 0x02, 0x2B, 0xFF, 0x02,
    0x0A, 0xFF, 0x02, 0x2A, 0xFF, 0x02, 0x4B, 0xFF, 0x02, 0x8D, 0xFF, 0x03, 0x0F, 0xFF, 0x03, 0xB2,
    0xFF, 0x4E, 0x1A, 0xFF, 0xE7, 0xFF, 0xFF, 0xFF, 0xFF, 0xFF, 0xFF, 0xFF, 0xFF, 0xC7, 0x5E, 0xFF,
    0x6D, 0xF9, 0xFF, 0x2C, 0x95, 0xFF, 0x03, 0xB2, 0xFF, 0x03, 0x71, 0xFF, 0x03, 0x30, 0xFF, 0x03,
    0x30, 0xFF, 0x03, 0x30, 0xFF, 0x03, 0x30, 0xFF, 0x03, 0x30, 0xFF, 0x03, 0x30, 0xFF, 0x03, 0x30,
    0xFF, 0x03, 0x50, 0xFF, 0x03, 0x50, 0xFF, 0x03, 0x50, 0xFF, 0x03, 0x50, 0xFF, 0x03, 0x30, 0xFF,
    0x03, 0x30, 0xFF, 0x03, 0x30, 0xFF, 0x03, 0x30, 0xFF, 0x03, 0x30, 0xFF, 0x03, 0x30, 0xFF, 0x03,
    0x30, 0xFF, 0x03, 0x30, 0xFF, 0x03, 0x30, 0xFF, 0x03, 0x30, 0xFF, 0x03, 0x30, 0xFF, 0x03, 0x30,
    0xFF, 0x03, 0x50, 0xFF, 0x03, 0x71, 0xFF, 0x03, 0xB2, 0xFF, 0x24, 0x75, 0xFF, 0x65, 0xD9, 0xFF,
    0xBF, 0x5E, 0xFF, 0xFF, 0xFF, 0xFF, 0xFF, 0xFF, 0xFF, 0xEF, 0xFF, 0xFF, 0x5E, 0x3B, 0xFF, 0x03,
    0xB3, 0xFF, 0x03, 0x2F, 0xFF, 0x02, 0xCD, 0xFF, 0x02, 0x6C, 0xFF, 0x02, 0x4B, 0xFF, 0x02, 0x2B,
    0xFF, 0x02, 0x4B, 0xFF, 0x02, 0x8C, 0xFF, 0x02, 0xEE, 0xFF, 0x03, 0x91, 0xFF, 0x04, 0x34, 0xFF,
    0x2E, 0x1B, 0xFF, 0xEF, 0xFF, 0xFE, 0xF7, 0xFF, 0xFD, 0x87, 0x9F, 0xEF, 0xB7, 0x9F, 0x57, 0xFF,
    0xFF, 0x05, 0xAF, 0xFF, 0x03, 0x00, 0x00, 0x00, 0x00, 0x00, 0x00, 0x00, 0x00, 0x00, 0x00, 0x00,
    0x00, 0x00, 0x00, 0x00, 0x00, 0x00, 0x00, 0x00, 0x00, 0x00, 0x00, 0x00, 0x00, 0x00, 0x00, 0x00,
    0x00, 0x00, 0x00, 0x00, 0x00, 0x00, 0x00, 0x00, 0x00, 0x00, 0x00, 0x00, 0x00, 0x00, 0x00, 0x00,
    0x00, 0x00, 0x00, 0x00, 0x00, 0x00, 0x00, 0x00, 0x00, 0x00, 0x00, 0xFF, 0xFF, 0x01, 0x00, 0x00,
    0x00, 0xFF, 0xFF, 0x26, 0x77, 0x9F, 0xC2, 0xA7, 0xDF, 0xFF, 0xFF, 0xFF, 0xFB, 0x9F, 0x7E, 0xFF,
    0x04, 0xB6, 0xFF, 0x03, 0x91, 0xFF, 0x03, 0x0F, 0xFF, 0x02, 0x8C, 0xFF, 0x02, 0x4B, 0xFF, 0x02,
    0x2A, 0xFF, 0x02, 0x0A, 0xFF, 0x02, 0x2A, 0xFF, 0x02, 0x4B, 0xFF, 0x02, 0x8D, 0xFF, 0x03, 0x0E,
    0xFF, 0x03, 0xB2, 0xFF, 0x2D, 0x58, 0xFF, 0xB7, 0x7E, 0xFF, 0xFF, 0xFF, 0xFF, 0xFF, 0xFF, 0xFF,
    0xFF, 0xFF, 0xFF, 0xE7, 0xDF, 0xFF, 0xCF, 0x7E, 0xFF, 0xB7, 0x3E, 0xFF, 0xA7, 0x1D, 0xFF, 0xA6,
    0xFD, 0xFF, 0xAF, 0x1D, 0xFF, 0xA7, 0x1D, 0xFF, 0xA6, 0xFD, 0xFF, 0xA7, 0x1D, 0xFF, 0xAF, 0x1D,
    0xFF, 0xAF, 0x1D, 0xFF, 0xA6, 0xFD, 0xFF, 0xAF, 0x1D, 0xFF, 0xA7, 0x1D, 0xFF, 0xA6, 0xFD, 0xFF,
    0xA6, 0xFD, 0xFF, 0xA6, 0xFD, 0xFF, 0xA6, 0xFD, 0xFF, 0xA7, 0x1D, 0xFF, 0xA7, 0x1D, 0xFF, 0xA7,
    0x1D, 0xFF, 0xA7, 0x1D, 0xFF, 0xA6, 0xFD, 0xFF, 0xA6, 0xFD, 0xFF, 0xA7, 0x1D, 0xFF, 0xA7, 0x1D,
    0xFF, 0xA6, 0xFD, 0xFF, 0xAF, 0x1D, 0xFF, 0xC7, 0x7E, 0xFF, 0xE7, 0xBF, 0xFF, 0xFF, 0xFF, 0xFF,
    0xFF, 0xFF, 0xFF, 0xFF, 0xFF, 0xFF, 0xBF, 0x9F, 0xFF, 0x35, 0x58, 0xFF, 0x03, 0xB2, 0xFF, 0x03,
    0x50, 0xFF, 0x02, 0xCD, 0xFF, 0x02, 0x6C, 0xFF, 0x02, 0x4B, 0xFF, 0x02, 0x2B, 0xFF, 0x02, 0x4B,
    0xFF, 0x02, 0x6C, 0xFF, 0x02, 0xAD, 0xFF, 0x03, 0x50, 0xFF, 0x03, 0xF3, 0xFF, 0x04, 0xB6, 0xFF,
    0x8F, 0x5E, 0xFF, 0xFF, 0xFF, 0xFB, 0xB7, 0xDF, 0xFF, 0x77, 0x9F, 0xCA, 0xFF, 0xFF, 0x30, 0x00,
    0x00, 0x00, 0xFF, 0xFF, 0x01, 0x00, 0x00, 0x00, 0x00, 0x00, 0x00, 0x00, 0x00, 0x00, 0x00, 0x00,
    0x00, 0x00, 0x00, 0x00, 0x00, 0x00, 0x00, 0x00, 0x00, 0x00, 0x00, 0x00, 0x00, 0x00, 0x00, 0x00,
    0x00, 0x00, 0x00, 0x00, 0x00, 0x00, 0x00, 0x00, 0x00, 0x00, 0x00, 0x00, 0x00, 0x00, 0x00, 0x00,
    0x00, 0x00, 0x00, 0x00, 0x00, 0x00, 0x00, 0x00, 0x00, 0x00, 0x00, 0xFF, 0xFF, 0x01, 0x00, 0x00,
    0x00, 0xFF, 0xFF, 0x09, 0xBF, 0x9F, 0x76, 0x87, 0x9F, 0xF0, 0xFF, 0xFF, 0xF9, 0xFF, 0xFF, 0xFF,
    0x25, 0xFA, 0xFF, 0x03, 0xF3, 0xFF, 0x03, 0x50, 0xFF, 0x02, 0xAD, 0xFF, 0x02, 0x4B, 0xFF, 0x02,
    0x2A, 0xFF, 0x02, 0x0A, 0xFF, 0x02, 0x0A, 0xFF, 0x02, 0x2A, 0xFF, 0x02, 0x4B, 0xFF, 0x02, 0x8D,
    0xFF, 0x03, 0x0E, 0xFF, 0x03, 0x50, 0xFF, 0x04, 0x75, 0xFF, 0x6E, 0x9C, 0xFF, 0xC7, 0x9F, 0xFF,
    0xF7, 0xFF, 0xFF, 0xFF, 0xFF, 0xFF, 0xFF, 0xFF, 0xFF, 0xFF, 0xFF, 0xFF, 0xFF, 0xFF, 0xFF, 0xFF,
    0xFF, 0xFF, 0xFF, 0xFF, 0xFF, 0xFF, 0xFF, 0xFF, 0xFF, 0xFF, 0xFF, 0xFF, 0xFF, 0xFF, 0xFF, 0xFF,
    0xFF, 0xFF, 0xFF, 0xFF, 0xFF, 0xFF, 0xFF, 0xFF, 0xFF, 0xFF, 0xFF, 0xFF, 0xFF, 0xFF, 0xFF, 0xFF,
    0xFF, 0xFF, 0xFF, 0xFF, 0xFF, 0xFF, 0xFF, 0xFF, 0xFF, 0xFF, 0xFF, 0xFF, 0xFF, 0xFF, 0xFF, 0xFF,
    0xFF, 0xFF, 0xFF, 0xFF, 0xFF, 0xFF, 0xFF, 0xFF, 0xFF, 0xFF, 0xFF, 0xFF, 0xFF, 0xFF, 0xFF, 0xFF,
    0xFF, 0xFF, 0xFF, 0xFF, 0xFF, 0xFF, 0xFF, 0xFF, 0xFF, 0xFF, 0xFF, 0xFF, 0xFF, 0xF7, 0xFF, 0xFF,
    0xCF, 0x9E, 0xFF, 0x76, 0x9C, 0xFF, 0x04, 0xB6, 0xFF, 0x03, 0x71, 0xFF, 0x03, 0x2F, 0xFF, 0x02,
    0xCD, 0xFF, 0x02, 0x6C, 0xFF, 0x02, 0x4B, 0xFF, 0x02, 0x2B, 0xFF, 0x02, 0x2B, 0xFF, 0x02, 0x4B,
    0xFF, 0x02, 0x8C, 0xFF, 0x02, 0xEE, 0xFF, 0x03, 0xB1, 0xFF, 0x04, 0x34, 0xFF, 0x25, 0xFA, 0xFF,
    0xF7, 0xFF, 0xFF, 0xFF, 0xFF, 0xFC, 0x8F, 0x9F, 0xFC, 0xAF, 0xBF, 0x8F, 0xFF, 0xFF, 0x12, 0x00,
    0x00, 0x00, 0xFF, 0xFF, 0x01, 0x00, 0x00, 0x00, 0x00, 0x00, 0x00, 0x00, 0x00, 0x00, 0x00, 0x00,
    0x00, 0x00, 0x00, 0x00, 0x00, 0x00, 0x00, 0x00, 0x00, 0x00, 0x00, 0x00, 0x00, 0x00, 0x00, 0x00,
    0x00, 0x00, 0x00, 0x00, 0x00, 0x00, 0x00, 0x00, 0x00, 0x00, 0x00, 0x00, 0x00, 0x00, 0x00, 0x00,
    0x00, 0x00, 0x00, 0x00, 0x00, 0x00, 0x00, 0x00, 0x00, 0x00, 0x00, 0x00, 0x00, 0x00, 0xFF, 0xFF,
    0x01, 0x00, 0x00, 0x00, 0xFF, 0xDF, 0x2A, 0x7F, 0x7F, 0xC1, 0xB7, 0xDF, 0xFE, 0xFF, 0xFF, 0xFB,
    0xAF, 0x9F, 0xFF, 0x04, 0xB6, 0xFF, 0x03, 0x91, 0xFF, 0x03, 0x0F, 0xFF, 0x02, 0x8C, 0xFF, 0x02,
    0x4B, 0xFF, 0x02, 0x0A, 0xFF, 0x02, 0x0A, 0xFF, 0x02, 0x0A, 0xFF, 0x02, 0x2A, 0xFF, 0x02, 0x4B,
    0xFF, 0x02, 0x6C, 0xFF, 0x02, 0xCD, 0xFF, 0x03, 0x2F, 0xFF, 0x03, 0x92, 0xFF, 0x04, 0x75, 0xFF,
    0x45, 0x98, 0xFF, 0x6E, 0x5B, 0xFF, 0x9E, 0xFD, 0xFF, 0xAF, 0x3D, 0xFF, 0xAF, 0x3D, 0xFF, 0xAF,
    0x3D, 0xFF, 0xAF, 0x3D, 0xFF, 0xAF, 0x3D, 0xFF, 0xAF, 0x3D, 0xFF, 0xAF, 0x3D, 0xFF, 0xAF, 0x3D,
    0xFF, 0xAF, 0x3E, 0xFF, 0xAF, 0x3D, 0xFF, 0xAF, 0x3D, 0xFF, 0xAF, 0x3D, 0xFF, 0xAF, 0x3D, 0xFF,
    0xAF, 0x3E, 0xFF, 0xAF, 0x3D, 0xFF, 0xAF, 0x3D, 0xFF, 0xAF, 0x3D, 0xFF, 0xAF, 0x3D, 0xFF, 0xAF,
    0x3D, 0xFF, 0xAF, 0x3D, 0xFF, 0xAF, 0x3D, 0xFF, 0xAF, 0x3D, 0xFF, 0xAF, 0x3D, 0xFF, 0xAF, 0x3D,
    0xFF, 0xAF, 0x3D, 0xFF, 0xAF, 0x3D, 0xFF, 0x9E, 0xFD, 0xFF, 0x76, 0x9C, 0xFF, 0x4D, 0x99, 0xFF,
    0x04, 0x75, 0xFF, 0x03, 0x92, 0xFF, 0x03, 0x30, 0xFF, 0x03, 0x0E, 0xFF, 0x02, 0xAD, 0xFF, 0x02,
    0x6B, 0xFF, 0x02, 0x2B, 0xFF, 0x02, 0x2B, 0xFF, 0x02, 0x2B, 0xFF, 0x02, 0x4B, 0xFF, 0x02, 0x8C,
    0xFF, 0x02, 0xCE, 0xFF, 0x03, 0x50, 0xFF, 0x04, 0x13, 0xFF, 0x04, 0xD7, 0xFF, 0xA7, 0x7E, 0xFF,
    0xFF, 0xFF, 0xFD, 0xBF, 0xDF, 0xFF, 0x7F, 0x7F, 0xD2, 0xFF, 0xDF, 0x47, 0xFF, 0xFF, 0x03, 0xFF,
    0xFF, 0x01, 0x00, 0x00, 0x00, 0x00, 0x00, 0x00, 0x00, 0x00, 0x00, 0x00, 0x00, 0x00, 0x00, 0x00,
    0x00, 0x00, 0x00, 0x00, 0x00, 0x00, 0x00, 0x00, 0x00, 0x00, 0x00, 0x00, 0x00, 0x00, 0x00, 0x00,
    0x00, 0x00, 0x00, 0x00, 0x00, 0x00, 0x00, 0x00, 0x00, 0x00, 0x00, 0x00, 0x00, 0x00, 0x00, 0x00,
    0x00, 0x00, 0x00, 0x00, 0x00, 0x00, 0x00, 0x00, 0x00, 0x00, 0x00, 0x00, 0x00, 0x00, 0x00, 0x00,
    0x00, 0x00, 0x00, 0x00, 0xFF, 0xF5, 0x03, 0xAF, 0xBF, 0x7C, 0x7F, 0xBF, 0xF8, 0xF7, 0xFF, 0xFC,
    0xFF, 0xFF, 0xFE, 0x4E, 0x7C, 0xFF, 0x04, 0x14, 0xFF, 0x03, 0x91, 0xFF, 0x02, 0xCE, 0xFF, 0x02,
    0x6C, 0xFF, 0x02, 0x2B, 0xFF, 0x02, 0x0A, 0xFF, 0x01, 0xEA, 0xFF, 0x02, 0x0A, 0xFF, 0x02, 0x0A,
    0xFF, 0x02, 0x2B, 0xFF, 0x02, 0x4B, 0xFF, 0x02, 0x8C, 0xFF, 0x02, 0xEE, 0xFF, 0x02, 0xEE, 0xFF,
    0x03, 0x30, 0xFF, 0x03, 0x71, 0xFF, 0x03, 0xF3, 0xFF, 0x04, 0x14, 0xFF, 0x04, 0x14, 0xFF, 0x04,
    0x14, 0xFF, 0x04, 0x14, 0xFF, 0x04, 0x14, 0xFF, 0x04, 0x34, 0xFF, 0x04, 0x34, 0xFF, 0x04, 0x34,
    0xFF, 0x04, 0x34, 0xFF, 0x04, 0x34, 0xFF, 0x04, 0x34, 0xFF, 0x04, 0x34, 0xFF, 0x04, 0x34, 0xFF,
    0x04, 0x34, 0xFF, 0x04, 0x34, 0xFF, 0x04, 0x34, 0xFF, 0x04, 0x34, 0xFF, 0x04, 0x34, 0xFF, 0x04,
    0x34, 0xFF, 0x04, 0x34, 0xFF, 0x04, 0x34, 0xFF, 0x04, 0x34, 0xFF, 0x04, 0x34, 0xFF, 0x04, 0x14,
    0xFF, 0x04, 0x14, 0xFF, 0x04, 0x14, 0xFF, 0x03, 0xF3, 0xFF, 0x03, 0xB2, 0xFF, 0x03, 0x50, 0xFF,
    0x03, 0x0F, 0xFF, 0x02, 0xEE, 0xFF, 0x02, 0xAD, 0xFF, 0x02, 0x6C, 0xFF, 0x02, 0x4B, 0xFF, 0x02,
    0x2B, 0xFF, 0x02, 0x2A, 0xFF, 0x02, 0x2B, 0xFF, 0x02, 0x4B, 0xFF, 0x02, 0x8C, 0xFF, 0x02, 0xCE,
    0xFF, 0x03, 0x2F, 0xFF, 0x03, 0xF2, 0xFF, 0x04, 0x95, 0xFF, 0x4E, 0x7C, 0xFF, 0xFF, 0xFF, 0xFE,
    0xF7, 0xFF, 0xFE, 0x87, 0xBF, 0xFA, 0xA7, 0x9F, 0x8C, 0xFF, 0xFD, 0x0F, 0x00, 0x00, 0x00, 0x00,
    0x00, 0x00, 0x00, 0x00, 0x00, 0x00, 0x00, 0x00, 0x00, 0x00, 0x00, 0x00, 0x00, 0x00, 0x00, 0x00,
    0x00, 0x00, 0x00, 0x00, 0x00, 0x00, 0x00, 0x00, 0x00, 0x00, 0x00, 0x00, 0x00, 0x00, 0x00, 0x00,
    0x00, 0x00, 0x00, 0x00, 0x00, 0x00, 0x00, 0x00, 0x00, 0x00, 0x00, 0x00, 0x00, 0x00, 0x00, 0x00,
    0x00, 0x00, 0x00, 0x00, 0x00, 0x00, 0x00, 0x00, 0x00, 0x00, 0x00, 0x00, 0x00, 0x00, 0x00, 0x00,
    0x00, 0x07, 0xFF, 0x01, 0x00, 0x00, 0x00, 0xFF, 0xDF, 0x33, 0x87, 0xBF, 0xC4, 0x9F, 0xDF, 0xFF,
    0xFF, 0xFF, 0xFC, 0xD7, 0xDF, 0xFF, 0x1D, 0xBA, 0xFF, 0x03, 0xB2, 0xFF, 0x03, 0x2F, 0xFF, 0x02,
    0xAD, 0xFF, 0x02, 0x4B, 0xFF, 0x02, 0x2A, 0xFF, 0x02, 0x0A, 0xFF, 0x01, 0xE9, 0xFF, 0x02, 0x0A,
    0xFF, 0x02, 0x0A, 0xFF, 0x02, 0x2A, 0xFF, 0x02, 0x2B, 0xFF, 0x02, 0x4B, 0xFF, 0x02, 0x8C, 0xFF,
    0x02, 0xAD, 0xFF, 0x02, 0xEE, 0xFF, 0x02, 0xEE, 0xFF, 0x02, 0xEE, 0xFF, 0x03, 0x0F, 0xFF, 0x03,
    0x0F, 0xFF, 0x03, 0x0F, 0xFF, 0x03, 0x0F, 0xFF, 0x03, 0x0F, 0xFF, 0x03, 0x0F, 0xFF, 0x03, 0x0F,
    0xFF, 0x03, 0x0F, 0xFF, 0x03, 0x0F, 0xFF, 0x03, 0x0F, 0xFF, 0x03, 0x0F, 0xFF, 0x03, 0x0F, 0xFF,
    0x02, 0xEF, 0xFF, 0x03, 0x0F, 0xFF, 0x03, 0x0F, 0xFF, 0x03, 0x0F, 0xFF, 0x03, 0x0F, 0xFF, 0x03,
    0x0F, 0xFF, 0x03, 0x0F, 0xFF, 0x03, 0x0F, 0xFF, 0x03, 0x0F, 0xFF, 0x03, 0x0F, 0xFF, 0x03, 0x0F,
    0xFF, 0x03, 0x0F, 0xFF, 0x02, 0xEF, 0xFF, 0x02, 0xEE, 0xFF, 0x02, 0xEE, 0xFF, 0x02, 0xCD, 0xFF,
    0x02, 0xAD, 0xFF, 0x02, 0x6C, 0xFF, 0x02, 0x4B, 0xFF, 0x02, 0x2B, 0xFF, 0x02, 0x2A, 0xFF, 0x02,
    0x2A, 0xFF, 0x02, 0x2B, 0xFF, 0x02, 0x4B, 0xFF, 0x02, 0x6C, 0xFF, 0x02, 0xCD, 0xFF, 0x03, 0x2F,
    0xFF, 0x03, 0xB2, 0xFF, 0x04, 0x34, 0xFF, 0x25, 0xFB, 0xFF, 0xDF, 0xFF, 0xFF, 0xFF, 0xFF, 0xFB,
    0x9F, 0xBF, 0xFF, 0x87, 0x9F, 0xCA, 0xFF, 0xDF, 0x39, 0x00, 0x00, 0x00, 0x07, 0xFF, 0x01, 0x00,
    0x00, 0x00, 0x00, 0x00, 0x00, 0x00, 0x00, 0x00, 0x00, 0x00, 0x00, 0x00, 0x00, 0x00, 0x00, 0x00,
    0x00, 0x00, 0x00, 0x00, 0x00, 0x00, 0x00, 0x00, 0x00, 0x00, 0x00, 0x00, 0x00, 0x00, 0x00, 0x00,
    0x00, 0x00, 0x00, 0x00, 0x00, 0x00, 0x00, 0x00, 0x00, 0x00, 0x00, 0x00, 0x00, 0x00, 0x00, 0x00,
    0x00, 0x00, 0x00, 0x00, 0x00, 0x00, 0x00, 0x00, 0x00, 0x00, 0x00, 0x00, 0x00, 0x00, 0x00, 0x00,
    0x00, 0x07, 0xFF, 0x01, 0xFF, 0xFF, 0x01, 0xFF, 0xFF, 0x06, 0xDF, 0xBF, 0x5A, 0x67, 0x9F, 0xDD,
    0xCF, 0xDF, 0xFE, 0xFF, 0xFF, 0xFE, 0xBF, 0x9E, 0xFF, 0x14, 0xD6, 0xFF, 0x03, 0x71, 0xFF, 0x02,
    0xEE, 0xFF, 0x02, 0x6C, 0xFF, 0x02, 0x2B, 0xFF, 0x02, 0x0A, 0xFF, 0x01, 0xEA, 0xFF, 0x01, 0xE9,
    0xFF, 0x01, 0xEA, 0xFF, 0x01, 0xEA, 0xFF, 0x02, 0x0A, 0xFF, 0x02, 0x0A, 0xFF, 0x02, 0x2A, 0xFF,
    0x02, 0x4B, 0xFF, 0x02, 0x4B, 0xFF, 0x02, 0x6C, 0xFF, 0x02, 0x6C, 0xFF, 0x02, 0x6C, 0xFF, 0x02,
    0x6C, 0xFF, 0x02, 0x6C, 0xFF, 0x02, 0x6C, 0xFF, 0x02, 0x6C, 0xFF, 0x02, 0x6C, 0xFF, 0x02, 0x6C,
    0xFF, 0x02, 0x6C, 0xFF, 0x02, 0x8C, 0xFF, 0x02, 0x6C, 0xFF, 0x02, 0x6C, 0xFF, 0x02, 0x6C, 0xFF,
    0x02, 0x6C, 0xFF, 0x02, 0x6C, 0xFF, 0x02, 0x6C, 0xFF, 0x02, 0x8C, 0xFF, 0x02, 0x6C, 0xFF, 0x02,
    0x6C, 0xFF, 0x02, 0x6C, 0xFF, 0x02, 0x6C, 0xFF, 0x02, 0x8C, 0xFF, 0x02, 0x8C, 0xFF, 0x02, 0x6C,
    0xFF, 0x02, 0x6C, 0xFF, 0x02, 0x6C, 0xFF, 0x02, 0x6C, 0xFF, 0x02, 0x6B, 0xFF, 0x02, 0x4B, 0xFF,
    0x02, 0x4B, 0xFF, 0x02, 0x2B, 0xFF, 0x02, 0x2A, 0xFF, 0x02, 0x0A, 0xFF, 0x02, 0x2A, 0xFF, 0x02,
    0x2B, 0xFF, 0x02, 0x4B, 0xFF, 0x02, 0x6C, 0xFF, 0x02, 0xCE, 0xFF, 0x03, 0x2F, 0xFF, 0x03, 0xB2,
    0xFF, 0x04, 0x34, 0xFF, 0x0D, 0x99, 0xFF, 0xC7, 0xBF, 0xFF, 0xFF, 0xFF, 0xFE, 0xC7, 0xDF, 0xFF,
    0x67, 0x7F, 0xD6, 0xD7, 0x9F, 0x5A, 0xFF, 0xFF, 0x04, 0xFF, 0xFF, 0x01, 0xFF, 0xFF, 0x01, 0x00,
    0x00, 0x00, 0x00, 0x00, 0x00, 0x00, 0x00, 0x00, 0x00, 0x00, 0x00, 0x00, 0x00, 0x00, 0x00, 0x00,
    0x00, 0x00, 0x00, 0x00, 0x00, 0x00, 0x00, 0x00, 0x00, 0x00, 0x00, 0x00, 0x00, 0x00, 0x00, 0x00,
    0x00, 0x00, 0x00, 0x00, 0x00, 0x00, 0x00, 0x00, 0x00, 0x00, 0x00, 0x00, 0x00, 0x00, 0x00, 0x00,
    0x00, 0x00, 0x00, 0x00, 0x00, 0x00, 0x00, 0x00, 0x00, 0x00, 0x00, 0x00, 0x00, 0x00, 0x00, 0x00,
    0x00, 0x00, 0x00, 0x00, 0x00, 0x1F, 0x01, 0x00, 0x00, 0x00, 0xFF, 0x1C, 0x09, 0xB7, 0x7E, 0x7E,
    0x77, 0xBF, 0xFC, 0xDF, 0xFF, 0xFF, 0xFF, 0xFF, 0xFE, 0x6E, 0x9C, 0xFF, 0x03, 0xB2, 0xFF, 0x03,
    0x0F, 0xFF, 0x02, 0x8C, 0xFF, 0x02, 0x4B, 0xFF, 0x02, 0x0A, 0xFF, 0x01, 0xEA, 0xFF, 0x01, 0xE9,
    0xFF, 0x01, 0xE9, 0xFF, 0x01, 0xE9, 0xFF, 0x01, 0xE9, 0xFF, 0x01, 0xE9, 0xFF, 0x02, 0x0A, 0xFF,
    0x02, 0x0A, 0xFF, 0x02, 0x0A, 0xFF, 0x02, 0x2A, 0xFF, 0x02, 0x2B, 0xFF, 0x02, 0x2B, 0xFF, 0x02,
    0x2B, 0xFF, 0x02, 0x2B, 0xFF, 0x02, 0x2B, 0xFF, 0x02, 0x2B, 0xFF, 0x02, 0x2B, 0xFF, 0x02, 0x2B,
    0xFF, 0x02, 0x2B, 0xFF, 0x02, 0x2B, 0xFF, 0x02, 0x2B, 0xFF, 0x02, 0x2B, 0xFF, 0x02, 0x2B, 0xFF,
    0x02, 0x2B, 0xFF, 0x02, 0x2B, 0xFF, 0x02, 0x2B, 0xFF, 0x02, 0x2B, 0xFF, 0x02, 0x2B, 0xFF, 0x02,
    0x2B, 0xFF, 0x02, 0x2B, 0xFF, 0x02, 0x2B, 0xFF, 0x02, 0x2B, 0xFF, 0x02, 0x2B, 0xFF, 0x02, 0x2B,
    0xFF, 0x02, 0x2B, 0xFF, 0x02, 0x2B, 0xFF, 0x02, 0x2B, 0xFF, 0x02, 0x2B, 0xFF, 0x02, 0x2A, 0xFF,
    0x02, 0x2A, 0xFF, 0x02, 0x2A, 0xFF, 0x02, 0x2A, 0xFF, 0x02, 0x2B, 0xFF, 0x02, 0x2B, 0xFF, 0x02,
    0x6C, 0xFF, 0x02, 0x8D, 0xFF, 0x02, 0xCE, 0xFF, 0x03, 0x50, 0xFF, 0x03, 0xD2, 0xFF, 0x04, 0x54,
    0xFF, 0x0D, 0x79, 0xFF, 0xAF, 0x9F, 0xFF, 0xFF, 0xFF, 0xFD, 0xE7, 0xFF, 0xFF, 0x77, 0x9F, 0xEA,
    0xB7, 0x5E, 0x68, 0xFF, 0x1C, 0x09, 0x00, 0x00, 0x00, 0x00, 0x00, 0x00, 0x00, 0x00, 0x00, 0x00,
    0x00, 0x00, 0x00, 0x00, 0x00, 0x00, 0x00, 0x00, 0x00, 0x00, 0x00, 0x00, 0x00, 0x00, 0x00, 0x00,
    0x00, 0x00, 0x00, 0x00, 0x00, 0x00, 0x00, 0x00, 0x00, 0x00, 0x00, 0x00, 0x00, 0x00, 0x00, 0x00,
    0x00, 0x00, 0x00, 0x00, 0x00, 0x00, 0x00, 0x00, 0x00, 0x00, 0x00, 0x00, 0x00, 0x00, 0x00, 0x00,
    0x00, 0x00, 0x00, 0x00, 0x00, 0x00, 0x00, 0x00, 0x00, 0x00, 0x00, 0x00, 0x00, 0x00, 0x00, 0x00,
    0x00, 0x00, 0x00, 0x00, 0x00, 0x00, 0x00, 0xFF, 0xFF, 0x02, 0x00, 0x00, 0x00, 0xFF, 0xDF, 0x2F,
    0x67, 0x9F, 0xEF, 0x9F, 0xDF, 0xFF, 0xFF, 0xFF, 0xFC, 0x66, 0x5B, 0xFF, 0x03, 0xB2, 0xFF, 0x03,
    0x2F, 0xFF, 0x02, 0x8D, 0xFF, 0x02, 0x4B, 0xFF, 0x02, 0x2A, 0xFF, 0x02, 0x0A, 0xFF, 0x01, 0xEA,
    0xFF, 0x01, 0xE9, 0xFF, 0x01, 0xE9, 0xFF, 0x01, 0xE9, 0xFF, 0x01, 0xE9, 0xFF, 0x02, 0x0A, 0xFF,
    0x02, 0x0A, 0xFF, 0x02, 0x0A, 0xFF, 0x02, 0x0A, 0xFF, 0x02, 0x0A, 0xFF, 0x02, 0x0A, 0xFF, 0x02,
    0x0A, 0xFF, 0x02, 0x0A, 0xFF, 0x02, 0x2A, 0xFF, 0x02, 0x2A, 0xFF, 0x02, 0x2A, 0xFF, 0x02, 0x0A,
    0xFF, 0x02, 0x0A, 0xFF, 0x02, 0x2A, 0xFF, 0x02, 0x0A, 0xFF, 0x02, 0x0A, 0xFF, 0x02, 0x2A, 0xFF,
    0x02, 0x2A, 0xFF, 0x02, 0x2A, 0xFF, 0x02, 0x2A, 0xFF, 0x02, 0x0A, 0xFF, 0x02, 0x2A, 0xFF, 0x02,
    0x2A, 0xFF, 0x02, 0x2B, 0xFF, 0x02, 0x2A, 0xFF, 0x02, 0x2A, 0xFF, 0x02, 0x2A, 0xFF, 0x02, 0x2A,
    0xFF, 0x02, 0x2A, 0xFF, 0x02, 0x2B, 0xFF, 0x02, 0x2B, 0xFF, 0x02, 0x2B, 0xFF, 0x02, 0x2B, 0xFF,
    0x02, 0x2B, 0xFF, 0x02, 0x2B, 0xFF, 0x02, 0x4B, 0xFF, 0x02, 0x6C, 0xFF, 0x02, 0x8D, 0xFF, 0x02,
    0xCD, 0xFF, 0x03, 0x0F, 0xFF, 0x03, 0x91, 0xFF, 0x03, 0xF3, 0xFF, 0x04, 0x55, 0xFF, 0x1D, 0xDA,
    0xFF, 0xBF, 0xBF, 0xFF, 0xFF, 0xFF, 0xFD, 0xE7, 0xFF, 0xFF, 0x77, 0xBF, 0xF6, 0x97, 0x9F, 0x91,
    0xFF, 0x9E, 0x13, 0x00, 0x00, 0x00, 0xFF, 0xFF, 0x01, 0x00, 0x00, 0x00, 0x00, 0x00, 0x00, 0x00,
    0x00, 0x00, 0x00, 0x00, 0x00, 0x00, 0x00, 0x00, 0x00, 0x00, 0x00, 0x00, 0x00, 0x00, 0x00, 0x00,
    0x00, 0x00, 0x00, 0x00, 0x00, 0x00, 0x00, 0x00, 0x00, 0x00, 0x00, 0x00, 0x00, 0x00, 0x00, 0x00,
    0x00, 0x00, 0x00, 0x00, 0x00, 0x00, 0x00, 0x00, 0x00, 0x00, 0x00, 0x00, 0x00, 0x00, 0x00, 0x00,
    0x00, 0x00, 0x00, 0x00, 0x00, 0x00, 0x00, 0x00, 0x00, 0x00, 0x00, 0x00, 0x00, 0x00, 0x00, 0x00,
    0x00, 0x00, 0x00, 0x00, 0x00, 0x00, 0x00, 0xFF, 0xFF, 0x01, 0x00, 0x00, 0x00, 0xF7, 0x9E, 0x23,
    0x87, 0x9F, 0xE7, 0xCF, 0xDF, 0xFE, 0xFF, 0xFF, 0xFC, 0x25, 0x99, 0xFF, 0x03, 0xB2, 0xFF, 0x03,
    0x2F, 0xFF, 0x02, 0xAD, 0xFF, 0x02, 0x6C, 0xFF, 0x02, 0x2B, 0xFF, 0x02, 0x0A, 0xFF, 0x02, 0x0A,
    0xFF, 0x02, 0x0A, 0xFF, 0x02, 0x0A, 0xFF, 0x02, 0x0A, 0xFF, 0x02, 0x0A, 0xFF, 0x02, 0x2A, 0xFF,
    0x02, 0x2B, 0xFF, 0x02, 0x2A, 0xFF, 0x02, 0x2B, 0xFF, 0x02, 0x2B, 0xFF, 0x02, 0x2B, 0xFF, 0x02,
    0x4B, 0xFF, 0x02, 0x2B, 0xFF, 0x02, 0x4B, 0xFF, 0x02, 0x2B, 0xFF, 0x02, 0x2B, 0xFF, 0x02, 0x2B,
    0xFF, 0x02, 0x2B, 0xFF, 0x02, 0x2B, 0xFF, 0x02, 0x2B, 0xFF, 0x02, 0x2B, 0xFF, 0x02, 0x2B, 0xFF,
    0x02, 0x2B, 0xFF, 0x02, 0x4B, 0xFF, 0x02, 0x4B, 0xFF, 0x02, 0x4B, 0xFF, 0x02, 0x4B, 0xFF, 0x02,
    0x4B, 0xFF, 0x02, 0x4B, 0xFF, 0x02, 0x4B, 0xFF, 0x02, 0x4B, 0xFF, 0x02, 0x4B, 0xFF, 0x02, 0x4B,
    0xFF, 0x02, 0x4B, 0xFF, 0x02, 0x4B, 0xFF, 0x02, 0x6B, 0xFF, 0x02, 0x6C, 0xFF, 0x02, 0x6C, 0xFF,
    0x02, 0x6C, 0xFF, 0x02, 0x8C, 0xFF, 0x02, 0xAD, 0xFF, 0x02, 0xCE, 0xFF, 0x02, 0xEE, 0xFF, 0x03,
    0x50, 0xFF, 0x03, 0xB2, 0xFF, 0x04, 0x14, 0xFF, 0x04, 0xB7, 0xFF, 0x36, 0x3B, 0xFF, 0xD7, 0xDF,
    0xFF, 0xFF, 0xFF, 0xFE, 0xE7, 0xFF, 0xFF, 0x77, 0x9F, 0xF1, 0x8F, 0x9F, 0x9B, 0xFF, 0xFF, 0x26,
    0x00, 0x00, 0x00, 0xFF, 0xFF, 0x01, 0x00, 0x00, 0x00, 0x00, 0x00, 0x00, 0x00, 0x00, 0x00, 0x00,
    0x00, 0x00, 0x00, 0x00, 0x00, 0x00, 0x00, 0x00, 0x00, 0x00, 0x00, 0x00, 0x00, 0x00, 0x00, 0x00,
    0x00, 0x00, 0x00, 0x00, 0x00, 0x00, 0x00, 0x00, 0x00, 0x00, 0x00, 0x00, 0x00, 0x00, 0x00, 0x00,
    0x00, 0x00, 0x00, 0x00, 0x00, 0x00, 0x00, 0x00, 0x00, 0x00, 0x00, 0x00, 0x00, 0x00, 0x00, 0x00,
    0x00, 0x00, 0x00, 0x00, 0x00, 0x00, 0x00, 0x00, 0x00, 0x00, 0x00, 0x00, 0x00, 0x00, 0x00, 0x00,
    0x00, 0x00, 0x00, 0x00, 0x00, 0x00, 0x00, 0x00, 0x00, 0x00, 0xFF, 0xFF, 0x02, 0xDF, 0x9F, 0x50,
    0x87, 0x7F, 0xED, 0xF7, 0xFF, 0xFC, 0xD7, 0xBF, 0xFE, 0x14, 0xF7, 0xFF, 0x03, 0xB2, 0xFF, 0x03,
    0x2F, 0xFF, 0x02, 0xAD, 0xFF, 0x02, 0x8C, 0xFF, 0x02, 0x4B, 0xFF, 0x02, 0x2B, 0xFF, 0x02, 0x2B,
    0xFF, 0x02, 0x2B, 0xFF, 0x02, 0x2B, 0xFF, 0x02, 0x4B, 0xFF, 0x02, 0x4B, 0xFF, 0x02, 0x6C, 0xFF,
    0x02, 0x6C, 0xFF, 0x02, 0x8C, 0xFF, 0x02, 0x8C, 0xFF, 0x02, 0x8D, 0xFF, 0x02, 0x8D, 0xFF, 0x02,
    0xAD, 0xFF, 0x02, 0xAD, 0xFF, 0x02, 0xAD, 0xFF, 0x02, 0x8D, 0xFF, 0x02, 0xAD, 0xFF, 0x02, 0xAD,
    0xFF, 0x02, 0xAD, 0xFF, 0x02, 0xAD, 0xFF, 0x02, 0x8D, 0xFF, 0x02, 0x8D, 0xFF, 0x02, 0xAD, 0xFF,
    0x02, 0xAD, 0xFF, 0x02, 0xAD, 0xFF, 0x02, 0xAD, 0xFF, 0x02, 0xAD, 0xFF, 0x02, 0xAD, 0xFF, 0x02,
    0xAD, 0xFF, 0x02, 0xAD, 0xFF, 0x02, 0xAD, 0xFF, 0x02, 0xAD, 0xFF, 0x02, 0xAD, 0xFF, 0x02, 0xAD,
    0xFF, 0x02, 0xAD, 0xFF, 0x02, 0xAD, 0xFF, 0x02, 0xCD, 0xFF, 0x02, 0xCD, 0xFF, 0x02, 0xCE, 0xFF,
    0x02, 0xEE, 0xFF, 0x03, 0x0F, 0xFF, 0x03, 0x50, 0xFF, 0x03, 0x70, 0xFF, 0x03, 0xB2, 0xFF, 0x04,
    0x13, 0xFF, 0x04, 0x75, 0xFF, 0x0D, 0x79, 0xFF, 0x7F, 0x1D, 0xFF, 0xEF, 0xFF, 0xFF, 0xFF, 0xFF,
    0xFD, 0xD7, 0xFF, 0xFF, 0x77, 0x9F, 0xEE, 0x8F, 0x5E, 0x88, 0xFF, 0xBD, 0x1B, 0x00, 0x00, 0x00,
    0xFF, 0xFF, 0x01, 0x00, 0x00, 0x00, 0x00, 0x00, 0x00, 0x00, 0x00, 0x00, 0x00, 0x00, 0x00, 0x00,
    0x00, 0x00, 0x00, 0x00, 0x00, 0x00, 0x00, 0x00, 0x00, 0x00, 0x00, 0x00, 0x00, 0x00, 0x00, 0x00,
    0x00, 0x00, 0x00, 0x00, 0x00, 0x00, 0x00, 0x00, 0x00, 0x00, 0x00, 0x00, 0x00, 0x00, 0x00, 0x00,
    0x00, 0x00, 0x00, 0x00, 0x00, 0x00, 0x00, 0x00, 0x00, 0x00, 0x00, 0x00, 0x00, 0x00, 0x00, 0x00,
    0x00, 0x00, 0x00, 0x00, 0x00, 0x00, 0x00, 0x00, 0x00, 0x00, 0x00, 0x00, 0x00, 0x00, 0x00, 0x00,
    0x00, 0x00, 0x00, 0x00, 0xFF, 0xFF, 0x01, 0x00, 0x00, 0x00, 0xFF, 0xFF, 0x09, 0xAF, 0x9F, 0x82,
    0x97, 0x9F, 0xFA, 0xFF, 0xFF, 0xFD, 0x9F, 0x3E, 0xFF, 0x04, 0x96, 0xFF, 0x03, 0xB2, 0xFF, 0x03,
    0x2F, 0xFF, 0x02, 0xCD, 0xFF, 0x02, 0x8D, 0xFF, 0x02, 0x6C, 0xFF, 0x02, 0x6C, 0xFF, 0x02, 0x6C,
    0xFF, 0x02, 0x6C, 0xFF, 0x02, 0x8C, 0xFF, 0x02, 0xAD, 0xFF, 0x02, 0xEE, 0xFF, 0x02, 0xEE, 0xFF,
    0x03, 0x0F, 0xFF, 0x03, 0x30, 0xFF, 0x03, 0x50, 0xFF, 0x03, 0x50, 0xFF, 0x03, 0x50, 0xFF, 0x03,
    0x50, 0xFF, 0x03, 0x70, 0xFF, 0x03, 0x50, 0xFF, 0x03, 0x50, 0xFF, 0x03, 0x70, 0xFF, 0x03, 0x70,
    0xFF, 0x03, 0x50, 0xFF, 0x03, 0x50, 0xFF, 0x03, 0x50, 0xFF, 0x03, 0x50, 0xFF, 0x03, 0x50, 0xFF,
    0x03, 0x50, 0xFF, 0x03, 0x70, 0xFF, 0x03, 0x70, 0xFF, 0x03, 0x70, 0xFF, 0x03, 0x70, 0xFF, 0x03,
    0x70, 0xFF, 0x03, 0x50, 0xFF, 0x03, 0x70, 0xFF, 0x03, 0x70, 0xFF, 0x03, 0x70, 0xFF, 0x03, 0x70,
    0xFF, 0x03, 0x70, 0xFF, 0x03, 0x70, 0xFF, 0x03, 0x71, 0xFF, 0x03, 0x71, 0xFF, 0x03, 0x91, 0xFF,
    0x03, 0x91, 0xFF, 0x03, 0xB2, 0xFF, 0x03, 0xF3, 0xFF, 0x04, 0x34, 0xFF, 0x04, 0x96, 0xFF, 0x0D,
    0x99, 0xFF, 0x66, 0xBD, 0xFF, 0xCF, 0xDF, 0xFF, 0xFF, 0xFF, 0xFE, 0xFF, 0xFF, 0xFE, 0xB7, 0xFF,
    0xFF, 0x6F, 0x9F, 0xFE, 0xA7, 0x9F, 0x95, 0xFF, 0xBD, 0x19, 0x00, 0x00, 0x00, 0xFF, 0xFF, 0x02,
    0x00, 0x00, 0x00, 0x00, 0x00, 0x00, 0x00, 0x00, 0x00, 0x00, 0x00, 0x00, 0x00, 0x00, 0x00, 0x00,
    0x00, 0x00, 0x00, 0x00, 0x00, 0x00, 0x00, 0x00, 0x00, 0x00, 0x00, 0x00, 0x00, 0x00, 0x00, 0x00,
    0x00, 0x00, 0x00, 0x00, 0x00, 0x00, 0x00, 0x00, 0x00, 0x00, 0x00, 0x00, 0x00, 0x00, 0x00, 0x00,
    0x00, 0x00, 0x00, 0x00, 0x00, 0x00, 0x00, 0x00, 0x00, 0x00, 0x00, 0x00, 0x00, 0x00, 0x00, 0x00,
    0x00, 0x00, 0x00, 0x00, 0x00, 0x00, 0x00, 0x00, 0x00, 0x00, 0x00, 0x00, 0x00, 0x00, 0x00, 0x00,
    0x00, 0x00, 0x00, 0x00, 0xFF, 0xFF, 0x01, 0x00, 0x00, 0x00, 0xFF, 0xFF, 0x07, 0x87, 0x9F, 0xA1,
    0xA7, 0xDF, 0xFF, 0xFF, 0xFF, 0xFB, 0x76, 0xDD, 0xFF, 0x04, 0x75, 0xFF, 0x03, 0xB1, 0xFF, 0x03,
    0x2F, 0xFF, 0x02, 0xEE, 0xFF, 0x02, 0xAD, 0xFF, 0x02, 0xAD, 0xFF, 0x02, 0xAD, 0xFF, 0x02, 0xAD,
    0xFF, 0x02, 0xCE, 0xFF, 0x02, 0xEF, 0xFF, 0x03, 0x50, 0xFF, 0x03, 0x91, 0xFF, 0x03, 0x91, 0xFF,
    0x03, 0xD2, 0xFF, 0x04, 0x13, 0xFF, 0x04, 0x13, 0xFF, 0x04, 0x14, 0xFF, 0x04, 0x34, 0xFF, 0x04,
    0x34, 0xFF, 0x04, 0x34, 0xFF, 0x04, 0x34, 0xFF, 0x04, 0x34, 0xFF, 0x04, 0x34, 0xFF, 0x04, 0x34,
    0xFF, 0x04, 0x14, 0xFF, 0x04, 0x14, 0xFF, 0x04, 0x14, 0xFF, 0x04, 0x14, 0xFF, 0x04, 0x14, 0xFF,
    0x04, 0x14, 0xFF, 0x04, 0x14, 0xFF, 0x04, 0x14, 0xFF, 0x04, 0x14, 0xFF, 0x04, 0x14, 0xFF, 0x04,
    0x14, 0xFF, 0x04, 0x34, 0xFF, 0x04, 0x34, 0xFF, 0x04, 0x34, 0xFF, 0x04, 0x34, 0xFF, 0x04, 0x14,
    0xFF, 0x04, 0x14, 0xFF, 0x04, 0x34, 0xFF, 0x04, 0x34, 0xFF, 0x04, 0x54, 0xFF, 0x04, 0x55, 0xFF,
    0x04, 0x75, 0xFF, 0x04, 0xB6, 0xFF, 0x15, 0x38, 0xFF, 0x2E, 0x1B, 0xFF, 0x6E, 0xDD, 0xFF, 0xCF,
    0xDF, 0xFF, 0xFF, 0xFF, 0xFE, 0xFF, 0xFF, 0xFC, 0xDF, 0xDF, 0xFF, 0x8F, 0xBF, 0xFC, 0x6F, 0x7F,
    0xD7, 0xC7, 0xBF, 0x83, 0xFF, 0xFF, 0x22, 0x00, 0x00, 0x00, 0xFF, 0xFF, 0x02, 0x00, 0x00, 0x00,
    0x00, 0x00, 0x00, 0x00, 0x00, 0x00, 0x00, 0x00, 0x00, 0x00, 0x00, 0x00, 0x00, 0x00, 0x00, 0x00,
    0x00, 0x00, 0x00, 0x00, 0x00, 0x00, 0x00, 0x00, 0x00, 0x00, 0x00, 0x00, 0x00, 0x00, 0x00, 0x00,
    0x00, 0x00, 0x00, 0x00, 0x00, 0x00, 0x00, 0x00, 0x00, 0x00, 0x00, 0x00, 0x00, 0x00, 0x00, 0x00,
    0x00, 0x00, 0x00, 0x00, 0x00, 0x00, 0x00, 0x00, 0x00, 0x00, 0x00, 0x00, 0x00, 0x00, 0x00, 0x00,
    0x00, 0x00, 0x00, 0x00, 0x00, 0x00, 0x00, 0x00, 0x00, 0x00, 0x00, 0x00, 0x00, 0x00, 0x00, 0x00,
    0x00, 0x00, 0x00, 0x00, 0xFF, 0xFF, 0x01, 0x00, 0x00, 0x00, 0xFF, 0x5D, 0x0D, 0x7F, 0x5E, 0xBC,
    0xCF, 0xFF, 0xFF, 0xFF, 0xFF, 0xFB, 0x46, 0x3B, 0xFF, 0x04, 0x34, 0xFF, 0x03, 0xB1, 0xFF, 0x03,
    0x50, 0xFF, 0x03, 0x0F, 0xFF, 0x02, 0xEE, 0xFF, 0x02, 0xEE, 0xFF, 0x03, 0x0F, 0xFF, 0x03, 0x50,
    0xFF, 0x03, 0x70, 0xFF, 0x03, 0xB2, 0xFF, 0x03, 0xF3, 0xFF, 0x04, 0x55, 0xFF, 0x15, 0x79, 0xFF,
    0x56, 0x5B, 0xFF, 0x5E, 0x7B, 0xFF, 0x5E, 0x7B, 0xFF, 0x5E, 0x7B, 0xFF, 0x5E, 0x7C, 0xFF, 0x5E,
    0x7C, 0xFF, 0x5E, 0x7B, 0xFF, 0x5E, 0x7C, 0xFF, 0x5E, 0x7C, 0xFF, 0x5E, 0x7B, 0xFF, 0x5E, 0x7C,
    0xFF, 0x5E, 0x9C, 0xFF, 0x5E, 0x7C, 0xFF, 0x5E, 0x7C, 0xFF, 0x5E, 0x7C, 0xFF, 0x5E, 0x7C, 0xFF,
    0x5E, 0x7C, 0xFF, 0x5E, 0x7B, 0xFF, 0x5E, 0x7C, 0xFF, 0x5E, 0x7B, 0xFF, 0x5E, 0x7B, 0xFF, 0x5E,
    0x7B, 0xFF, 0x5E, 0x7C, 0xFF, 0x5E, 0x7C, 0xFF, 0x5E, 0x7B, 0xFF, 0x5E, 0x7C, 0xFF, 0x5E, 0x7C,
    0xFF, 0x5E, 0x7C, 0xFF, 0x5E, 0x9C, 0xFF, 0x5E, 0x9C, 0xFF, 0x5E, 0x9C, 0xFF, 0x66, 0xDD, 0xFF,
    0x7F, 0x1D, 0xFF, 0x9F, 0x5E, 0xFF, 0xC7, 0xBF, 0xFE, 0xFF, 0xFF, 0xFE, 0xFF, 0xFF, 0xFD, 0xFF,
    0xFF, 0xFD, 0xD7, 0xFF, 0xFF, 0x9F, 0xDF, 0xFF, 0x77, 0x9F, 0xF1, 0x97, 0x9F, 0xA5, 0xF7, 0x9E,
    0x3E, 0xFE, 0xFB, 0x08, 0x00, 0x00, 0x00, 0x00, 0x1F, 0x01, 0x00, 0x00, 0x00, 0x00, 0x00, 0x00,
    0x00, 0x00, 0x00, 0x00, 0x00, 0x00, 0x00, 0x00, 0x00, 0x00, 0x00, 0x00, 0x00, 0x00, 0x00, 0x00,
    0x00, 0x00, 0x00, 0x00, 0x00, 0x00, 0x00, 0x00, 0x00, 0x00, 0x00, 0x00, 0x00, 0x00, 0x00, 0x00,
    0x00, 0x00, 0x00, 0x00, 0x00, 0x00, 0x00, 0x00, 0x00, 0x00, 0x00, 0x00, 0x00, 0x00, 0x00, 0x00,
    0x00, 0x00, 0x00, 0x00, 0x00, 0x00, 0x00, 0x00, 0x00, 0x00, 0x00, 0x00, 0x00, 0x00, 0x00, 0x00,
    0x00, 0x00, 0x00, 0x00, 0x00, 0x00, 0x00, 0x00, 0x00, 0x00, 0x00, 0x00, 0x00, 0x00, 0x00, 0x00,
    0x00, 0x00, 0x00, 0x00, 0x7F, 0xFF, 0x02, 0x00, 0x00, 0x00, 0xCF, 0x3E, 0x2B, 0x87, 0x9F, 0xDA,
    0xF7, 0xFF, 0xFF, 0xD7, 0xBF, 0xFD, 0x15, 0x79, 0xFF, 0x04, 0x34, 0xFF, 0x03, 0xB2, 0xFF, 0x03,
    0x70, 0xFF, 0x03, 0x50, 0xFF, 0x03, 0x50, 0xFF, 0x03, 0x70, 0xFF, 0x03, 0xB1, 0xFF, 0x03, 0xD2,
    0xFF, 0x04, 0x34, 0xFF, 0x04, 0xB6, 0xFF, 0x15, 0x99, 0xFF, 0x7E, 0xFD, 0xFF, 0xDF, 0xDF, 0xFF,
    0xFF, 0xFF, 0xFE, 0xFF, 0xFF, 0xFD, 0xFF, 0xFF, 0xFC, 0xFF, 0xFF, 0xFB, 0xFF, 0xFF, 0xFC, 0xFF,
    0xFF, 0xFC, 0xFF, 0xFF, 0xFD, 0xFF, 0xFF, 0xFD, 0xFF, 0xFF, 0xFC, 0xFF, 0xFF, 0xFA, 0xFF, 0xFF,
    0xF7, 0xFF, 0xFF, 0xF8, 0xFF, 0xFF, 0xF8, 0xFF, 0xFF, 0xF8, 0xFF, 0xFF, 0xF8, 0xFF, 0xFF, 0xF7,
    0xFF, 0xFF, 0xF7, 0xFF, 0xFF, 0xF8, 0xFF, 0xFF, 0xF8, 0xFF, 0xFF, 0xF7, 0xFF, 0xFF, 0xF8, 0xFF,
    0xFF, 0xF7, 0xFF, 0xFF, 0xF7, 0xFF, 0xFF, 0xF7, 0xFF, 0xFF, 0xF7, 0xFF, 0xFF, 0xF8, 0xFF, 0xFF,
    0xF7, 0xFF, 0xFF, 0xF7, 0xFF, 0xFF, 0xF7, 0xFF, 0xFF, 0xF7, 0xFF, 0xFF, 0xF8, 0xFF, 0xFF, 0xF8,
    0xFF, 0xFF, 0xF9, 0xFF, 0xFF, 0xFA, 0xFF, 0xFF, 0xFD, 0xEF, 0xFF, 0xFF, 0xC7, 0xDF, 0xFF, 0x8F,
    0x9F, 0xFC, 0x6F, 0x7F, 0xEA, 0x97, 0x9F, 0xC4, 0xD7, 0xDF, 0x79, 0xFF, 0xFF, 0x26, 0x00, 0x00,
    0x00, 0x00, 0x00, 0x00, 0xFF, 0xFF, 0x01, 0x00, 0x00, 0x00, 0x00, 0x00, 0x00, 0x00, 0x00, 0x00,
    0x00, 0x00, 0x00, 0x00, 0x00, 0x00, 0x00, 0x00, 0x00, 0x00, 0x00, 0x00, 0x00, 0x00, 0x00, 0x00,
    0x00, 0x00, 0x00, 0x00, 0x00, 0x00, 0x00, 0x00, 0x00, 0x00, 0x00, 0x00, 0x00, 0x00, 0x00, 0x00,
    0x00, 0x00, 0x00, 0x00, 0x00, 0x00, 0x00, 0x00, 0x00, 0x00, 0x00, 0x00, 0x00, 0x00, 0x00, 0x00,
    0x00, 0x00, 0x00, 0x00, 0x00, 0x00, 0x00, 0x00, 0x00, 0x00, 0x00, 0x00, 0x00, 0x00, 0x00, 0x00,
    0x00, 0x00, 0x00, 0x00, 0x00, 0x00, 0x00, 0x00, 0x00, 0x00, 0x00, 0x00, 0x00, 0x00, 0x00, 0x00,
    0x00, 0x00, 0x00, 0x00, 0x07, 0xFF, 0x02, 0x00, 0x00, 0x00, 0x97, 0x7E, 0x5C, 0x87, 0x9F, 0xF5,
    0xFF, 0xFF, 0xFC, 0xAF, 0x7E, 0xFE, 0x05, 0x18, 0xFF, 0x04, 0x34, 0xFF, 0x03, 0xD2, 0xFF, 0x03,
    0xB2, 0xFF, 0x03, 0xB2, 0xFF, 0x03, 0xF2, 0xFF, 0x04, 0x34, 0xFF, 0x04, 0x55, 0xFF, 0x04, 0xF7,
    0xFF, 0x2D, 0xFA, 0xFF, 0x87, 0x1D, 0xFF, 0xEF, 0xFF, 0xFE, 0xFF, 0xFF, 0xFD, 0xFF, 0xFF, 0xFC,
    0xCF, 0xDF, 0xFF, 0xCF, 0xFF, 0xFF, 0xD7, 0xFF, 0xFF, 0xD7, 0xFF, 0xFF, 0xD7, 0xFF, 0xFF, 0xD7,
    0xFF, 0xFF, 0xCF, 0xFF, 0xFF, 0xCF, 0xFF, 0xFF, 0xCF, 0xFF, 0xFF, 0xD7, 0xFF, 0xFF, 0xD7, 0xFF,
    0xFF, 0xCF, 0xFF, 0xFF, 0xCF, 0xFF, 0xFF, 0xCF, 0xFF, 0xFF, 0xD7, 0xFF, 0xFF, 0xCF, 0xFF, 0xFF,
    0xCF, 0xFF, 0xFF, 0xD7, 0xFF, 0xFF, 0xCF, 0xDF, 0xFF, 0xCF, 0xDF, 0xFF, 0xCF, 0xFF, 0xFF, 0xCF,
    0xDF, 0xFE, 0xCF, 0xDF, 0xF8, 0xCF, 0xDF, 0xF8, 0xCF, 0xDF, 0xFF, 0xCF, 0xFF, 0xFF, 0xCF, 0xDF,
    0xFF, 0xCF, 0xDF, 0xF9, 0xCF, 0xDF, 0xFA, 0xCF, 0xDF, 0xFC, 0xCF, 0xFF, 0xFF, 0xCF, 0xFF, 0xFF,
    0xB7, 0xDF, 0xFF, 0x9F, 0xBF, 0xFC, 0x97, 0xBF, 0xF9, 0x87, 0xBF, 0xE9, 0x77, 0x7F, 0xBC, 0x9F,
    0x7E, 0x82, 0xCF, 0x9F, 0x4C, 0xFF, 0xFF, 0x27, 0xFF, 0xFF, 0x0A, 0x00, 0x00, 0x00, 0xFF, 0xFF,
    0x01, 0xFF, 0xFF, 0x01, 0x00, 0x00, 0x00, 0x00, 0x00, 0x00, 0x00, 0x00, 0x00, 0x00, 0x00, 0x00,
    0x00, 0x00, 0x00, 0x00, 0x00, 0x00, 0x00, 0x00, 0x00, 0x00, 0x00, 0x00, 0x00, 0x00, 0x00, 0x00,
    0x00, 0x00, 0x00, 0x00, 0x00, 0x00, 0x00, 0x00, 0x00, 0x00, 0x00, 0x00, 0x00, 0x00, 0x00, 0x00,
    0x00, 0x00, 0x00, 0x00, 0x00, 0x00, 0x00, 0x00, 0x00, 0x00, 0x00, 0x00, 0x00, 0x00, 0x00, 0x00,
    0x00, 0x00, 0x00, 0x00, 0x00, 0x00, 0x00, 0x00, 0x00, 0x00, 0x00, 0x00, 0x00, 0x00, 0x00, 0x00,
    0x00, 0x00, 0x00, 0x00, 0x00, 0x00, 0x00, 0x00, 0x00, 0x00, 0x00, 0x00, 0x00, 0x00, 0x00, 0x00,
    0x00, 0xF8, 0x00, 0x01, 0x00, 0x00, 0x00, 0xFF, 0xFF, 0x07, 0x8F, 0x9F, 0x9C, 0xA7, 0xDF, 0xFF,
    0xFF, 0xFF, 0xF7, 0x76, 0xFD, 0xFF, 0x04, 0xF7, 0xFF, 0x04, 0x75, 0xFF, 0x04, 0x34, 0xFF, 0x04,
    0x33, 0xFF, 0x04, 0x54, 0xFF, 0x04, 0x96, 0xFF, 0x05, 0x59, 0xFF, 0x46, 0x7C, 0xFF, 0x9F, 0x7E,
    0xFF, 0xFF, 0xFF, 0xFE, 0xFF, 0xFF, 0xFD, 0xF7, 0xFF, 0xFF, 0xB7, 0xFF, 0xFF, 0x87, 0xBF, 0xFF,
    0x7F, 0x9F, 0xF4, 0x87, 0x9F, 0xE0, 0x7F, 0x7F, 0xC9, 0x7F, 0x7F, 0xB8, 0x7F, 0x7F, 0xC0, 0x87,
    0x9F, 0xD4, 0x87, 0x9F, 0xE4, 0x87, 0x9F, 0xDE, 0x87, 0x7F, 0xCD, 0x7F, 0x7F, 0xB9, 0x77, 0x7F,
    0xAF, 0x77, 0x7F, 0xB5, 0x7F, 0xBF, 0xBB, 0x7F, 0x9F, 0xB7, 0x77, 0x9F, 0xAA, 0x6F, 0x5E, 0xA0,
    0x6F, 0x7F, 0xA2, 0x7F, 0x7F, 0xB0, 0x7F, 0x9F, 0xBB, 0x7F, 0x9F, 0xBB, 0x77, 0x7F, 0xAD, 0x77,
    0x7F, 0xA2, 0x7F, 0x7F, 0x9D, 0x77, 0x7F, 0xA9, 0x7F, 0x9F, 0xB9, 0x7F, 0x9F, 0xB9, 0x77, 0x9F,
    0xAB, 0x77, 0x7E, 0x9E, 0x77, 0x7F, 0x9A, 0x77, 0x7F, 0xAA, 0x87, 0xBF, 0xBB, 0x7F, 0x9F, 0xB7,
    0x77, 0x7F, 0x9C, 0x7F, 0x5E, 0x79, 0x8F, 0x5E, 0x60, 0xD7, 0xBF, 0x4D, 0xFF, 0xFF, 0x30, 0xFF,
    0xFF, 0x16, 0xFF, 0xFF, 0x04, 0x00, 0x00, 0x00, 0x00, 0x00, 0x00, 0x07, 0xFF, 0x01, 0x00, 0x00,
    0x00, 0x00, 0x00, 0x00, 0x00, 0x00, 0x00, 0x00, 0x00, 0x00, 0x00, 0x00, 0x00, 0x00, 0x00, 0x00,
    0x00, 0x00, 0x00, 0x00, 0x00, 0x00, 0x00, 0x00, 0x00, 0x00, 0x00, 0x00, 0x00, 0x00, 0x00, 0x00,
    0x00, 0x00, 0x00, 0x00, 0x00, 0x00, 0x00, 0x00, 0x00, 0x00, 0x00, 0x00, 0x00, 0x00, 0x00, 0x00,
    0x00, 0x00, 0x00, 0x00, 0x00, 0x00, 0x00, 0x00, 0x00, 0x00, 0x00, 0x00, 0x00, 0x00, 0x00, 0x00,
    0x00, 0x00, 0x00, 0x00, 0x00, 0x00, 0x00, 0x00, 0x00, 0x00, 0x00, 0x00, 0x00, 0x00, 0x00, 0x00,
    0x00, 0x00, 0x00, 0x00, 0x00, 0x00, 0x00, 0x00, 0x00, 0x00, 0x00, 0x00, 0x00, 0x00, 0x00, 0x00,
    0x00, 0x07, 0xFF, 0x01, 0x00, 0x00, 0x00, 0xFF, 0xFF, 0x28, 0x8F, 0xBF, 0xD2, 0xD7, 0xFF, 0xFD,
    0xFF, 0xFF, 0xFA, 0x46, 0x7C, 0xFF, 0x05, 0x18, 0xFF, 0x04, 0xB6, 0xFF, 0x04, 0xB6, 0xFF, 0x04,
    0xD7, 0xFF, 0x05, 0x79, 0xFF, 0x4E, 0x7C, 0xFF, 0xAF, 0x9F, 0xFF, 0xFF, 0xFF, 0xFE, 0xFF, 0xFF,
    0xFE, 0xE7, 0xFF, 0xFF, 0xAF, 0xDF, 0xFF, 0x7F, 0x9F, 0xEE, 0x77, 0x5E, 0xC9, 0xAF, 0xBF, 0x9C,
    0xDF, 0xDF, 0x73, 0xF7, 0xDF, 0x4E, 0xFF, 0x9E, 0x26, 0xFF, 0x7B, 0x10, 0xFF, 0xBD, 0x1D, 0xFF,
    0xBF, 0x3D, 0xF7, 0xFF, 0x5B, 0xFF, 0xFF, 0x4F, 0xFF, 0xDF, 0x2C, 0xFF, 0xFF, 0x0C, 0x08, 0x00,
    0x00, 0xFF, 0xFF, 0x05, 0xFF, 0xFF, 0x0B, 0xFF, 0xFF, 0x08, 0x08, 0x00, 0x00, 0x00, 0x00, 0x00,
    0x00, 0x00, 0x00, 0xFF, 0xFF, 0x03, 0xFF, 0xFF, 0x0B, 0xFF, 0xFF, 0x0B, 0xFF, 0xFF, 0x01, 0x00,
    0x00, 0x00, 0x00, 0x00, 0x00, 0xFF, 0xFF, 0x01, 0xFF, 0xFF, 0x0B, 0xFF, 0xFF, 0x0A, 0x08, 0x00,
    0x00, 0x00, 0x00, 0x00, 0x00, 0x00, 0x00, 0xFF, 0xFF, 0x01, 0xFF, 0xFF, 0x0D, 0xFF, 0xFF, 0x0A,
    0x08, 0x00, 0x00, 0x00, 0x00, 0x00, 0x00, 0x00, 0x00, 0xFF, 0xFF, 0x01, 0x07, 0xFF, 0x01, 0x00,
    0x00, 0x00, 0x00, 0x00, 0x00, 0xFF, 0xFF, 0x01, 0x00, 0x00, 0x00, 0x00, 0x00, 0x00, 0x00, 0x00,
    0x00, 0x00, 0x00, 0x00, 0x00, 0x00, 0x00, 0x00, 0x00, 0x00, 0x00, 0x00, 0x00, 0x00, 0x00, 0x00,
    0x00, 0x00, 0x00, 0x00, 0x00, 0x00, 0x00, 0x00, 0x00, 0x00, 0x00, 0x00, 0x00, 0x00, 0x00, 0x00,
    0x00, 0x00, 0x00, 0x00, 0x00, 0x00, 0x00, 0x00, 0x00, 0x00, 0x00, 0x00, 0x00, 0x00, 0x00, 0x00,
    0x00, 0x00, 0x00, 0x00, 0x00, 0x00, 0x00, 0x00, 0x00, 0x00, 0x00, 0x00, 0x00, 0x00, 0x00, 0x00,
    0x00, 0x00, 0x00, 0x00, 0x00, 0x00, 0x00, 0x00, 0x00, 0x00, 0x00, 0x00, 0x00, 0x00, 0x00, 0x00,
    0x00, 0x00, 0x00, 0x00, 0x00, 0x00, 0x00, 0x00, 0x00, 0x00, 0x00, 0x00, 0x00, 0x00, 0x00, 0x00,
    0x00, 0x07, 0xFF, 0x01, 0x00, 0x00, 0x00, 0xB7, 0x9F, 0x40, 0x87, 0xBF, 0xF0, 0xE7, 0xFF, 0xFB,
    0xEF, 0xFF, 0xFE, 0x16, 0x5C, 0xFF, 0x05, 0x59, 0xFF, 0x05, 0x79, 0xFF, 0x15, 0xFA, 0xFF, 0x5E,
    0xDD, 0xFF, 0xCF, 0xBF, 0xFF, 0xFF, 0xFF, 0xFE, 0xFF, 0xFF, 0xFE, 0xDF, 0xFF, 0xFF, 0x9F, 0xDF,
    0xFF, 0x7F, 0x9F, 0xE3, 0x7F, 0x5E, 0xA8, 0xAF, 0x5E, 0x63, 0xFF, 0xBE, 0x2F, 0xFF, 0xFF, 0x12,
    0xFF, 0xFF, 0x04, 0xFF, 0xFF, 0x02, 0x00, 0x00, 0x00, 0x07, 0xFF, 0x02, 0x00, 0x00, 0x00, 0x7F,
    0xFF, 0x02, 0xFF, 0xFF, 0x04, 0xBF, 0xFF, 0x04, 0x00, 0x00, 0x00, 0x00, 0x00, 0x00, 0x07, 0xFF,
    0x01, 0x07, 0xFF, 0x01, 0x00, 0x00, 0x00, 0x00, 0x00, 0x00, 0x07, 0xFF, 0x01, 0x07, 0xFF, 0x03,
    0x05, 0x5F, 0x03, 0x07, 0xFF, 0x01, 0x00, 0x00, 0x00, 0x00, 0x00, 0x00, 0x07, 0xFF, 0x01, 0x07,
    0xFF, 0x02, 0x07, 0xFF, 0x02, 0x07, 0xFF, 0x01, 0x00, 0x00, 0x00, 0x00, 0x00, 0x00, 0x07, 0xFF,
    0x01, 0x07, 0xFF, 0x02, 0x05, 0x55, 0x03, 0x07, 0xFF, 0x01, 0x00, 0x00, 0x00, 0x00, 0x00, 0x00,
    0x03, 0xFF, 0x02, 0x57, 0xFF, 0x03, 0x7F, 0xFF, 0x02, 0x07, 0xFF, 0x01, 0x07, 0xFF, 0x01, 0xFF,
    0xFF, 0x01, 0x00, 0x00, 0x00, 0x00, 0x00, 0x00, 0x00, 0x00, 0x00, 0x00, 0x00, 0x00, 0x00, 0x00,
    0x00, 0x00, 0x00, 0x00, 0x00, 0x00, 0x00, 0x00, 0x00, 0x00, 0x00, 0x00, 0x00, 0x00, 0x00, 0x00,
    0x00, 0x00, 0x00, 0x00, 0x00, 0x00, 0x00, 0x00, 0x00, 0x00, 0x00, 0x00, 0x00, 0x00, 0x00, 0x00,
    0x00, 0x00, 0x00, 0x00, 0x00, 0x00, 0x00, 0x00, 0x00, 0x00, 0x00, 0x00, 0x00, 0x00, 0x00, 0x00,
    0x00, 0x00, 0x00, 0x00, 0x00, 0x00, 0x00, 0x00, 0x00, 0x00, 0x00, 0x00, 0x00, 0x00, 0x00, 0x00,
    0x00, 0x00, 0x00, 0x00, 0x00, 0x00, 0x00, 0x00, 0x00, 0x00, 0x00, 0x00, 0x00, 0x00, 0x00, 0x00,
    0x00, 0x00, 0x00, 0x00, 0x00, 0x00, 0x00, 0x00, 0x00, 0x00, 0x00, 0x00, 0x00, 0x00, 0x00, 0x00,
    0x00, 0x07, 0xFF, 0x01, 0x00, 0x00, 0x00, 0x7F, 0x7F, 0x3B, 0x8F, 0x9F, 0xF9, 0xFF, 0xFF, 0xF7,
    0xAF, 0xBF, 0xFF, 0x06, 0x9D, 0xFF, 0x1E, 0x9D, 0xFF, 0x77, 0x3E, 0xFF, 0xDF, 0xFF, 0xFF, 0xFF,
    0xFF, 0xFE, 0xFF, 0xFF, 0xFC, 0xD7, 0xFF, 0xFF, 0x8F, 0xDF, 0xFF, 0x77, 0x7F, 0xE0, 0x7F, 0x7F,
    0x95, 0xCF, 0x9E, 0x50, 0xFF, 0xDF, 0x29, 0xFF, 0xFE, 0x15, 0xFF, 0xFF, 0x08, 0x00, 0x00, 0x00,
    0x00, 0x00, 0x00, 0x00, 0x00, 0x00, 0x07, 0xFF, 0x01, 0x07, 0xFF, 0x01, 0x07, 0xFF, 0x01, 0x00,
    0x00, 0x00, 0x00, 0x00, 0x00, 0x00, 0x00, 0x00, 0x07, 0xFF, 0x01, 0xFF, 0xFF, 0x01, 0xFF, 0xFF,
    0x01, 0xFF, 0xFF, 0x01, 0xFF, 0xFF, 0x01, 0xFF, 0xFF, 0x01, 0xFF, 0xFF, 0x01, 0x07, 0xFF, 0x01,
    0x07, 0xFF, 0x01, 0xFF, 0xFF, 0x01, 0xFF, 0xFF, 0x01, 0xFF, 0xFF, 0x01, 0xFF, 0xFF, 0x01, 0x07,
    0xFF, 0x01, 0x07, 0xFF, 0x01, 0xFF, 0xFF, 0x01, 0xFF, 0xFF, 0x01, 0xFF, 0xFF, 0x01, 0xFF, 0xFF,
    0x01, 0x07, 0xFF, 0x01, 0x07, 0xFF, 0x01, 0xFF, 0xFF, 0x01, 0xFF, 0xFF, 0x01, 0xFF, 0xFF, 0x01,
    0x07, 0xFF, 0x01, 0x00, 0x00, 0x00, 0x00, 0x00, 0x00, 0x00, 0x00, 0x00, 0x00, 0x00, 0x00, 0x00,
    0x00, 0x00, 0x00, 0x00, 0x00, 0x00, 0x00, 0x00, 0x00, 0x00, 0x00, 0x00, 0x00, 0x00, 0x00, 0x00,
    0x00, 0x00, 0x00, 0x00, 0x00, 0x00, 0x00, 0x00, 0x00, 0x00, 0x00, 0x00, 0x00, 0x00, 0x00, 0x00,
    0x00, 0x00, 0x00, 0x00, 0x00, 0x00, 0x00, 0x00, 0x00, 0x00, 0x00, 0x00, 0x00, 0x00, 0x00, 0x00,
    0x00, 0x00, 0x00, 0x00, 0x00, 0x00, 0x00, 0x00, 0x00, 0x00, 0x00, 0x00, 0x00, 0x00, 0x00, 0x00,
    0x00, 0x00, 0x00, 0x00, 0x00, 0x00, 0x00, 0x00, 0x00, 0x00, 0x00, 0x00, 0x00, 0x00, 0x00, 0x00,
    0x00, 0x00, 0x00, 0x00, 0x00, 0x00, 0x00, 0x00, 0x00, 0x00, 0x00, 0x00, 0x00, 0x00, 0x00, 0x00,
    0x00, 0x00, 0x00, 0x00, 0x00, 0x00, 0x00, 0x00, 0x00, 0x00, 0x00, 0x00, 0x00, 0x00, 0x00, 0x00,
    0x00, 0xFF, 0xFF, 0x01, 0x00, 0x00, 0x00, 0x77, 0x7F, 0x36, 0xB7, 0xBF, 0xF8, 0xFF, 0xFF, 0xF4,
    0xD7, 0xDF, 0xFF, 0x8F, 0x9F, 0xFF, 0xD7, 0xFF, 0xFE, 0xFF, 0xFF, 0xFD, 0xFF, 0xFF, 0xFD, 0xC7,
    0xFF, 0xFF, 0x8F, 0xDF, 0xFF, 0x77, 0x9F, 0xF2, 0x8F, 0x9F, 0xB7, 0xD7, 0x7E, 0x51, 0xFF, 0xFF,
    0x0D, 0x00, 0x00, 0x00, 0x7F, 0xFF, 0x02, 0x00, 0x00, 0x00, 0x00, 0x00, 0x00, 0x00, 0x00, 0x00,
    0x00, 0x00, 0x00, 0x00, 0x00, 0x00, 0x00, 0x00, 0x00, 0x00, 0x00, 0x00, 0x00, 0x00, 0x00, 0x00,
    0x00, 0x00, 0x00, 0x00, 0x00, 0x00, 0x00, 0x00, 0x00, 0x00, 0x00, 0x00, 0x00, 0x00, 0x00, 0x00,
    0x00, 0x00, 0x00, 0x00, 0x00, 0x00, 0x00, 0x00, 0x00, 0x00, 0x00, 0x00, 0x00, 0x00, 0x00, 0x00,
    0x00, 0x00, 0x00, 0x00, 0x00, 0x00, 0x00, 0x00, 0x00, 0x00, 0x00, 0x00, 0x00, 0x00, 0x00, 0x00,
    0x00, 0x00, 0x00, 0x00, 0x00, 0x00, 0x00, 0x00, 0x00, 0x00, 0x00, 0x00, 0x00, 0x00, 0x00, 0x00,
    0x00, 0x00, 0x00, 0x00, 0x00, 0x00, 0x00, 0x00, 0x00, 0x00, 0x00, 0x00, 0x00, 0x00, 0x00, 0x00,
    0x00, 0x00, 0x00, 0x00, 0x00, 0x00, 0x00, 0x00, 0x00, 0x00, 0x00, 0x00, 0x00, 0x00, 0x00, 0x00,
    0x00, 0x00, 0x00, 0x00, 0x00, 0x00, 0x00, 0x00, 0x00, 0x00, 0x00, 0x00, 0x00, 0x00, 0x00, 0x00,
    0x00, 0x00, 0x00, 0x00, 0x00, 0x00, 0x00, 0x00, 0x00, 0x00, 0x00, 0x00, 0x00, 0x00, 0x00, 0x00,
    0x00, 0x00, 0x00, 0x00, 0x00, 0x00, 0x00, 0x00, 0x00, 0x00, 0x00, 0x00, 0x00, 0x00, 0x00, 0x00,
    0x00, 0x00, 0x00, 0x00, 0x00, 0x00, 0x00, 0x00, 0x00, 0x00, 0x00, 0x00, 0x00, 0x00, 0x00, 0x00,
    0x00, 0x00, 0x00, 0x00, 0x00, 0x00, 0x00, 0x00, 0x00, 0x00, 0x00, 0x00, 0x00, 0x00, 0x00, 0x00,
    0x00, 0x00, 0x00, 0x00, 0x00, 0x00, 0x00, 0x00, 0x00, 0x00, 0x00, 0x00, 0x00, 0x00, 0x00, 0x00,
    0x00, 0x00, 0x00, 0x00, 0x00, 0x00, 0x00, 0x00, 0x00, 0x00, 0x00, 0x00, 0x00, 0x00, 0x00, 0x00,
    0x00, 0x07, 0xFF, 0x01, 0x00, 0x00, 0x00, 0x7F, 0x9F, 0x34, 0x97, 0xBF, 0xEE, 0xFF, 0xFF, 0xF1,
    0xFF, 0xFF, 0xF8, 0xFF, 0xFF, 0xFC, 0xFF, 0xFF, 0xFE, 0xAF, 0xDF, 0xFF, 0x7F, 0x9F, 0xFD, 0x77,
    0x7F, 0xDD, 0x9F, 0x9F, 0xA6, 0xD7, 0xDF, 0x65, 0xFF, 0xFF, 0x29, 0xFF, 0xFF, 0x03, 0x00, 0x00,
    0x00, 0x07, 0xFF, 0x01, 0x00, 0x00, 0x00, 0x00, 0x00, 0x00, 0x00, 0x00, 0x00, 0x00, 0x00, 0x00,
    0x00, 0x00, 0x00, 0x00, 0x00, 0x00, 0x00, 0x00, 0x00, 0x00, 0x00, 0x00, 0x00, 0x00, 0x00, 0x00,
    0x00, 0x00, 0x00, 0x00, 0x00, 0x00, 0x00, 0x00, 0x00, 0x00, 0x00, 0x00, 0x00, 0x00, 0x00, 0x00,
    0x00, 0x00, 0x00, 0x00, 0x00, 0x00, 0x00, 0x00, 0x00, 0x00, 0x00, 0x00, 0x00, 0x00, 0x00, 0x00,
    0x00, 0x00, 0x00, 0x00, 0x00, 0x00, 0x00, 0x00, 0x00, 0x00, 0x00, 0x00, 0x00, 0x00, 0x00, 0x00,
    0x00, 0x00, 0x00, 0x00, 0x00, 0x00, 0x00, 0x00, 0x00, 0x00, 0x00, 0x00, 0x00, 0x00, 0x00, 0x00,
    0x00, 0x00, 0x00, 0x00, 0x00, 0x00, 0x00, 0x00, 0x00, 0x00, 0x00, 0x00, 0x00, 0x00, 0x00, 0x00,
    0x00, 0x00, 0x00, 0x00, 0x00, 0x00, 0x00, 0x00, 0x00, 0x00, 0x00, 0x00, 0x00, 0x00, 0x00, 0x00,
    0x00, 0x00, 0x00, 0x00, 0x00, 0x00, 0x00, 0x00, 0x00, 0x00, 0x00, 0x00, 0x00, 0x00, 0x00, 0x00,
    0x00, 0x00, 0x00, 0x00, 0x00, 0x00, 0x00, 0x00, 0x00, 0x00, 0x00, 0x00, 0x00, 0x00, 0x00, 0x00,
    0x00, 0x00, 0x00, 0x00, 0x00, 0x00, 0x00, 0x00, 0x00, 0x00, 0x00, 0x00, 0x00, 0x00, 0x00, 0x00,
    0x00, 0x00, 0x00, 0x00, 0x00, 0x00, 0x00, 0x00, 0x00, 0x00, 0x00, 0x00, 0x00, 0x00, 0x00, 0x00,
    0x00, 0x00, 0x00, 0x00, 0x00, 0x00, 0x00, 0x00, 0x00, 0x00, 0x00, 0x00, 0x00, 0x00, 0x00, 0x00,
    0x00, 0x00, 0x00, 0x00, 0x00, 0x00, 0x00, 0x00, 0x00, 0x00, 0x00, 0x00, 0x00, 0x00, 0x00, 0x00,
    0x00, 0x00, 0x00, 0x00, 0x00, 0x00, 0x00, 0x00, 0x00, 0x00, 0x00, 0x00, 0x00, 0x00, 0x00, 0x00,
    0x00, 0x07, 0xFF, 0x01, 0x00, 0x00, 0x00, 0xF7, 0xFF, 0x22, 0x87, 0x9F, 0xC0, 0x9F, 0xFF, 0xFF,
    0xDF, 0xFF, 0xFF, 0xB7, 0xDF, 0xFF, 0x7F, 0x9F, 0xF0, 0x6F, 0x7F, 0xD5, 0xAF, 0x9F, 0xA6, 0xEF,
    0xDF, 0x57, 0xFF, 0xFE, 0x11, 0x00, 0x00, 0x00, 0x00, 0x00, 0x00, 0x00, 0x00, 0x00, 0xFF, 0xFF,
    0x01, 0x00, 0x00, 0x00, 0x00, 0x00, 0x00, 0x00, 0x00, 0x00, 0x00, 0x00, 0x00, 0x00, 0x00, 0x00,
    0x00, 0x00, 0x00, 0x00, 0x00, 0x00, 0x00, 0x00, 0x00, 0x00, 0x00, 0x00, 0x00, 0x00, 0x00, 0x00,
    0x00, 0x00, 0x00, 0x00, 0x00, 0x00, 0x00, 0x00, 0x00, 0x00, 0x00, 0x00, 0x00, 0x00, 0x00, 0x00,
    0x00, 0x00, 0x00, 0x00, 0x00, 0x00, 0x00, 0x00, 0x00, 0x00, 0x00, 0x00, 0x00, 0x00, 0x00, 0x00,
    0x00, 0x00, 0x00, 0x00, 0x00, 0x00, 0x00, 0x00, 0x00, 0x00, 0x00, 0x00, 0x00, 0x00, 0x00, 0x00,
    0x00, 0x00, 0x00, 0x00, 0x00, 0x00, 0x00, 0x00, 0x00, 0x00, 0x00, 0x00, 0x00, 0x00, 0x00, 0x00,
    0x00, 0x00, 0x00, 0x00, 0x00, 0x00, 0x00, 0x00, 0x00, 0x00, 0x00, 0x00, 0x00, 0x00, 0x00, 0x00,
    0x00, 0x00, 0x00, 0x00, 0x00, 0x00, 0x00, 0x00, 0x00, 0x00, 0x00, 0x00, 0x00, 0x00, 0x00, 0x00,
    0x00, 0x00, 0x00, 0x00, 0x00, 0x00, 0x00, 0x00, 0x00, 0x00, 0x00, 0x00, 0x00, 0x00, 0x00, 0x00,
    0x00, 0x00, 0x00, 0x00, 0x00, 0x00, 0x00, 0x00, 0x00, 0x00, 0x00, 0x00, 0x00, 0x00, 0x00, 0x00,
    0x00, 0x00, 0x00, 0x00, 0x00, 0x00, 0x00, 0x00, 0x00, 0x00, 0x00, 0x00, 0x00, 0x00, 0x00, 0x00,
    0x00, 0x00, 0x00, 0x00, 0x00, 0x00, 0x00, 0x00, 0x00, 0x00, 0x00, 0x00, 0x00, 0x00, 0x00, 0x00,
    0x00, 0x00, 0x00, 0x00, 0x00, 0x00, 0x00, 0x00, 0x00, 0x00, 0x00, 0x00, 0x00, 0x00, 0x00, 0x00,
    0x00, 0x00, 0x00, 0x00, 0x00, 0x00, 0x00, 0x00, 0x00, 0x00, 0x00, 0x00, 0x00, 0x00, 0x00, 0x00,
    0x00, 0x00, 0x00, 0x00, 0x00, 0x00, 0x00, 0x00, 0x00, 0x00, 0x00, 0x00, 0x00, 0x00, 0x00, 0x00,
    0x00, 0x00, 0x00, 0x00, 0x00, 0x00, 0x00, 0xFF, 0xFF, 0x05, 0xEF, 0xDF, 0x39, 0x97, 0x9F, 0x8F,
    0x7F, 0x7F, 0xA0, 0x77, 0x5E, 0x83, 0x9F, 0x7E, 0x62, 0xFF, 0xFF, 0x44, 0xFF, 0xFF, 0x22, 0xFF,
    0xFF, 0x04, 0x00, 0x00, 0x00, 0x07, 0xFF, 0x01, 0x07, 0xFF, 0x01, 0x00, 0x00, 0x00, 0x00, 0x00,
    0x00, 0x00, 0x00, 0x00, 0x00, 0x00, 0x00, 0x00, 0x00, 0x00, 0x00, 0x00, 0x00, 0x00, 0x00, 0x00,
    0x00, 0x00, 0x00, 0x00, 0x00, 0x00, 0x00, 0x00, 0x00, 0x00, 0x00, 0x00, 0x00, 0x00, 0x00, 0x00,
    0x00, 0x00, 0x00, 0x00, 0x00, 0x00, 0x00, 0x00, 0x00, 0x00, 0x00, 0x00, 0x00, 0x00, 0x00, 0x00,
    0x00, 0x00, 0x00, 0x00, 0x00, 0x00, 0x00, 0x00, 0x00, 0x00, 0x00, 0x00, 0x00, 0x00, 0x00, 0x00,
    0x00, 0x00, 0x00, 0x00, 0x00, 0x00, 0x00, 0x00, 0x00, 0x00, 0x00, 0x00, 0x00, 0x00, 0x00, 0x00,
    0x00, 0x00, 0x00, 0x00, 0x00, 0x00, 0x00, 0x00, 0x00, 0x00, 0x00, 0x00, 0x00, 0x00, 0x00, 0x00,
    0x00, 0x00, 0x00, 0x00, 0x00, 0x00, 0x00, 0x00, 0x00, 0x00, 0x00, 0x00, 0x00, 0x00, 0x00, 0x00,
    0x00, 0x00, 0x00, 0x00, 0x00, 0x00, 0x00, 0x00, 0x00, 0x00, 0x00, 0x00, 0x00, 0x00, 0x00, 0x00,
    0x00, 0x00, 0x00, 0x00, 0x00, 0x00, 0x00, 0x00, 0x00, 0x00, 0x00, 0x00, 0x00, 0x00, 0x00, 0x00,
    0x00, 0x00, 0x00, 0x00, 0x00, 0x00, 0x00, 0x00, 0x00, 0x00, 0x00, 0x00, 0x00, 0x00, 0x00, 0x00,
    0x00, 0x00, 0x00, 0x00, 0x00, 0x00, 0x00, 0x00, 0x00, 0x00, 0x00, 0x00, 0x00, 0x00, 0x00, 0x00,
    0x00, 0x00, 0x00, 0x00, 0x00, 0x00, 0x00, 0x00, 0x00, 0x00, 0x00, 0x00, 0x00, 0x00, 0x00, 0x00,
    0x00, 0x00, 0x00, 0x00, 0x00, 0x00, 0x00, 0x00, 0x00, 0x00, 0x00, 0x00, 0x00, 0x00, 0x00, 0x00,
    0x00, 0x00, 0x00, 0x00, 0x00, 0x00, 0x00, 0x00, 0x00, 0x00, 0x00, 0x00, 0x00, 0x00, 0x00, 0x00,
    0x00, 0x00, 0x00, 0x00, 0x00, 0x00, 0x00, 0x00, 0x00, 0x00, 0x00, 0x00, 0x00, 0x00, 0x00, 0x00,
    0x00, 0x00, 0x00, 0x00, 0x00, 0x00, 0x00, 0x00, 0x00, 0x00, 0x00, 0x00, 0x00, 0xFF, 0xFF, 0x03,
    0xFF, 0xFF, 0x08, 0xFF, 0xFF, 0x02, 0x00, 0x00, 0x00, 0x07, 0xFF, 0x01, 0x00, 0x00, 0x00, 0x00,
    0x00, 0x00, 0xFF, 0xFF, 0x01, 0x00, 0x00, 0x00, 0x00, 0x00, 0x00, 0x00, 0x00, 0x00, 0x00, 0x00,
    0x00, 0x00, 0x00, 0x00, 0x00, 0x00, 0x00, 0x00, 0x00, 0x00, 0x00, 0x00, 0x00, 0x00, 0x00, 0x00,
    0x00, 0x00, 0x00, 0x00, 0x00, 0x00, 0x00, 0x00, 0x00, 0x00, 0x00, 0x00, 0x00, 0x00, 0x00, 0x00,
    0x00, 0x00, 0x00, 0x00, 0x00, 0x00, 0x00, 0x00, 0x00, 0x00, 0x00, 0x00, 0x00, 0x00, 0x00, 0x00,
    0x00, 0x00, 0x00, 0x00, 0x00, 0x00, 0x00, 0x00, 0x00, 0x00, 0x00, 0x00, 0x00, 0x00, 0x00, 0x00,
    0x00, 0x00, 0x00, 0x00, 0x00, 0x00, 0x00, 0x00, 0x00, 0x00, 0x00, 0x00, 0x00, 0x00, 0x00, 0x00,
    0x00, 0x00, 0x00, 0x00, 0x00, 0x00, 0x00, 0x00, 0x00, 0x00, 0x00, 0x00, 0x00, 0x00, 0x00, 0x00,
    0x00, 0x00, 0x00, 0x00, 0x00, 0x00, 0x00, 0x00, 0x00, 0x00, 0x00, 0x00, 0x00, 0x00, 0x00, 0x00,
    0x00, 0x00, 0x00, 0x00, 0x00, 0x00, 0x00, 0x00, 0x00, 0x00, 0x00, 0x00, 0x00, 0x00, 0x00, 0x00,
    0x00, 0x00, 0x00, 0x00, 0x00, 0x00, 0x00, 0x00, 0x00, 0x00, 0x00, 0x00, 0x00, 0x00, 0x00, 0x00,
    0x00, 0x00, 0x00, 0x00, 0x00, 0x00, 0x00, 0x00, 0x00, 0x00, 0x00, 0x00, 0x00, 0x00, 0x00, 0x00,
    0x00, 0x00, 0x00, 0x00, 0x00, 0x00, 0x00, 0x00, 0x00, 0x00, 0x00, 0x00, 0x00, 0x00, 0x00, 0x00,
    0x00, 0x00, 0x00, 0x00, 0x00, 0x00, 0x00, 0x00, 0x00, 0x00, 0x00, 0x00, 0x00, 0x00, 0x00, 0x00,
    0x00, 0x00, 0x00, 0x00, 0x00, 0x00, 0x00, 0x00, 0x00, 0x00, 0x00, 0x00, 0x00, 0x00, 0x00, 0x00,
    0x00, 0x00, 0x00, 0x00, 0x00, 0x00, 0x00, 0x00, 0x00, 0x00, 0x00, 0x00, 0x00, 0x00, 0x00, 0x00,
    0x00, 0x00, 0x00, 0x00, 0x00, 0x00, 0x00, 0x00, 0x00, 0x00, 0x00, 0x00, 0x00, 0x00, 0x00, 0x00,
    0x00, 0x00, 0x00, 0x00, 0x00, 0x00, 0x00, 0x00, 0x00, 0x00, 0xFF, 0xFF, 0x01, 0x07, 0xFF, 0x01,
    0x7F, 0xFF, 0x04, 0x07, 0xFF, 0x02, 0x07, 0xFF, 0x01, 0x07, 0xFF, 0x01, 0xFF, 0xFF, 0x01, 0x00,
    0x00, 0x00, 0x00, 0x00, 0x00, 0x00, 0x00, 0x00, 0x00, 0x00, 0x00, 0x00, 0x00, 0x00, 0x00, 0x00,
    0x00, 0x00, 0x00, 0x00, 0x00, 0x00, 0x00, 0x00, 0x00, 0x00, 0x00, 0x00, 0x00, 0x00, 0x00, 0x00,
    0x00, 0x00, 0x00, 0x00, 0x00, 0x00, 0x00, 0x00, 0x00, 0x00, 0x00, 0x00, 0x00, 0x00, 0x00, 0x00,
    0x00, 0x00, 0x00, 0x00, 0x00, 0x00, 0x00, 0x00, 0x00, 0x00, 0x00, 0x00, 0x00, 0x00, 0x00, 0x00,
    0x00, 0x00, 0x00, 0x00, 0x00, 0x00, 0x00, 0x00, 0x00, 0x00, 0x00, 0x00, 0x00, 0x00, 0x00, 0x00,
    0x00, 0x00, 0x00, 0x00, 0x00, 0x00, 0x00, 0x00, 0x00, 0x00, 0x00, 0x00, 0x00, 0x00, 0x00, 0x00,
    0x00, 0x00, 0x00, 0x00, 0x00, 0x00, 0x00, 0x00, 0x00, 0x00, 0x00, 0x00, 0x00, 0x00, 0x00, 0x00,
    0x00, 0x00, 0x00, 0x00, 0x00, 0x00, 0x00, 0x00, 0x00, 0x00, 0x00, 0x00, 0x00, 0x00, 0x00, 0x00,
    0x00, 0x00, 0x00, 0x00, 0x00, 0x00, 0x00, 0x00, 0x00, 0x00, 0x00, 0x00, 0x00, 0x00, 0x00, 0x00,
    0x00, 0x00, 0x00, 0x00, 0x00, 0x00, 0x00, 0x00, 0x00, 0x00, 0x00, 0x00, 0x00, 0x00, 0x00, 0x00,
    0x00, 0x00, 0x00, 0x00, 0x00, 0x00, 0x00, 0x00, 0x00, 0x00, 0x00, 0x00, 0x00, 0x00, 0x00, 0x00,
    0x00, 0x00, 0x00, 0x00, 0x00, 0x00, 0x00, 0x00, 0x00, 0x00, 0x00, 0x00, 0x00, 0x00, 0x00, 0x00,
    0x00, 0x00, 0x00, 0x00, 0x00, 0x00, 0x00, 0x00, 0x00, 0x00, 0x00, 0x00, 0x00, 0x00, 0x00, 0x00,
    0x00, 0x00, 0x00, 0x00, 0x00, 0x00, 0x00, 0x00, 0x00, 0x00, 0x00, 0x00, 0x00, 0x00, 0x00, 0x00,
    0x00, 0x00, 0x00, 0x00, 0x00, 0x00, 0x00, 0x00, 0x00, 0x00, 0x00, 0x00, 0x00, 0x00, 0x00, 0x00,
    0x00, 0x00, 0x00, 0x00, 0x00, 0x00, 0x00, 0x00, 0x00, 0x00, 0x00, 0x00, 0x00, 0x00, 0x00, 0x00,
    0x00, 0x00, 0x00, 0x00, 0x00, 0x00, 0x00, 0x00, 0x00, 0x00, 0x00, 0x00, 0x00, 0x07, 0xFF, 0x01,
    0x00, 0x00, 0x00, 0x00, 0x00, 0x00, 0x00, 0x00, 0x00, 0x00, 0x00, 0x00, 0x00, 0x00, 0x00, 0x00,
    0x00, 0x00, 0x00, 0x00, 0x00, 0x00, 0x00, 0x00, 0x00, 0x00, 0x00, 0x00, 0x00, 0x00, 0x00, 0x00,
    0x00, 0x00, 0x00, 0x00, 0x00, 0x00, 0x00, 0x00, 0x00, 0x00, 0x00, 0x00, 0x00, 0x00, 0x00, 0x00,
    0x00, 0x00, 0x00, 0x00, 0x00, 0x00, 0x00, 0x00, 0x00, 0x00, 0x00, 0x00, 0x00, 0x00, 0x00, 0x00,
    0x00, 0x00, 0x00, 0x00, 0x00, 0x00, 0x00, 0x00, 0x00, 0x00, 0x00, 0x00, 0x00, 0x00, 0x00, 0x00,
    0x00, 0x00, 0x00, 0x00, 0x00, 0x00, 0x00, 0x00, 0x00, 0x00, 0x00, 0x00, 0x00, 0x00, 0x00, 0x00,
    0x00, 0x00, 0x00, 0x00, 0x00, 0x00, 0x00, 0x00, 0x00, 0x00, 0x00, 0x00, 0x00, 0x00, 0x00, 0x00,
    0x00, 0x00, 0x00, 0x00, 0x00, 0x00, 0x00, 0x00, 0x00, 0x00, 0x00, 0x00, 0x00, 0x00, 0x00, 0x00,
    0x00, 0x00, 0x00, 0x00, 0x00, 0x00, 0x00, 0x00, 0x00, 0x00, 0x00, 0x00, 0x00, 0x00, 0x00, 0x00,
    0x00, 0x00, 0x00, 0x00, 0x00, 0x00, 0x00, 0x00, 0x00, 0x00, 0x00, 0x00, 0x00, 0x00, 0x00, 0x00,
    0x00, 0x00, 0x00, 0x00, 0x00, 0x00, 0x00, 0x00, 0x00, 0x00, 0x00, 0x00, 0x00, 0x00, 0x00, 0x00,
    0x00, 0x00, 0x00, 0x00, 0x00, 0x00, 0x00, 0x00, 0x00, 0x00, 0x00, 0x00, 0x00, 0x00, 0x00, 0x00,
    0x00, 0x00, 0x00, 0x00, 0x00, 0x00, 0x00, 0x00, 0x00, 0x00, 0x00, 0x00, 0x00, 0x00, 0x00, 0x00,
    0x00, 0x00, 0x00, 0x00, 0x00, 0x00, 0x00, 0x00, 0x00, 0x00, 0x00, 0x00, 0x00, 0x00, 0x00, 0x00,
    0x00, 0x00, 0x00, 0x00, 0x00, 0x00, 0x00, 0x00, 0x00, 0x00, 0x00, 0x00, 0x00, 0x00, 0x00, 0x00,
    0x00, 0x00, 0x00, 0x00, 0x00, 0x00, 0x00, 0x00, 0x00, 0x00, 0x00, 0x00, 0x00, 0x00, 0x00, 0x00,
    0x00, 0x00, 0x00, 0x00, 0x00, 0x00, 0x00, 0x00, 0x00, 0x00, 0x00, 0x00, 0x00, 0x00, 0x00, 0x00,
    0x00, 0x00, 0x00, 0x00, 0x00, 0x00, 0x00, 0x00, 0x00, 0x00, 0x00, 0x00, 0x00, 0x00, 0x00, 0x00,
    0x00, 0x00, 0x00, 0x00, 0x00, 0x00, 0x00, 0x00, 0x00, 0x00, 0x00, 0x00, 0x00, 0x00, 0x00, 0x00,
    0x00, 0x00, 0x00, 0x00, 0x00, 0x00, 0x00, 0x00, 0x00, 0x00, 0x00, 0x00, 0x00, 0x00, 0x00, 0x00,
    0x00, 0x00, 0x00, 0x00, 0x00, 0x00, 0x00, 0x00, 0x00, 0x00, 0x00, 0x00, 0x00, 0x00, 0x00, 0x00,
    0x00, 0x00, 0x00, 0x00, 0x00, 0x00, 0x00, 0x00, 0x00, 0x00, 0x00, 0x00, 0x00, 0x00, 0x00, 0x00,
    0x00, 0x00, 0x00, 0x00, 0x00, 0x00, 0x00, 0x00, 0x00, 0x00, 0x00, 0x00, 0x00, 0x00, 0x00, 0x00,
    0x00, 0x00, 0x00, 0x00, 0x00, 0x00, 0x00, 0x00, 0x00, 0x00, 0x00, 0x00, 0x00, 0x00, 0x00, 0x00,
    0x00, 0x00, 0x00, 0x00, 0x00, 0x00, 0x00, 0x00, 0x00, 0x00, 0x00, 0x00, 0x00, 0x00, 0x00, 0x00,
    0x00, 0x00, 0x00, 0x00, 0x00, 0x00, 0x00, 0x00, 0x00, 0x00, 0x00, 0x00, 0x00, 0x00, 0x00, 0x00,
    0x00, 0x00, 0x00, 0x00, 0x00, 0x00, 0x00, 0x00, 0x00, 0x00, 0x00, 0x00, 0x00, 0x00, 0x00, 0x00,
    0x00, 0x00, 0x00, 0x00, 0x00, 0x00, 0x00, 0x00, 0x00, 0x00, 0x00, 0x00, 0x00, 0x00, 0x00, 0x00,
    0x00, 0x00, 0x00, 0x00, 0x00, 0x00, 0x00, 0x00, 0x00, 0x00, 0x00, 0x00, 0x00, 0x00, 0x00, 0x00,
    0x00, 0x00, 0x00, 0x00, 0x00, 0x00, 0x00, 0x00, 0x00, 0x00, 0x00, 0x00, 0x00, 0x00, 0x00, 0x00,
    0x00, 0x00, 0x00, 0x00, 0x00, 0x00, 0x00, 0x00, 0x00, 0x00, 0x00, 0x00, 0x00, 0x00, 0x00, 0x00,
    0x00, 0x00, 0x00, 0x00, 0x00, 0x00, 0x00, 0x00, 0x00, 0x00, 0x00, 0x00, 0x00, 0x00, 0x00, 0x00,
    0x00, 0x00, 0x00, 0x00, 0x00, 0x00, 0x00, 0x00, 0x00, 0x00, 0x00, 0x00, 0x00, 0x00, 0x00, 0x00,
    0x00, 0x00, 0x00, 0x00, 0x00, 0x00, 0x00, 0x00, 0x00, 0x00, 0x00, 0x00, 0x00, 0x00, 0x00, 0x00,
    0x00, 0x00, 0x00, 0x00, 0x00, 0x00, 0x00, 0x00, 0x00, 0x00, 0x00, 0x00, 0x00, 0x00, 0x00, 0x00,
    0x00, 0x00, 0x00, 0x00, 0x00, 0x00, 0x00, 0x00, 0x00, 0x00, 0x00, 0x00, 0x00, 0x00, 0x00, 0x00,
    0x00, 0x00, 0x00, 0x00, 0x00, 0x00, 0x00, 0x00, 0x00, 0x00, 0x00, 0x00, 0x00, 0x00, 0x00, 0x00,
    0x00, 0x00, 0x00, 0x00, 0x00, 0x00, 0x00, 0x00, 0x00, 0x00, 0x00, 0x00, 0x00, 0x00, 0x00, 0x00,
    0x00, 0x00, 0x00, 0x00, 0x00, 0x00, 0x00, 0x00, 0x00, 0x00, 0x00, 0x00, 0x00, 0x00, 0x00, 0x00,
    0x00, 0x00, 0x00, 0x00, 0x00, 0x00, 0x00, 0x00, 0x00, 0x00, 0x00, 0x00, 0x00, 0x00, 0x00, 0x00,
    0x00, 0x00, 0x00, 0x00, 0x00, 0x00, 0x00, 0x00, 0x00, 0x00, 0x00, 0x00, 0x00, 0x00, 0x00, 0x00,
    0x00, 0x00, 0x00, 0x00, 0x00, 0x00, 0x00, 0x00, 0x00, 0x00, 0x00, 0x00, 0x00, 0x00, 0x00, 0x00,
    0x00, 0x00, 0x00, 0x00, 0x00, 0x00, 0x00, 0x00, 0x00, 0x00, 0x00, 0x00, 0x00, 0x00, 0x00, 0x00,
    0x00, 0x00, 0x00, 0x00, 0x00, 0x00, 0x00, 0x00, 0x00, 0x00, 0x00, 0x00, 0x00, 0x00, 0x00, 0x00,
    0x00, 0x00, 0x00, 0x00, 0x00, 0x00, 0x00, 0x00, 0x00, 0x00, 0x00, 0x00, 0x00, 0x00, 0x00, 0x00,
    0x00, 0x00, 0x00, 0x00, 0x00, 0x00, 0x00, 0x00, 0x00, 0x00, 0x00, 0x00, 0x00, 0x00, 0x00, 0x00,
    0x00, 0x00, 0x00, 0x00, 0x00, 0x00, 0x00, 0x00, 0x00, 0x00, 0x00, 0x00, 0x00, 0x00, 0x00, 0x00,
    0x00, 0x00, 0x00, 0x00, 0x00, 0x00, 0x00, 0x00, 0x00, 0x00, 0x00, 0x00, 0x00, 0x00, 0x00, 0x00,
    0x00, 0x00, 0x00, 0x00, 0x00, 0x00, 0x00, 0x00, 0x00, 0x00, 0x00, 0x00, 0x00, 0x00, 0x00, 0x00,
    0x00, 0x00, 0x00, 0x00, 0x00, 0x00, 0x00, 0x00, 0x00, 0x00, 0x00, 0x00, 0x00, 0x00, 0x00, 0x00,
    0x00, 0x00, 0x00, 0x00, 0x00, 0x00, 0x00, 0x00, 0x00, 0x00, 0x00, 0x00, 0x00, 0x00, 0x00, 0x00,
    0x00, 0x00, 0x00, 0x00, 0x00, 0x00, 0x00, 0x00, 0x00, 0x00, 0x00, 0x00, 0x00, 0x00, 0x00, 0x00,
    0x00, 0x00, 0x00, 0x00, 0x00, 0x00, 0x00, 0x00, 0x00, 0x00, 0x00, 0x00, 0x00, 0x00, 0x00, 0x00,
    0x00, 0x00, 0x00, 0x00, 0x00, 0x00, 0x00, 0x00, 0x00, 0x00, 0x00, 0x00, 0x00, 0x00, 0x00, 0x00,
    0x00, 0x00, 0x00, 0x00, 0x00, 0x00, 0x00, 0x00, 0x00, 0x00, 0x00, 0x00, 0x00, 0x00, 0x00, 0x00,
    0x00, 0x00, 0x00, 0x00, 0x00, 0x00, 0x00, 0x00, 0x00, 0x00, 0x00, 0x00, 0x00, 0x00, 0x00, 0x00,
    0x00, 0x00, 0x00, 0x00, 0x00, 0x00, 0x00, 0x00, 0x00, 0x00, 0x00, 0x00, 0x00, 0x00, 0x00, 0x00,
    0x00, 0x00, 0x00, 0x00, 0x00, 0x00, 0x00, 0x00, 0x00, 0x00, 0x00, 0x00, 0x00, 0x00, 0x00, 0x00,
    0x00, 0x00, 0x00, 0x00, 0x00, 0x00, 0x00, 0x00, 0x00, 0x00, 0x00, 0x00, 0x00, 0x00, 0x00, 0x00,
    0x00, 0x00, 0x00, 0x00, 0x00, 0x00, 0x00, 0x00, 0x00, 0x00, 0x00, 0x00, 0x00, 0x00, 0x00, 0x00,
    0x00, 0x00, 0x00, 0x00, 0x00, 0x00, 0x00, 0x00, 0x00, 0x00, 0x00, 0x00, 0x00, 0x00, 0x00, 0x00,
    0x00, 0x00, 0x00, 0x00, 0x00, 0x00, 0x00, 0x00, 0x00, 0x00, 0x00, 0x00, 0x00, 0x00, 0x00, 0x00,
    0x00, 0x00, 0x00, 0x00, 0x00, 0x00, 0x00, 0x00, 0x00, 0x00, 0x00, 0x00, 0x00, 0x00, 0x00, 0x00,
    0x00, 0x00, 0x00, 0x00, 0x00, 0x00, 0x00, 0x00, 0x00, 0x00, 0x00, 0x00, 0x00, 0x00, 0x00, 0x00,
    0x00, 0x00, 0x00, 0x00, 0x00, 0x00, 0x00, 0x00, 0x00, 0x00, 0x00, 0x00, 0x00, 0x00, 0x00, 0x00,
    0x00, 0x00, 0x00, 0x00, 0x00, 0x00, 0x00, 0x00, 0x00, 0x00, 0x00, 0x00, 0x00, 0x00, 0x00, 0x00,
    0x00, 0x00, 0x00, 0x00, 0x00, 0x00, 0x00, 0x00, 0x00, 0x00, 0x00, 0x00, 0x00, 0x00, 0x00, 0x00,
    0x00, 0x00, 0x00, 0x00, 0x00, 0x00, 0x00, 0x00, 0x00, 0x00, 0x00, 0x00, 0x00, 0x00, 0x00, 0x00,
    0x00, 0x00, 0x00, 0x00, 0x00, 0x00, 0x00, 0x00, 0x00, 0x00, 0x00, 0x00, 0x00, 0x00, 0x00, 0x00,
    0x00, 0x00, 0x00, 0x00, 0x00, 0x00, 0x00, 0x00, 0x00, 0x00, 0x00, 0x00, 0x00, 0x00, 0x00, 0x00,
    0x00, 0x00, 0x00, 0x00, 0x00, 0x00, 0x00, 0x00, 0x00, 0x00, 0x00, 0x00, 0x00, 0x00, 0x00, 0x00,
    0x00, 0x00, 0x00, 0x00, 0x00, 0x00, 0x00, 0x00, 0x00, 0x00, 0x00, 0x00, 0x00, 0x00, 0x00, 0x00,
    0x00, 0x00, 0x00, 0x00, 0x00, 0x00, 0x00, 0x00, 0x00, 0x00, 0x00, 0x00, 0x00, 0x00, 0x00, 0x00,
    0x00, 0x00, 0x00, 0x00, 0x00, 0x00, 0x00, 0x00, 0x00, 0x00, 0x00, 0x00, 0x00, 0x00, 0x00, 0x00,
    0x00, 0x00, 0x00, 0x00, 0x00, 0x00, 0x00, 0x00, 0x00, 0x00, 0x00, 0x00, 0x00, 0x00, 0x00, 0x00,
    0x00, 0x00, 0x00, 0x00, 0x00, 0x00, 0x00, 0x00, 0x00, 0x00, 0x00, 0x00, 0x00, 0x00, 0x00, 0x00,
    0x00, 0x00, 0x00, 0x00, 0x00, 0x00, 0x00, 0x00, 0x00, 0x00, 0x00, 0x00, 0x00, 0x00, 0x00, 0x00,
    0x00, 0x00, 0x00, 0x00, 0x00, 0x00, 0x00, 0x00, 0x00, 0x00, 0x00, 0x00, 0x00, 0x00, 0x00, 0x00,
    0x00, 0x00, 0x00, 0x00, 0x00, 0x00, 0x00, 0x00, 0x00, 0x00, 0x00, 0x00, 0x00, 0x00, 0x00, 0x00,
    0x00, 0x00, 0x00, 0x00, 0x00, 0x00, 0x00, 0x00, 0x00, 0x00, 0x00, 0x00, 0x00, 0x00, 0x00, 0x00,
    0x00, 0x00, 0x00, 0x00, 0x00, 0x00, 0x00, 0x00, 0x00, 0x00, 0x00, 0x00, 0x00, 0x00, 0x00, 0x00,
    0x00, 0x00, 0x00, 0x00, 0x00, 0x00, 0x00, 0x00, 0x00, 0x00, 0x00, 0x00, 0x00, 0x00, 0x00, 0x00,
    0x00, 0x00, 0x00, 0x00, 0x00, 0x00, 0x00, 0x00, 0x00, 0x00, 0x00, 0x00, 0x00, 0x00, 0x00, 0x00,
    0x00, 0x00, 0x00, 0x00, 0x00, 0x00, 0x00, 0x00, 0x00, 0x00, 0x00, 0x00, 0x00, 0x00, 0x00, 0x00,
    0x00, 0x00, 0x00, 0x00, 0x00, 0x00, 0x00, 0x00, 0x00, 0x00, 0x00, 0x00, 0x00, 0x00, 0x00, 0x00,
    0x00, 0x00, 0x00, 0x00, 0x00, 0x00, 0x00, 0x00, 0x00, 0x00, 0x00, 0x00, 0x00, 0x00, 0x00, 0x00,
    0x00, 0x00, 0x00, 0x00, 0x00, 0x00, 0x00, 0x00, 0x00, 0x00, 0x00, 0x00, 0x00, 0x00, 0x00, 0x00,
    0x00, 0x00, 0x00, 0x00, 0x00, 0x00, 0x00, 0x00, 0x00, 0x00, 0x00, 0x00, 0x00, 0x00, 0x00, 0x00,
    0x00, 0x00, 0x00, 0x00, 0x00, 0x00, 0x00, 0x00, 0x00, 0x00, 0x00, 0x00, 0x00, 0x00, 0x00, 0x00,
    0x00, 0x00, 0x00, 0x00, 0x00, 0x00, 0x00, 0x00, 0x00, 0x00, 0x00, 0x00, 0x00, 0x00, 0x00, 0x00,
    0x00, 0x00, 0x00, 0x00, 0x00, 0x00, 0x00, 0x00, 0x00, 0x00, 0x00, 0x00, 0x00, 0x00, 0x00, 0x00,
    0x00, 0x00, 0x00, 0x00, 0x00, 0x00, 0x00, 0x00, 0x00, 0x00, 0x00, 0x00, 0x00, 0x00, 0x00, 0x00,
    0x00, 0x00, 0x00, 0x00, 0x00, 0x00, 0x00, 0x00, 0x00, 0x00, 0x00, 0x00, 0x00, 0x00, 0x00, 0x00,
    0x00, 0x00, 0x00, 0x00, 0x00, 0x00, 0x00, 0x00, 0x00, 0x00, 0x00, 0x00, 0x00, 0x00, 0x00, 0x00,
    0x00, 0x00, 0x00, 0x00, 0x00, 0x00, 0x00, 0x00, 0x00, 0x00, 0x00, 0x00, 0x00, 0x00, 0x00, 0x00,
    0x00, 0x00, 0x00, 0x00, 0x00, 0x00, 0x00, 0x00, 0x00, 0x00, 0x00, 0x00, 0x00, 0x00, 0x00, 0x00,
    0x00, 0x00, 0x00, 0x00, 0x00, 0x00, 0x00, 0x00, 0x00, 0x00, 0x00, 0x00, 0x00, 0x00, 0x00, 0x00,
    0x00, 0x00, 0x00, 0x00, 0x00, 0x00, 0x00, 0x00, 0x00, 0x00, 0x00, 0x00, 0x00, 0x00, 0x00, 0x00,
    0x00, 0x00, 0x00, 0x00, 0x00, 0x00, 0x00, 0x00, 0x00, 0x00, 0x00, 0x00, 0x00, 0x00, 0x00, 0x00,
    0x00, 0x00, 0x00, 0x00, 0x00, 0x00, 0x00, 0x00, 0x00, 0x00, 0x00, 0x00, 0x00, 0x00, 0x00, 0x00,
    0x00, 0x00, 0x00, 0x00, 0x00, 0x00, 0x00, 0x00, 0x00, 0x00, 0x00, 0x00, 0x00, 0x00, 0x00, 0x00,
    0x00, 0x00, 0x00, 0x00, 0x00, 0x00, 0x00, 0x00, 0x00, 0x00, 0x00, 0x00, 0x00, 0x00, 0x00, 0x00,
    0x00, 0x00, 0x00, 0x00, 0x00, 0x00, 0x00, 0x00, 0x00, 0x00, 0x00, 0x00, 0x00, 0x00, 0x00, 0x00,
    0x00, 0x00, 0x00, 0x00, 0x00, 0x00, 0x00, 0x00, 0x00, 0x00, 0x00, 0x00, 0x00, 0x00, 0x00, 0x00,
    0x00, 0x00, 0x00, 0x00, 0x00, 0x00, 0x00, 0x00, 0x00, 0x00, 0x00, 0x00, 0x00, 0x00, 0x00, 0x00,
    0x00, 0x00, 0x00, 0x00, 0x00, 0x00, 0x00, 0x00, 0x00, 0x00, 0x00, 0x00, 0x00, 0x00, 0x00, 0x00,
    0x00, 0x00, 0x00, 0x00, 0x00, 0x00, 0x00, 0x00, 0x00, 0x00, 0x00, 0x00, 0x00, 0x00, 0x00, 0x00,
    0x00, 0x00, 0x00, 0x00, 0x00, 0x00, 0x00, 0x00, 0x00, 0x00, 0x00, 0x00, 0x00, 0x00, 0x00, 0x00,
    0x00, 0x00, 0x00, 0x00, 0x00, 0x00, 0x00, 0x00, 0x00, 0x00, 0x00, 0x00, 0x00, 0x00, 0x00, 0x00,
    0x00, 0x00, 0x00, 0x00, 0x00, 0x00, 0x00, 0x00, 0x00, 0x00, 0x00, 0x00, 0x00, 0x00, 0x00, 0x00,
    0x00, 0x00, 0x00, 0x00, 0x00, 0x00, 0x00, 0x00, 0x00, 0x00, 0x00, 0x00, 0x00, 0x00, 0x00, 0x00,
    0x00, 0x00, 0x00, 0x00, 0x00, 0x00, 0x00, 0x00, 0x00, 0x00, 0x00, 0x00, 0x00, 0x00, 0x00, 0x00,
    0x00, 0x00, 0x00, 0x00, 0x00, 0x00, 0x00, 0x00, 0x00, 0x00, 0x00, 0x00, 0x00, 0x00, 0x00, 0x00,
    0x00, 0x00, 0x00, 0x00, 0x00, 0x00, 0x00, 0x00, 0x00, 0x00, 0x00, 0x00, 0x00, 0x00, 0x00, 0x00,
    0x00, 0x00, 0x00, 0x00, 0x00, 0x00, 0x00, 0x00, 0x00, 0x00, 0x00, 0x00, 0x00, 0x00, 0x00, 0x00,
    0x00, 0x00, 0x00, 0x00, 0x00, 0x00, 0x00, 0x00, 0x00, 0x00, 0x00, 0x00, 0x00, 0x00, 0x00, 0x00,
    0x00, 0x00, 0x00, 0x00, 0x00, 0x00, 0x00, 0x00, 0x00, 0x00, 0x00, 0x00, 0x00, 0x00, 0x00, 0x00,
    0x00, 0x00, 0x00, 0x00, 0x00, 0x00, 0x00, 0x00, 0x00, 0x00, 0x00, 0x00, 0x00, 0x00, 0x00, 0x00,
    0x00, 0x00, 0x00, 0x00, 0x00, 0x00, 0x00, 0x00, 0x00, 0x00, 0x00, 0x00, 0x00, 0x00, 0x00, 0x00,
    0x00, 0x00, 0x00, 0x00, 0x00, 0x00, 0x00, 0x00, 0x00, 0x00, 0x00, 0x00, 0x00, 0x00, 0x00, 0x00,
    0x00, 0x00, 0x00, 0x00, 0x00, 0x00, 0x00, 0x00, 0x00, 0x00, 0x00, 0x00, 0x00, 0x00, 0x00, 0x00,
    0x00, 0x00, 0x00, 0x00, 0x00, 0x00, 0x00, 0x00, 0x00, 0x00, 0x00, 0x00, 0x00, 0x00, 0x00, 0x00,
    0x00, 0x00, 0x00, 0x00, 0x00, 0x00, 0x00, 0x00, 0x00, 0x00, 0x00, 0x00, 0x00, 0x00, 0x00, 0x00,
    0x00, 0x00, 0x00, 0x00, 0x00, 0x00, 0x00, 0x00, 0x00, 0x00, 0x00, 0x00, 0x00, 0x00, 0x00, 0x00,
    0x00, 0x00, 0x00, 0x00, 0x00, 0x00, 0x00, 0x00, 0x00, 0x00, 0x00, 0x00, 0x00, 0x00, 0x00, 0x00,
    0x00, 0x00, 0x00, 0x00, 0x00, 0x00, 0x00, 0x00, 0x00, 0x00, 0x00, 0x00, 0x00, 0x00, 0x00, 0x00,
    0x00, 0x00, 0x00, 0x00, 0x00, 0x00, 0x00, 0x00, 0x00, 0x00, 0x00, 0x00, 0x00, 0x00, 0x00, 0x00,
    0x00, 0x00, 0x00, 0x00, 0x00, 0x00, 0x00, 0x00, 0x00, 0x00, 0x00, 0x00, 0x00, 0x00, 0x00, 0x00,
    0x00, 0x00, 0x00, 0x00, 0x00, 0x00, 0x00, 0x00, 0x00, 0x00, 0x00, 0x00, 0x00, 0x00, 0x00, 0x00,
    0x00, 0x00, 0x00, 0x00, 0x00, 0x00, 0x00, 0x00, 0x00, 0x00, 0x00, 0x00, 0x00, 0x00, 0x00, 0x00,
    0x00, 0x00, 0x00, 0x00, 0x00, 0x00, 0x00, 0x00, 0x00, 0x00, 0x00, 0x00, 0x00, 0x00, 0x00, 0x00,
    0x00, 0x00, 0x00, 0x00, 0x00, 0x00, 0x00, 0x00, 0x00, 0x00, 0x00, 0x00, 0x00, 0x00, 0x00, 0x00,
    0x00, 0x00, 0x00, 0x00, 0x00, 0x00, 0x00, 0x00, 0x00, 0x00, 0x00, 0x00, 0x00, 0x00, 0x00, 0x00,
    0x00, 0x00, 0x00, 0x00, 0x00, 0x00, 0x00, 0x00, 0x00, 0x00, 0x00, 0x00, 0x00, 0x00, 0x00, 0x00,
    0x00, 0x00, 0x00, 0x00, 0x00, 0x00, 0x00, 0x00, 0x00, 0x00, 0x00, 0x00, 0x00, 0x00, 0x00, 0x00,
    0x00, 0x00, 0x00, 0x00, 0x00, 0x00, 0x00, 0x00, 0x00, 0x00, 0x00, 0x00, 0x00, 0x00, 0x00, 0x00,
    0x00, 0x00, 0x00, 0x00, 0x00, 0x00, 0x00, 0x00, 0x00, 0x00, 0x00, 0x00, 0x00, 0x00, 0x00, 0x00,
    0x00, 0x00, 0x00, 0x00, 0x00, 0x00, 0x00, 0x00, 0x00, 0x00, 0x00, 0x00, 0x00, 0x00, 0x00, 0x00,
    0x00, 0x00, 0x00, 0x00, 0x00, 0x00, 0x00, 0x00, 0x00, 0x00, 0x00, 0x00, 0x00, 0x00, 0x00, 0x00,
    0x00, 0x00, 0x00, 0x00, 0x00, 0x00, 0x00, 0x00, 0x00, 0x00, 0x00, 0x00, 0x00, 0x00, 0x00, 0x00,
    0x00, 0x00, 0x00, 0x00, 0x00, 0x00, 0x00, 0x00, 0x00, 0x00, 0x00, 0x00, 0x00, 0x00, 0x00, 0x00,
    0x00, 0x00, 0x00, 0x00, 0x00, 0x00, 0x00, 0x00, 0x00, 0x00, 0x00, 0x00, 0x00, 0x00, 0x00, 0x00,
    0x00, 0x00, 0x00, 0x00, 0x00, 0x00, 0x00, 0x00, 0x00, 0x00, 0x00, 0x00, 0x00, 0x00, 0x00, 0x00,
    0x00, 0x00, 0x00, 0x00, 0x00, 0x00, 0x00, 0x00, 0x00, 0x00, 0x00, 0x00, 0x00, 0x00, 0x00, 0x00,
    0x00, 0x00, 0x00, 0x00, 0x00, 0x00, 0x00, 0x00, 0x00, 0x00, 0x00, 0x00, 0x00, 0x00, 0x00, 0x00,
    0x00, 0x00, 0x00, 0x00, 0x00, 0x00, 0x00, 0x00, 0x00, 0x00, 0x00, 0x00, 0x00, 0x00, 0x00, 0x00,
    0x00, 0x00, 0x00, 0x00, 0x00, 0x00, 0x00, 0x00, 0x00, 0x00, 0x00, 0x00, 0x00, 0x00, 0x00, 0x00,
    0x00, 0x00, 0x00, 0x00, 0x00, 0x00, 0x00, 0x00, 0x00, 0x00, 0x00, 0x00, 0x00, 0x00, 0x00, 0x00,
    0x00, 0x00, 0x00, 0x00, 0x00, 0x00, 0x00, 0x00, 0x00, 0x00, 0x00, 0x00, 0x00, 0x00, 0x00, 0x00,
    0x00, 0x00, 0x00, 0x00, 0x00, 0x00, 0x00, 0x00, 0x00, 0x00, 0x00, 0x00, 0x00, 0x00, 0x00, 0x00,
    0x00, 0x00, 0x00, 0x00, 0x00, 0x00, 0x00, 0x00, 0x00, 0x00, 0x00, 0x00, 0x00, 0x00, 0x00, 0x00,
    0x00, 0x00, 0x00, 0x00, 0x00, 0x00, 0x00, 0x00, 0x00, 0x00, 0x00, 0x00, 0x00, 0x00, 0x00, 0x00,
    0x00, 0x00, 0x00, 0x00, 0x00, 0x00, 0x00, 0x00, 0x00, 0x00, 0x00, 0x00, 0x00, 0x00, 0x00, 0x00,
    0x00, 0x00, 0x00, 0x00, 0x00, 0x00, 0x00, 0x00, 0x00, 0x00, 0x00, 0x00, 0x00, 0x00, 0x00, 0x00,
    0x00, 0x00, 0x00, 0x00, 0x00, 0x00, 0x00, 0x00, 0x00, 0x00, 0x00, 0x00, 0x00, 0x00, 0x00, 0x00,
    0x00, 0x00, 0x00, 0x00, 0x00, 0x00, 0x00, 0x00, 0x00, 0x00, 0x00, 0x00, 0x00, 0x00, 0x00, 0x00,
    0x00, 0x00, 0x00, 0x00, 0x00, 0x00, 0x00, 0x00, 0x00, 0x00, 0x00, 0x00, 0x00, 0x00, 0x00, 0x00,
    0x00, 0x00, 0x00, 0x00, 0x00, 0x00, 0x00, 0x00, 0x00, 0x00, 0x00, 0x00, 0x00, 0x00, 0x00, 0x00,
    0x00, 0x00, 0x00, 0x00, 0x00, 0x00, 0x00, 0x00, 0x00, 0x00, 0x00, 0x00, 0x00, 0x00, 0x00, 0x00,
};

const lv_img_dsc_t img_chat_icon = {
    .header.always_zero = 0,
    .header.w = 96,
    .header.h = 96,
    .data_size = 27648,
    .header.cf = LV_IMG_CF_TRUE_COLOR_ALPHA,
    .data = img_chat_icon_map,
};
