/* Auto-generated — THINKING.png resized to 200×200, LV_COLOR_16_SWAP=1 */
#include "lvgl.h"

static const uint8_t img_state_thinking_map[] = {
    0x08, 0x40, 0x42, 0x00, 0x20, 0x25, 0x08, 0x41, 0x1F, 0x00, 0x20, 0x21, 0x00, 0x20, 0x21, 0x00,
    0x20, 0x21, 0x00, 0x20, 0x21, 0x00, 0x20, 0x21, 0x00, 0x20, 0x21, 0x00, 0x20, 0x21, 0x00, 0x20,
    0x21, 0x00, 0x20, 0x21, 0x00, 0x20, 0x21, 0x00, 0x20, 0x21, 0x00, 0x20, 0x21, 0x00, 0x20, 0x21,
    0x00, 0x20, 0x21, 0x00, 0x20, 0x21, 0x00, 0x20, 0x21, 0x00, 0x20, 0x21, 0x00, 0x20, 0x21, 0x00,
    0x20, 0x21, 0x00, 0x20, 0x21, 0x00, 0x20, 0x21, 0x00, 0x20, 0x21, 0x00, 0x20, 0x21, 0x00, 0x20,
    0x21, 0x00, 0x20, 0x21, 0x00, 0x20, 0x21, 0x00, 0x20, 0x21, 0x00, 0x20, 0x21, 0x00, 0x20, 0x21,
    0x00, 0x20, 0x21, 0x00, 0x20, 0x21, 0x00, 0x20, 0x21, 0x00, 0x20, 0x21, 0x00, 0x20, 0x21, 0x00,
    0x20, 0x21, 0x00, 0x20, 0x21, 0x00, 0x20, 0x21, 0x00, 0x20, 0x21, 0x00, 0x20, 0x21, 0x00, 0x20,
    0x21, 0x00, 0x20, 0x21, 0x00, 0x20, 0x21, 0x00, 0x20, 0x21, 0x00, 0x20, 0x21, 0x00, 0x20, 0x21,
    0x00, 0x20, 0x21, 0x00, 0x20, 0x21, 0x00, 0x20, 0x21, 0x00, 0x20, 0x21, 0x00, 0x20, 0x21, 0x00,
    0x20, 0x21, 0x00, 0x20, 0x21, 0x00, 0x20, 0x21, 0x00, 0x20, 0x21, 0x00, 0x20, 0x21, 0x00, 0x20,
    0x21, 0x00, 0x20, 0x21, 0x00, 0x20, 0x21, 0x00, 0x20, 0x21, 0x00, 0x20, 0x21, 0x00, 0x20, 0x21,
    0x00, 0x20, 0x21, 0x00, 0x20, 0x21, 0x00, 0x20, 0x21, 0x00, 0x20, 0x21, 0x00, 0x20, 0x21, 0x00,
    0x20, 0x21, 0x00, 0x20, 0x21, 0x00, 0x20, 0x21, 0x00, 0x20, 0x21, 0x00, 0x20, 0x21, 0x00, 0x20,
    0x21, 0x00, 0x20, 0x21, 0x00, 0x20, 0x21, 0x00, 0x20, 0x21, 0x00, 0x20, 0x21, 0x00, 0x20, 0x21,
    0x00, 0x20, 0x21, 0x00, 0x20, 0x21, 0x00, 0x20, 0x21, 0x00, 0x20, 0x21, 0x00, 0x60, 0x21, 0x00,
    0x60, 0x21, 0x00, 0x60, 0x21, 0x00, 0x60, 0x21, 0x00, 0x20, 0x21, 0x00, 0x20, 0x21, 0x00, 0x20,
    0x21, 0x00, 0x20, 0x21, 0x00, 0x20, 0x21, 0x00, 0x20, 0x21, 0x00, 0x60, 0x21, 0x00, 0x20, 0x20,
    0x00, 0x00, 0x2E, 0x7B, 0x4A, 0x7B, 0xEE, 0xB5, 0xEF, 0xD6, 0x55, 0xFF, 0x4A, 0x67, 0xFF, 0x08,
    0x60, 0xFF, 0x08, 0xA0, 0xFF, 0x08, 0xA0, 0xFF, 0x10, 0xC1, 0xFF, 0x00, 0x60, 0xFF, 0x29, 0x63,
    0xFF, 0xAD, 0x30, 0xFF, 0xF7, 0x57, 0xFF, 0xE6, 0xD7, 0xFF, 0xF7, 0x9C, 0xFF, 0xBD, 0xD5, 0xD7,
    0x20, 0xE2, 0x5B, 0x00, 0x20, 0x23, 0x10, 0x81, 0x1F, 0x08, 0x60, 0x21, 0x00, 0x60, 0x21, 0x00,
    0x60, 0x21, 0x00, 0x60, 0x21, 0x00, 0x60, 0x21, 0x00, 0x20, 0x21, 0x00, 0x20, 0x21, 0x00, 0x20,
    0x21, 0x00, 0x20, 0x21, 0x00, 0x20, 0x21, 0x00, 0x20, 0x21, 0x00, 0x20, 0x21, 0x00, 0x20, 0x21,
    0x00, 0x20, 0x21, 0x00, 0x20, 0x21, 0x00, 0x20, 0x21, 0x00, 0x20, 0x21, 0x00, 0x20, 0x21, 0x00,
    0x20, 0x21, 0x00, 0x20, 0x21, 0x00, 0x20, 0x21, 0x00, 0x20, 0x21, 0x00, 0x20, 0x21, 0x00, 0x20,
    0x21, 0x00, 0x20, 0x21, 0x00, 0x20, 0x21, 0x00, 0x20, 0x21, 0x00, 0x20, 0x21, 0x00, 0x20, 0x21,
    0x00, 0x20, 0x21, 0x00, 0x60, 0x21, 0x00, 0x60, 0x21, 0x00, 0x60, 0x21, 0x00, 0x60, 0x21, 0x00,
    0x60, 0x21, 0x00, 0x60, 0x21, 0x00, 0x20, 0x21, 0x00, 0x20, 0x21, 0x00, 0x20, 0x21, 0x00, 0x20,
    0x21, 0x00, 0x20, 0x21, 0x00, 0x20, 0x21, 0x00, 0x20, 0x21, 0x00, 0x20, 0x21, 0x00, 0x20, 0x21,
    0x00, 0x20, 0x21, 0x00, 0x20, 0x21, 0x00, 0x20, 0x21, 0x00, 0x20, 0x21, 0x00, 0x20, 0x21, 0x00,
    0x20, 0x21, 0x00, 0x20, 0x21, 0x00, 0x20, 0x21, 0x00, 0x20, 0x21, 0x00, 0x20, 0x21, 0x00, 0x20,
    0x21, 0x00, 0x20, 0x21, 0x00, 0x20, 0x21, 0x00, 0x20, 0x21, 0x00, 0x20, 0x21, 0x00, 0x20, 0x21,
    0x00, 0x20, 0x21, 0x00, 0x20, 0x21, 0x00, 0x20, 0x21, 0x00, 0x20, 0x21, 0x00, 0x20, 0x21, 0x00,
    0x20, 0x21, 0x00, 0x20, 0x21, 0x00, 0x20, 0x21, 0x00, 0x20, 0x21, 0x00, 0x20, 0x21, 0x00, 0x20,
    0x21, 0x00, 0x20, 0x21, 0x00, 0x20, 0x21, 0x00, 0x20, 0x21, 0x00, 0x20, 0x21, 0x00, 0x20, 0x21,
    0x00, 0x20, 0x21, 0x00, 0x20, 0x21, 0x00, 0x20, 0x21, 0x00, 0x20, 0x21, 0x00, 0x20, 0x21, 0x08,
    0x41, 0x1F, 0x00, 0x20, 0x25, 0x08, 0x40, 0x42, 0x00, 0x00, 0x25, 0x00, 0x00, 0x08, 0x00, 0x00,
    0x03, 0x00, 0x00, 0x04, 0x00, 0x00, 0x04, 0x00, 0x00, 0x04, 0x00, 0x00, 0x04, 0x00, 0x00, 0x04,
    0x00, 0x00, 0x04, 0x00, 0x00, 0x04, 0x00, 0x00, 0x04, 0x00, 0x00, 0x04, 0x00, 0x00, 0x04, 0x00,
    0x00, 0x04, 0x00, 0x00, 0x04, 0x00, 0x00, 0x04, 0x00, 0x00, 0x04, 0x00, 0x00, 0x04, 0x00, 0x00,
    0x04, 0x00, 0x00, 0x04, 0x00, 0x00, 0x04, 0x00, 0x00, 0x04, 0x00, 0x00, 0x04, 0x00, 0x00, 0x04,
    0x00, 0x00, 0x04, 0x00, 0x00, 0x04, 0x00, 0x00, 0x04, 0x00, 0x00, 0x04, 0x00, 0x00, 0x04, 0x00,
    0x00, 0x04, 0x00, 0x00, 0x04, 0x00, 0x00, 0x04, 0x00, 0x00, 0x04, 0x00, 0x00, 0x04, 0x00, 0x00,
    0x04, 0x00, 0x00, 0x04, 0x00, 0x00, 0x04, 0x00, 0x00, 0x04, 0x00, 0x00, 0x04, 0x00, 0x00, 0x04,
    0x00, 0x00, 0x04, 0x00, 0x00, 0x04, 0x00, 0x00, 0x04, 0x00, 0x00, 0x04, 0x00, 0x00, 0x04, 0x00,
    0x00, 0x04, 0x00, 0x00, 0x04, 0x00, 0x00, 0x04, 0x00, 0x00, 0x04, 0x00, 0x00, 0x04, 0x00, 0x00,
    0x04, 0x00, 0x00, 0x04, 0x00, 0x00, 0x04, 0x00, 0x00, 0x04, 0x00, 0x00, 0x04, 0x00, 0x00, 0x04,
    0x00, 0x00, 0x04, 0x00, 0x00, 0x04, 0x00, 0x00, 0x04, 0x00, 0x00, 0x04, 0x00, 0x00, 0x04, 0x00,
    0x00, 0x04, 0x00, 0x00, 0x04, 0x00, 0x00, 0x04, 0x00, 0x00, 0x04, 0x00, 0x00, 0x04, 0x00, 0x00,
    0x04, 0x00, 0x00, 0x04, 0x00, 0x00, 0x04, 0x00, 0x00, 0x04, 0x00, 0x00, 0x04, 0x00, 0x00, 0x04,
    0x00, 0x00, 0x04, 0x00, 0x00, 0x04, 0x00, 0x00, 0x04, 0x00, 0x00, 0x04, 0x00, 0x00, 0x04, 0x00,
    0x00, 0x04, 0x00, 0x00, 0x04, 0x00, 0x00, 0x04, 0x00, 0x00, 0x04, 0x00, 0x00, 0x04, 0x00, 0x00,
    0x04, 0x00, 0x00, 0x04, 0x00, 0x00, 0x04, 0x00, 0x00, 0x04, 0x00, 0x00, 0x04, 0x00, 0x00, 0x04,
    0x00, 0x00, 0x04, 0x00, 0x00, 0x04, 0x00, 0x00, 0x04, 0x00, 0x00, 0x04, 0x00, 0x00, 0x04, 0x00,
    0x00, 0x04, 0x00, 0x00, 0x04, 0x52, 0xAA, 0x03, 0x00, 0x00, 0x0E, 0x7B, 0x49, 0x63, 0xEE, 0x74,
    0xF0, 0xDE, 0x34, 0xFE, 0x39, 0xC5, 0xFF, 0x00, 0x40, 0xFF, 0x08, 0xC1, 0xFF, 0x11, 0x01, 0xFF,
    0x11, 0x01, 0xFF, 0x08, 0xE1, 0xFF, 0x00, 0x60, 0xFF, 0x29, 0x43, 0xFF, 0xA4, 0x8D, 0xFF, 0xF6,
    0xB5, 0xFF, 0xEE, 0xD8, 0xFF, 0xF7, 0x9D, 0xF1, 0xB5, 0x94, 0x98, 0x18, 0x80, 0x35, 0x61, 0x86,
    0x05, 0x31, 0x86, 0x05, 0x00, 0x00, 0x05, 0x00, 0x00, 0x04, 0x00, 0x00, 0x04, 0x00, 0x00, 0x04,
    0x00, 0x00, 0x04, 0x00, 0x00, 0x04, 0x00, 0x00, 0x04, 0x00, 0x00, 0x04, 0x00, 0x00, 0x04, 0x00,
    0x00, 0x04, 0x00, 0x00, 0x04, 0x00, 0x00, 0x04, 0x00, 0x00, 0x04, 0x00, 0x00, 0x04, 0x00, 0x00,
    0x04, 0x00, 0x00, 0x04, 0x00, 0x00, 0x04, 0x00, 0x00, 0x04, 0x00, 0x00, 0x04, 0x00, 0x00, 0x04,
    0x00, 0x00, 0x04, 0x00, 0x00, 0x04, 0x00, 0x00, 0x04, 0x00, 0x00, 0x04, 0x00, 0x00, 0x04, 0x00,
    0x00, 0x04, 0x00, 0x00, 0x04, 0x00, 0x00, 0x04, 0x00, 0x00, 0x04, 0x00, 0x00, 0x04, 0x00, 0x00,
    0x04, 0x00, 0x00, 0x04, 0x00, 0x00, 0x04, 0x00, 0x00, 0x04, 0x00, 0x00, 0x04, 0x00, 0x00, 0x04,
    0x00, 0x00, 0x04, 0x00, 0x00, 0x04, 0x00, 0x00, 0x04, 0x00, 0x00, 0x04, 0x00, 0x00, 0x04, 0x00,
    0x00, 0x04, 0x00, 0x00, 0x04, 0x00, 0x00, 0x04, 0x00, 0x00, 0x04, 0x00, 0x00, 0x04, 0x00, 0x00,
    0x04, 0x00, 0x00, 0x04, 0x00, 0x00, 0x04, 0x00, 0x00, 0x04, 0x00, 0x00, 0x04, 0x00, 0x00, 0x04,
    0x00, 0x00, 0x04, 0x00, 0x00, 0x04, 0x00, 0x00, 0x04, 0x00, 0x00, 0x04, 0x00, 0x00, 0x04, 0x00,
    0x00, 0x04, 0x00, 0x00, 0x04, 0x00, 0x00, 0x04, 0x00, 0x00, 0x04, 0x00, 0x00, 0x04, 0x00, 0x00,
    0x04, 0x00, 0x00, 0x04, 0x00, 0x00, 0x04, 0x00, 0x00, 0x04, 0x00, 0x00, 0x04, 0x00, 0x00, 0x04,
    0x00, 0x00, 0x04, 0x00, 0x00, 0x04, 0x00, 0x00, 0x04, 0x00, 0x00, 0x04, 0x00, 0x00, 0x04, 0x00,
    0x00, 0x04, 0x00, 0x00, 0x04, 0x00, 0x00, 0x04, 0x00, 0x00, 0x04, 0x00, 0x00, 0x04, 0x00, 0x00,
    0x04, 0x00, 0x00, 0x04, 0x00, 0x00, 0x04, 0x00, 0x00, 0x03, 0x00, 0x00, 0x08, 0x00, 0x00, 0x25,
    0x00, 0x00, 0x1F, 0x00, 0x00, 0x02, 0x00, 0x00, 0x00, 0x00, 0x00, 0x00, 0x00, 0x00, 0x00, 0x00,
    0x00, 0x00, 0x00, 0x00, 0x00, 0x00, 0x00, 0x00, 0x00, 0x00, 0x00, 0x00, 0x00, 0x00, 0x00, 0x00,
    0x00, 0x00, 0x00, 0x00, 0x00, 0x00, 0x00, 0x00, 0x00, 0x00, 0x00, 0x00, 0x00, 0x00, 0x00, 0x00,
    0x00, 0x00, 0x00, 0x00, 0x00, 0x00, 0x00, 0x00, 0x00, 0x00, 0x00, 0x00, 0x00, 0x00, 0x00, 0x00,
    0x00, 0x00, 0x00, 0x00, 0x00, 0x00, 0x00, 0x00, 0x00, 0x00, 0x00, 0x00, 0x00, 0x00, 0x00, 0x00,
    0x00, 0x00, 0x00, 0x00, 0x00, 0x00, 0x00, 0x00, 0x00, 0x00, 0x00, 0x00, 0x00, 0x00, 0x00, 0x00,
    0x00, 0x00, 0x00, 0x00, 0x00, 0x00, 0x00, 0x00, 0x00, 0x00, 0x00, 0x00, 0x00, 0x00, 0x00, 0x00,
    0x00, 0x00, 0x00, 0x00, 0x00, 0x00, 0x00, 0x00, 0x00, 0x00, 0x00, 0x00, 0x00, 0x00, 0x00, 0x00,
    0x00, 0x00, 0x00, 0x00, 0x00, 0x00, 0x00, 0x00, 0x00, 0x00, 0x00, 0x00, 0x00, 0x00, 0x00, 0x00,
    0x00, 0x00, 0x00, 0x00, 0x00, 0x00, 0x00, 0x00, 0x00, 0x00, 0x00, 0x00, 0x00, 0x00, 0x00, 0x00,
    0x00, 0x00, 0x00, 0x00, 0x00, 0x00, 0x00, 0x00, 0x00, 0x00, 0x00, 0x00, 0x00, 0x00, 0x00, 0x00,
    0x00, 0x00, 0x00, 0x00, 0x00, 0x00, 0x00, 0x00, 0x00, 0x00, 0x00, 0x00, 0x00, 0x00, 0x00, 0x00,
    0x00, 0x00, 0x00, 0x00, 0x00, 0x00, 0x00, 0x00, 0x00, 0x00, 0x00, 0x00, 0x00, 0x00, 0x00, 0x00,
    0x00, 0x00, 0x00, 0x00, 0x00, 0x00, 0x00, 0x00, 0x00, 0x00, 0x00, 0x00, 0x00, 0x00, 0x00, 0x00,
    0x00, 0x00, 0x00, 0x00, 0x00, 0x00, 0x00, 0x00, 0x00, 0x00, 0x00, 0x00, 0x00, 0x00, 0x00, 0x00,
    0x00, 0x00, 0x00, 0x00, 0x00, 0x00, 0x00, 0x00, 0x00, 0x00, 0x00, 0x00, 0x00, 0x00, 0x00, 0x00,
    0x00, 0x00, 0x00, 0x00, 0x00, 0x00, 0x00, 0x00, 0x00, 0x00, 0x00, 0x00, 0x00, 0x00, 0x00, 0x00,
    0x00, 0x00, 0x00, 0x00, 0x00, 0x00, 0x00, 0x00, 0x00, 0x00, 0x00, 0x00, 0x00, 0x00, 0x00, 0x00,
    0x00, 0x00, 0x05, 0x7B, 0x09, 0x57, 0xE5, 0xF1, 0xED, 0xC5, 0x91, 0xFE, 0x29, 0x63, 0xFF, 0x08,
    0xA0, 0xFF, 0x19, 0x22, 0xFF, 0x21, 0x62, 0xFF, 0x21, 0xA2, 0xFF, 0x21, 0xC2, 0xFF, 0x21, 0xA2,
    0xFF, 0x08, 0xA0, 0xFF, 0x10, 0x81, 0xFF, 0x7B, 0x08, 0xFF, 0xDD, 0xB2, 0xFF, 0xDE, 0x35, 0xFF,
    0xF7, 0x7C, 0xEA, 0xCE, 0x78, 0x9E, 0x21, 0x23, 0x31, 0x00, 0x00, 0x00, 0x00, 0x00, 0x00, 0x00,
    0x00, 0x00, 0x00, 0x00, 0x00, 0x00, 0x00, 0x00, 0x00, 0x00, 0x00, 0x00, 0x00, 0x00, 0x00, 0x00,
    0x00, 0x00, 0x00, 0x00, 0x00, 0x00, 0x00, 0x00, 0x00, 0x00, 0x00, 0x00, 0x00, 0x00, 0x00, 0x00,
    0x00, 0x00, 0x00, 0x00, 0x00, 0x00, 0x00, 0x00, 0x00, 0x00, 0x00, 0x00, 0x00, 0x00, 0x00, 0x00,
    0x00, 0x00, 0x00, 0x00, 0x00, 0x00, 0x00, 0x00, 0x00, 0x00, 0x00, 0x00, 0x00, 0x00, 0x00, 0x00,
    0x00, 0x00, 0x00, 0x00, 0x00, 0x00, 0x00, 0x00, 0x00, 0x00, 0x00, 0x00, 0x00, 0x00, 0x00, 0x00,
    0x00, 0x00, 0x00, 0x00, 0x00, 0x00, 0x00, 0x00, 0x00, 0x00, 0x00, 0x00, 0x00, 0x00, 0x00, 0x00,
    0x00, 0x00, 0x00, 0x00, 0x00, 0x00, 0x00, 0x00, 0x00, 0x00, 0x00, 0x00, 0x00, 0x00, 0x00, 0x00,
    0x00, 0x00, 0x00, 0x00, 0x00, 0x00, 0x00, 0x00, 0x00, 0x00, 0x00, 0x00, 0x00, 0x00, 0x00, 0x00,
    0x00, 0x00, 0x00, 0x00, 0x00, 0x00, 0x00, 0x00, 0x00, 0x00, 0x00, 0x00, 0x00, 0x00, 0x00, 0x00,
    0x00, 0x00, 0x00, 0x00, 0x00, 0x00, 0x00, 0x00, 0x00, 0x00, 0x00, 0x00, 0x00, 0x00, 0x00, 0x00,
    0x00, 0x00, 0x00, 0x00, 0x00, 0x00, 0x00, 0x00, 0x00, 0x00, 0x00, 0x00, 0x00, 0x00, 0x00, 0x00,
    0x00, 0x00, 0x00, 0x00, 0x00, 0x00, 0x00, 0x00, 0x00, 0x00, 0x00, 0x00, 0x00, 0x00, 0x00, 0x00,
    0x00, 0x00, 0x00, 0x00, 0x00, 0x00, 0x00, 0x00, 0x00, 0x00, 0x00, 0x00, 0x00, 0x00, 0x00, 0x00,
    0x00, 0x00, 0x00, 0x00, 0x00, 0x00, 0x00, 0x00, 0x00, 0x00, 0x00, 0x00, 0x00, 0x00, 0x00, 0x00,
    0x00, 0x00, 0x00, 0x00, 0x00, 0x00, 0x00, 0x00, 0x00, 0x00, 0x00, 0x00, 0x00, 0x00, 0x00, 0x00,
    0x00, 0x00, 0x00, 0x00, 0x02, 0x08, 0x41, 0x1F, 0x00, 0x00, 0x21, 0x00, 0x00, 0x04, 0x00, 0x00,
    0x00, 0x00, 0x00, 0x00, 0x00, 0x00, 0x00, 0x00, 0x00, 0x00, 0x00, 0x00, 0x00, 0x00, 0x00, 0x00,
    0x00, 0x00, 0x00, 0x00, 0x00, 0x00, 0x00, 0x00, 0x00, 0x00, 0x00, 0x00, 0x00, 0x00, 0x00, 0x00,
    0x00, 0x00, 0x00, 0x00, 0x00, 0x00, 0x00, 0x00, 0x00, 0x00, 0x00, 0x00, 0x00, 0x00, 0x00, 0x00,
    0x00, 0x00, 0x00, 0x00, 0x00, 0x00, 0x00, 0x00, 0x00, 0x00, 0x00, 0x00, 0x00, 0x00, 0x00, 0x00,
    0x00, 0x00, 0x00, 0x00, 0x00, 0x00, 0x00, 0x00, 0x00, 0x00, 0x00, 0x00, 0x00, 0x00, 0x00, 0x00,
    0x00, 0x00, 0x00, 0x00, 0x00, 0x00, 0x00, 0x00, 0x00, 0x00, 0x00, 0x00, 0x00, 0x00, 0x00, 0x00,
    0x00, 0x00, 0x00, 0x00, 0x00, 0x00, 0x00, 0x00, 0x00, 0x00, 0x00, 0x00, 0x00, 0x00, 0x00, 0x00,
    0x00, 0x00, 0x00, 0x00, 0x00, 0x00, 0x00, 0x00, 0x00, 0x00, 0x00, 0x00, 0x00, 0x00, 0x00, 0x00,
    0x00, 0x00, 0x00, 0x00, 0x00, 0x00, 0x00, 0x00, 0x00, 0x00, 0x00, 0x00, 0x00, 0x00, 0x00, 0x00,
    0x00, 0x00, 0x00, 0x00, 0x00, 0x00, 0x00, 0x00, 0x00, 0x00, 0x00, 0x00, 0x00, 0x00, 0x00, 0x00,
    0x00, 0x00, 0x00, 0x00, 0x00, 0x00, 0x00, 0x00, 0x00, 0x00, 0x00, 0x00, 0x00, 0x00, 0x00, 0x00,
    0x00, 0x00, 0x00, 0x00, 0x00, 0x00, 0x00, 0x00, 0x00, 0x00, 0x00, 0x00, 0x00, 0x00, 0x00, 0x00,
    0x00, 0x00, 0x00, 0x00, 0x00, 0x00, 0x00, 0x00, 0x00, 0x00, 0x00, 0x00, 0x00, 0x00, 0x00, 0x00,
    0x00, 0x00, 0x00, 0x00, 0x00, 0x00, 0x00, 0x00, 0x00, 0x00, 0x00, 0x00, 0x00, 0x00, 0x00, 0x00,
    0x00, 0x00, 0x00, 0x00, 0x00, 0x00, 0x00, 0x00, 0x00, 0x00, 0x00, 0x00, 0x00, 0x00, 0x00, 0x00,
    0x00, 0x00, 0x00, 0x00, 0x00, 0x00, 0x00, 0x00, 0x00, 0x00, 0x00, 0x00, 0x00, 0x00, 0x00, 0x00,
    0x00, 0x00, 0x00, 0x00, 0x00, 0x00, 0x00, 0x00, 0x00, 0x00, 0x00, 0x00, 0x00, 0x00, 0x00, 0x00,
    0x00, 0x00, 0x00, 0x00, 0x01, 0x00, 0x00, 0x00, 0x00, 0x00, 0x02, 0x72, 0xC8, 0x44, 0xD5, 0x70,
    0xD7, 0xBD, 0x2F, 0xFB, 0x29, 0x63, 0xFF, 0x08, 0xC1, 0xFF, 0x19, 0x21, 0xFF, 0x21, 0x82, 0xFF,
    0x21, 0xC2, 0xFF, 0x29, 0xE2, 0xFF, 0x2A, 0x03, 0xFF, 0x2A, 0x03, 0xFF, 0x11, 0x21, 0xFF, 0x08,
    0x60, 0xFF, 0x62, 0x67, 0xFF, 0xCD, 0x50, 0xFF, 0xDE, 0x14, 0xFF, 0xEF, 0x3B, 0xEE, 0xC6, 0x17,
    0x9D, 0x29, 0x43, 0x32, 0x00, 0x00, 0x02, 0xFF, 0xFF, 0x02, 0x00, 0x00, 0x02, 0x00, 0x00, 0x00,
    0x00, 0x00, 0x00, 0x00, 0x00, 0x00, 0x00, 0x00, 0x00, 0x00, 0x00, 0x00, 0x00, 0x00, 0x00, 0x00,
    0x00, 0x00, 0x00, 0x00, 0x00, 0x00, 0x00, 0x00, 0x00, 0x00, 0x00, 0x00, 0x00, 0x00, 0x00, 0x00,
    0x00, 0x00, 0x00, 0x00, 0x00, 0x00, 0x00, 0x00, 0x00, 0x00, 0x00, 0x00, 0x08, 0x00, 0x00, 0x0F,
    0x00, 0x00, 0x00, 0x00, 0x00, 0x01, 0x00, 0x00, 0x00, 0x00, 0x00, 0x00, 0x00, 0x00, 0x00, 0x00,
    0x00, 0x00, 0x00, 0x00, 0x00, 0x00, 0x00, 0x00, 0x00, 0x00, 0x00, 0x00, 0x00, 0x00, 0x00, 0x00,
    0x01, 0x00, 0x00, 0x00, 0x00, 0x00, 0x00, 0x00, 0x00, 0x00, 0x00, 0x00, 0x00, 0x00, 0x00, 0x00,
    0x00, 0x00, 0x00, 0x00, 0x00, 0x00, 0x00, 0x00, 0x00, 0x00, 0x00, 0x00, 0x00, 0x00, 0x00, 0x00,
    0x00, 0x00, 0x00, 0x00, 0x00, 0x00, 0x00, 0x00, 0x00, 0x00, 0x00, 0x00, 0x00, 0x00, 0x00, 0x00,
    0x00, 0x00, 0x00, 0x00, 0x00, 0x00, 0x00, 0x00, 0x00, 0x00, 0x00, 0x00, 0x00, 0x00, 0x00, 0x00,
    0x00, 0x00, 0x00, 0x00, 0x00, 0x00, 0x00, 0x00, 0x00, 0x00, 0x00, 0x00, 0x00, 0x00, 0x00, 0x00,
    0x00, 0x00, 0x00, 0x00, 0x00, 0x00, 0x00, 0x00, 0x00, 0x00, 0x00, 0x00, 0x00, 0x01, 0x00, 0x00,
    0x01, 0x00, 0x00, 0x01, 0x00, 0x00, 0x01, 0x00, 0x00, 0x00, 0x00, 0x00, 0x00, 0x00, 0x00, 0x00,
    0x00, 0x00, 0x00, 0x00, 0x00, 0x00, 0x00, 0x00, 0x00, 0x00, 0x00, 0x00, 0x00, 0x00, 0x00, 0x00,
    0x00, 0x00, 0x00, 0x00, 0x00, 0x00, 0x00, 0x00, 0x00, 0x00, 0x00, 0x00, 0x00, 0x00, 0x00, 0x00,
    0x00, 0x00, 0x00, 0x00, 0x00, 0x00, 0x00, 0x00, 0x00, 0x00, 0x00, 0x00, 0x04, 0x00, 0x20, 0x21,
    0x00, 0x00, 0x21, 0x00, 0x00, 0x04, 0x00, 0x00, 0x00, 0x00, 0x00, 0x00, 0x00, 0x00, 0x00, 0x00,
    0x00, 0x00, 0x00, 0x00, 0x00, 0x00, 0x00, 0x00, 0x00, 0x00, 0x00, 0x00, 0x00, 0x00, 0x00, 0x00,
    0x00, 0x00, 0x00, 0x00, 0x00, 0x00, 0x00, 0x00, 0x00, 0x00, 0x00, 0x00, 0x00, 0x00, 0x00, 0x00,
    0x00, 0x00, 0x00, 0x00, 0x00, 0x00, 0x00, 0x00, 0x00, 0x00, 0x00, 0x00, 0x00, 0x00, 0x00, 0x00,
    0x00, 0x00, 0x00, 0x00, 0x00, 0x00, 0x00, 0x00, 0x00, 0x00, 0x00, 0x00, 0x00, 0x00, 0x00, 0x00,
    0x00, 0x00, 0x00, 0x00, 0x00, 0x00, 0x00, 0x00, 0x00, 0x00, 0x00, 0x00, 0x00, 0x00, 0x00, 0x00,
    0x00, 0x00, 0x00, 0x00, 0x00, 0x00, 0x00, 0x00, 0x00, 0x00, 0x00, 0x00, 0x00, 0x00, 0x00, 0x00,
    0x00, 0x00, 0x00, 0x00, 0x00, 0x00, 0x00, 0x00, 0x00, 0x00, 0x00, 0x00, 0x00, 0x00, 0x00, 0x00,
    0x00, 0x00, 0x00, 0x00, 0x00, 0x00, 0x00, 0x00, 0x00, 0x00, 0x00, 0x00, 0x00, 0x00, 0x00, 0x00,
    0x00, 0x00, 0x00, 0x00, 0x00, 0x00, 0x00, 0x00, 0x00, 0x00, 0x00, 0x00, 0x00, 0x00, 0x00, 0x00,
    0x00, 0x00, 0x00, 0x00, 0x00, 0x00, 0x00, 0x00, 0x00, 0x00, 0x00, 0x00, 0x00, 0x00, 0x00, 0x00,
    0x00, 0x00, 0x00, 0x00, 0x00, 0x00, 0x00, 0x00, 0x00, 0x00, 0x00, 0x00, 0x00, 0x00, 0x00, 0x00,
    0x00, 0x00, 0x00, 0x00, 0x00, 0x00, 0x00, 0x00, 0x00, 0x00, 0x00, 0x00, 0x00, 0x00, 0x00, 0x00,
    0x00, 0x00, 0x00, 0x00, 0x00, 0x00, 0x00, 0x00, 0x00, 0x00, 0x00, 0x00, 0x00, 0x00, 0x00, 0x00,
    0x00, 0x00, 0x00, 0x00, 0x00, 0x00, 0x00, 0x00, 0x00, 0x00, 0x00, 0x00, 0x00, 0x00, 0x00, 0x00,
    0x00, 0x00, 0x00, 0x00, 0x00, 0x00, 0x00, 0x00, 0x00, 0x00, 0x00, 0x00, 0x00, 0x00, 0x00, 0x00,
    0x00, 0x00, 0x00, 0x00, 0x00, 0x00, 0x00, 0x00, 0x00, 0x00, 0x00, 0x00, 0x00, 0x00, 0x00, 0x00,
    0x00, 0x00, 0x00, 0x00, 0x00, 0x00, 0x00, 0x00, 0x00, 0x00, 0x00, 0x00, 0x00, 0x00, 0x00, 0x00,
    0x00, 0x00, 0x00, 0x5A, 0x25, 0x30, 0xBC, 0xCE, 0xB9, 0xCD, 0x70, 0xF7, 0x39, 0xC4, 0xFF, 0x08,
    0xC1, 0xFF, 0x11, 0x21, 0xFF, 0x21, 0x82, 0xFF, 0x21, 0xA2, 0xFF, 0x29, 0xC2, 0xFF, 0x29, 0xE2,
    0xFF, 0x32, 0x23, 0xFF, 0x32, 0x43, 0xFF, 0x19, 0x62, 0xFF, 0x08, 0x80, 0xFF, 0x52, 0x26, 0xFF,
    0xBC, 0xCF, 0xFF, 0xD5, 0xF3, 0xFF, 0xE6, 0xD9, 0xEC, 0xC6, 0x17, 0x9C, 0x39, 0xE7, 0x35, 0x00,
    0x00, 0x03, 0xFF, 0xFF, 0x01, 0x00, 0x00, 0x01, 0x00, 0x00, 0x00, 0x00, 0x00, 0x00, 0x00, 0x00,
    0x00, 0x00, 0x00, 0x00, 0x00, 0x00, 0x00, 0x00, 0x00, 0x00, 0x00, 0x00, 0x00, 0x00, 0x00, 0x00,
    0x00, 0x00, 0x00, 0x00, 0x00, 0x00, 0x00, 0x00, 0x00, 0x07, 0xFF, 0x01, 0x00, 0x00, 0x01, 0x18,
    0xC1, 0x13, 0x6B, 0x2B, 0x51, 0xA4, 0xB1, 0x5E, 0x00, 0x02, 0x0E, 0x00, 0x00, 0x00, 0x00, 0x00,
    0x00, 0x00, 0x00, 0x00, 0x00, 0x00, 0x00, 0x00, 0x00, 0x00, 0x00, 0x00, 0x00, 0x00, 0x00, 0x00,
    0x00, 0x00, 0x00, 0x00, 0x00, 0x00, 0xFF, 0xFF, 0x01, 0x00, 0x00, 0x00, 0x00, 0x00, 0x00, 0x00,
    0x00, 0x00, 0x00, 0x00, 0x00, 0x00, 0x00, 0x00, 0x00, 0x00, 0x00, 0x00, 0x00, 0x00, 0x00, 0x00,
    0x00, 0x00, 0x00, 0x00, 0x00, 0x00, 0x00, 0x00, 0x00, 0x00, 0x00, 0x00, 0x00, 0x00, 0x00, 0x00,
    0x00, 0x00, 0x00, 0x00, 0x00, 0x00, 0x00, 0x00, 0x00, 0x00, 0x00, 0x00, 0x00, 0x00, 0x00, 0x00,
    0x00, 0x00, 0x00, 0x00, 0x00, 0x00, 0x00, 0x00, 0x00, 0x00, 0x00, 0x00, 0x00, 0x00, 0x00, 0x00,
    0x00, 0x00, 0x00, 0x00, 0x00, 0x00, 0x00, 0x00, 0x00, 0x00, 0x00, 0x00, 0x01, 0x00, 0x00, 0x01,
    0x07, 0xE0, 0x01, 0xFF, 0xE0, 0x01, 0xFF, 0xE0, 0x01, 0xFF, 0xE0, 0x01, 0xFF, 0xE0, 0x01, 0x07,
    0xE0, 0x01, 0x00, 0x00, 0x01, 0x00, 0x00, 0x01, 0x00, 0x00, 0x00, 0x00, 0x00, 0x00, 0x00, 0x00,
    0x00, 0x00, 0x00, 0x00, 0x00, 0x00, 0x00, 0x00, 0x00, 0x00, 0x00, 0x00, 0x00, 0x00, 0x00, 0x00,
    0x00, 0x00, 0x00, 0x00, 0x00, 0x00, 0x00, 0x00, 0x00, 0x00, 0x00, 0x00, 0x00, 0x00, 0x00, 0x00,
    0x00, 0x00, 0x00, 0x00, 0x04, 0x00, 0x20, 0x21, 0x00, 0x00, 0x21, 0x00, 0x00, 0x04, 0x00, 0x00,
    0x00, 0x00, 0x00, 0x00, 0x00, 0x00, 0x00, 0x00, 0x00, 0x00, 0x00, 0x00, 0x00, 0x00, 0x00, 0x00,
    0x00, 0x00, 0x00, 0x00, 0x00, 0x00, 0x00, 0x00, 0x00, 0x00, 0x00, 0x00, 0x00, 0x00, 0x00, 0x00,
    0x00, 0x00, 0x00, 0x00, 0x00, 0x00, 0x00, 0x00, 0x00, 0x00, 0x00, 0x00, 0x00, 0x00, 0x00, 0x00,
    0x00, 0x00, 0x00, 0x00, 0x00, 0x00, 0x00, 0x00, 0x00, 0x00, 0x00, 0x00, 0x00, 0x00, 0x00, 0x00,
    0x00, 0x00, 0x00, 0x00, 0x00, 0x00, 0x00, 0x00, 0x00, 0x00, 0x00, 0x00, 0x00, 0x00, 0x00, 0x00,
    0x00, 0x00, 0x00, 0x00, 0x00, 0x00, 0x00, 0x00, 0x00, 0x00, 0x00, 0x00, 0x00, 0x00, 0x00, 0x00,
    0x00, 0x00, 0x00, 0x00, 0x00, 0x00, 0x00, 0x00, 0x00, 0x00, 0x00, 0x00, 0x00, 0x00, 0x00, 0x00,
    0x00, 0x00, 0x00, 0x00, 0x00, 0x00, 0x00, 0x00, 0x00, 0x00, 0x00, 0x00, 0x00, 0x00, 0x00, 0x00,
    0x00, 0x00, 0x00, 0x00, 0x00, 0x00, 0x00, 0x00, 0x00, 0x00, 0x00, 0x00, 0x00, 0x00, 0x00, 0x00,
    0x00, 0x00, 0x00, 0x00, 0x00, 0x00, 0x00, 0x00, 0x00, 0x00, 0x00, 0x00, 0x00, 0x00, 0x00, 0x00,
    0x00, 0x00, 0x00, 0x00, 0x00, 0x00, 0x00, 0x00, 0x00, 0x00, 0x00, 0x00, 0x00, 0x00, 0x00, 0x00,
    0x00, 0x00, 0x00, 0x00, 0x00, 0x00, 0x00, 0x00, 0x00, 0x00, 0x00, 0x00, 0x00, 0x00, 0x00, 0x00,
    0x00, 0x00, 0x00, 0x00, 0x00, 0x00, 0x00, 0x00, 0x00, 0x00, 0x00, 0x00, 0x00, 0x00, 0x00, 0x00,
    0x00, 0x00, 0x00, 0x00, 0x00, 0x00, 0x00, 0x00, 0x00, 0x00, 0x00, 0x00, 0x00, 0x00, 0x00, 0x00,
    0x00, 0x00, 0x00, 0x00, 0x00, 0x00, 0x00, 0x00, 0x00, 0x00, 0x00, 0x00, 0x00, 0x00, 0x00, 0x00,
    0x00, 0x00, 0x00, 0x00, 0x00, 0x00, 0x00, 0x00, 0x00, 0x00, 0x00, 0x00, 0x00, 0x00, 0x00, 0x00,
    0x00, 0x00, 0x00, 0x00, 0x00, 0x00, 0x00, 0x00, 0x00, 0x00, 0x00, 0x00, 0x00, 0x00, 0x00, 0x00,
    0x00, 0x00, 0x00, 0x00, 0x00, 0x00, 0x00, 0x00, 0x00, 0x00, 0x00, 0x20, 0xE1, 0x22, 0xA3, 0xEB,
    0x99, 0xCD, 0x90, 0xF2, 0x4A, 0x05, 0xFF, 0x08, 0x80, 0xFF, 0x11, 0x21, 0xFF, 0x19, 0x41, 0xFF,
    0x19, 0x41, 0xFF, 0x21, 0xA2, 0xFF, 0x29, 0xE2, 0xFF, 0x21, 0xE2, 0xFF, 0x2A, 0x23, 0xFF, 0x32,
    0x43, 0xFF, 0x19, 0x82, 0xFF, 0x08, 0x80, 0xFF, 0x49, 0xE5, 0xFF, 0xAC, 0x6D, 0xFE, 0xCD, 0xB2,
    0xFF, 0xE6, 0xF9, 0xED, 0xC5, 0xF6, 0xA1, 0x52, 0x89, 0x35, 0x00, 0x00, 0x01, 0xFF, 0xFF, 0x01,
    0x00, 0x00, 0x02, 0x00, 0x00, 0x00, 0x00, 0x00, 0x00, 0x00, 0x00, 0x00, 0x00, 0x00, 0x00, 0x00,
    0x00, 0x00, 0x00, 0x00, 0x00, 0x00, 0x00, 0x00, 0x00, 0x00, 0x00, 0x00, 0x00, 0x00, 0x00, 0x00,
    0x01, 0xFF, 0xFF, 0x01, 0x00, 0x00, 0x00, 0x5A, 0x47, 0x34, 0xC5, 0x94, 0xAC, 0xE7, 0x1A, 0xB5,
    0x10, 0x61, 0x33, 0x00, 0x00, 0x04, 0x00, 0x00, 0x00, 0x00, 0x00, 0x00, 0x00, 0x00, 0x00, 0x00,
    0x00, 0x00, 0x00, 0x00, 0x00, 0x00, 0x00, 0x00, 0x00, 0x00, 0x00, 0xF8, 0x00, 0x01, 0x07, 0xE0,
    0x01, 0x00, 0x00, 0x00, 0x00, 0x00, 0x00, 0x00, 0x00, 0x00, 0x00, 0x00, 0x00, 0x00, 0x00, 0x00,
    0x00, 0x00, 0x00, 0x00, 0x00, 0x00, 0x00, 0x00, 0x00, 0x00, 0x00, 0x00, 0x00, 0x00, 0x00, 0x00,
    0x00, 0x00, 0x00, 0x00, 0x00, 0x00, 0x00, 0x00, 0x00, 0x00, 0x00, 0x00, 0x00, 0x00, 0x00, 0x00,
    0x00, 0x00, 0x00, 0x00, 0x00, 0x00, 0x00, 0x00, 0x00, 0x00, 0x00, 0x00, 0x00, 0x00, 0x00, 0x00,
    0x00, 0x00, 0x00, 0x00, 0x00, 0x00, 0x00, 0x00, 0x00, 0x00, 0x00, 0x00, 0x00, 0x00, 0x01, 0xFF,
    0xE0, 0x01, 0xFF, 0xFF, 0x01, 0xFF, 0xFF, 0x01, 0x00, 0x00, 0x00, 0xFF, 0xFF, 0x01, 0x00, 0x00,
    0x00, 0x00, 0x00, 0x00, 0xFF, 0xFF, 0x01, 0xFF, 0xFF, 0x01, 0xFF, 0xFF, 0x01, 0xFF, 0xFF, 0x01,
    0xFF, 0xE0, 0x01, 0x07, 0xE0, 0x01, 0x00, 0x00, 0x01, 0x00, 0x00, 0x00, 0x00, 0x00, 0x00, 0x00,
    0x00, 0x00, 0x00, 0x00, 0x00, 0x00, 0x00, 0x00, 0x00, 0x00, 0x00, 0x00, 0x00, 0x00, 0x00, 0x00,
    0x00, 0x00, 0x00, 0x00, 0x00, 0x00, 0x00, 0x00, 0x00, 0x00, 0x00, 0x00, 0x04, 0x00, 0x00, 0x21,
    0x00, 0x00, 0x21, 0x00, 0x00, 0x04, 0x00, 0x00, 0x00, 0x00, 0x00, 0x00, 0x00, 0x00, 0x00, 0x00,
    0x00, 0x00, 0x00, 0x00, 0x00, 0x00, 0x00, 0x00, 0x00, 0x00, 0x00, 0x00, 0x00, 0x00, 0x00, 0x00,
    0x00, 0x00, 0x00, 0x00, 0x00, 0x00, 0x00, 0x00, 0x00, 0x00, 0x00, 0x00, 0x00, 0x00, 0x00, 0x00,
    0x00, 0x00, 0x00, 0x00, 0x00, 0x00, 0x00, 0x00, 0x00, 0x00, 0x00, 0x00, 0x00, 0x00, 0x00, 0x00,
    0x00, 0x00, 0x00, 0x00, 0x00, 0x00, 0x00, 0x00, 0x00, 0x00, 0x00, 0x00, 0x00, 0x00, 0x00, 0x00,
    0x00, 0x00, 0x00, 0x00, 0x00, 0x00, 0x00, 0x00, 0x00, 0x00, 0x00, 0x00, 0x00, 0x00, 0x00, 0x00,
    0x00, 0x00, 0x00, 0x00, 0x00, 0x00, 0x00, 0x00, 0x00, 0x00, 0x00, 0x00, 0x00, 0x00, 0x00, 0x00,
    0x00, 0x00, 0x00, 0x00, 0x00, 0x00, 0x00, 0x00, 0x00, 0x00, 0x00, 0x00, 0x00, 0x00, 0x00, 0x00,
    0x00, 0x00, 0x00, 0x00, 0x00, 0x00, 0x00, 0x00, 0x00, 0x00, 0x00, 0x00, 0x00, 0x00, 0x00, 0x00,
    0x00, 0x00, 0x00, 0x00, 0x00, 0x00, 0x00, 0x00, 0x00, 0x00, 0x00, 0x00, 0x00, 0x00, 0x00, 0x00,
    0x00, 0x00, 0x00, 0x00, 0x00, 0x00, 0x00, 0x00, 0x00, 0x00, 0x00, 0x00, 0x00, 0x00, 0x00, 0x00,
    0x00, 0x00, 0x00, 0x00, 0x00, 0x00, 0x00, 0x00, 0x00, 0x00, 0x00, 0x00, 0x00, 0x00, 0x00, 0x00,
    0x00, 0x00, 0x00, 0x00, 0x00, 0x00, 0x00, 0x00, 0x00, 0x00, 0x00, 0x00, 0x00, 0x00, 0x00, 0x00,
    0x00, 0x00, 0x00, 0x00, 0x00, 0x00, 0x00, 0x00, 0x00, 0x00, 0x00, 0x00, 0x00, 0x00, 0x00, 0x00,
    0x00, 0x00, 0x00, 0x00, 0x00, 0x00, 0x00, 0x00, 0x00, 0x00, 0x00, 0x00, 0x00, 0x00, 0x00, 0x00,
    0x00, 0x00, 0x00, 0x00, 0x00, 0x00, 0x00, 0x00, 0x00, 0x00, 0x00, 0x00, 0x00, 0x00, 0x00, 0x00,
    0x00, 0x00, 0x00, 0x00, 0x00, 0x00, 0x00, 0x00, 0x00, 0x00, 0x00, 0x00, 0x00, 0x00, 0x00, 0x00,
    0x00, 0x00, 0x00, 0x01, 0x00, 0x00, 0x01, 0x00, 0x00, 0x01, 0xFF, 0xFF, 0x01, 0xFF, 0xFF, 0x01,
    0xFF, 0xFF, 0x01, 0x10, 0x41, 0x18, 0x8B, 0x6A, 0x7B, 0xEE, 0x74, 0xEF, 0x8B, 0xCB, 0xFF, 0x18,
    0xE1, 0xFF, 0x10, 0xE1, 0xFF, 0x11, 0x21, 0xFF, 0x19, 0x82, 0xFF, 0x2A, 0x03, 0xFF, 0x2A, 0x22,
    0xFF, 0x2A, 0x02, 0xFF, 0x2A, 0x02, 0xFF, 0x2A, 0x02, 0xFF, 0x2A, 0x43, 0xFF, 0x21, 0xA2, 0xFF,
    0x00, 0x80, 0xFF, 0x41, 0xC4, 0xFF, 0x9C, 0x2B, 0xFE, 0xCD, 0xD2, 0xFF, 0xEE, 0xF9, 0xF0, 0xBD,
    0xB5, 0x9A, 0x4A, 0x48, 0x2E, 0x00, 0x00, 0x01, 0xFF, 0xFF, 0x01, 0x00, 0x00, 0x01, 0x00, 0x00,
    0x00, 0x00, 0x00, 0x00, 0x00, 0x00, 0x00, 0x00, 0x00, 0x00, 0x00, 0x00, 0x00, 0x00, 0x00, 0x00,
    0x00, 0x00, 0x00, 0x00, 0x00, 0x00, 0x00, 0x00, 0x01, 0x00, 0x00, 0x00, 0x00, 0x00, 0x07, 0x7B,
    0x2A, 0x56, 0xEE, 0xB7, 0xD4, 0xFF, 0xBC, 0xE0, 0x83, 0xED, 0x74, 0x00, 0x00, 0x11, 0x00, 0x00,
    0x00, 0x00, 0x00, 0x00, 0x00, 0x00, 0x00, 0x00, 0x00, 0x00, 0x00, 0x00, 0x00, 0x00, 0x00, 0x00,
    0x00, 0x00, 0x00, 0x00, 0x00, 0x0D, 0x00, 0x01, 0x18, 0x00, 0x00, 0x00, 0x00, 0x00, 0x00, 0x00,
    0x00, 0x00, 0x00, 0x00, 0x00, 0x00, 0x00, 0x00, 0x00, 0x00, 0x00, 0x00, 0x00, 0x00, 0x00, 0x00,
    0x00, 0x00, 0x00, 0x00, 0x00, 0x00, 0x00, 0x00, 0x00, 0x00, 0x00, 0x00, 0x00, 0x00, 0x00, 0x00,
    0x00, 0x00, 0x00, 0x00, 0x00, 0x00, 0x00, 0x00, 0x00, 0x00, 0x00, 0x00, 0x00, 0x00, 0x00, 0x00,
    0x00, 0x00, 0x00, 0x00, 0x00, 0x00, 0x00, 0x00, 0x00, 0x00, 0x00, 0x00, 0x00, 0x00, 0x00, 0x00,
    0x01, 0x07, 0xE0, 0x01, 0x00, 0x00, 0x00, 0x00, 0x00, 0x00, 0x00, 0x00, 0x00, 0x00, 0x00, 0x06,
    0x00, 0x00, 0x13, 0x00, 0x00, 0x20, 0x00, 0x00, 0x24, 0x00, 0x00, 0x23, 0x00, 0x00, 0x1D, 0x00,
    0x00, 0x12, 0x00, 0x00, 0x05, 0x00, 0x00, 0x00, 0x00, 0x00, 0x00, 0x00, 0x00, 0x00, 0x00, 0x00,
    0x00, 0xFF, 0xE0, 0x01, 0x00, 0x00, 0x01, 0x00, 0x00, 0x00, 0x00, 0x00, 0x00, 0x00, 0x00, 0x00,
    0x00, 0x00, 0x00, 0x00, 0x00, 0x00, 0x00, 0x00, 0x00, 0x00, 0x00, 0x00, 0x00, 0x00, 0x00, 0x00,
    0x00, 0x00, 0x00, 0x00, 0x04, 0x00, 0x00, 0x21, 0x00, 0x00, 0x21, 0x00, 0x00, 0x04, 0x00, 0x00,
    0x00, 0x00, 0x00, 0x00, 0x00, 0x00, 0x00, 0x00, 0x00, 0x00, 0x00, 0x00, 0x00, 0x00, 0x00, 0x00,
    0x00, 0x00, 0x00, 0x00, 0x00, 0x00, 0x00, 0x00, 0x00, 0x00, 0x00, 0x00, 0x00, 0x00, 0x00, 0x00,
    0x00, 0x00, 0x00, 0x00, 0x00, 0x00, 0x00, 0x00, 0x00, 0x00, 0x00, 0x00, 0x00, 0x00, 0x00, 0x00,
    0x00, 0x00, 0x00, 0x00, 0x00, 0x00, 0x00, 0x00, 0x00, 0x00, 0x00, 0x00, 0x00, 0x00, 0x00, 0x00,
    0x00, 0x00, 0x00, 0x00, 0x00, 0x00, 0x00, 0x00, 0x00, 0x00, 0x00, 0x00, 0x00, 0x00, 0x00, 0x00,
    0x00, 0x00, 0x00, 0x00, 0x00, 0x00, 0x00, 0x00, 0x00, 0x00, 0x00, 0x00, 0x00, 0x00, 0x00, 0x00,
    0x00, 0x00, 0x00, 0x00, 0x00, 0x00, 0x00, 0x00, 0x00, 0x00, 0x00, 0x00, 0x00, 0x00, 0x00, 0x00,
    0x00, 0x00, 0x00, 0x00, 0x00, 0x00, 0x00, 0x00, 0x00, 0x00, 0x00, 0x00, 0x00, 0x00, 0x00, 0x00,
    0x00, 0x00, 0x00, 0x00, 0x00, 0x00, 0x00, 0x00, 0x00, 0x00, 0x00, 0x00, 0x00, 0x00, 0x00, 0x00,
    0x00, 0x00, 0x00, 0x00, 0x00, 0x00, 0x00, 0x00, 0x00, 0x00, 0x00, 0x00, 0x00, 0x00, 0x00, 0x00,
    0x00, 0x00, 0x00, 0x00, 0x00, 0x00, 0x00, 0x00, 0x00, 0x00, 0x00, 0x00, 0x00, 0x00, 0x00, 0x00,
    0x00, 0x00, 0x00, 0x00, 0x00, 0x00, 0x00, 0x00, 0x00, 0x00, 0x00, 0x00, 0x00, 0x00, 0x00, 0x00,
    0x00, 0x00, 0x00, 0x00, 0x00, 0x00, 0x00, 0x00, 0x00, 0x00, 0x00, 0x00, 0x00, 0x00, 0x00, 0x00,
    0x00, 0x00, 0x00, 0x00, 0x00, 0x00, 0x00, 0x00, 0x00, 0x00, 0x00, 0x00, 0x00, 0x00, 0x01, 0x00,
    0x00, 0x01, 0x00, 0x00, 0x01, 0x00, 0x00, 0x00, 0x00, 0x00, 0x00, 0x00, 0x00, 0x00, 0x00, 0x00,
    0x00, 0x00, 0x00, 0x00, 0x00, 0x00, 0x00, 0x00, 0x00, 0x00, 0x00, 0x00, 0x00, 0x00, 0x00, 0x00,
    0x00, 0x00, 0x01, 0xF8, 0x1F, 0x01, 0x00, 0x00, 0x00, 0x00, 0x00, 0x00, 0x00, 0x00, 0x00, 0x00,
    0x00, 0x00, 0x00, 0x00, 0x00, 0x00, 0x00, 0x00, 0x00, 0x00, 0x00, 0x00, 0x00, 0x07, 0x6A, 0x66,
    0x53, 0xBC, 0xEE, 0xE8, 0x93, 0xEB, 0xFF, 0x18, 0xA1, 0xFF, 0x00, 0x00, 0xFF, 0x00, 0x60, 0xFF,
    0x08, 0xE0, 0xFF, 0x19, 0x61, 0xFF, 0x21, 0xC2, 0xFF, 0x29, 0xE2, 0xFF, 0x2A, 0x02, 0xFF, 0x2A,
    0x03, 0xFF, 0x2A, 0x23, 0xFF, 0x3A, 0x43, 0xFF, 0x2A, 0x03, 0xFF, 0x08, 0xA0, 0xFF, 0x41, 0xC4,
    0xFF, 0x9C, 0x2B, 0xFD, 0xCD, 0xD2, 0xFF, 0xE6, 0xD8, 0xE5, 0xB5, 0x53, 0x8A, 0x29, 0x24, 0x27,
    0x00, 0x00, 0x00, 0xFF, 0xFF, 0x01, 0x00, 0x00, 0x00, 0x00, 0x00, 0x00, 0x00, 0x00, 0x00, 0x00,
    0x00, 0x00, 0x00, 0x00, 0x00, 0x00, 0x00, 0x00, 0x00, 0x00, 0x00, 0x00, 0x00, 0x00, 0xFF, 0xE0,
    0x01, 0x00, 0x00, 0x00, 0x29, 0x23, 0x20, 0x8B, 0x6A, 0x83, 0xCD, 0x93, 0xE7, 0xF7, 0x3A, 0xF5,
    0xDE, 0x97, 0xB7, 0x10, 0x61, 0x28, 0x00, 0x00, 0x01, 0x00, 0x00, 0x00, 0x00, 0x00, 0x00, 0x00,
    0x00, 0x00, 0x00, 0x00, 0x00, 0x00, 0x00, 0x00, 0x00, 0x00, 0x01, 0x73, 0x6C, 0x39, 0x9C, 0x8F,
    0x5C, 0x10, 0xA2, 0x0C, 0xFF, 0xFF, 0x01, 0x00, 0x00, 0x00, 0x00, 0x00, 0x00, 0x00, 0x00, 0x00,
    0x00, 0x00, 0x00, 0x00, 0x00, 0x00, 0x00, 0x00, 0x00, 0x00, 0x00, 0x00, 0x00, 0x00, 0x00, 0x00,
    0x00, 0x00, 0x00, 0x00, 0x00, 0x00, 0x00, 0x00, 0x00, 0x00, 0x00, 0x00, 0x00, 0x00, 0x00, 0x00,
    0x00, 0x00, 0x00, 0x00, 0x00, 0x00, 0x00, 0x00, 0x00, 0x00, 0x00, 0x00, 0x00, 0x00, 0x00, 0x00,
    0x00, 0x00, 0x00, 0x00, 0x00, 0x01, 0x00, 0x00, 0x00, 0x00, 0x00, 0x00, 0x00, 0x00, 0x04, 0x00,
    0x00, 0x1E, 0x22, 0x80, 0x3A, 0x5C, 0x44, 0x5B, 0x7D, 0x08, 0x80, 0x8D, 0x69, 0x94, 0x8D, 0x6A,
    0x9A, 0x8D, 0x6A, 0x98, 0x85, 0x48, 0x90, 0x74, 0xA6, 0x78, 0x54, 0x04, 0x57, 0x32, 0xE0, 0x3E,
    0x01, 0x20, 0x2A, 0x00, 0x00, 0x16, 0x00, 0x00, 0x02, 0x00, 0x00, 0x00, 0x00, 0x00, 0x00, 0x00,
    0x00, 0x01, 0x00, 0x00, 0x00, 0x00, 0x00, 0x00, 0x00, 0x00, 0x00, 0x00, 0x00, 0x00, 0x00, 0x00,
    0x00, 0x00, 0x00, 0x00, 0x00, 0x00, 0x00, 0x00, 0x00, 0x00, 0x00, 0x00, 0x04, 0x00, 0x00, 0x21,
    0x00, 0x00, 0x21, 0x00, 0x00, 0x04, 0x00, 0x00, 0x00, 0x00, 0x00, 0x00, 0x00, 0x00, 0x00, 0x00,
    0x00, 0x00, 0x00, 0x00, 0x00, 0x00, 0x00, 0x00, 0x00, 0x00, 0x00, 0x00, 0x00, 0x00, 0x00, 0x00,
    0x00, 0x00, 0x00, 0x00, 0x00, 0x00, 0x00, 0x00, 0x00, 0x00, 0x00, 0x00, 0x00, 0x00, 0x00, 0x00,
    0x00, 0x00, 0x00, 0x00, 0x00, 0x00, 0x00, 0x00, 0x00, 0x00, 0x00, 0x00, 0x00, 0x00, 0x00, 0x00,
    0x00, 0x00, 0x00, 0x00, 0x00, 0x00, 0x00, 0x00, 0x00, 0x00, 0x00, 0x00, 0x00, 0x00, 0x00, 0x00,
    0x00, 0x00, 0x00, 0x00, 0x00, 0x00, 0x00, 0x00, 0x00, 0x00, 0x00, 0x00, 0x00, 0x00, 0x00, 0x00,
    0x00, 0x00, 0x00, 0x00, 0x00, 0x00, 0x00, 0x00, 0x00, 0x00, 0x00, 0x00, 0x00, 0x00, 0x00, 0x00,
    0x00, 0x00, 0x00, 0x00, 0x00, 0x00, 0x00, 0x00, 0x00, 0x00, 0x00, 0x00, 0x00, 0x00, 0x00, 0x00,
    0x00, 0x00, 0x00, 0x00, 0x00, 0x00, 0x00, 0x00, 0x00, 0x00, 0x00, 0x00, 0x00, 0x00, 0x00, 0x00,
    0x00, 0x00, 0x00, 0x00, 0x00, 0x00, 0x00, 0x00, 0x00, 0x00, 0x00, 0x00, 0x00, 0x00, 0x00, 0x00,
    0x00, 0x00, 0x00, 0x00, 0x00, 0x00, 0x00, 0x00, 0x00, 0x00, 0x00, 0x00, 0x00, 0x00, 0x00, 0x00,
    0x00, 0x00, 0x00, 0x00, 0x00, 0x00, 0x00, 0x00, 0x00, 0x00, 0x00, 0x00, 0x00, 0x00, 0x00, 0x00,
    0x00, 0x00, 0x00, 0x00, 0x00, 0x00, 0x00, 0x00, 0x00, 0x00, 0x00, 0x00, 0x00, 0x00, 0x00, 0x00,
    0x00, 0x00, 0x00, 0x00, 0x00, 0x00, 0x00, 0x00, 0x00, 0x00, 0x00, 0x00, 0x00, 0x00, 0x00, 0x00,
    0x00, 0x00, 0x00, 0x00, 0x00, 0x00, 0x00, 0x00, 0x00, 0x00, 0x00, 0x00, 0x00, 0x00, 0x00, 0x00,
    0x00, 0x00, 0x00, 0x00, 0x00, 0x00, 0x00, 0x00, 0x00, 0x00, 0x00, 0x00, 0x00, 0x00, 0x00, 0x00,
    0x00, 0x00, 0x00, 0x00, 0x00, 0x00, 0x00, 0x00, 0x00, 0x00, 0x00, 0x00, 0x00, 0x00, 0x00, 0x00,
    0x00, 0x00, 0x00, 0x00, 0x00, 0x00, 0x05, 0x00, 0x00, 0x0E, 0x00, 0x00, 0x15, 0x00, 0x00, 0x1A,
    0x00, 0x00, 0x1E, 0x00, 0x20, 0x20, 0x29, 0x03, 0x54, 0x51, 0xE5, 0xE5, 0x49, 0xE5, 0xFF, 0x20,
    0xE2, 0xFF, 0x10, 0xA2, 0xFF, 0x10, 0xA2, 0xFF, 0x10, 0xC2, 0xFF, 0x10, 0xE1, 0xFF, 0x10, 0xE1,
    0xFF, 0x10, 0xE1, 0xFF, 0x11, 0x00, 0xFF, 0x11, 0x00, 0xFF, 0x11, 0x20, 0xFF, 0x19, 0x40, 0xFF,
    0x21, 0x82, 0xFF, 0x29, 0x82, 0xFF, 0x08, 0x40, 0xFF, 0x49, 0xE5, 0xFE, 0x9C, 0x4C, 0xFD, 0xCD,
    0xD2, 0xF9, 0xDE, 0x97, 0xD9, 0x9C, 0xD1, 0x7B, 0x00, 0x00, 0x1C, 0x00, 0x20, 0x00, 0xFF, 0xE0,
    0x01, 0x00, 0x00, 0x00, 0x00, 0x00, 0x00, 0x00, 0x00, 0x00, 0x00, 0x00, 0x00, 0x00, 0x00, 0x00,
    0x00, 0x00, 0x00, 0x00, 0x00, 0x00, 0xFF, 0xFF, 0x01, 0x00, 0x00, 0x00, 0x73, 0x09, 0x36, 0x93,
    0xCB, 0xAF, 0xA4, 0x4D, 0xF9, 0xE6, 0x97, 0xFF, 0xFF, 0xDC, 0xDC, 0x52, 0x89, 0x55, 0x00, 0x00,
    0x0A, 0x00, 0x00, 0x00, 0x00, 0x00, 0x00, 0x00, 0x00, 0x00, 0xFF, 0xE0, 0x01, 0x00, 0x00, 0x00,
    0x00, 0x00, 0x13, 0xB5, 0x32, 0x7B, 0xE6, 0xD8, 0xA6, 0x00, 0x00, 0x24, 0xFF, 0xFF, 0x02, 0x00,
    0x00, 0x00, 0x00, 0x00, 0x00, 0x00, 0x00, 0x00, 0x00, 0x00, 0x00, 0x00, 0x00, 0x00, 0x00, 0x00,
    0x00, 0x00, 0x00, 0x00, 0x00, 0x00, 0x00, 0x00, 0x00, 0x00, 0x00, 0x00, 0x00, 0x00, 0x00, 0x00,
    0x00, 0x00, 0x00, 0x00, 0x00, 0x00, 0x00, 0x00, 0x00, 0x00, 0x00, 0x00, 0x00, 0x00, 0x00, 0x00,
    0x00, 0x00, 0x00, 0x00, 0x00, 0x00, 0x00, 0x00, 0x00, 0x00, 0x00, 0x00, 0x00, 0x00, 0x00, 0x00,
    0x03, 0x00, 0x00, 0x19, 0x33, 0x01, 0x45, 0x7D, 0x09, 0x83, 0xA6, 0x2D, 0xB3, 0xBE, 0xF1, 0xD7,
    0xD7, 0x94, 0xF6, 0xDF, 0xB5, 0xFE, 0xDF, 0xB6, 0xFD, 0xDF, 0x95, 0xFD, 0xD7, 0x74, 0xFC, 0xC7,
    0x32, 0xEB, 0xB6, 0xB0, 0xD1, 0xA6, 0x2D, 0xBA, 0x8D, 0x8A, 0x9F, 0x6C, 0x87, 0x78, 0x3B, 0x00,
    0x40, 0x00, 0x00, 0x1D, 0x00, 0x00, 0x02, 0x00, 0x00, 0x00, 0x00, 0x00, 0x00, 0x00, 0x00, 0x00,
    0x00, 0x00, 0x00, 0x00, 0x00, 0x00, 0x00, 0x00, 0x00, 0x00, 0x00, 0x00, 0x00, 0x00, 0x00, 0x00,
    0x00, 0x00, 0x00, 0x00, 0x04, 0x00, 0x00, 0x21, 0x00, 0x00, 0x21, 0x00, 0x00, 0x04, 0x00, 0x00,
    0x00, 0x00, 0x00, 0x00, 0x00, 0x00, 0x00, 0x00, 0x00, 0x00, 0x00, 0x00, 0x00, 0x00, 0x00, 0x00,
    0x00, 0x00, 0x00, 0x00, 0x00, 0x00, 0x00, 0x00, 0x00, 0x00, 0x00, 0x00, 0x00, 0x00, 0x00, 0x00,
    0x00, 0x00, 0x00, 0x00, 0x00, 0x00, 0x00, 0x00, 0x00, 0x00, 0x00, 0x00, 0x00, 0x00, 0x00, 0x00,
    0x00, 0x00, 0x00, 0x00, 0x00, 0x00, 0x00, 0x00, 0x00, 0x00, 0x00, 0x00, 0x00, 0x00, 0x00, 0x00,
    0x00, 0x00, 0x00, 0x00, 0x00, 0x00, 0x00, 0x00, 0x00, 0x00, 0x00, 0x00, 0x00, 0x00, 0x00, 0x00,
    0x00, 0x00, 0x00, 0x00, 0x00, 0x00, 0x00, 0x00, 0x00, 0x00, 0x00, 0x00, 0x00, 0x00, 0x00, 0x00,
    0x00, 0x00, 0x00, 0x00, 0x00, 0x00, 0x00, 0x00, 0x00, 0x00, 0x00, 0x00, 0x00, 0x00, 0x00, 0x00,
    0x00, 0x00, 0x00, 0x00, 0x00, 0x00, 0x00, 0x00, 0x00, 0x00, 0x00, 0x00, 0x00, 0x00, 0x00, 0x00,
    0x00, 0x00, 0x00, 0x00, 0x00, 0x00, 0x00, 0x00, 0x00, 0x00, 0x00, 0x00, 0x00, 0x00, 0x00, 0x00,
    0x00, 0x00, 0x00, 0x00, 0x00, 0x00, 0x00, 0x00, 0x00, 0x00, 0x00, 0x00, 0x00, 0x00, 0x00, 0x00,
    0x00, 0x00, 0x00, 0x00, 0x00, 0x00, 0x00, 0x00, 0x00, 0x00, 0x00, 0x00, 0x00, 0x00, 0x00, 0x00,
    0x00, 0x00, 0x00, 0x00, 0x00, 0x00, 0x00, 0x00, 0x00, 0x00, 0x00, 0x00, 0x00, 0x00, 0x00, 0x00,
    0x00, 0x00, 0x00, 0x00, 0x00, 0x00, 0x00, 0x00, 0x00, 0x00, 0x00, 0x00, 0x00, 0x00, 0x00, 0x00,
    0x00, 0x00, 0x00, 0x00, 0x00, 0x00, 0x00, 0x00, 0x00, 0x00, 0x00, 0x00, 0x00, 0x00, 0x00, 0x00,
    0x00, 0x01, 0x00, 0x00, 0x08, 0x00, 0x00, 0x0E, 0x00, 0x00, 0x15, 0x00, 0x00, 0x1B, 0x10, 0x61,
    0x21, 0x20, 0xE3, 0x24, 0x29, 0x04, 0x25, 0x29, 0x45, 0x24, 0x21, 0x24, 0x21, 0x08, 0x41, 0x1A,
    0x00, 0x00, 0x10, 0x00, 0x00, 0x13, 0x42, 0x08, 0x27, 0x7B, 0x8E, 0x3E, 0x8C, 0x30, 0x57, 0x94,
    0x71, 0x6B, 0x94, 0x92, 0x79, 0x9C, 0xB2, 0x84, 0x9C, 0xD3, 0x8C, 0xA5, 0x13, 0x92, 0x9C, 0xD3,
    0xAB, 0x94, 0x92, 0xF4, 0x94, 0x92, 0xFF, 0xA5, 0x13, 0xFF, 0xA5, 0x13, 0xFF, 0xA5, 0x13, 0xFF,
    0xA5, 0x13, 0xFF, 0x8C, 0x71, 0xFF, 0x63, 0x2C, 0xFF, 0x4A, 0x8A, 0xFF, 0x4A, 0x69, 0xFF, 0x3A,
    0x06, 0xFF, 0x29, 0xA4, 0xFF, 0x19, 0x23, 0xFF, 0x18, 0xE1, 0xFF, 0x10, 0xC1, 0xFF, 0x10, 0xC1,
    0xFF, 0x00, 0x00, 0xFF, 0x49, 0xE5, 0xFE, 0x93, 0xCA, 0xFE, 0xD6, 0x13, 0xFA, 0xE6, 0xD8, 0xCD,
    0x7B, 0xAC, 0x65, 0x00, 0x00, 0x0F, 0xFF, 0xFF, 0x01, 0x00, 0x00, 0x00, 0x00, 0x00, 0x00, 0x00,
    0x00, 0x00, 0x00, 0x00, 0x00, 0x00, 0x00, 0x00, 0x00, 0x00, 0x00, 0x00, 0x00, 0x01, 0x00, 0x00,
    0x00, 0x00, 0x00, 0x04, 0x94, 0x2C, 0x4F, 0xAC, 0x8D, 0xC8, 0x9B, 0xEC, 0xFB, 0xD5, 0xF4, 0xFE,
    0xFF, 0xBC, 0xEF, 0xA5, 0x32, 0x95, 0x08, 0x41, 0x1A, 0x00, 0x00, 0x00, 0x00, 0x00, 0x00, 0x00,
    0x00, 0x01, 0xFF, 0xFF, 0x01, 0x00, 0x00, 0x00, 0x31, 0x44, 0x36, 0xCE, 0x56, 0xB2, 0xF7, 0x9B,
    0xC5, 0x18, 0xA2, 0x42, 0x63, 0x2C, 0x05, 0x00, 0x00, 0x00, 0x00, 0x00, 0x00, 0x00, 0x00, 0x00,
    0x00, 0x00, 0x00, 0x00, 0x00, 0x00, 0x00, 0x00, 0x00, 0x00, 0x00, 0x00, 0x00, 0x00, 0x00, 0x00,
    0x00, 0x00, 0x00, 0x00, 0x00, 0x00, 0x00, 0x00, 0x00, 0x00, 0x00, 0x00, 0x00, 0x00, 0x00, 0x00,
    0x00, 0x00, 0x00, 0x00, 0x00, 0x00, 0x00, 0x00, 0x00, 0x00, 0x00, 0x00, 0x00, 0x00, 0x00, 0x01,
    0x00, 0x00, 0x00, 0x00, 0x00, 0x08, 0x11, 0xC0, 0x31, 0x5C, 0x44, 0x75, 0xA6, 0x6D, 0xBB, 0xDF,
    0xB6, 0xEA, 0xF7, 0xFA, 0xF9, 0xFF, 0xFC, 0xFC, 0xF7, 0xFB, 0xFE, 0xF7, 0xDB, 0xFD, 0xEF, 0xDA,
    0xFD, 0xEF, 0xBA, 0xFD, 0xEF, 0xD9, 0xFD, 0xEF, 0xF9, 0xFD, 0xEF, 0xFA, 0xFB, 0xEF, 0xF9, 0xFB,
    0xE7, 0xF7, 0xFA, 0xCF, 0x73, 0xEC, 0xA6, 0x2C, 0xBC, 0x6C, 0x85, 0x81, 0x22, 0x20, 0x37, 0x00,
    0x00, 0x0A, 0x00, 0x00, 0x00, 0x00, 0x00, 0x00, 0x00, 0x00, 0x00, 0x00, 0x00, 0x00, 0x00, 0x00,
    0x00, 0x00, 0x00, 0x00, 0x00, 0x00, 0x00, 0x00, 0x00, 0x00, 0x00, 0x00, 0x04, 0x00, 0x00, 0x21,
    0x00, 0x00, 0x21, 0x00, 0x00, 0x04, 0x00, 0x00, 0x00, 0x00, 0x00, 0x00, 0x00, 0x00, 0x00, 0x00,
    0x00, 0x00, 0x00, 0x00, 0x00, 0x00, 0x00, 0x00, 0x00, 0x00, 0x00, 0x00, 0x00, 0x00, 0x00, 0x00,
    0x00, 0x00, 0x00, 0x00, 0x00, 0x00, 0x00, 0x00, 0x00, 0x00, 0x00, 0x00, 0x00, 0x00, 0x00, 0x00,
    0x00, 0x00, 0x00, 0x00, 0x00, 0x00, 0x00, 0x00, 0x00, 0x00, 0x00, 0x00, 0x00, 0x00, 0x00, 0x00,
    0x00, 0x00, 0x00, 0x00, 0x00, 0x00, 0x00, 0x00, 0x00, 0x00, 0x00, 0x00, 0x00, 0x00, 0x00, 0x00,
    0x00, 0x00, 0x00, 0x00, 0x00, 0x00, 0x00, 0x00, 0x00, 0x00, 0x00, 0x00, 0x00, 0x00, 0x00, 0x00,
    0x00, 0x00, 0x00, 0x00, 0x00, 0x00, 0x00, 0x00, 0x00, 0x00, 0x00, 0x00, 0x00, 0x00, 0x00, 0x00,
    0x00, 0x00, 0x00, 0x00, 0x00, 0x00, 0x00, 0x00, 0x00, 0x00, 0x00, 0x00, 0x00, 0x00, 0x00, 0x00,
    0x00, 0x00, 0x00, 0x00, 0x00, 0x00, 0x00, 0x00, 0x00, 0x00, 0x00, 0x00, 0x00, 0x00, 0x00, 0x00,
    0x00, 0x00, 0x00, 0x00, 0x00, 0x00, 0x00, 0x00, 0x00, 0x00, 0x00, 0x00, 0x00, 0x00, 0x00, 0x00,
    0x00, 0x00, 0x00, 0x00, 0x00, 0x00, 0x00, 0x00, 0x00, 0x00, 0x00, 0x00, 0x00, 0x00, 0x00, 0x00,
    0x00, 0x00, 0x00, 0x00, 0x00, 0x00, 0x00, 0x00, 0x00, 0x00, 0x00, 0x00, 0x00, 0x00, 0x00, 0x00,
    0x00, 0x00, 0x00, 0x00, 0x00, 0x00, 0x00, 0x00, 0x00, 0x00, 0x00, 0x00, 0x00, 0x00, 0x00, 0x00,
    0x00, 0x00, 0x00, 0x00, 0x00, 0x00, 0x00, 0x00, 0x00, 0x00, 0x02, 0x00, 0x00, 0x11, 0x08, 0x42,
    0x1B, 0x39, 0xE7, 0x26, 0x5A, 0xEB, 0x31, 0x6B, 0x6D, 0x45, 0x73, 0xAF, 0x55, 0x7B, 0xCF, 0x65,
    0x84, 0x30, 0x76, 0x94, 0x91, 0x86, 0x9C, 0xD3, 0x92, 0xA4, 0xF4, 0x9A, 0xA5, 0x14, 0x9D, 0xA5,
    0x14, 0x9C, 0x9C, 0xB2, 0x95, 0x8C, 0x30, 0x83, 0x6B, 0x6D, 0x6E, 0x6B, 0x2D, 0x74, 0x9C, 0xD3,
    0xA0, 0xCE, 0x59, 0xCD, 0xDE, 0xDB, 0xE9, 0xE6, 0xFC, 0xF3, 0xEF, 0x5D, 0xF4, 0xFF, 0xBE, 0xF5,
    0xFF, 0xFF, 0xF6, 0xFF, 0xFF, 0xF6, 0xFF, 0xFF, 0xF7, 0xFF, 0xFF, 0xFF, 0xFF, 0xFF, 0xFF, 0xFF,
    0xFF, 0xFF, 0xFF, 0xDF, 0xFF, 0xF7, 0xBE, 0xFF, 0xF7, 0x9D, 0xFF, 0xEF, 0x3C, 0xFF, 0xDE, 0xDB,
    0xFF, 0xD6, 0xBA, 0xFF, 0xD6, 0xBA, 0xFF, 0xCE, 0x58, 0xFF, 0xB5, 0x96, 0xFF, 0x94, 0xB2, 0xFF,
    0x7B, 0xCE, 0xFF, 0x4A, 0x68, 0xFF, 0x31, 0x65, 0xFF, 0x18, 0xC2, 0xFF, 0x08, 0x40, 0xFF, 0x52,
    0x46, 0xFE, 0x8B, 0xCB, 0xFE, 0xCD, 0xB2, 0xFB, 0xEE, 0xF8, 0xBB, 0x39, 0xC5, 0x48, 0x31, 0x86,
    0x0A, 0x7B, 0xE0, 0x02, 0x00, 0x00, 0x00, 0x00, 0x00, 0x00, 0x00, 0x00, 0x00, 0x00, 0x00, 0x00,
    0x00, 0x00, 0x00, 0xFF, 0xE0, 0x01, 0xFF, 0xFF, 0x01, 0x00, 0x00, 0x1D, 0xB4, 0xCE, 0x7E, 0xB4,
    0xCE, 0xE2, 0x73, 0x29, 0xFC, 0xD6, 0x14, 0xFF, 0xEF, 0x18, 0xFC, 0xEF, 0x3A, 0xCC, 0x52, 0x68,
    0x3D, 0x00, 0x00, 0x02, 0x00, 0x00, 0x00, 0x00, 0x00, 0x01, 0xFF, 0xFF, 0x01, 0x00, 0x00, 0x00,
    0x8B, 0xED, 0x52, 0xE6, 0xF8, 0xD6, 0xF7, 0x9B, 0xDE, 0x83, 0xED, 0x73, 0x00, 0x00, 0x0C, 0x00,
    0x00, 0x00, 0x00, 0x00, 0x00, 0x00, 0x00, 0x00, 0x00, 0x00, 0x00, 0x00, 0x00, 0x00, 0x00, 0x00,
    0x00, 0x00, 0x00, 0x00, 0x00, 0x00, 0x00, 0x00, 0x00, 0x00, 0x00, 0x00, 0x00, 0x00, 0x00, 0x00,
    0x00, 0x00, 0x00, 0x00, 0x00, 0x00, 0x00, 0x00, 0x00, 0x00, 0x00, 0x00, 0x00, 0x00, 0x00, 0x00,
    0x00, 0x00, 0x00, 0x00, 0x01, 0x00, 0x00, 0x00, 0x00, 0x04, 0x07, 0x11, 0xE0, 0x3C, 0x75, 0x27,
    0x95, 0xCF, 0x72, 0xD9, 0xF7, 0xFA, 0xF7, 0xF7, 0xDB, 0xFD, 0xEF, 0xBA, 0xFE, 0xE7, 0x99, 0xFE,
    0xE7, 0x99, 0xFE, 0xE7, 0x99, 0xFE, 0xE7, 0x98, 0xFE, 0xE7, 0x97, 0xFE, 0xDF, 0x97, 0xFE, 0xDF,
    0x98, 0xFE, 0xE7, 0x98, 0xFE, 0xE7, 0x99, 0xFE, 0xEF, 0xBA, 0xFD, 0xF7, 0xFB, 0xFE, 0xF7, 0xF9,
    0xFA, 0xCF, 0x72, 0xE8, 0x85, 0x88, 0xA3, 0x32, 0xC1, 0x4B, 0x00, 0x00, 0x10, 0x00, 0x00, 0x00,
    0x00, 0x00, 0x00, 0x00, 0x00, 0x00, 0x00, 0x00, 0x00, 0x00, 0x00, 0x00, 0x00, 0x00, 0x00, 0x00,
    0x00, 0x00, 0x00, 0x00, 0x04, 0x00, 0x00, 0x21, 0x00, 0x00, 0x21, 0x00, 0x00, 0x04, 0x00, 0x00,
    0x00, 0x00, 0x00, 0x00, 0x00, 0x00, 0x00, 0x00, 0x00, 0x00, 0x00, 0x00, 0x00, 0x00, 0x00, 0x00,
    0x00, 0x00, 0x00, 0x00, 0x00, 0x00, 0x00, 0x00, 0x00, 0x00, 0x00, 0x00, 0x00, 0x00, 0x00, 0x00,
    0x00, 0x00, 0x00, 0x00, 0x00, 0x00, 0x00, 0x00, 0x00, 0x00, 0x00, 0x00, 0x00, 0x00, 0x00, 0x00,
    0x00, 0x00, 0x00, 0x00, 0x00, 0x00, 0x00, 0x00, 0x00, 0x00, 0x00, 0x00, 0x00, 0x00, 0x00, 0x00,
    0x00, 0x00, 0x00, 0x00, 0x00, 0x00, 0x00, 0x00, 0x00, 0x00, 0x00, 0x00, 0x00, 0x00, 0x00, 0x00,
    0x00, 0x00, 0x00, 0x00, 0x00, 0x00, 0x00, 0x00, 0x00, 0x00, 0x00, 0x00, 0x00, 0x00, 0x00, 0x00,
    0x00, 0x00, 0x00, 0x00, 0x00, 0x00, 0x00, 0x00, 0x00, 0x00, 0x00, 0x00, 0x00, 0x00, 0x00, 0x00,
    0x00, 0x00, 0x00, 0x00, 0x00, 0x00, 0x00, 0x00, 0x00, 0x00, 0x00, 0x00, 0x00, 0x00, 0x00, 0x00,
    0x00, 0x00, 0x00, 0x00, 0x00, 0x00, 0x00, 0x00, 0x00, 0x00, 0x00, 0x00, 0x00, 0x00, 0x00, 0x00,
    0x00, 0x00, 0x00, 0x00, 0x00, 0x00, 0x00, 0x00, 0x00, 0x00, 0x00, 0x00, 0x00, 0x00, 0x00, 0x00,
    0x00, 0x00, 0x00, 0x00, 0x00, 0x00, 0x00, 0x00, 0x00, 0x00, 0x00, 0x00, 0x00, 0x00, 0x00, 0x00,
    0x00, 0x00, 0x00, 0x00, 0x00, 0x00, 0x00, 0x00, 0x00, 0x00, 0x00, 0x00, 0x00, 0x00, 0x00, 0x00,
    0x00, 0x00, 0x00, 0x00, 0x00, 0x00, 0x03, 0x00, 0x00, 0x0F, 0x18, 0xE3, 0x1A, 0x31, 0x86, 0x25,
    0x4A, 0x69, 0x3D, 0x73, 0x6D, 0x67, 0x8C, 0x71, 0x89, 0xAD, 0x76, 0xAB, 0xD6, 0x9A, 0xCB, 0xEF,
    0x5D, 0xE3, 0xF7, 0xBE, 0xEB, 0xFF, 0xFF, 0xEE, 0xFF, 0xFF, 0xF0, 0xFF, 0xFF, 0xF1, 0xFF, 0xFF,
    0xF3, 0xFF, 0xFF, 0xF4, 0xFF, 0xFF, 0xF5, 0xFF, 0xDE, 0xF5, 0xDE, 0xFB, 0xF4, 0xD6, 0x9A, 0xF1,
    0xCE, 0x39, 0xEE, 0xCE, 0x38, 0xEE, 0xCE, 0x39, 0xF5, 0xC6, 0x18, 0xFA, 0xBD, 0xB7, 0xFD, 0xAD,
    0x76, 0xFE, 0xC5, 0xF8, 0xFE, 0xE7, 0x3C, 0xFE, 0xFF, 0xDF, 0xFE, 0xFF, 0xDF, 0xFE, 0xF7, 0xBE,
    0xFE, 0xE7, 0x3C, 0xFF, 0xBD, 0xF7, 0xFF, 0x9C, 0xD3, 0xFF, 0x84, 0x10, 0xFF, 0x7B, 0xAE, 0xFF,
    0x73, 0x6E, 0xFF, 0x73, 0x4D, 0xFF, 0x6B, 0x4D, 0xFF, 0x7B, 0xCF, 0xFF, 0x8C, 0x31, 0xFF, 0x8C,
    0x51, 0xFF, 0x94, 0x92, 0xFF, 0xAD, 0x55, 0xFF, 0xC6, 0x17, 0xFF, 0xCE, 0x79, 0xFF, 0xC6, 0x17,
    0xFF, 0xA5, 0x33, 0xFF, 0x73, 0x8D, 0xFF, 0x41, 0xE7, 0xFF, 0x28, 0xE2, 0xFE, 0x5A, 0x67, 0xFE,
    0xB5, 0x31, 0xF0, 0xC5, 0xB3, 0x97, 0x00, 0x00, 0x1F, 0x7B, 0xEF, 0x04, 0x00, 0x00, 0x00, 0x00,
    0x00, 0x00, 0x00, 0x00, 0x00, 0x00, 0x00, 0x00, 0x00, 0x00, 0x00, 0xFF, 0xEF, 0x02, 0x00, 0x00,
    0x00, 0x41, 0xC4, 0x3A, 0xC5, 0x4F, 0xB2, 0x9C, 0x4C, 0xF9, 0x29, 0x43, 0xFE, 0xA4, 0xCF, 0xFF,
    0xEE, 0xD7, 0xFF, 0xFF, 0x9B, 0xED, 0x94, 0x4F, 0x85, 0x08, 0x00, 0x19, 0x00, 0x00, 0x00, 0xFF,
    0xFF, 0x01, 0xFF, 0xFF, 0x02, 0x00, 0x00, 0x00, 0xA4, 0xAF, 0x62, 0xEF, 0x18, 0xEA, 0xFF, 0xBB,
    0xF2, 0xC5, 0xD4, 0x9D, 0x00, 0x00, 0x11, 0xFF, 0xFF, 0x01, 0x00, 0x00, 0x00, 0x00, 0x00, 0x00,
    0x00, 0x00, 0x00, 0x00, 0x00, 0x00, 0x00, 0x00, 0x00, 0x00, 0x00, 0x00, 0x00, 0x00, 0x00, 0x00,
    0x00, 0x00, 0x00, 0x00, 0x00, 0x00, 0x00, 0x00, 0x00, 0x00, 0x00, 0x00, 0x00, 0x00, 0x00, 0x00,
    0x00, 0x00, 0x00, 0x00, 0x00, 0x00, 0x00, 0x00, 0x00, 0x00, 0xFF, 0xE0, 0x01, 0x78, 0x1F, 0x02,
    0x09, 0x20, 0x2F, 0x75, 0x27, 0x91, 0xD7, 0x93, 0xE1, 0xF7, 0xFB, 0xFB, 0xE7, 0xB9, 0xFE, 0xE7,
    0x98, 0xFF, 0xE7, 0xB9, 0xFF, 0xEF, 0xB9, 0xFF, 0xEF, 0xD9, 0xFF, 0xE7, 0xB9, 0xFF, 0xE7, 0xB8,
    0xFF, 0xE7, 0xB8, 0xFF, 0xE7, 0xB7, 0xFF, 0xE7, 0xB8, 0xFF, 0xE7, 0xB8, 0xFF, 0xE7, 0xB9, 0xFF,
    0xE7, 0xB9, 0xFF, 0xE7, 0x99, 0xFE, 0xEF, 0xBB, 0xFE, 0xF7, 0xFB, 0xFF, 0xE7, 0xD6, 0xED, 0x9E,
    0x2A, 0xB2, 0x3B, 0x01, 0x54, 0x00, 0x00, 0x0F, 0x00, 0x00, 0x00, 0x00, 0x00, 0x01, 0x00, 0x00,
    0x00, 0x00, 0x00, 0x00, 0x00, 0x00, 0x00, 0x00, 0x00, 0x00, 0x00, 0x00, 0x04, 0x00, 0x00, 0x21,
    0x00, 0x00, 0x21, 0x00, 0x00, 0x04, 0x00, 0x00, 0x00, 0x00, 0x00, 0x00, 0x00, 0x00, 0x00, 0x00,
    0x00, 0x00, 0x00, 0x00, 0x00, 0x00, 0x00, 0x00, 0x00, 0x00, 0x00, 0x00, 0x00, 0x00, 0x00, 0x00,
    0x00, 0x00, 0x00, 0x00, 0x00, 0x00, 0x00, 0x00, 0x00, 0x00, 0x00, 0x00, 0x00, 0x00, 0x00, 0x00,
    0x00, 0x00, 0x00, 0x00, 0x00, 0x00, 0x00, 0x00, 0x00, 0x00, 0x00, 0x00, 0x00, 0x00, 0x00, 0x00,
    0x00, 0x00, 0x00, 0x00, 0x00, 0x00, 0x00, 0x00, 0x00, 0x00, 0x00, 0x00, 0x00, 0x00, 0x00, 0x00,
    0x00, 0x00, 0x00, 0x00, 0x00, 0x00, 0x00, 0x00, 0x00, 0x00, 0x00, 0x00, 0x00, 0x00, 0x00, 0x00,
    0x00, 0x00, 0x00, 0x00, 0x00, 0x00, 0x00, 0x00, 0x00, 0x00, 0x00, 0x00, 0x00, 0x00, 0x00, 0x00,
    0x00, 0x00, 0x00, 0x00, 0x00, 0x00, 0x00, 0x00, 0x00, 0x00, 0x00, 0x00, 0x00, 0x00, 0x00, 0x00,
    0x00, 0x00, 0x00, 0x00, 0x00, 0x00, 0x00, 0x00, 0x00, 0x00, 0x00, 0x00, 0x00, 0x00, 0x00, 0x00,
    0x00, 0x00, 0x00, 0x00, 0x00, 0x00, 0x00, 0x00, 0x00, 0x00, 0x00, 0x00, 0x00, 0x00, 0x00, 0x00,
    0x00, 0x00, 0x00, 0x00, 0x00, 0x00, 0x00, 0x00, 0x00, 0x00, 0x00, 0x00, 0x00, 0x00, 0x00, 0x00,
    0x00, 0x00, 0x00, 0x00, 0x00, 0x00, 0x00, 0x00, 0x00, 0x00, 0x00, 0x00, 0x00, 0x00, 0x00, 0x00,
    0x00, 0x00, 0x01, 0x00, 0x00, 0x09, 0x08, 0x61, 0x13, 0x10, 0x82, 0x1D, 0x31, 0x86, 0x38, 0x6B,
    0x2C, 0x68, 0x9C, 0xF3, 0x96, 0xC6, 0x17, 0xB8, 0xDE, 0xFB, 0xD2, 0xFF, 0xDF, 0xE8, 0xFF, 0xFF,
    0xEF, 0xFF, 0xFF, 0xF5, 0xFF, 0xFF, 0xFA, 0xFF, 0xFF, 0xFF, 0xFF, 0xFF, 0xFF, 0xFF, 0xFF, 0xFF,
    0xFF, 0xFF, 0xFF, 0xFF, 0xFF, 0xFF, 0xFF, 0xDF, 0xFF, 0xFF, 0xFF, 0xFF, 0xFF, 0xFF, 0xFF, 0xF7,
    0x9E, 0xFF, 0xDE, 0xDB, 0xFF, 0xD6, 0x99, 0xFF, 0xD6, 0x7A, 0xFF, 0xD6, 0x7A, 0xFF, 0xC5, 0xF8,
    0xFF, 0xAD, 0x35, 0xFF, 0xB5, 0x96, 0xFF, 0xCE, 0x59, 0xFF, 0xDE, 0xDB, 0xFF, 0xF7, 0xBE, 0xFF,
    0xFF, 0xDF, 0xFF, 0xD6, 0x79, 0xFF, 0x94, 0x72, 0xFF, 0x6B, 0x2D, 0xFF, 0x6B, 0x2D, 0xFF, 0x7B,
    0xCF, 0xFF, 0x9C, 0xB2, 0xFF, 0xB5, 0x75, 0xFF, 0xC5, 0xF7, 0xFF, 0xCE, 0x39, 0xFF, 0xD6, 0x7A,
    0xFF, 0xD6, 0x9A, 0xFF, 0xCE, 0x79, 0xFF, 0xC6, 0x18, 0xFF, 0xB5, 0x95, 0xFF, 0x9C, 0xD3, 0xFF,
    0x8C, 0x31, 0xFF, 0x83, 0xEF, 0xFF, 0x84, 0x10, 0xFF, 0x94, 0x91, 0xFF, 0xAD, 0x54, 0xFF, 0xBD,
    0xD6, 0xFF, 0xAD, 0x54, 0xFE, 0x7B, 0xAD, 0xFF, 0x5A, 0x89, 0xFF, 0x5A, 0x88, 0xB8, 0x21, 0x03,
    0x2E, 0x00, 0x00, 0x0A, 0x00, 0x00, 0x00, 0x00, 0x00, 0x00, 0x00, 0x00, 0x00, 0x00, 0x00, 0x00,
    0x00, 0x00, 0x01, 0xFF, 0xFF, 0x02, 0x00, 0x00, 0x00, 0x9C, 0x0C, 0x56, 0xC5, 0x70, 0xD4, 0x7B,
    0x89, 0xFD, 0x00, 0x60, 0xFE, 0x4A, 0x46, 0xFF, 0xD6, 0x34, 0xFF, 0xEE, 0xD7, 0xFA, 0xDE, 0x36,
    0xC2, 0x5A, 0x88, 0x36, 0x00, 0x00, 0x00, 0x00, 0x00, 0x00, 0xFF, 0xFF, 0x01, 0x00, 0x00, 0x08,
    0x9C, 0x8F, 0x7B, 0xEE, 0xF8, 0xFB, 0xFF, 0xDB, 0xFE, 0xDE, 0xB7, 0xB9, 0x00, 0x00, 0x22, 0x7B,
    0xEF, 0x02, 0x00, 0x00, 0x00, 0x00, 0x00, 0x00, 0x00, 0x00, 0x00, 0x00, 0x00, 0x00, 0x00, 0x00,
    0x00, 0x00, 0x00, 0x00, 0x00, 0x00, 0x00, 0x00, 0x00, 0x00, 0x00, 0x00, 0x00, 0x00, 0x00, 0x00,
    0x00, 0x00, 0x00, 0x00, 0x00, 0x00, 0x00, 0x00, 0x00, 0x00, 0x00, 0x00, 0x00, 0x00, 0x00, 0x00,
    0x00, 0x01, 0x00, 0x00, 0x00, 0x00, 0x00, 0x16, 0x64, 0x64, 0x70, 0xC7, 0x12, 0xD6, 0xF7, 0xFA,
    0xFC, 0xE7, 0xB9, 0xFE, 0xE7, 0xB8, 0xFF, 0xE7, 0xB9, 0xFF, 0xEF, 0xD9, 0xFF, 0xEF, 0xB9, 0xFF,
    0xEF, 0xB9, 0xFF, 0xE7, 0xB9, 0xFF, 0xE7, 0xB8, 0xFF, 0xE7, 0xB7, 0xFF, 0xDF, 0x97, 0xFF, 0xE7,
    0x97, 0xFF, 0xE7, 0xB8, 0xFF, 0xE7, 0xB9, 0xFF, 0xE7, 0xB9, 0xFF, 0xEF, 0xB9, 0xFF, 0xEF, 0xB9,
    0xFF, 0xEF, 0xBA, 0xFF, 0xEF, 0xDA, 0xFF, 0xEF, 0xF7, 0xF0, 0x9E, 0x0B, 0xAF, 0x32, 0xA0, 0x46,
    0x00, 0x00, 0x07, 0x00, 0x00, 0x00, 0x00, 0x00, 0x01, 0x00, 0x00, 0x00, 0x00, 0x00, 0x00, 0x00,
    0x00, 0x00, 0x00, 0x00, 0x04, 0x00, 0x00, 0x21, 0x00, 0x00, 0x21, 0x00, 0x00, 0x04, 0x00, 0x00,
    0x00, 0x00, 0x00, 0x00, 0x00, 0x00, 0x00, 0x00, 0x00, 0x00, 0x00, 0x00, 0x00, 0x00, 0x00, 0x00,
    0x00, 0x00, 0x00, 0x00, 0x00, 0x00, 0x00, 0x00, 0x00, 0x00, 0x00, 0x00, 0x00, 0x00, 0x00, 0x00,
    0x00, 0x00, 0x00, 0x00, 0x00, 0x00, 0x00, 0x00, 0x00, 0x00, 0x00, 0x00, 0x00, 0x00, 0x00, 0x00,
    0x00, 0x00, 0x00, 0x00, 0x00, 0x00, 0x00, 0x00, 0x00, 0x00, 0x00, 0x00, 0x00, 0x00, 0x00, 0x00,
    0x00, 0x00, 0x00, 0x00, 0x00, 0x00, 0x00, 0x00, 0x00, 0x00, 0x00, 0x00, 0x00, 0x00, 0x00, 0x00,
    0x00, 0x00, 0x00, 0x00, 0x00, 0x00, 0x00, 0x00, 0x00, 0x00, 0x00, 0x00, 0x00, 0x00, 0x00, 0x00,
    0x00, 0x00, 0x00, 0x00, 0x00, 0x00, 0x00, 0x00, 0x00, 0x00, 0x00, 0x00, 0x00, 0x00, 0x00, 0x00,
    0x00, 0x00, 0x00, 0x00, 0x00, 0x00, 0x00, 0x00, 0x00, 0x00, 0x00, 0x00, 0x00, 0x00, 0x00, 0x00,
    0x00, 0x00, 0x00, 0x00, 0x00, 0x00, 0x00, 0x00, 0x00, 0x00, 0x00, 0x00, 0x00, 0x00, 0x00, 0x00,
    0x00, 0x00, 0x00, 0x00, 0x00, 0x00, 0x00, 0x00, 0x00, 0x00, 0x00, 0x00, 0x00, 0x00, 0x00, 0x00,
    0x00, 0x00, 0x00, 0x00, 0x00, 0x00, 0x00, 0x00, 0x00, 0x00, 0x00, 0x01, 0xFF, 0xFF, 0x01, 0xFF,
    0xFF, 0x01, 0x63, 0x2C, 0x05, 0x00, 0x00, 0x10, 0x00, 0x00, 0x23, 0x39, 0xC7, 0x4D, 0x8C, 0x51,
    0x83, 0xC6, 0x38, 0xB3, 0xEF, 0x5C, 0xD1, 0xF7, 0x9E, 0xE4, 0xF7, 0x9E, 0xF0, 0xF7, 0x9E, 0xF7,
    0xF7, 0x9E, 0xFD, 0xFF, 0xDF, 0xFF, 0xFF, 0xFF, 0xFF, 0xFF, 0xFF, 0xFF, 0xE7, 0x3C, 0xFF, 0xCE,
    0x59, 0xFF, 0xB5, 0x96, 0xFF, 0xA5, 0x13, 0xFF, 0x94, 0x92, 0xFF, 0x8C, 0x30, 0xFF, 0x84, 0x10,
    0xFF, 0x8C, 0x30, 0xFF, 0x8C, 0x51, 0xFF, 0xA4, 0xF3, 0xFF, 0xCE, 0x59, 0xFF, 0xEF, 0x5D, 0xFF,
    0xFF, 0xDF, 0xFF, 0xD6, 0xBB, 0xFF, 0xAD, 0x55, 0xFF, 0xA4, 0xF4, 0xFF, 0xB5, 0x76, 0xFF, 0xD6,
    0x7A, 0xFF, 0xE7, 0x1C, 0xFF, 0xBD, 0xB7, 0xFF, 0x73, 0x8E, 0xFF, 0x63, 0x0C, 0xFF, 0x8C, 0x51,
    0xFF, 0xC5, 0xF8, 0xFF, 0xE7, 0x1C, 0xFF, 0xF7, 0x7D, 0xFF, 0xFF, 0x9E, 0xFF, 0xFF, 0xBE, 0xFF,
    0xFF, 0xBE, 0xFF, 0xFF, 0xBE, 0xFF, 0xFF, 0xBE, 0xFF, 0xFF, 0xBE, 0xFF, 0xFF, 0xDE, 0xFF, 0xFF,
    0xBE, 0xFF, 0xFF, 0xBE, 0xFF, 0xF7, 0x9D, 0xFF, 0xEF, 0x3C, 0xFF, 0xDE, 0xDA, 0xFF, 0xCE, 0x18,
    0xFF, 0xA5, 0x14, 0xFF, 0x7B, 0xCF, 0xFF, 0x62, 0xEB, 0xFF, 0x73, 0x4D, 0xFF, 0xA4, 0xF3, 0xFE,
    0xCE, 0x38, 0xFF, 0xBD, 0xD6, 0xD9, 0x7B, 0xCF, 0x77, 0x29, 0x45, 0x3E, 0x00, 0x00, 0x1A, 0x00,
    0x00, 0x0A, 0xAD, 0x55, 0x03, 0xFF, 0xFF, 0x01, 0x7B, 0xEF, 0x02, 0xFF, 0xFF, 0x02, 0x00, 0x00,
    0x05, 0xC5, 0x71, 0x6F, 0xC5, 0x70, 0xEB, 0x52, 0xA6, 0xFD, 0x00, 0xA0, 0xFE, 0x19, 0x22, 0xFF,
    0xAD, 0x10, 0xFF, 0xE6, 0xB6, 0xFE, 0xF6, 0xF8, 0xE4, 0x7B, 0x8C, 0x67, 0x00, 0x00, 0x10, 0x00,
    0x00, 0x00, 0x28, 0x00, 0x06, 0x29, 0x23, 0x30, 0x9C, 0x8F, 0xA4, 0xE6, 0xB7, 0xFE, 0xFF, 0xFC,
    0xFF, 0xEF, 0x39, 0xD0, 0x39, 0xC6, 0x4A, 0x18, 0xE3, 0x08, 0x00, 0x00, 0x00, 0x00, 0x00, 0x00,
    0x00, 0x00, 0x00, 0x00, 0x00, 0x00, 0x00, 0x00, 0x00, 0x00, 0x00, 0x00, 0x00, 0x00, 0x00, 0x00,
    0x00, 0x00, 0x00, 0x00, 0x00, 0x00, 0x00, 0x00, 0x00, 0x00, 0x00, 0x00, 0x00, 0x00, 0x00, 0x00,
    0x00, 0x00, 0x00, 0x00, 0x00, 0x00, 0x00, 0xFF, 0xFF, 0x01, 0x00, 0x0C, 0x05, 0x22, 0x80, 0x47,
    0xA6, 0x6E, 0xB8, 0xEF, 0xF8, 0xFA, 0xEF, 0xBA, 0xFF, 0xE7, 0x98, 0xFE, 0xE7, 0xB9, 0xFF, 0xEF,
    0xB9, 0xFF, 0xEF, 0xB9, 0xFF, 0xEF, 0xB9, 0xFF, 0xEF, 0xBA, 0xFE, 0xF7, 0xDA, 0xFE, 0xF7, 0xFA,
    0xFE, 0xEF, 0xF9, 0xFE, 0xEF, 0xF9, 0xFE, 0xE7, 0xB9, 0xFE, 0xE7, 0x98, 0xFE, 0xE7, 0x98, 0xFF,
    0xE7, 0xB9, 0xFF, 0xE7, 0xB9, 0xFF, 0xE7, 0xB9, 0xFF, 0xE7, 0xB9, 0xFF, 0xE7, 0xB9, 0xFF, 0xEF,
    0xDA, 0xFF, 0xDF, 0xB4, 0xEF, 0x85, 0x48, 0x98, 0x09, 0x40, 0x2F, 0x00, 0x1F, 0x01, 0x00, 0x00,
    0x00, 0x00, 0x00, 0x01, 0x00, 0x00, 0x00, 0x00, 0x00, 0x00, 0x00, 0x00, 0x04, 0x00, 0x00, 0x21,
    0x00, 0x00, 0x21, 0x00, 0x00, 0x04, 0x00, 0x00, 0x00, 0x00, 0x00, 0x00, 0x00, 0x00, 0x00, 0x00,
    0x00, 0x00, 0x00, 0x00, 0x00, 0x00, 0x00, 0x00, 0x00, 0x00, 0x00, 0x00, 0x00, 0x00, 0x00, 0x00,
    0x00, 0x00, 0x00, 0x00, 0x00, 0x00, 0x00, 0x00, 0x00, 0x00, 0x00, 0x00, 0x00, 0x00, 0x00, 0x00,
    0x00, 0x00, 0x00, 0x00, 0x00, 0x00, 0x00, 0x00, 0x00, 0x00, 0x00, 0x00, 0x00, 0x00, 0x00, 0x00,
    0x00, 0x00, 0x00, 0x00, 0x00, 0x00, 0x00, 0x00, 0x00, 0x00, 0x00, 0x00, 0x00, 0x00, 0x00, 0x00,
    0x00, 0x00, 0x00, 0x00, 0x00, 0x00, 0x00, 0x00, 0x00, 0x00, 0x00, 0x00, 0x00, 0x00, 0x00, 0x00,
    0x00, 0x00, 0x00, 0x00, 0x00, 0x00, 0x00, 0x00, 0x00, 0x00, 0x00, 0x00, 0x00, 0x00, 0x00, 0x00,
    0x00, 0x00, 0x00, 0x00, 0x00, 0x00, 0x00, 0x00, 0x00, 0x00, 0x00, 0x00, 0x00, 0x00, 0x00, 0x00,
    0x00, 0x00, 0x00, 0x00, 0x00, 0x00, 0x00, 0x00, 0x00, 0x00, 0x00, 0x00, 0x00, 0x00, 0x00, 0x00,
    0x00, 0x00, 0x00, 0x00, 0x00, 0x00, 0x00, 0x00, 0x00, 0x00, 0x00, 0x00, 0x00, 0x00, 0x00, 0x00,
    0x00, 0x00, 0x00, 0x00, 0x00, 0x00, 0x00, 0x00, 0x00, 0x00, 0x01, 0x00, 0x00, 0x01, 0xFF, 0xFF,
    0x01, 0xFF, 0xFF, 0x02, 0x00, 0x00, 0x07, 0x00, 0x00, 0x14, 0x18, 0xC3, 0x3D, 0x7B, 0xEF, 0x79,
    0xCE, 0x79, 0xB3, 0xEF, 0x9E, 0xD5, 0xFF, 0xBE, 0xE9, 0xF7, 0x7D, 0xF8, 0xE7, 0x3C, 0xFF, 0xEF,
    0x5D, 0xFF, 0xFF, 0xDF, 0xFF, 0xFF, 0xFF, 0xFF, 0xFF, 0x9E, 0xFF, 0xD6, 0x79, 0xFF, 0xA5, 0x14,
    0xFF, 0x7B, 0xCF, 0xFF, 0x6B, 0x0C, 0xFF, 0x73, 0x4D, 0xFF, 0x83, 0xEF, 0xFF, 0x8C, 0x51, 0xFF,
    0x94, 0x51, 0xFF, 0x94, 0x71, 0xFF, 0x94, 0x92, 0xFF, 0x94, 0x92, 0xFF, 0x83, 0xF0, 0xFF, 0x6B,
    0x4D, 0xFF, 0x6B, 0x0D, 0xFF, 0x73, 0x6E, 0xFF, 0x8C, 0x31, 0xFF, 0xA5, 0x14, 0xFF, 0xBD, 0xD7,
    0xFF, 0xB5, 0x76, 0xFF, 0xAD, 0x55, 0xFF, 0xAD, 0x55, 0xFF, 0x84, 0x10, 0xFF, 0x6B, 0x4D, 0xFF,
    0x9C, 0xF4, 0xFF, 0xDE, 0xBA, 0xFF, 0xF7, 0x9E, 0xFF, 0xFF, 0xBE, 0xFF, 0xF7, 0x9E, 0xFF, 0xF7,
    0x7D, 0xFF, 0xF7, 0x5D, 0xFF, 0xEF, 0x3C, 0xFF, 0xEF, 0x3C, 0xFF, 0xEF, 0x3C, 0xFF, 0xEF, 0x5D,
    0xFF, 0xEF, 0x5D, 0xFF, 0xF7, 0x5D, 0xFF, 0xEF, 0x5D, 0xFF, 0xF7, 0x5D, 0xFF, 0xF7, 0x5D, 0xFF,
    0xF7, 0x5D, 0xFF, 0xF7, 0x5D, 0xFF, 0xF7, 0x7D, 0xFF, 0xF7, 0x7D, 0xFF, 0xEF, 0x3C, 0xFF, 0xCE,
    0x59, 0xFF, 0xA5, 0x14, 0xFF, 0x7B, 0xAF, 0xFF, 0x73, 0x4D, 0xFF, 0x8C, 0x71, 0xF9, 0xCE, 0x59,
    0xE0, 0xF7, 0x9D, 0xC6, 0xCE, 0x59, 0x9F, 0x63, 0x2B, 0x65, 0x00, 0x00, 0x2D, 0x00, 0x00, 0x10,
    0x00, 0x00, 0x09, 0xFF, 0xFF, 0x05, 0x10, 0x82, 0x1A, 0xD5, 0xD3, 0x93, 0xBD, 0x50, 0xFC, 0x31,
    0xE3, 0xFD, 0x11, 0x61, 0xFE, 0x19, 0x41, 0xFF, 0x6B, 0x8A, 0xFF, 0xEF, 0x17, 0xFF, 0xEE, 0xD7,
    0xF5, 0xB4, 0xF1, 0xA7, 0x4A, 0x06, 0x2E, 0x00, 0x00, 0x00, 0x08, 0x20, 0x20, 0xA4, 0xF0, 0x75,
    0xBD, 0x71, 0xD5, 0xCD, 0xF4, 0xFE, 0xFF, 0xFC, 0xFF, 0xF7, 0x5A, 0xE5, 0x8C, 0x0E, 0x7B, 0x00,
    0x00, 0x10, 0x00, 0x00, 0x00, 0x00, 0x00, 0x00, 0x00, 0x00, 0x00, 0x00, 0x00, 0x00, 0x00, 0x00,
    0x00, 0x00, 0x00, 0x00, 0x00, 0x00, 0x00, 0x00, 0x00, 0x00, 0x00, 0x00, 0x00, 0x00, 0x00, 0x00,
    0x00, 0x00, 0x00, 0x00, 0x00, 0x00, 0x00, 0x00, 0x00, 0x00, 0x00, 0x00, 0x00, 0x00, 0x01, 0xFF,
    0xFF, 0x02, 0x00, 0x00, 0x16, 0x6D, 0x05, 0x7C, 0xC7, 0x52, 0xE4, 0xF7, 0xFA, 0xFF, 0xE7, 0x79,
    0xFE, 0xE7, 0x99, 0xFF, 0xEF, 0xB9, 0xFF, 0xEF, 0xB9, 0xFF, 0xEF, 0xBA, 0xFE, 0xF7, 0xDC, 0xFF,
    0xEF, 0xD9, 0xFA, 0xD7, 0x74, 0xF3, 0xB6, 0xCF, 0xF3, 0xAE, 0x8E, 0xF2, 0xBE, 0xD0, 0xF2, 0xDF,
    0x95, 0xF4, 0xEF, 0xF9, 0xF8, 0xE7, 0xBA, 0xFE, 0xE7, 0x99, 0xFE, 0xE7, 0xB9, 0xFF, 0xE7, 0xB9,
    0xFF, 0xE7, 0xB8, 0xFF, 0xE7, 0x98, 0xFF, 0xE7, 0x98, 0xFE, 0xEF, 0xD9, 0xFE, 0xBE, 0xF0, 0xD5,
    0x5C, 0x25, 0x6B, 0x00, 0x00, 0x14, 0x00, 0x00, 0x00, 0x07, 0xE0, 0x01, 0x00, 0x00, 0x00, 0x00,
    0x00, 0x00, 0x00, 0x00, 0x04, 0x00, 0x00, 0x21, 0x00, 0x00, 0x21, 0x00, 0x00, 0x04, 0x00, 0x00,
    0x00, 0x00, 0x00, 0x00, 0x00, 0x00, 0x00, 0x00, 0x00, 0x00, 0x00, 0x00, 0x00, 0x00, 0x00, 0x00,
    0x00, 0x00, 0x00, 0x00, 0x00, 0x00, 0x00, 0x00, 0x00, 0x00, 0x00, 0x00, 0x00, 0x00, 0x00, 0x00,
    0x00, 0x00, 0x00, 0x00, 0x00, 0x00, 0x00, 0x00, 0x00, 0x00, 0x00, 0x00, 0x00, 0x00, 0x00, 0x00,
    0x00, 0x00, 0x00, 0x00, 0x00, 0x00, 0x00, 0x00, 0x00, 0x00, 0x00, 0x00, 0x00, 0x00, 0x00, 0x00,
    0x00, 0x00, 0x00, 0x00, 0x00, 0x00, 0x00, 0x00, 0x00, 0x00, 0x00, 0x00, 0x00, 0x00, 0x00, 0x00,
    0x00, 0x00, 0x00, 0x00, 0x00, 0x00, 0x00, 0x00, 0x00, 0x00, 0x00, 0x00, 0x00, 0x00, 0x00, 0x00,
    0x00, 0x00, 0x00, 0x00, 0x00, 0x00, 0x00, 0x00, 0x00, 0x00, 0x00, 0x00, 0x00, 0x00, 0x00, 0x00,
    0x00, 0x00, 0x00, 0x00, 0x00, 0x00, 0x00, 0x00, 0x00, 0x00, 0x00, 0x00, 0x00, 0x00, 0x00, 0x00,
    0x00, 0x00, 0x00, 0x00, 0x00, 0x00, 0x00, 0x00, 0x00, 0x00, 0x00, 0x00, 0x00, 0x00, 0x00, 0x00,
    0x00, 0x00, 0x00, 0x00, 0x00, 0x00, 0x00, 0x00, 0x00, 0x00, 0x00, 0x00, 0x01, 0x7B, 0xEF, 0x02,
    0xFF, 0xFF, 0x02, 0xFF, 0xFF, 0x01, 0x00, 0x00, 0x07, 0x00, 0x00, 0x21, 0x5A, 0xCB, 0x5C, 0xB5,
    0xB6, 0x98, 0xE7, 0x1C, 0xC5, 0xF7, 0x9E, 0xE4, 0xFF, 0xDF, 0xFB, 0xFF, 0xBE, 0xFF, 0xEF, 0x5D,
    0xFF, 0xEF, 0x7D, 0xFF, 0xFF, 0xFF, 0xFF, 0xFF, 0xFF, 0xFF, 0xCE, 0x79, 0xFF, 0x8C, 0x51, 0xFF,
    0x63, 0x0C, 0xFF, 0x63, 0x0C, 0xFF, 0x83, 0xEF, 0xFF, 0xA4, 0xF3, 0xFF, 0xBD, 0xB6, 0xFF, 0xD6,
    0x9A, 0xFF, 0xE7, 0x3C, 0xFF, 0xEF, 0x7D, 0xFF, 0xEF, 0x7D, 0xFF, 0xEF, 0x5C, 0xFF, 0xEF, 0x3C,
    0xFF, 0xEF, 0x5C, 0xFF, 0xEF, 0x3C, 0xFF, 0xDE, 0xDB, 0xFF, 0xCE, 0x59, 0xFF, 0xB5, 0x96, 0xFF,
    0xA5, 0x14, 0xFF, 0x9C, 0xD3, 0xFF, 0x9C, 0xD3, 0xFF, 0xC5, 0xF8, 0xFF, 0xC6, 0x18, 0xFF, 0x9C,
    0xD3, 0xFF, 0xA5, 0x14, 0xFF, 0xDE, 0xDB, 0xFF, 0xF7, 0xBE, 0xFF, 0xFF, 0xFF, 0xFF, 0xFF, 0xDE,
    0xFF, 0xF7, 0x7D, 0xFF, 0xEF, 0x5D, 0xFF, 0xEF, 0x3C, 0xFF, 0xEF, 0x1C, 0xFF, 0xEF, 0x1C, 0xFF,
    0xEF, 0x1C, 0xFF, 0xEF, 0x1C, 0xFF, 0xEF, 0x3C, 0xFF, 0xEF, 0x3C, 0xFF, 0xEF, 0x3C, 0xFF, 0xEF,
    0x3C, 0xFF, 0xEF, 0x3C, 0xFF, 0xEF, 0x3C, 0xFF, 0xEF, 0x3C, 0xFF, 0xEF, 0x3C, 0xFF, 0xEF, 0x3C,
    0xFF, 0xEF, 0x5D, 0xFF, 0xF7, 0x7D, 0xFF, 0xF7, 0x7D, 0xFF, 0xF7, 0x7D, 0xFF, 0xE7, 0x1B, 0xFF,
    0xC6, 0x18, 0xFF, 0x94, 0x92, 0xFF, 0x6B, 0x6D, 0xFF, 0x84, 0x10, 0xFD, 0xCE, 0x59, 0xF4, 0xFF,
    0xDF, 0xDA, 0xF7, 0x9E, 0xBB, 0xB5, 0xB6, 0x90, 0x5A, 0xCA, 0x5B, 0x00, 0x00, 0x23, 0x00, 0x00,
    0x27, 0xE6, 0x74, 0xA0, 0xBD, 0x91, 0xFF, 0x29, 0xA2, 0xFD, 0x21, 0xC2, 0xFE, 0x21, 0xE2, 0xFF,
    0x3A, 0x04, 0xFF, 0xDE, 0xB6, 0xFF, 0xEE, 0xD7, 0xFB, 0xE6, 0x55, 0xD6, 0x7B, 0x6B, 0x53, 0x18,
    0xE3, 0x09, 0x4A, 0x48, 0x3D, 0xB5, 0xB3, 0xB1, 0xBD, 0x72, 0xF8, 0xBD, 0x92, 0xFE, 0xFF, 0xFC,
    0xFF, 0xF7, 0x39, 0xF2, 0xBD, 0x92, 0x9F, 0x00, 0x00, 0x15, 0x00, 0x00, 0x00, 0x00, 0x00, 0x00,
    0x00, 0x00, 0x00, 0x00, 0x00, 0x00, 0x00, 0x00, 0x00, 0x00, 0x00, 0x00, 0x00, 0x00, 0x00, 0x00,
    0x00, 0x00, 0x00, 0x00, 0x00, 0x00, 0x00, 0x00, 0x00, 0x00, 0x00, 0x00, 0x00, 0x00, 0x00, 0x00,
    0x00, 0x00, 0x00, 0x00, 0xFF, 0xE0, 0x01, 0xAD, 0x5F, 0x03, 0x09, 0x00, 0x34, 0x96, 0x0B, 0xAE,
    0xDF, 0xB6, 0xFB, 0xEF, 0xBA, 0xFF, 0xE7, 0x78, 0xFE, 0xE7, 0xB9, 0xFF, 0xEF, 0xB9, 0xFF, 0xEF,
    0xBA, 0xFF, 0xF7, 0xFB, 0xFF, 0xD7, 0x74, 0xF0, 0x9E, 0x0B, 0xB7, 0x64, 0x66, 0x81, 0x4B, 0x84,
    0x63, 0x53, 0x84, 0x5A, 0x5B, 0xC5, 0x61, 0x6C, 0x68, 0x7E, 0xA6, 0x0D, 0xB2, 0xDF, 0x96, 0xE5,
    0xEF, 0xDA, 0xFD, 0xE7, 0x99, 0xFF, 0xE7, 0x98, 0xFF, 0xE7, 0xB8, 0xFF, 0xDF, 0xB8, 0xFF, 0xDF,
    0x97, 0xFF, 0xE7, 0x99, 0xFE, 0xE7, 0xD6, 0xF7, 0x95, 0xEA, 0xAB, 0x1A, 0x20, 0x38, 0x00, 0x1F,
    0x01, 0xFF, 0xFF, 0x01, 0x00, 0x00, 0x01, 0x00, 0x00, 0x00, 0x00, 0x00, 0x04, 0x00, 0x00, 0x21,
    0x00, 0x00, 0x21, 0x00, 0x00, 0x04, 0x00, 0x00, 0x00, 0x00, 0x00, 0x00, 0x00, 0x00, 0x00, 0x00,
    0x00, 0x00, 0x00, 0x00, 0x00, 0x00, 0x00, 0x00, 0x00, 0x00, 0x00, 0x00, 0x00, 0x00, 0x00, 0x00,
    0x00, 0x00, 0x00, 0x00, 0x00, 0x00, 0x00, 0x00, 0x00, 0x00, 0x00, 0x00, 0x00, 0x00, 0x00, 0x00,
    0x00, 0x00, 0x00, 0x00, 0x00, 0x00, 0x00, 0x00, 0x00, 0x00, 0x00, 0x00, 0x00, 0x00, 0x00, 0x00,
    0x00, 0x00, 0x00, 0x00, 0x00, 0x00, 0x00, 0x00, 0x00, 0x00, 0x00, 0x00, 0x00, 0x00, 0x00, 0x00,
    0x00, 0x00, 0x00, 0x00, 0x00, 0x00, 0x00, 0x00, 0x00, 0x00, 0x00, 0x00, 0x00, 0x00, 0x00, 0x00,
    0x00, 0x00, 0x00, 0x00, 0x00, 0x00, 0x00, 0x00, 0x00, 0x00, 0x00, 0x00, 0x00, 0x00, 0x00, 0x00,
    0x00, 0x00, 0x00, 0x00, 0x00, 0x00, 0x00, 0x00, 0x00, 0x00, 0x00, 0x00, 0x00, 0x00, 0x00, 0x00,
    0x00, 0x00, 0x00, 0x00, 0x00, 0x00, 0x00, 0x00, 0x00, 0x00, 0x00, 0x00, 0x00, 0x00, 0x00, 0x00,
    0x00, 0x00, 0x00, 0x00, 0x00, 0x00, 0x00, 0x00, 0x00, 0x00, 0x00, 0x00, 0x00, 0x00, 0x01, 0x7B,
    0xEF, 0x02, 0xFF, 0xFF, 0x01, 0xFF, 0xFF, 0x01, 0x00, 0x00, 0x05, 0x00, 0x00, 0x24, 0x73, 0x6E,
    0x64, 0xCE, 0x38, 0xA3, 0xE7, 0x3C, 0xD3, 0xF7, 0x9E, 0xF2, 0xFF, 0xFF, 0xFF, 0xFF, 0xDF, 0xFF,
    0xEF, 0x5D, 0xFF, 0xF7, 0x5D, 0xFF, 0xFF, 0xFF, 0xFF, 0xF7, 0x9E, 0xFF, 0xBD, 0xB7, 0xFF, 0x7B,
    0xAE, 0xFF, 0x62, 0xEB, 0xFF, 0x73, 0x4D, 0xFF, 0x94, 0x92, 0xFF, 0xC5, 0xF7, 0xFF, 0xE6, 0xFB,
    0xFF, 0xF7, 0x9E, 0xFF, 0xFF, 0xDF, 0xFF, 0xFF, 0xFF, 0xFF, 0xFF, 0xDF, 0xFF, 0xFF, 0xDE, 0xFF,
    0xF7, 0xBE, 0xFF, 0xF7, 0x7D, 0xFF, 0xF7, 0x5D, 0xFF, 0xF7, 0x5D, 0xFF, 0xF7, 0x7D, 0xFF, 0xF7,
    0x7D, 0xFF, 0xF7, 0x9D, 0xFF, 0xF7, 0x7D, 0xFF, 0xEF, 0x5D, 0xFF, 0xE7, 0x1B, 0xFF, 0xDE, 0xBA,
    0xFF, 0xEF, 0x3C, 0xFF, 0xE6, 0xFB, 0xFF, 0xD6, 0x7A, 0xFF, 0xEF, 0x7D, 0xFF, 0xFF, 0xFF, 0xFF,
    0xFF, 0xBE, 0xFF, 0xF7, 0x7D, 0xFF, 0xEF, 0x5D, 0xFF, 0xEF, 0x5D, 0xFF, 0xEF, 0x5D, 0xFF, 0xEF,
    0x5D, 0xFF, 0xEF, 0x5D, 0xFF, 0xEF, 0x3C, 0xFF, 0xEF, 0x3C, 0xFF, 0xEF, 0x3C, 0xFF, 0xEF, 0x3C,
    0xFF, 0xEF, 0x3C, 0xFF, 0xEF, 0x3C, 0xFF, 0xEF, 0x3C, 0xFF, 0xEF, 0x5D, 0xFF, 0xEF, 0x3C, 0xFF,
    0xEF, 0x3C, 0xFF, 0xEF, 0x3C, 0xFF, 0xEF, 0x1C, 0xFF, 0xE7, 0x1C, 0xFF, 0xE7, 0x1C, 0xFF, 0xEF,
    0x1C, 0xFF, 0xF7, 0x5D, 0xFF, 0xF7, 0x9E, 0xFF, 0xFF, 0xBE, 0xFF, 0xEF, 0x5D, 0xFF, 0xC6, 0x18,
    0xFF, 0x94, 0x92, 0xFF, 0x83, 0xEF, 0xFF, 0x9C, 0xD2, 0xFF, 0xD6, 0x79, 0xFF, 0xFF, 0xFF, 0xEF,
    0xF7, 0xBE, 0xD1, 0xBD, 0xF7, 0x99, 0x5A, 0xAA, 0x69, 0x73, 0x08, 0xAA, 0x5A, 0x86, 0xFE, 0x21,
    0x41, 0xFE, 0x3A, 0x64, 0xFE, 0x32, 0x44, 0xFF, 0x21, 0x62, 0xFF, 0xA5, 0x10, 0xFF, 0xEE, 0xD7,
    0xFE, 0xF6, 0xF6, 0xF0, 0x9C, 0x4D, 0x89, 0x00, 0x00, 0x20, 0x73, 0x8B, 0x50, 0xBD, 0xF3, 0xCC,
    0xB5, 0x71, 0xFF, 0xBD, 0x91, 0xFD, 0xFF, 0xDB, 0xFF, 0xF7, 0x38, 0xF8, 0xCE, 0x14, 0xB2, 0x00,
    0x40, 0x1C, 0x00, 0x00, 0x00, 0x00, 0x00, 0x00, 0x00, 0x00, 0x00, 0x00, 0x00, 0x00, 0x00, 0x00,
    0x00, 0x00, 0x00, 0x00, 0x00, 0x00, 0x00, 0x00, 0x00, 0x00, 0x00, 0x00, 0x00, 0x00, 0x00, 0x00,
    0x00, 0x00, 0x00, 0x00, 0x00, 0x00, 0x00, 0x00, 0x00, 0x00, 0x00, 0x00, 0xFF, 0xFF, 0x01, 0x30,
    0x0C, 0x05, 0x32, 0xC0, 0x4F, 0xAE, 0x8F, 0xCA, 0xE7, 0xD8, 0xFE, 0xE7, 0x99, 0xFD, 0xDF, 0x78,
    0xFE, 0xE7, 0xB9, 0xFF, 0xEF, 0xBA, 0xFF, 0xEF, 0xFA, 0xFF, 0xCF, 0x52, 0xF0, 0x85, 0x67, 0xA6,
    0x2A, 0xC0, 0x4B, 0x00, 0x00, 0x19, 0x00, 0x00, 0x08, 0x00, 0x00, 0x04, 0x00, 0x00, 0x08, 0x00,
    0x00, 0x18, 0x2A, 0x20, 0x43, 0x95, 0x8A, 0x96, 0xDF, 0x95, 0xE5, 0xEF, 0xDA, 0xFD, 0xDF, 0x98,
    0xFE, 0xE7, 0xB8, 0xFF, 0xE7, 0xB8, 0xFF, 0xE7, 0xB7, 0xFF, 0xDF, 0x78, 0xFE, 0xEF, 0xD9, 0xFE,
    0xBE, 0xCF, 0xD4, 0x54, 0x22, 0x5C, 0x00, 0x00, 0x05, 0xFF, 0xFF, 0x01, 0x00, 0x00, 0x01, 0x00,
    0x00, 0x00, 0x00, 0x00, 0x04, 0x00, 0x20, 0x21, 0x00, 0x00, 0x21, 0x00, 0x00, 0x04, 0x00, 0x00,
    0x00, 0x00, 0x00, 0x00, 0x00, 0x00, 0x00, 0x00, 0x00, 0x00, 0x00, 0x00, 0x00, 0x00, 0x00, 0x00,
    0x00, 0x00, 0x00, 0x00, 0x00, 0x00, 0x00, 0x00, 0x00, 0x00, 0x00, 0x00, 0x00, 0x00, 0x00, 0x00,
    0x00, 0x00, 0x00, 0x00, 0x00, 0x00, 0x00, 0x00, 0x00, 0x00, 0x00, 0x00, 0x00, 0x00, 0x00, 0x00,
    0x00, 0x00, 0x00, 0x00, 0x00, 0x00, 0x00, 0x00, 0x00, 0x00, 0x00, 0x00, 0x00, 0x00, 0x00, 0x00,
    0x00, 0x00, 0x00, 0x00, 0x00, 0x00, 0x00, 0x00, 0x00, 0x00, 0x00, 0x00, 0x00, 0x00, 0x00, 0x00,
    0x00, 0x00, 0x00, 0x00, 0x00, 0x00, 0x00, 0x00, 0x00, 0x00, 0x00, 0x00, 0x00, 0x00, 0x00, 0x00,
    0x00, 0x00, 0x00, 0x00, 0x00, 0x00, 0x00, 0x00, 0x00, 0x00, 0x00, 0x00, 0x00, 0x00, 0x00, 0x00,
    0x00, 0x00, 0x00, 0x00, 0x00, 0x00, 0x00, 0x00, 0x00, 0x00, 0x00, 0x00, 0x00, 0x00, 0x00, 0x00,
    0x00, 0x00, 0x00, 0x00, 0x00, 0x00, 0x00, 0x00, 0x00, 0x00, 0x00, 0x00, 0x00, 0x00, 0x00, 0x00,
    0x01, 0x00, 0x00, 0x01, 0x00, 0x00, 0x00, 0x00, 0x00, 0x00, 0x00, 0x00, 0x03, 0x00, 0x00, 0x27,
    0x83, 0xF0, 0x66, 0xCE, 0x79, 0xA3, 0xEF, 0x7D, 0xD7, 0xFF, 0xFF, 0xF9, 0xFF, 0xFF, 0xFF, 0xFF,
    0xFF, 0xFF, 0xF7, 0xBE, 0xFF, 0xF7, 0xBE, 0xFF, 0xFF, 0xFF, 0xFE, 0xFF, 0xDF, 0xFF, 0xBD, 0xD7,
    0xFF, 0x7B, 0xAE, 0xFF, 0x62, 0xCB, 0xFF, 0x7B, 0xCF, 0xFF, 0xB5, 0x75, 0xFF, 0xDE, 0xBA, 0xFF,
    0xF7, 0x7E, 0xFF, 0xFF, 0xDF, 0xFF, 0xFF, 0xDE, 0xFF, 0xF7, 0x9E, 0xFF, 0xF7, 0x7D, 0xFF, 0xEF,
    0x5D, 0xFF, 0xEF, 0x5D, 0xFF, 0xEF, 0x5C, 0xFF, 0xEF, 0x3C, 0xFF, 0xEF, 0x1C, 0xFF, 0xE7, 0x1B,
    0xFF, 0xE6, 0xFB, 0xFF, 0xE6, 0xFB, 0xFF, 0xE6, 0xFB, 0xFF, 0xE6, 0xFB, 0xFF, 0xE7, 0x1C, 0xFF,
    0xEF, 0x5D, 0xFF, 0xF7, 0x7D, 0xFF, 0xF7, 0x9E, 0xFF, 0xF7, 0x9D, 0xFF, 0xEF, 0x5D, 0xFF, 0xF7,
    0x9E, 0xFF, 0xFF, 0xBE, 0xFF, 0xF7, 0x7D, 0xFF, 0xEF, 0x5D, 0xFF, 0xF7, 0x7D, 0xFF, 0xF7, 0x7D,
    0xFF, 0xF7, 0x7D, 0xFF, 0xEF, 0x5D, 0xFF, 0xEF, 0x3C, 0xFF, 0xEF, 0x1C, 0xFF, 0xE7, 0x1B, 0xFF,
    0xE6, 0xFB, 0xFF, 0xE6, 0xFB, 0xFF, 0xEF, 0x1C, 0xFF, 0xEF, 0x3C, 0xFF, 0xEF, 0x3C, 0xFF, 0xEF,
    0x3C, 0xFF, 0xEF, 0x3C, 0xFF, 0xEF, 0x3D, 0xFF, 0xEF, 0x5C, 0xFF, 0xEF, 0x3C, 0xFF, 0xEF, 0x3C,
    0xFF, 0xEF, 0x3C, 0xFF, 0xEF, 0x3C, 0xFF, 0xEF, 0x1C, 0xFF, 0xE7, 0x1C, 0xFF, 0xE6, 0xFB, 0xFF,
    0xEF, 0x3C, 0xFF, 0xFF, 0xBE, 0xFF, 0xFF, 0xFF, 0xFF, 0xF7, 0x7D, 0xFF, 0xC6, 0x38, 0xFE, 0x9C,
    0xB2, 0xFF, 0x83, 0xCF, 0xFF, 0xAD, 0x34, 0xFF, 0xF7, 0x9E, 0xFF, 0xFF, 0xFF, 0xF2, 0xE7, 0x1C,
    0xCF, 0xAD, 0x34, 0xDD, 0x62, 0xEA, 0xFF, 0x19, 0x01, 0xFE, 0x19, 0x20, 0xFF, 0x3A, 0x44, 0xFF,
    0x29, 0xC3, 0xFF, 0x5A, 0xE8, 0xFF, 0xE7, 0x17, 0xFE, 0xEE, 0xF5, 0xFA, 0xC5, 0xB1, 0xB9, 0x20,
    0xC2, 0x3E, 0x6B, 0x4B, 0x5F, 0xC6, 0x13, 0xD5, 0xAD, 0x50, 0xFF, 0xB5, 0x71, 0xFD, 0xFF, 0xDA,
    0xFF, 0xF7, 0x38, 0xFD, 0xE6, 0xB5, 0xCB, 0x31, 0x63, 0x38, 0x00, 0x00, 0x05, 0x00, 0x00, 0x00,
    0x00, 0x00, 0x00, 0x00, 0x00, 0x00, 0x00, 0x00, 0x00, 0x00, 0x00, 0x00, 0x00, 0x00, 0x00, 0x00,
    0x00, 0x00, 0x00, 0x00, 0x00, 0x00, 0x00, 0x00, 0x00, 0x00, 0x00, 0x00, 0x00, 0x00, 0x00, 0x00,
    0x00, 0x00, 0x00, 0x00, 0xFF, 0xFF, 0x01, 0x00, 0x04, 0x07, 0x4B, 0xE1, 0x5E, 0xB6, 0xD0, 0xD3,
    0xEF, 0xF9, 0xFF, 0xEF, 0xBB, 0xFD, 0xE7, 0x9A, 0xFE, 0xEF, 0x9B, 0xFE, 0xEF, 0xBB, 0xFD, 0xDF,
    0x95, 0xF5, 0x8E, 0x07, 0xBA, 0x2A, 0x80, 0x4C, 0x00, 0x00, 0x0C, 0x00, 0x00, 0x00, 0x00, 0x00,
    0x00, 0x00, 0x00, 0x00, 0x00, 0x00, 0x00, 0x00, 0x00, 0x00, 0x00, 0x00, 0x06, 0x19, 0xE0, 0x43,
    0x9D, 0xEC, 0xB1, 0xEF, 0xF8, 0xF8, 0xE7, 0x99, 0xFE, 0xE7, 0x98, 0xFF, 0xE7, 0xB8, 0xFF, 0xE7,
    0xB8, 0xFF, 0xDF, 0x77, 0xFE, 0xEF, 0xDA, 0xFE, 0xCF, 0x52, 0xF2, 0x7D, 0x06, 0x83, 0x00, 0x00,
    0x12, 0xFF, 0xFF, 0x01, 0x03, 0xE0, 0x02, 0x00, 0x00, 0x00, 0x00, 0x00, 0x04, 0x00, 0x00, 0x21,
    0x00, 0x00, 0x21, 0x00, 0x00, 0x04, 0x00, 0x00, 0x00, 0x00, 0x00, 0x00, 0x00, 0x00, 0x00, 0x00,
    0x00, 0x00, 0x00, 0x00, 0x00, 0x00, 0x00, 0x00, 0x00, 0x00, 0x00, 0x00, 0x00, 0x00, 0x00, 0x00,
    0x00, 0x00, 0x00, 0x00, 0x00, 0x00, 0x00, 0x00, 0x00, 0x00, 0x00, 0x00, 0x00, 0x00, 0x00, 0x00,
    0x00, 0x00, 0x00, 0x00, 0x00, 0x00, 0x00, 0x00, 0x00, 0x00, 0x00, 0x00, 0x00, 0x00, 0x00, 0x00,
    0x00, 0x00, 0x00, 0x00, 0x00, 0x00, 0x00, 0x00, 0x00, 0x00, 0x00, 0x00, 0x00, 0x00, 0x00, 0x00,
    0x00, 0x00, 0x00, 0x00, 0x00, 0x00, 0x00, 0x00, 0x00, 0x00, 0x00, 0x00, 0x00, 0x00, 0x00, 0x00,
    0x00, 0x00, 0x00, 0x00, 0x00, 0x00, 0x00, 0x00, 0x00, 0x00, 0x00, 0x00, 0x00, 0x00, 0x00, 0x00,
    0x00, 0x00, 0x00, 0x00, 0x00, 0x00, 0x00, 0x00, 0x00, 0x00, 0x00, 0x00, 0x00, 0x00, 0x00, 0x00,
    0x00, 0x00, 0x00, 0x00, 0x00, 0x00, 0x00, 0x00, 0x00, 0x00, 0x00, 0x00, 0x00, 0x00, 0x00, 0x00,
    0x00, 0x00, 0x00, 0x00, 0x00, 0x01, 0x00, 0x00, 0x00, 0x00, 0x00, 0x00, 0x00, 0x00, 0x04, 0x00,
    0x00, 0x27, 0x8C, 0x72, 0x60, 0xD6, 0x7A, 0xA0, 0xE7, 0x1C, 0xDB, 0xEF, 0x7D, 0xFB, 0xEF, 0x7D,
    0xFF, 0xDE, 0xDA, 0xFF, 0xC6, 0x38, 0xFE, 0xC6, 0x17, 0xFE, 0xD6, 0x79, 0xFE, 0xD6, 0x79, 0xFF,
    0xB5, 0xB6, 0xFF, 0x84, 0x10, 0xFF, 0x6B, 0x2C, 0xFF, 0x83, 0xEF, 0xFF, 0xBD, 0xB6, 0xFF, 0xEF,
    0x3C, 0xFF, 0xFF, 0xDF, 0xFF, 0xFF, 0xDE, 0xFF, 0xF7, 0x5D, 0xFF, 0xEF, 0x1C, 0xFF, 0xE7, 0x1C,
    0xFF, 0xEF, 0x1C, 0xFF, 0xEF, 0x3C, 0xFF, 0xEF, 0x5D, 0xFF, 0xEF, 0x7D, 0xFF, 0xEF, 0x7D, 0xFF,
    0xF7, 0x5D, 0xFF, 0xEF, 0x5D, 0xFF, 0xEF, 0x5C, 0xFF, 0xEF, 0x3C, 0xFF, 0xEF, 0x3C, 0xFF, 0xE7,
    0x1C, 0xFF, 0xE6, 0xFC, 0xFF, 0xE6, 0xFB, 0xFF, 0xE6, 0xFB, 0xFF, 0xE6, 0xFB, 0xFF, 0xE7, 0x1C,
    0xFF, 0xEF, 0x3C, 0xFF, 0xEF, 0x5D, 0xFF, 0xF7, 0x7D, 0xFF, 0xF7, 0x5D, 0xFF, 0xF7, 0x7D, 0xFF,
    0xF7, 0x7D, 0xFF, 0xF7, 0x7D, 0xFF, 0xEF, 0x5D, 0xFF, 0xEF, 0x5D, 0xFF, 0xF7, 0x7D, 0xFF, 0xF7,
    0x9E, 0xFF, 0xFF, 0x9E, 0xFF, 0xF7, 0x9E, 0xFF, 0xF7, 0x7D, 0xFF, 0xF7, 0x5D, 0xFF, 0xEF, 0x3C,
    0xFF, 0xE7, 0x1C, 0xFF, 0xE7, 0x1C, 0xFF, 0xEF, 0x3C, 0xFF, 0xEF, 0x5D, 0xFF, 0xEF, 0x5D, 0xFF,
    0xEF, 0x5D, 0xFF, 0xEF, 0x3C, 0xFF, 0xEF, 0x3D, 0xFF, 0xEF, 0x3C, 0xFF, 0xEF, 0x3C, 0xFF, 0xEF,
    0x3C, 0xFF, 0xEF, 0x3C, 0xFF, 0xEF, 0x3C, 0xFF, 0xEF, 0x3C, 0xFF, 0xEF, 0x1C, 0xFF, 0xEF, 0x5D,
    0xFF, 0xFF, 0xDF, 0xFF, 0xFF, 0xFF, 0xFF, 0xF7, 0x7D, 0xFF, 0xC5, 0xF7, 0xFE, 0x9C, 0xB2, 0xFE,
    0x9C, 0xD3, 0xFE, 0xD6, 0x59, 0xFF, 0xFF, 0xFF, 0xFF, 0xFF, 0xFF, 0xFF, 0xDE, 0xBA, 0xFF, 0x9C,
    0xB2, 0xFF, 0x42, 0x47, 0xFF, 0x21, 0x62, 0xFF, 0x31, 0xE3, 0xFF, 0x19, 0x02, 0xFF, 0xBD, 0xB2,
    0xFE, 0xEF, 0x16, 0xFE, 0xE6, 0xB5, 0xE9, 0x83, 0xCA, 0xA7, 0xAD, 0x30, 0xB5, 0xD6, 0xB5, 0xEF,
    0xA5, 0x0F, 0xFF, 0xB5, 0x71, 0xFD, 0xFF, 0xB9, 0xFF, 0xF7, 0x58, 0xFF, 0xF7, 0x17, 0xDF, 0x6A,
    0xE9, 0x5D, 0x00, 0x00, 0x0D, 0x00, 0x00, 0x00, 0x00, 0x00, 0x00, 0x00, 0x00, 0x00, 0x00, 0x00,
    0x00, 0x00, 0x00, 0x00, 0x00, 0x00, 0x00, 0x00, 0x00, 0x00, 0x00, 0x00, 0x00, 0x00, 0x00, 0x00,
    0x00, 0x00, 0x00, 0x00, 0x00, 0x00, 0x00, 0x00, 0x00, 0x00, 0x00, 0x00, 0x07, 0xE0, 0x01, 0x00,
    0x07, 0x04, 0x3A, 0xE1, 0x43, 0x8D, 0x89, 0xA3, 0xBE, 0xF0, 0xDC, 0xCF, 0x74, 0xF3, 0xE7, 0xD7,
    0xFF, 0xF7, 0xFC, 0xFF, 0xF7, 0xFA, 0xFF, 0xBF, 0x0D, 0xE9, 0x5C, 0x82, 0x84, 0x10, 0x82, 0x1B,
    0x00, 0x00, 0x00, 0x07, 0xE0, 0x01, 0x00, 0x00, 0x01, 0x00, 0x00, 0x01, 0x00, 0x00, 0x01, 0xFF,
    0xE0, 0x01, 0x00, 0x00, 0x00, 0x00, 0x00, 0x18, 0x64, 0x45, 0x7F, 0xCF, 0x73, 0xF4, 0xEF, 0xDA,
    0xFE, 0xE7, 0x98, 0xFF, 0xE7, 0xB8, 0xFF, 0xE7, 0xB8, 0xFF, 0xE7, 0x98, 0xFE, 0xEF, 0xBA, 0xFE,
    0xDF, 0xB5, 0xFF, 0x95, 0xA9, 0xA0, 0x00, 0x20, 0x24, 0xFF, 0xFF, 0x01, 0x7B, 0xE0, 0x02, 0x00,
    0x00, 0x00, 0x00, 0x00, 0x04, 0x00, 0x00, 0x21, 0x00, 0x00, 0x21, 0x00, 0x00, 0x04, 0x00, 0x00,
    0x00, 0x00, 0x00, 0x00, 0x00, 0x00, 0x00, 0x00, 0x00, 0x00, 0x00, 0x00, 0x00, 0x00, 0x00, 0x00,
    0x00, 0x00, 0x00, 0x00, 0x00, 0x00, 0x00, 0x00, 0x00, 0x00, 0x00, 0x00, 0x00, 0x00, 0x00, 0x00,
    0x00, 0x00, 0x00, 0x00, 0x00, 0x00, 0x00, 0x00, 0x00, 0x00, 0x00, 0x00, 0x00, 0x00, 0x00, 0x00,
    0x00, 0x00, 0x00, 0x00, 0x00, 0x00, 0x00, 0x00, 0x00, 0x00, 0x00, 0x00, 0x00, 0x00, 0x00, 0x00,
    0x00, 0x00, 0x00, 0x00, 0x00, 0x00, 0x00, 0x00, 0x00, 0x00, 0x00, 0x00, 0x00, 0x00, 0x00, 0x00,
    0x00, 0x00, 0x00, 0x00, 0x00, 0x00, 0x00, 0x00, 0x00, 0x00, 0x00, 0x00, 0x00, 0x00, 0x00, 0x00,
    0x00, 0x00, 0x00, 0x00, 0x00, 0x00, 0x00, 0x00, 0x00, 0x00, 0x00, 0x00, 0x00, 0x00, 0x00, 0x00,
    0x00, 0x00, 0x00, 0x00, 0x00, 0x00, 0x00, 0x00, 0x00, 0x00, 0x00, 0x00, 0x00, 0x00, 0x00, 0x00,
    0x00, 0x00, 0x00, 0x00, 0x00, 0x00, 0x00, 0x00, 0x00, 0x00, 0x01, 0x00, 0x00, 0x00, 0x00, 0x00,
    0x01, 0x00, 0x00, 0x17, 0x73, 0xAF, 0x4F, 0xB5, 0x97, 0x97, 0xCE, 0x79, 0xD9, 0xDE, 0xFB, 0xFA,
    0xD6, 0xB9, 0xFF, 0xBE, 0x16, 0xFF, 0xB5, 0x94, 0xFE, 0xAD, 0x93, 0xFE, 0xBD, 0xF4, 0xFE, 0xC6,
    0x55, 0xFF, 0x9C, 0xF0, 0xFF, 0x5A, 0xCA, 0xFF, 0x52, 0x69, 0xFF, 0x73, 0x8E, 0xFF, 0xBD, 0xB6,
    0xFF, 0xF7, 0xBE, 0xFF, 0xFF, 0xFF, 0xFF, 0xF7, 0x9E, 0xFF, 0xE7, 0x1C, 0xFF, 0xE6, 0xFB, 0xFF,
    0xE7, 0x1B, 0xFF, 0xEF, 0x1C, 0xFF, 0xEF, 0x3C, 0xFF, 0xEF, 0x5D, 0xFF, 0xEF, 0x5D, 0xFF, 0xEF,
    0x7D, 0xFF, 0xEF, 0x7D, 0xFF, 0xEF, 0x7D, 0xFF, 0xF7, 0x7D, 0xFF, 0xF7, 0x5D, 0xFF, 0xEF, 0x3C,
    0xFF, 0xE7, 0x1C, 0xFF, 0xEF, 0x1C, 0xFF, 0xEF, 0x1C, 0xFF, 0xEF, 0x1C, 0xFF, 0xE7, 0x1C, 0xFF,
    0xE6, 0xFB, 0xFF, 0xE6, 0xFB, 0xFF, 0xE7, 0x1C, 0xFF, 0xEF, 0x3C, 0xFF, 0xEF, 0x5D, 0xFF, 0xEF,
    0x5D, 0xFF, 0xF7, 0x7D, 0xFF, 0xF7, 0x7D, 0xFF, 0xEF, 0x5D, 0xFF, 0xEF, 0x5D, 0xFF, 0xF7, 0x9E,
    0xFF, 0xFF, 0xDF, 0xFF, 0xFF, 0xBE, 0xFF, 0xEF, 0x5D, 0xFF, 0xE6, 0xFB, 0xFF, 0xDE, 0xBB, 0xFF,
    0xDE, 0xDB, 0xFF, 0xEF, 0x1C, 0xFF, 0xF7, 0x7D, 0xFF, 0xF7, 0x9E, 0xFF, 0xF7, 0x5D, 0xFF, 0xEF,
    0x3C, 0xFF, 0xEF, 0x3C, 0xFF, 0xEF, 0x5C, 0xFF, 0xEF, 0x5D, 0xFF, 0xEF, 0x5D, 0xFF, 0xEF, 0x5D,
    0xFF, 0xEF, 0x3C, 0xFF, 0xEF, 0x3C, 0xFF, 0xEF, 0x3C, 0xFF, 0xEF, 0x3C, 0xFF, 0xEF, 0x3C, 0xFF,
    0xEF, 0x3D, 0xFF, 0xEF, 0x5D, 0xFF, 0xEF, 0x5D, 0xFF, 0xEF, 0x3C, 0xFF, 0xEF, 0x3C, 0xFF, 0xF7,
    0xBE, 0xFF, 0xFF, 0xFF, 0xFF, 0xF7, 0x7D, 0xFF, 0xC5, 0xF7, 0xFE, 0x9C, 0xD3, 0xFE, 0xB5, 0x75,
    0xFE, 0xE7, 0x3C, 0xFF, 0xFF, 0xFF, 0xFF, 0xFF, 0xFF, 0xFF, 0xCE, 0x58, 0xFF, 0x73, 0xAC, 0xFF,
    0x29, 0x63, 0xFF, 0x00, 0x40, 0xFF, 0x52, 0xA8, 0xFF, 0xEF, 0x17, 0xFF, 0xEF, 0x37, 0xFF, 0x8C,
    0x0B, 0xFE, 0xB5, 0x70, 0xFF, 0xDE, 0xF6, 0xFF, 0xA4, 0xEF, 0xFF, 0xB5, 0x71, 0xFF, 0xFF, 0x99,
    0xFF, 0xF7, 0x58, 0xFF, 0xFF, 0x37, 0xE5, 0x83, 0x8B, 0x70, 0x00, 0x00, 0x11, 0x00, 0x00, 0x00,
    0x00, 0x00, 0x00, 0x00, 0x00, 0x00, 0x00, 0x00, 0x00, 0x00, 0x00, 0x00, 0x00, 0x00, 0x00, 0x00,
    0x00, 0x00, 0x00, 0x00, 0x00, 0x00, 0x00, 0x00, 0x00, 0x00, 0x00, 0x00, 0x00, 0x00, 0x00, 0x00,
    0x00, 0x00, 0x00, 0x00, 0x00, 0x00, 0x01, 0x00, 0x00, 0x00, 0x00, 0x00, 0x13, 0x2A, 0xA0, 0x3E,
    0x64, 0x83, 0x6F, 0x85, 0xA8, 0x9D, 0xA6, 0x2D, 0xBE, 0xBE, 0xD2, 0xD1, 0xC7, 0x12, 0xDD, 0x96,
    0x07, 0xC0, 0x43, 0x01, 0x57, 0x10, 0x80, 0x0D, 0x00, 0x00, 0x01, 0x00, 0x00, 0x00, 0x00, 0x00,
    0x00, 0x00, 0x00, 0x00, 0x00, 0x00, 0x00, 0x00, 0x00, 0x01, 0xFF, 0xFF, 0x01, 0x10, 0xA2, 0x0B,
    0x5B, 0xE4, 0x66, 0xBE, 0xCE, 0xF3, 0xEF, 0xFA, 0xFE, 0xE7, 0xB9, 0xFF, 0xE7, 0xB8, 0xFF, 0xE7,
    0xB9, 0xFF, 0xE7, 0xB8, 0xFE, 0xEF, 0xBB, 0xFD, 0xE7, 0xD7, 0xFF, 0x9E, 0x0B, 0xAA, 0x00, 0xC0,
    0x2F, 0xF8, 0x1F, 0x02, 0x7B, 0xE0, 0x02, 0x00, 0x00, 0x00, 0x00, 0x00, 0x04, 0x00, 0x00, 0x21,
    0x00, 0x00, 0x21, 0x00, 0x00, 0x04, 0x00, 0x00, 0x00, 0x00, 0x00, 0x00, 0x00, 0x00, 0x00, 0x00,
    0x00, 0x00, 0x00, 0x00, 0x00, 0x00, 0x00, 0x00, 0x00, 0x00, 0x00, 0x00, 0x00, 0x00, 0x00, 0x00,
    0x00, 0x00, 0x00, 0x00, 0x00, 0x00, 0x00, 0x00, 0x00, 0x00, 0x00, 0x00, 0x00, 0x00, 0x00, 0x00,
    0x00, 0x00, 0x00, 0x00, 0x00, 0x00, 0x00, 0x00, 0x00, 0x00, 0x00, 0x00, 0x00, 0x00, 0x00, 0x00,
    0x00, 0x00, 0x00, 0x00, 0x00, 0x00, 0x00, 0x00, 0x00, 0x00, 0x00, 0x00, 0x00, 0x00, 0x00, 0x00,
    0x00, 0x00, 0x00, 0x00, 0x00, 0x00, 0x00, 0x00, 0x00, 0x00, 0x00, 0x00, 0x00, 0x00, 0x00, 0x00,
    0x00, 0x00, 0x00, 0x00, 0x00, 0x00, 0x00, 0x00, 0x00, 0x00, 0x00, 0x00, 0x00, 0x00, 0x00, 0x00,
    0x00, 0x00, 0x00, 0x00, 0x00, 0x00, 0x00, 0x00, 0x00, 0x00, 0x00, 0x00, 0x00, 0x00, 0x00, 0x00,
    0x00, 0x00, 0x00, 0x00, 0x00, 0x00, 0x00, 0x00, 0x00, 0x00, 0x00, 0x00, 0x01, 0x00, 0x00, 0x00,
    0x00, 0x00, 0x00, 0x00, 0x00, 0x05, 0x39, 0xE8, 0x31, 0x8C, 0x72, 0x75, 0xBD, 0xF7, 0xC5, 0xDE,
    0xDA, 0xF3, 0xCE, 0x98, 0xFF, 0xBD, 0xF4, 0xFF, 0xBE, 0x14, 0xFD, 0xC6, 0x55, 0xFE, 0xCE, 0xB6,
    0xFF, 0xE7, 0x58, 0xFF, 0xDF, 0x37, 0xFF, 0xA5, 0x90, 0xFF, 0x63, 0x49, 0xFF, 0x63, 0x2B, 0xFF,
    0xAD, 0x55, 0xFF, 0xF7, 0x9E, 0xFF, 0xFF, 0xFF, 0xFF, 0xF7, 0x9E, 0xFF, 0xE7, 0x1C, 0xFF, 0xE7,
    0x1C, 0xFF, 0xEF, 0x3C, 0xFF, 0xEF, 0x3C, 0xFF, 0xEF, 0x3C, 0xFF, 0xEF, 0x3C, 0xFF, 0xEF, 0x3C,
    0xFF, 0xEF, 0x3C, 0xFF, 0xEF, 0x5D, 0xFF, 0xEF, 0x5D, 0xFF, 0xF7, 0x7D, 0xFF, 0xF7, 0x7D, 0xFF,
    0xEF, 0x7D, 0xFF, 0xF7, 0x7D, 0xFF, 0xF7, 0x9E, 0xFF, 0xFF, 0xBE, 0xFF, 0xFF, 0xBE, 0xFF, 0xF7,
    0x9E, 0xFF, 0xF7, 0x7D, 0xFF, 0xF7, 0x7D, 0xFF, 0xF7, 0x5D, 0xFF, 0xEF, 0x3C, 0xFF, 0xEF, 0x1C,
    0xFF, 0xEF, 0x1C, 0xFF, 0xEF, 0x3C, 0xFF, 0xEF, 0x5D, 0xFF, 0xEF, 0x5D, 0xFF, 0xEF, 0x5C, 0xFF,
    0xF7, 0x7D, 0xFF, 0xFF, 0xBE, 0xFF, 0xF7, 0x9E, 0xFF, 0xE6, 0xFB, 0xFF, 0xC5, 0xF8, 0xFF, 0xAD,
    0x35, 0xFF, 0x9C, 0x93, 0xFF, 0x94, 0x52, 0xFF, 0x94, 0x73, 0xFF, 0xA4, 0xF4, 0xFF, 0xBD, 0x97,
    0xFF, 0xDE, 0x9A, 0xFF, 0xF7, 0x5D, 0xFF, 0xF7, 0x9E, 0xFF, 0xF7, 0x7D, 0xFF, 0xEF, 0x3C, 0xFF,
    0xEF, 0x5C, 0xFF, 0xEF, 0x5D, 0xFF, 0xEF, 0x5D, 0xFF, 0xEF, 0x3C, 0xFF, 0xEF, 0x3C, 0xFF, 0xEF,
    0x3C, 0xFF, 0xEF, 0x3C, 0xFF, 0xEF, 0x3C, 0xFF, 0xEF, 0x3C, 0xFF, 0xEF, 0x5D, 0xFF, 0xEF, 0x5D,
    0xFF, 0xEF, 0x5D, 0xFF, 0xEF, 0x5D, 0xFF, 0xEF, 0x3C, 0xFF, 0xEF, 0x3C, 0xFF, 0xFF, 0xBE, 0xFF,
    0xFF, 0xFF, 0xFF, 0xDE, 0xDB, 0xFF, 0xA4, 0xF3, 0xFE, 0xA4, 0xD3, 0xFF, 0xCE, 0x59, 0xFF, 0xF7,
    0xBE, 0xFF, 0xFF, 0xFF, 0xFF, 0xD6, 0xB9, 0xFF, 0x31, 0x64, 0xFF, 0x6B, 0x0A, 0xFF, 0x18, 0xC2,
    0xFF, 0xA5, 0x10, 0xFF, 0xF7, 0x78, 0xFE, 0x6B, 0x29, 0xFE, 0x8C, 0x4D, 0xFE, 0xD6, 0x95, 0xFE,
    0x9C, 0xAE, 0xFF, 0xB5, 0x50, 0xFF, 0xFF, 0x99, 0xFF, 0xF7, 0x38, 0xFF, 0xFF, 0x37, 0xE4, 0x7B,
    0x6A, 0x71, 0x00, 0x00, 0x10, 0x00, 0x00, 0x00, 0x00, 0x00, 0x00, 0x00, 0x00, 0x00, 0x00, 0x00,
    0x00, 0x00, 0x00, 0x00, 0x00, 0x00, 0x00, 0x00, 0x00, 0x00, 0x00, 0x00, 0x00, 0x00, 0x00, 0x00,
    0x00, 0x00, 0x00, 0x00, 0x00, 0x00, 0x00, 0x00, 0x00, 0x00, 0x00, 0x00, 0x00, 0x00, 0x00, 0x00,
    0x00, 0x00, 0x00, 0x00, 0x00, 0x00, 0x1F, 0x01, 0x00, 0x00, 0x11, 0x00, 0x60, 0x2A, 0x1A, 0x20,
    0x43, 0x4B, 0xC1, 0x5B, 0x6C, 0xA4, 0x6E, 0x64, 0x63, 0x5F, 0x19, 0xC0, 0x23, 0x00, 0x00, 0x04,
    0x00, 0x00, 0x00, 0x00, 0x00, 0x00, 0x00, 0x00, 0x00, 0x00, 0x00, 0x00, 0x00, 0x00, 0x00, 0x00,
    0x00, 0x01, 0xFF, 0xFF, 0x01, 0x00, 0x00, 0x0B, 0x53, 0xC4, 0x67, 0xBE, 0xEF, 0xF3, 0xEF, 0xFA,
    0xFE, 0xE7, 0xB9, 0xFF, 0xE7, 0xB9, 0xFF, 0xE7, 0xB9, 0xFF, 0xE7, 0xB9, 0xFE, 0xF7, 0xBC, 0xFD,
    0xE7, 0xB7, 0xFF, 0x95, 0xEB, 0xA8, 0x00, 0x80, 0x2D, 0xFB, 0xFF, 0x02, 0x7B, 0xE0, 0x02, 0x00,
    0x00, 0x00, 0x00, 0x00, 0x04, 0x00, 0x00, 0x21, 0x00, 0x00, 0x21, 0x00, 0x00, 0x04, 0x00, 0x00,
    0x00, 0x00, 0x00, 0x00, 0x00, 0x00, 0x00, 0x00, 0x00, 0x00, 0x00, 0x00, 0x00, 0x00, 0x00, 0x00,
    0x00, 0x00, 0x00, 0x00, 0x00, 0x00, 0x00, 0x00, 0x00, 0x00, 0x00, 0x00, 0x00, 0x00, 0x00, 0x00,
    0x00, 0x00, 0x00, 0x00, 0x00, 0x00, 0x00, 0x00, 0x00, 0x00, 0x00, 0x00, 0x00, 0x00, 0x00, 0x00,
    0x00, 0x00, 0x00, 0x00, 0x00, 0x00, 0x00, 0x00, 0x00, 0x00, 0x00, 0x00, 0x00, 0x00, 0x00, 0x00,
    0x00, 0x00, 0x00, 0x00, 0x00, 0x00, 0x00, 0x00, 0x00, 0x00, 0x00, 0x00, 0x00, 0x00, 0x00, 0x00,
    0x00, 0x00, 0x00, 0x00, 0x00, 0x00, 0x00, 0x00, 0x00, 0x00, 0x00, 0x00, 0x00, 0x00, 0x00, 0x00,
    0x00, 0x00, 0x00, 0x00, 0x00, 0x00, 0x00, 0x00, 0x00, 0x00, 0x00, 0x00, 0x00, 0x00, 0x00, 0x00,
    0x00, 0x00, 0x00, 0x00, 0x00, 0x00, 0x00, 0x00, 0x00, 0x00, 0x00, 0x00, 0x00, 0x00, 0x00, 0x00,
    0x00, 0x00, 0x00, 0x00, 0x00, 0x00, 0x00, 0x00, 0x00, 0x00, 0x0E, 0x4A, 0x6A, 0x3E, 0x94, 0xD2,
    0x91, 0xD6, 0x99, 0xDB, 0xCE, 0x97, 0xFB, 0xBE, 0x14, 0xFF, 0xCE, 0x95, 0xFD, 0xDF, 0x38, 0xFE,
    0xDF, 0x58, 0xFF, 0xDF, 0x77, 0xFF, 0xE7, 0x97, 0xFF, 0xBE, 0x73, 0xFF, 0x74, 0x0B, 0xFF, 0x4A,
    0x87, 0xFF, 0x84, 0x2F, 0xFF, 0xEF, 0x5D, 0xFF, 0xFF, 0xFF, 0xFF, 0xF7, 0x9D, 0xFF, 0xE7, 0x1C,
    0xFF, 0xEF, 0x1C, 0xFF, 0xEF, 0x5D, 0xFF, 0xEF, 0x5D, 0xFF, 0xEF, 0x5D, 0xFF, 0xEF, 0x3C, 0xFF,
    0xEF, 0x3C, 0xFF, 0xEF, 0x3C, 0xFF, 0xEF, 0x3C, 0xFF, 0xEF, 0x3C, 0xFF, 0xEF, 0x3C, 0xFF, 0xEF,
    0x5D, 0xFF, 0xEF, 0x5D, 0xFF, 0xEF, 0x5D, 0xFF, 0xF7, 0x9E, 0xFF, 0xFF, 0xDF, 0xFF, 0xFF, 0xDF,
    0xFF, 0xEF, 0x5D, 0xFF, 0xDE, 0xBA, 0xFF, 0xCE, 0x39, 0xFF, 0xC6, 0x18, 0xFF, 0xCE, 0x19, 0xFF,
    0xDE, 0x9A, 0xFF, 0xEF, 0x1C, 0xFF, 0xF7, 0x7D, 0xFF, 0xF7, 0x7D, 0xFF, 0xEF, 0x3C, 0xFF, 0xEF,
    0x3C, 0xFF, 0xEF, 0x3C, 0xFF, 0xF7, 0x5D, 0xFF, 0xFF, 0xBE, 0xFF, 0xEF, 0x1C, 0xFF, 0xBD, 0x97,
    0xFF, 0x94, 0x72, 0xFF, 0x8C, 0x11, 0xFF, 0x8C, 0x31, 0xFF, 0x94, 0x52, 0xFF, 0x94, 0x73, 0xFF,
    0x94, 0x53, 0xFF, 0x8C, 0x11, 0xFF, 0x83, 0xB0, 0xFF, 0x8C, 0x11, 0xFF, 0xAD, 0x35, 0xFF, 0xDE,
    0x9A, 0xFF, 0xF7, 0x7D, 0xFF, 0xF7, 0x9E, 0xFF, 0xEF, 0x7D, 0xFF, 0xEF, 0x5C, 0xFF, 0xEF, 0x5C,
    0xFF, 0xEF, 0x5D, 0xFF, 0xEF, 0x5D, 0xFF, 0xEF, 0x3C, 0xFF, 0xEF, 0x3C, 0xFF, 0xEF, 0x3C, 0xFF,
    0xEF, 0x5D, 0xFF, 0xEF, 0x5D, 0xFF, 0xEF, 0x5D, 0xFF, 0xEF, 0x5D, 0xFF, 0xEF, 0x5D, 0xFF, 0xEF,
    0x5D, 0xFF, 0xEF, 0x5D, 0xFF, 0xEF, 0x3C, 0xFF, 0xEF, 0x3C, 0xFF, 0xFF, 0xFF, 0xFF, 0xFF, 0xBE,
    0xFF, 0xBD, 0xB6, 0xFF, 0x8C, 0x71, 0xFF, 0xBD, 0xB6, 0xFF, 0xE7, 0x1C, 0xFF, 0xAD, 0x54, 0xFF,
    0x52, 0x47, 0xFF, 0xFF, 0x9C, 0xFF, 0x6B, 0x2B, 0xFF, 0x42, 0x06, 0xFF, 0xAD, 0x72, 0xFF, 0x5A,
    0xC8, 0xFE, 0x94, 0x8E, 0xFE, 0xE7, 0x37, 0xFF, 0x9C, 0xCF, 0xFF, 0xA5, 0x0F, 0xFF, 0xFF, 0x78,
    0xFF, 0xF7, 0x38, 0xFF, 0xFF, 0x37, 0xE4, 0x73, 0x6A, 0x71, 0x00, 0x00, 0x10, 0x00, 0x00, 0x00,
    0x00, 0x00, 0x00, 0x00, 0x00, 0x00, 0x00, 0x00, 0x00, 0x00, 0x00, 0x00, 0x00, 0x00, 0x00, 0x00,
    0x00, 0x00, 0x00, 0x00, 0x00, 0x00, 0x00, 0x00, 0x00, 0x00, 0x00, 0x00, 0x00, 0x00, 0x00, 0x00,
    0x00, 0x00, 0x00, 0x00, 0x00, 0x00, 0x00, 0x00, 0x00, 0x00, 0x00, 0x00, 0x01, 0xFF, 0xE0, 0x01,
    0xFF, 0xEF, 0x02, 0xAD, 0x5F, 0x03, 0x38, 0x17, 0x04, 0x00, 0x05, 0x06, 0x00, 0x00, 0x0E, 0x00,
    0x00, 0x0F, 0x00, 0x00, 0x03, 0x00, 0x00, 0x00, 0x00, 0x00, 0x00, 0x00, 0x00, 0x00, 0x00, 0x00,
    0x00, 0x00, 0x00, 0x00, 0x00, 0x00, 0x00, 0x07, 0xE0, 0x01, 0x00, 0x00, 0x00, 0x00, 0x00, 0x15,
    0x64, 0x45, 0x7D, 0xCF, 0x72, 0xF3, 0xEF, 0xDB, 0xFE, 0xE7, 0xB9, 0xFF, 0xEF, 0xB9, 0xFF, 0xEF,
    0xD9, 0xFF, 0xE7, 0x99, 0xFE, 0xF7, 0xDC, 0xFD, 0xDF, 0x95, 0xFF, 0x85, 0x88, 0xA0, 0x00, 0x00,
    0x23, 0xFF, 0xFF, 0x01, 0x7B, 0xE0, 0x02, 0x00, 0x00, 0x00, 0x00, 0x00, 0x04, 0x00, 0x00, 0x21,
    0x00, 0x00, 0x21, 0x00, 0x00, 0x04, 0x00, 0x00, 0x00, 0x00, 0x00, 0x00, 0x00, 0x00, 0x00, 0x00,
    0x00, 0x00, 0x00, 0x00, 0x00, 0x00, 0x00, 0x00, 0x00, 0x00, 0x00, 0x00, 0x00, 0x00, 0x00, 0x00,
    0x00, 0x00, 0x00, 0x00, 0x00, 0x00, 0x00, 0x00, 0x00, 0x00, 0x00, 0x00, 0x00, 0x00, 0x00, 0x00,
    0x00, 0x00, 0x00, 0x00, 0x00, 0x00, 0x00, 0x00, 0x00, 0x00, 0x00, 0x00, 0x00, 0x00, 0x00, 0x00,
    0x00, 0x00, 0x00, 0x00, 0x00, 0x00, 0x00, 0x00, 0x00, 0x00, 0x00, 0x00, 0x00, 0x00, 0x00, 0x00,
    0x00, 0x00, 0x00, 0x00, 0x00, 0x00, 0x00, 0x00, 0x00, 0x00, 0x00, 0x00, 0x00, 0x00, 0x00, 0x00,
    0x00, 0x00, 0x00, 0x00, 0x00, 0x00, 0x00, 0x00, 0x00, 0x00, 0x00, 0x00, 0x00, 0x00, 0x00, 0x00,
    0x00, 0x00, 0x00, 0x00, 0x00, 0x00, 0x00, 0x00, 0x00, 0x00, 0x00, 0x00, 0x00, 0x00, 0x00, 0x00,
    0x00, 0x00, 0x00, 0x00, 0x00, 0x00, 0x00, 0x00, 0x00, 0x00, 0x00, 0x00, 0x04, 0x10, 0xA2, 0x22,
    0x53, 0x09, 0x57, 0xA5, 0x52, 0xA6, 0xCE, 0x96, 0xD8, 0xBE, 0x34, 0xF8, 0xC6, 0x94, 0xFE, 0xD7,
    0x17, 0xFE, 0xD6, 0xF7, 0xFF, 0xBE, 0x33, 0xFF, 0xA5, 0x91, 0xFF, 0x9D, 0x70, 0xFF, 0x7C, 0x6D,
    0xFF, 0x3A, 0x25, 0xFF, 0x3A, 0x27, 0xFF, 0xB5, 0xB6, 0xFF, 0xFF, 0xFF, 0xFF, 0xFF, 0xBE, 0xFF,
    0xE7, 0x1C, 0xFF, 0xE7, 0x1C, 0xFF, 0xEF, 0x5D, 0xFF, 0xF7, 0x5D, 0xFF, 0xEF, 0x5D, 0xFF, 0xEF,
    0x5D, 0xFF, 0xEF, 0x5D, 0xFF, 0xEF, 0x5C, 0xFF, 0xEF, 0x3C, 0xFF, 0xEF, 0x3C, 0xFF, 0xEF, 0x3C,
    0xFF, 0xEF, 0x3C, 0xFF, 0xEF, 0x3C, 0xFF, 0xEF, 0x3C, 0xFF, 0xEF, 0x5D, 0xFF, 0xF7, 0x9E, 0xFF,
    0xFF, 0xDF, 0xFF, 0xE7, 0x3C, 0xFF, 0xB5, 0x97, 0xFF, 0x94, 0x52, 0xFF, 0x7B, 0xB0, 0xFF, 0x73,
    0x6F, 0xFF, 0x73, 0x4F, 0xFF, 0x73, 0x4F, 0xFF, 0x7B, 0xB0, 0xFF, 0x9C, 0x93, 0xFF, 0xC6, 0x18,
    0xFF, 0xEF, 0x3C, 0xFF, 0xF7, 0x7D, 0xFF, 0xEF, 0x3C, 0xFF, 0xEF, 0x3C, 0xFF, 0xF7, 0x7D, 0xFF,
    0xD6, 0x7A, 0xFF, 0x83, 0xF1, 0xFF, 0x6B, 0x0D, 0xFF, 0x83, 0xF1, 0xFF, 0x9C, 0xB4, 0xFF, 0xA4,
    0xF5, 0xFF, 0xA4, 0xF5, 0xFF, 0xAD, 0x36, 0xFF, 0xB5, 0x76, 0xFF, 0xB5, 0x77, 0xFF, 0xB5, 0x36,
    0xFF, 0x9C, 0x93, 0xFF, 0x83, 0xF1, 0xFF, 0x8C, 0x11, 0xFF, 0xB5, 0x76, 0xFF, 0xE7, 0x1C, 0xFF,
    0xF7, 0x9E, 0xFF, 0xF7, 0x7D, 0xFF, 0xEF, 0x5D, 0xFF, 0xEF, 0x3C, 0xFF, 0xEF, 0x5D, 0xFF, 0xEF,
    0x3C, 0xFF, 0xEF, 0x3C, 0xFF, 0xEF, 0x3C, 0xFF, 0xEF, 0x5D, 0xFF, 0xEF, 0x5D, 0xFF, 0xEF, 0x5D,
    0xFF, 0xEF, 0x5D, 0xFF, 0xEF, 0x5D, 0xFF, 0xEF, 0x5D, 0xFF, 0xEF, 0x5D, 0xFF, 0xEF, 0x5D, 0xFF,
    0xEF, 0x5C, 0xFF, 0xEF, 0x1C, 0xFF, 0xF7, 0x9E, 0xFF, 0xFF, 0xFF, 0xFF, 0xD6, 0xBA, 0xFF, 0x94,
    0x92, 0xFF, 0x84, 0x0F, 0xFF, 0x6B, 0x2B, 0xFF, 0x8C, 0x0E, 0xFF, 0xFF, 0xFD, 0xFF, 0xE7, 0x19,
    0xFF, 0x4A, 0x46, 0xFF, 0x21, 0x23, 0xFF, 0x4A, 0x67, 0xFF, 0xCE, 0x13, 0xFF, 0xFF, 0xFB, 0xFF,
    0xBD, 0xB2, 0xFF, 0xA4, 0xEF, 0xFF, 0xEF, 0x17, 0xFF, 0xFF, 0x58, 0xFF, 0xFF, 0x37, 0xE8, 0x83,
    0xEB, 0x7D, 0x00, 0x00, 0x13, 0x00, 0x00, 0x00, 0x00, 0x00, 0x00, 0x00, 0x00, 0x00, 0x00, 0x00,
    0x00, 0x00, 0x00, 0x00, 0x00, 0x00, 0x00, 0x00, 0x00, 0x00, 0x00, 0x00, 0x00, 0x00, 0x00, 0x00,
    0x00, 0x00, 0x00, 0x00, 0x00, 0x00, 0x00, 0x00, 0x00, 0x00, 0x00, 0x00, 0x00, 0x00, 0x00, 0x00,
    0x00, 0x00, 0x00, 0x00, 0x00, 0x00, 0x00, 0x00, 0x00, 0x00, 0x01, 0x07, 0xE0, 0x01, 0xFF, 0xE0,
    0x01, 0xFF, 0xFF, 0x01, 0xFF, 0xEF, 0x02, 0x55, 0x40, 0x03, 0x00, 0x00, 0x01, 0x00, 0x00, 0x00,
    0x00, 0x00, 0x00, 0x00, 0x00, 0x00, 0x00, 0x00, 0x00, 0x00, 0x00, 0x00, 0x00, 0x00, 0x00, 0x00,
    0x00, 0x00, 0x00, 0x00, 0x03, 0x11, 0x80, 0x3B, 0x8D, 0xAA, 0xA9, 0xE7, 0xF8, 0xF7, 0xEF, 0xBA,
    0xFE, 0xE7, 0xB9, 0xFF, 0xEF, 0xB9, 0xFF, 0xEF, 0xD9, 0xFF, 0xE7, 0x99, 0xFE, 0xF7, 0xDC, 0xFE,
    0xCF, 0x72, 0xF7, 0x7D, 0x45, 0x8C, 0x00, 0x00, 0x18, 0xFF, 0xFF, 0x02, 0x07, 0xE0, 0x01, 0x00,
    0x00, 0x00, 0x00, 0x00, 0x04, 0x00, 0x00, 0x21, 0x00, 0x00, 0x21, 0x00, 0x00, 0x04, 0x00, 0x00,
    0x00, 0x00, 0x00, 0x00, 0x00, 0x00, 0x00, 0x00, 0x00, 0x00, 0x00, 0x00, 0x00, 0x00, 0x00, 0x00,
    0x00, 0x00, 0x00, 0x00, 0x00, 0x00, 0x00, 0x00, 0x00, 0x00, 0x00, 0x00, 0x00, 0x00, 0x00, 0x00,
    0x00, 0x00, 0x00, 0x00, 0x00, 0x00, 0x00, 0x00, 0x00, 0x00, 0x00, 0x00, 0x00, 0x00, 0x00, 0x00,
    0x00, 0x00, 0x00, 0x00, 0x00, 0x00, 0x00, 0x00, 0x00, 0x00, 0x00, 0x00, 0x00, 0x00, 0x00, 0x00,
    0x00, 0x00, 0x00, 0x00, 0x00, 0x00, 0x00, 0x00, 0x00, 0x00, 0x00, 0x00, 0x00, 0x00, 0x00, 0x00,
    0x00, 0x00, 0x00, 0x00, 0x00, 0x00, 0x00, 0x00, 0x00, 0x00, 0x00, 0x00, 0x00, 0x00, 0x00, 0x00,
    0x00, 0x00, 0x00, 0x00, 0x00, 0x00, 0x00, 0x00, 0x00, 0x00, 0x00, 0x00, 0x00, 0x00, 0x00, 0x00,
    0x00, 0x00, 0x00, 0x00, 0x00, 0x00, 0x00, 0x00, 0x00, 0x00, 0x00, 0x00, 0x00, 0x00, 0x03, 0x00,
    0x01, 0x12, 0x4A, 0xA7, 0x3F, 0x7C, 0x4B, 0x85, 0xA5, 0xB0, 0xBB, 0xB6, 0x32, 0xEF, 0xBE, 0x53,
    0xFC, 0xBE, 0x54, 0xFF, 0xAD, 0xB2, 0xFF, 0x95, 0x10, 0xFF, 0x8C, 0xAF, 0xFF, 0x9D, 0x12, 0xFF,
    0xAD, 0xB5, 0xFF, 0x73, 0xEE, 0xFF, 0x31, 0xA6, 0xFF, 0x73, 0x8E, 0xFF, 0xEF, 0x5C, 0xFF, 0xFF,
    0xDF, 0xFF, 0xEF, 0x1C, 0xFF, 0xE6, 0xFB, 0xFF, 0xEF, 0x3C, 0xFF, 0xEF, 0x3D, 0xFF, 0xEF, 0x5D,
    0xFF, 0xEF, 0x5D, 0xFF, 0xEF, 0x5D, 0xFF, 0xEF, 0x5D, 0xFF, 0xEF, 0x5D, 0xFF, 0xEF, 0x5D, 0xFF,
    0xEF, 0x5D, 0xFF, 0xEF, 0x3C, 0xFF, 0xEF, 0x3C, 0xFF, 0xEF, 0x3C, 0xFF, 0xEF, 0x3C, 0xFF, 0xEF,
    0x1C, 0xFF, 0xFF, 0x9E, 0xFF, 0xF7, 0x9E, 0xFF, 0xC5, 0xD8, 0xFF, 0x7B, 0xB0, 0xFF, 0x6B, 0x2E,
    0xFF, 0x83, 0xF1, 0xFF, 0x94, 0x73, 0xFF, 0x9C, 0x94, 0xFF, 0x9C, 0x94, 0xFF, 0x94, 0x33, 0xFF,
    0x7B, 0x90, 0xFF, 0x62, 0xED, 0xFF, 0x62, 0xCD, 0xFF, 0x8C, 0x32, 0xFF, 0xD6, 0x59, 0xFF, 0xEF,
    0x5D, 0xFF, 0xF7, 0x7E, 0xFF, 0xD6, 0x59, 0xFF, 0x83, 0xD0, 0xFF, 0x62, 0xED, 0xFF, 0x83, 0xF1,
    0xFF, 0x9C, 0xB3, 0xFF, 0x9C, 0xB3, 0xFF, 0x94, 0x72, 0xFF, 0x83, 0xF1, 0xFF, 0x83, 0xF0, 0xFF,
    0x83, 0xD0, 0xFF, 0x8C, 0x11, 0xFF, 0x9C, 0x93, 0xFF, 0xB5, 0x56, 0xFF, 0xBD, 0x97, 0xFF, 0xA4,
    0xD4, 0xFF, 0x8B, 0xF1, 0xFF, 0x9C, 0x93, 0xFF, 0xD6, 0x7A, 0xFF, 0xF7, 0x9E, 0xFF, 0xF7, 0x7D,
    0xFF, 0xEF, 0x3D, 0xFF, 0xEF, 0x5D, 0xFF, 0xEF, 0x5D, 0xFF, 0xEF, 0x5D, 0xFF, 0xEF, 0x5D, 0xFF,
    0xEF, 0x5D, 0xFF, 0xEF, 0x5D, 0xFF, 0xEF, 0x5D, 0xFF, 0xEF, 0x5D, 0xFF, 0xEF, 0x3C, 0xFF, 0xEF,
    0x3C, 0xFF, 0xEF, 0x3C, 0xFF, 0xEF, 0x3C, 0xFF, 0xEF, 0x3D, 0xFF, 0xEF, 0x3D, 0xFF, 0xEF, 0x3C,
    0xFF, 0xEF, 0x3C, 0xFF, 0xFF, 0xFF, 0xFF, 0xF7, 0xBE, 0xFF, 0x84, 0x30, 0xFF, 0x39, 0xA5, 0xFF,
    0xD6, 0x55, 0xFF, 0xFF, 0x9B, 0xFF, 0xFF, 0xBC, 0xFF, 0xBD, 0x92, 0xFF, 0x18, 0xA1, 0xFF, 0x39,
    0xE5, 0xFF, 0xCE, 0x34, 0xFF, 0xFF, 0xDB, 0xFF, 0xD6, 0x55, 0xFF, 0xB5, 0x30, 0xFF, 0xDE, 0x95,
    0xFF, 0xFF, 0x78, 0xFF, 0xF7, 0x36, 0xEF, 0xA4, 0xAF, 0x94, 0x08, 0x41, 0x17, 0x00, 0x00, 0x00,
    0x00, 0x00, 0x00, 0x00, 0x00, 0x00, 0x00, 0x00, 0x00, 0x00, 0x00, 0x00, 0x00, 0x00, 0x00, 0x00,
    0x00, 0x00, 0x00, 0x00, 0x00, 0x00, 0x00, 0x00, 0x00, 0x00, 0x00, 0x00, 0x00, 0x00, 0x00, 0x00,
    0x00, 0x00, 0x00, 0x00, 0x00, 0x00, 0x00, 0x00, 0x00, 0x00, 0x00, 0x00, 0x00, 0x00, 0x00, 0x00,
    0x00, 0x00, 0x00, 0x00, 0x00, 0x00, 0x00, 0x00, 0x00, 0x00, 0x00, 0x00, 0x00, 0x00, 0x00, 0x00,
    0x00, 0x00, 0x00, 0x00, 0x00, 0x00, 0x00, 0x00, 0x00, 0x00, 0x00, 0x00, 0x00, 0x00, 0x00, 0x00,
    0x00, 0x00, 0x00, 0x00, 0x00, 0x00, 0x02, 0x00, 0x00, 0x0B, 0x09, 0x40, 0x32, 0x6C, 0xC5, 0x87,
    0xCF, 0x72, 0xDE, 0xF7, 0xFB, 0xFD, 0xE7, 0x9A, 0xFE, 0xEF, 0xB9, 0xFF, 0xEF, 0xDA, 0xFF, 0xEF,
    0xB9, 0xFF, 0xE7, 0x9A, 0xFE, 0xF7, 0xFB, 0xFD, 0xBE, 0xEF, 0xD8, 0x54, 0x61, 0x63, 0x00, 0x00,
    0x08, 0xFF, 0xFF, 0x01, 0x00, 0x00, 0x01, 0x00, 0x00, 0x00, 0x00, 0x00, 0x04, 0x00, 0x00, 0x21,
    0x00, 0x00, 0x21, 0x00, 0x00, 0x04, 0x00, 0x00, 0x00, 0x00, 0x00, 0x00, 0x00, 0x00, 0x00, 0x00,
    0x00, 0x00, 0x00, 0x00, 0x00, 0x00, 0x00, 0x00, 0x00, 0x00, 0x00, 0x00, 0x00, 0x00, 0x00, 0x00,
    0x00, 0x00, 0x00, 0x00, 0x00, 0x00, 0x00, 0x00, 0x00, 0x00, 0x00, 0x00, 0x00, 0x00, 0x00, 0x00,
    0x00, 0x00, 0x00, 0x00, 0x00, 0x00, 0x00, 0x00, 0x00, 0x00, 0x00, 0x00, 0x00, 0x00, 0x00, 0x00,
    0x00, 0x00, 0x00, 0x00, 0x00, 0x00, 0x00, 0x00, 0x00, 0x00, 0x00, 0x00, 0x00, 0x00, 0x00, 0x00,
    0x00, 0x00, 0x00, 0x00, 0x00, 0x00, 0x00, 0x00, 0x00, 0x00, 0x00, 0x00, 0x00, 0x00, 0x00, 0x00,
    0x00, 0x00, 0x00, 0x00, 0x00, 0x00, 0x00, 0x00, 0x00, 0x00, 0x00, 0x00, 0x00, 0x00, 0x00, 0x00,
    0x00, 0x00, 0x00, 0x00, 0x00, 0x00, 0x00, 0x00, 0x00, 0x00, 0x00, 0x00, 0x00, 0x01, 0x00, 0x00,
    0x00, 0x00, 0x00, 0x08, 0x10, 0xE2, 0x2B, 0x63, 0xA9, 0x6A, 0x9D, 0x8D, 0xB6, 0xAE, 0x2F, 0xEB,
    0xAE, 0x30, 0xF7, 0x9D, 0x90, 0xFF, 0x7C, 0x6E, 0xFF, 0x73, 0xEE, 0xFF, 0x94, 0xD2, 0xFF, 0xBE,
    0x17, 0xFF, 0xE7, 0x1C, 0xFF, 0xFF, 0xBF, 0xFF, 0xA5, 0x34, 0xFF, 0x52, 0x8A, 0xFF, 0xA5, 0x14,
    0xFF, 0xFF, 0xFF, 0xFF, 0xF7, 0x7D, 0xFF, 0xE6, 0xFB, 0xFF, 0xEF, 0x1C, 0xFF, 0xEF, 0x3C, 0xFF,
    0xEF, 0x3C, 0xFF, 0xEF, 0x3C, 0xFF, 0xEF, 0x5D, 0xFF, 0xEF, 0x5D, 0xFF, 0xEF, 0x5D, 0xFF, 0xEF,
    0x5D, 0xFF, 0xEF, 0x5D, 0xFF, 0xEF, 0x5D, 0xFF, 0xEF, 0x5D, 0xFF, 0xEF, 0x3C, 0xFF, 0xEF, 0x3C,
    0xFF, 0xEF, 0x3C, 0xFF, 0xEF, 0x1C, 0xFF, 0xF7, 0x9E, 0xFF, 0xE7, 0x1C, 0xFF, 0x9C, 0x93, 0xFF,
    0x73, 0x4E, 0xFF, 0x94, 0x52, 0xFF, 0xB5, 0x56, 0xFF, 0xAD, 0x56, 0xFF, 0xA4, 0xF4, 0xFF, 0x9C,
    0xB4, 0xFF, 0x9C, 0x93, 0xFF, 0x9C, 0x73, 0xFF, 0x9C, 0x73, 0xFF, 0x9C, 0x93, 0xFF, 0x94, 0x52,
    0xFF, 0x73, 0x6F, 0xFF, 0x9C, 0xB3, 0xFF, 0xE7, 0x1C, 0xFF, 0xF7, 0x9D, 0xFF, 0xCE, 0x38, 0xFF,
    0xB5, 0x96, 0xFF, 0xCE, 0x59, 0xFF, 0xDE, 0x9A, 0xFF, 0xDE, 0xBB, 0xFF, 0xE6, 0xFB, 0xFF, 0xE6,
    0xDB, 0xFF, 0xDE, 0x9A, 0xFF, 0xD6, 0x5A, 0xFF, 0xC5, 0xF8, 0xFF, 0xAD, 0x35, 0xFF, 0x94, 0x52,
    0xFF, 0x83, 0xD0, 0xFF, 0x84, 0x11, 0xFF, 0x9C, 0xB4, 0xFF, 0xAD, 0x15, 0xFF, 0x94, 0x73, 0xFF,
    0x94, 0x52, 0xFF, 0xBD, 0xB7, 0xFF, 0xF7, 0x5D, 0xFF, 0xF7, 0x9E, 0xFF, 0xEF, 0x5D, 0xFF, 0xEF,
    0x3D, 0xFF, 0xEF, 0x5D, 0xFF, 0xEF, 0x5D, 0xFF, 0xEF, 0x5D, 0xFF, 0xEF, 0x5D, 0xFF, 0xEF, 0x5D,
    0xFF, 0xEF, 0x5D, 0xFF, 0xEF, 0x5D, 0xFF, 0xEF, 0x3C, 0xFF, 0xEF, 0x3C, 0xFF, 0xEF, 0x3C, 0xFF,
    0xEF, 0x3C, 0xFF, 0xEF, 0x3C, 0xFF, 0xEF, 0x3D, 0xFF, 0xEF, 0x3C, 0xFF, 0xEF, 0x3C, 0xFF, 0xFF,
    0xFF, 0xFF, 0xCE, 0x58, 0xFF, 0x52, 0xA8, 0xFF, 0xE6, 0xD7, 0xFF, 0xFF, 0x7A, 0xFF, 0xF7, 0x59,
    0xFF, 0xEF, 0x17, 0xFF, 0x5A, 0x87, 0xFF, 0x39, 0xC5, 0xFF, 0xBD, 0xD2, 0xFF, 0xFF, 0xDB, 0xFF,
    0xDE, 0x96, 0xFF, 0xB5, 0x71, 0xFF, 0xCE, 0x13, 0xFF, 0xFF, 0x78, 0xFF, 0xEE, 0xF6, 0xF5, 0xC5,
    0xB1, 0xAC, 0x20, 0xC3, 0x1D, 0x00, 0x00, 0x00, 0x39, 0xE0, 0x04, 0x00, 0x00, 0x07, 0x00, 0x00,
    0x02, 0x00, 0x00, 0x00, 0x00, 0x00, 0x00, 0x00, 0x00, 0x00, 0x00, 0x00, 0x00, 0x00, 0x00, 0x00,
    0x00, 0x00, 0x00, 0x00, 0x00, 0x00, 0x00, 0x00, 0x00, 0x00, 0x00, 0x00, 0x00, 0x00, 0x00, 0x00,
    0x00, 0x00, 0x00, 0x00, 0x00, 0x00, 0x00, 0x00, 0x00, 0x00, 0x00, 0x00, 0x00, 0x00, 0x00, 0x00,
    0x00, 0x00, 0x00, 0x00, 0x00, 0x00, 0x00, 0x00, 0x00, 0x00, 0x00, 0x00, 0x00, 0x00, 0x00, 0x00,
    0x00, 0x00, 0x00, 0x00, 0x00, 0x00, 0x00, 0x00, 0x04, 0x08, 0xE0, 0x10, 0x21, 0xA1, 0x26, 0x32,
    0xC1, 0x54, 0x7D, 0x47, 0x9A, 0xCF, 0x72, 0xDC, 0xF7, 0xFA, 0xFB, 0xEF, 0xBB, 0xFE, 0xEF, 0xBA,
    0xFF, 0xE7, 0xB9, 0xFF, 0xE7, 0xD9, 0xFF, 0xE7, 0xB9, 0xFE, 0xEF, 0x9B, 0xFE, 0xE7, 0xD7, 0xF8,
    0x95, 0xEA, 0xAE, 0x12, 0x20, 0x3A, 0x00, 0x1F, 0x01, 0xFF, 0xE0, 0x01, 0x00, 0x00, 0x01, 0x00,
    0x00, 0x00, 0x00, 0x00, 0x04, 0x00, 0x00, 0x21, 0x00, 0x00, 0x21, 0x00, 0x00, 0x04, 0x00, 0x00,
    0x00, 0x00, 0x00, 0x00, 0x00, 0x00, 0x00, 0x00, 0x00, 0x00, 0x00, 0x00, 0x00, 0x00, 0x00, 0x00,
    0x00, 0x00, 0x00, 0x00, 0x00, 0x00, 0x00, 0x00, 0x00, 0x00, 0x00, 0x00, 0x00, 0x00, 0x00, 0x00,
    0x00, 0x00, 0x00, 0x00, 0x00, 0x00, 0x00, 0x00, 0x00, 0x00, 0x00, 0x00, 0x00, 0x00, 0x00, 0x00,
    0x00, 0x00, 0x00, 0x00, 0x00, 0x00, 0x00, 0x00, 0x00, 0x00, 0x00, 0x00, 0x00, 0x00, 0x00, 0x00,
    0x00, 0x00, 0x00, 0x00, 0x00, 0x00, 0x00, 0x00, 0x00, 0x00, 0x00, 0x00, 0x00, 0x00, 0x00, 0x00,
    0x00, 0x00, 0x00, 0x00, 0x00, 0x00, 0x00, 0x00, 0x00, 0x00, 0x00, 0x00, 0x00, 0x00, 0x00, 0x00,
    0x00, 0x00, 0x00, 0x00, 0x00, 0x00, 0x00, 0x00, 0x00, 0x00, 0x00, 0x00, 0x00, 0x00, 0x00, 0x00,
    0x00, 0x00, 0x01, 0x00, 0x00, 0x00, 0x00, 0x00, 0x0D, 0x31, 0xA5, 0x41, 0x8C, 0xEB, 0x8E, 0xAE,
    0x4E, 0xCF, 0x95, 0xAC, 0xF4, 0x74, 0x6A, 0xFF, 0x6B, 0xCB, 0xFF, 0x7C, 0x2F, 0xFF, 0xAD, 0x96,
    0xFF, 0xDE, 0xFB, 0xFF, 0xF7, 0xBF, 0xFF, 0xFF, 0xFF, 0xFF, 0xF7, 0xBE, 0xFF, 0x8C, 0x31, 0xFF,
    0x62, 0xEC, 0xFF, 0xC6, 0x38, 0xFF, 0xFF, 0xFF, 0xFF, 0xEF, 0x3C, 0xFF, 0xEF, 0x1C, 0xFF, 0xEF,
    0x1C, 0xFF, 0xEF, 0x1C, 0xFF, 0xEF, 0x3C, 0xFF, 0xEF, 0x3C, 0xFF, 0xEF, 0x5C, 0xFF, 0xEF, 0x5D,
    0xFF, 0xEF, 0x5D, 0xFF, 0xEF, 0x5D, 0xFF, 0xEF, 0x5D, 0xFF, 0xEF, 0x5D, 0xFF, 0xEF, 0x5D, 0xFF,
    0xEF, 0x5D, 0xFF, 0xEF, 0x3C, 0xFF, 0xEF, 0x1C, 0xFF, 0xEF, 0x1C, 0xFF, 0xFF, 0xBE, 0xFF, 0xD6,
    0x7A, 0xFF, 0x83, 0xD0, 0xFF, 0x83, 0xF1, 0xFF, 0xB5, 0x55, 0xFF, 0xAC, 0xF4, 0xFF, 0x8C, 0x31,
    0xFF, 0x8C, 0x31, 0xFF, 0xA4, 0xD4, 0xFF, 0xB5, 0x76, 0xFF, 0xC5, 0xF8, 0xFF, 0xD6, 0x7A, 0xFF,
    0xE6, 0xFC, 0xFF, 0xE6, 0xDB, 0xFF, 0xE6, 0xFB, 0xFF, 0xE6, 0xFC, 0xFF, 0xE6, 0xFC, 0xFF, 0xEF,
    0x3C, 0xFF, 0xEF, 0x3C, 0xFF, 0xEF, 0x1C, 0xFF, 0xEF, 0x3C, 0xFF, 0xEF, 0x1C, 0xFF, 0xF7, 0x7D,
    0xFF, 0xFF, 0xBE, 0xFF, 0xF7, 0x7D, 0xFF, 0xEF, 0x5D, 0xFF, 0xF7, 0x7D, 0xFF, 0xFF, 0x9E, 0xFF,
    0xFF, 0xBE, 0xFF, 0xFF, 0xBE, 0xFF, 0xF7, 0x9E, 0xFF, 0xE6, 0xDB, 0xFF, 0xBD, 0xB7, 0xFF, 0x9C,
    0x93, 0xFF, 0x83, 0xF0, 0xFF, 0x83, 0xF1, 0xFF, 0x83, 0xF1, 0xFF, 0x83, 0xF0, 0xFF, 0xAD, 0x15,
    0xFF, 0xEF, 0x3C, 0xFF, 0xFF, 0xBE, 0xFF, 0xEF, 0x5D, 0xFF, 0xEF, 0x5D, 0xFF, 0xF7, 0x7D, 0xFF,
    0xF7, 0x7D, 0xFF, 0xF7, 0x7D, 0xFF, 0xEF, 0x5D, 0xFF, 0xEF, 0x5D, 0xFF, 0xEF, 0x5D, 0xFF, 0xEF,
    0x5D, 0xFF, 0xEF, 0x3C, 0xFF, 0xEF, 0x3C, 0xFF, 0xEF, 0x3C, 0xFF, 0xEF, 0x3C, 0xFF, 0xEF, 0x3C,
    0xFF, 0xEF, 0x1C, 0xFF, 0xEF, 0x5C, 0xFF, 0xFF, 0xBE, 0xFF, 0xB5, 0x75, 0xFF, 0x5A, 0xA8, 0xFF,
    0xEF, 0x38, 0xFF, 0xF7, 0x38, 0xFF, 0xF7, 0x59, 0xFF, 0xCD, 0xF2, 0xFF, 0x9C, 0x4C, 0xFF, 0x4A,
    0x05, 0xFF, 0xA5, 0x10, 0xFF, 0xFF, 0xDA, 0xFF, 0xE6, 0xB7, 0xFF, 0xB5, 0x51, 0xFF, 0xBD, 0x91,
    0xFF, 0xFF, 0x57, 0xFF, 0xEE, 0xB4, 0xF8, 0xCD, 0xF2, 0xB7, 0x31, 0x63, 0x20, 0x00, 0x00, 0x02,
    0x39, 0xE7, 0x15, 0x39, 0xE7, 0x32, 0x18, 0xE2, 0x21, 0x39, 0xE7, 0x04, 0x00, 0x00, 0x00, 0x00,
    0x00, 0x01, 0x00, 0x00, 0x00, 0x00, 0x00, 0x00, 0x00, 0x00, 0x00, 0x00, 0x00, 0x00, 0x00, 0x00,
    0x00, 0x00, 0x00, 0x00, 0x00, 0x00, 0x00, 0x00, 0x00, 0x00, 0x00, 0x00, 0x00, 0x00, 0x00, 0x00,
    0x00, 0x00, 0x00, 0x00, 0x00, 0x00, 0x00, 0x00, 0x00, 0x00, 0x00, 0x00, 0x00, 0x00, 0x00, 0x00,
    0x00, 0x00, 0x00, 0x00, 0x00, 0x00, 0x00, 0x00, 0x39, 0xE0, 0x04, 0x08, 0x60, 0x12, 0x19, 0x80,
    0x33, 0x4B, 0xA4, 0x68, 0x85, 0x68, 0x9E, 0xBE, 0xEE, 0xCD, 0xE7, 0xD6, 0xEF, 0xEF, 0xFA, 0xFD,
    0xEF, 0xBA, 0xFF, 0xE7, 0xBA, 0xFF, 0xEF, 0xB9, 0xFF, 0xE7, 0xB9, 0xFF, 0xE7, 0xB9, 0xFF, 0xE7,
    0x99, 0xFE, 0xEF, 0xDB, 0xFA, 0xBF, 0x10, 0xD7, 0x5C, 0x63, 0x70, 0x00, 0x00, 0x16, 0x00, 0x00,
    0x00, 0x00, 0x00, 0x01, 0x00, 0x00, 0x00, 0x00, 0x00, 0x00, 0x00, 0x00, 0x04, 0x00, 0x00, 0x21,
    0x00, 0x00, 0x21, 0x00, 0x00, 0x04, 0x00, 0x00, 0x00, 0x00, 0x00, 0x00, 0x00, 0x00, 0x00, 0x00,
    0x00, 0x00, 0x00, 0x00, 0x00, 0x00, 0x00, 0x00, 0x00, 0x00, 0x00, 0x00, 0x00, 0x00, 0x00, 0x00,
    0x00, 0x00, 0x00, 0x00, 0x00, 0x00, 0x00, 0x00, 0x00, 0x00, 0x00, 0x00, 0x00, 0x00, 0x00, 0x00,
    0x00, 0x00, 0x00, 0x00, 0x00, 0x00, 0x00, 0x00, 0x00, 0x00, 0x00, 0x00, 0x00, 0x00, 0x00, 0x00,
    0x00, 0x00, 0x00, 0x00, 0x00, 0x00, 0x00, 0x00, 0x00, 0x00, 0x00, 0x00, 0x00, 0x00, 0x00, 0x00,
    0x00, 0x00, 0x00, 0x00, 0x00, 0x00, 0x00, 0x00, 0x00, 0x00, 0x00, 0x00, 0x00, 0x00, 0x00, 0x00,
    0x00, 0x00, 0x00, 0x00, 0x00, 0x00, 0x00, 0x00, 0x00, 0x00, 0x00, 0x00, 0x00, 0x00, 0x00, 0x00,
    0x00, 0x00, 0x00, 0x00, 0x00, 0x00, 0x00, 0x01, 0x00, 0x00, 0x00, 0x00, 0x00, 0x0D, 0x5B, 0x29,
    0x51, 0xB6, 0x50, 0xA7, 0xA5, 0xED, 0xDF, 0x5B, 0xA6, 0xF9, 0x53, 0x48, 0xFF, 0x84, 0x90, 0xFF,
    0xC6, 0x38, 0xFF, 0xEF, 0x7D, 0xFF, 0xFF, 0xDF, 0xFF, 0xFF, 0xDF, 0xFF, 0xFF, 0xFF, 0xFF, 0xE7,
    0x3C, 0xFF, 0x73, 0x8E, 0xFF, 0x73, 0x8E, 0xFF, 0xDE, 0xDB, 0xFF, 0xFF, 0xFF, 0xFF, 0xEF, 0x3C,
    0xFF, 0xEF, 0x3C, 0xFF, 0xEF, 0x3C, 0xFF, 0xEF, 0x3C, 0xFF, 0xEF, 0x3C, 0xFF, 0xEF, 0x3C, 0xFF,
    0xEF, 0x3C, 0xFF, 0xEF, 0x5D, 0xFF, 0xEF, 0x5D, 0xFF, 0xEF, 0x5D, 0xFF, 0xEF, 0x5D, 0xFF, 0xEF,
    0x5D, 0xFF, 0xEF, 0x5D, 0xFF, 0xEF, 0x5D, 0xFF, 0xEF, 0x5D, 0xFF, 0xEF, 0x3C, 0xFF, 0xEF, 0x3C,
    0xFF, 0xF7, 0x9E, 0xFF, 0xCE, 0x39, 0xFF, 0x7B, 0xAF, 0xFF, 0x83, 0xF1, 0xFF, 0x9C, 0xB3, 0xFF,
    0x94, 0x52, 0xFF, 0x9C, 0x93, 0xFF, 0xBD, 0xD7, 0xFF, 0xE6, 0xFB, 0xFF, 0xF7, 0x7D, 0xFF, 0xF7,
    0x9E, 0xFF, 0xFF, 0xDF, 0xFF, 0xFF, 0xDF, 0xFF, 0xD6, 0x9A, 0xFF, 0xD6, 0x79, 0xFF, 0xEF, 0x3D,
    0xFF, 0xF7, 0x9E, 0xFF, 0xF7, 0x7D, 0xFF, 0xEF, 0x3C, 0xFF, 0xEF, 0x5D, 0xFF, 0xE7, 0x1C, 0xFF,
    0xD6, 0x7A, 0xFF, 0xC5, 0xF8, 0xFF, 0xAD, 0x35, 0xFF, 0xBD, 0xB7, 0xFF, 0xEF, 0x1C, 0xFF, 0xFF,
    0xBE, 0xFF, 0xEF, 0x5D, 0xFF, 0xEF, 0x3C, 0xFF, 0xF7, 0x7D, 0xFF, 0xF7, 0x7D, 0xFF, 0xF7, 0x9D,
    0xFF, 0xFF, 0xBE, 0xFF, 0xFF, 0xBE, 0xFF, 0xF7, 0x5D, 0xFF, 0xDE, 0x9A, 0xFF, 0xB5, 0x55, 0xFF,
    0x83, 0xD0, 0xFF, 0x6A, 0xED, 0xFF, 0x73, 0x4E, 0xFF, 0xA4, 0xF4, 0xFF, 0xE7, 0x1C, 0xFF, 0xFF,
    0xBE, 0xFF, 0xF7, 0x5D, 0xFF, 0xEF, 0x5D, 0xFF, 0xF7, 0x7D, 0xFF, 0xF7, 0x7D, 0xFF, 0xF7, 0x7D,
    0xFF, 0xEF, 0x5D, 0xFF, 0xEF, 0x5D, 0xFF, 0xEF, 0x5D, 0xFF, 0xEF, 0x3C, 0xFF, 0xEF, 0x3C, 0xFF,
    0xEF, 0x3C, 0xFF, 0xEF, 0x3C, 0xFF, 0xEF, 0x3C, 0xFF, 0xE7, 0x1C, 0xFF, 0xF7, 0x7D, 0xFF, 0xF7,
    0x7D, 0xFF, 0x94, 0xB2, 0xFF, 0x5A, 0xA8, 0xFF, 0xFF, 0x79, 0xFF, 0xF7, 0x17, 0xFF, 0xFF, 0x58,
    0xFF, 0x9C, 0x6D, 0xFF, 0xB4, 0xED, 0xFF, 0x73, 0x08, 0xFF, 0x6B, 0x49, 0xFF, 0xD6, 0x96, 0xFF,
    0xFF, 0x9A, 0xFF, 0xB5, 0x72, 0xFF, 0xA4, 0xEF, 0xFF, 0xFF, 0x56, 0xFF, 0xE6, 0xB3, 0xFB, 0xD6,
    0x32, 0xC3, 0x41, 0xC5, 0x2C, 0x00, 0x00, 0x06, 0x00, 0x20, 0x26, 0xD6, 0xB9, 0x89, 0xAD, 0x75,
    0x8C, 0x29, 0x44, 0x3D, 0x00, 0x00, 0x0F, 0x7B, 0xEF, 0x06, 0xFF, 0xFF, 0x01, 0x00, 0x00, 0x01,
    0x00, 0x00, 0x00, 0x00, 0x00, 0x00, 0x00, 0x00, 0x00, 0x00, 0x00, 0x00, 0x00, 0x00, 0x00, 0x00,
    0x00, 0x00, 0x00, 0x00, 0x00, 0x00, 0x00, 0x00, 0x00, 0x00, 0x00, 0x00, 0x00, 0x00, 0x00, 0x00,
    0x00, 0x00, 0x00, 0x00, 0x00, 0x00, 0x00, 0x00, 0x00, 0x00, 0x00, 0x00, 0x00, 0x00, 0x02, 0x0B,
    0x11, 0x20, 0x2F, 0x5B, 0xC4, 0x6D, 0x9E, 0x0C, 0xAB, 0xCF, 0x52, 0xDA, 0xE7, 0xD6, 0xF1, 0xEF,
    0xF9, 0xFB, 0xEF, 0xFA, 0xFF, 0xEF, 0xB9, 0xFF, 0xE7, 0xB9, 0xFF, 0xE7, 0xB9, 0xFF, 0xE7, 0xB9,
    0xFF, 0xE7, 0xB8, 0xFF, 0xE7, 0x78, 0xFE, 0xEF, 0xBB, 0xFC, 0xDF, 0x95, 0xE6, 0x85, 0x47, 0x99,
    0x11, 0xC0, 0x34, 0x00, 0x15, 0x03, 0x00, 0x00, 0x00, 0x00, 0x00, 0x01, 0x00, 0x00, 0x00, 0x00,
    0x00, 0x00, 0x00, 0x00, 0x04, 0x00, 0x00, 0x21, 0x00, 0x00, 0x21, 0x00, 0x00, 0x04, 0x00, 0x00,
    0x00, 0x00, 0x00, 0x00, 0x00, 0x00, 0x00, 0x00, 0x00, 0x00, 0x00, 0x00, 0x00, 0x00, 0x00, 0x00,
    0x00, 0x00, 0x00, 0x00, 0x00, 0x00, 0x00, 0x00, 0x00, 0x00, 0x00, 0x00, 0x00, 0x00, 0x00, 0x00,
    0x00, 0x00, 0x00, 0x00, 0x00, 0x00, 0x00, 0x00, 0x00, 0x00, 0x00, 0x00, 0x00, 0x00, 0x00, 0x00,
    0x00, 0x00, 0x00, 0x00, 0x00, 0x00, 0x00, 0x00, 0x00, 0x00, 0x00, 0x00, 0x00, 0x00, 0x00, 0x00,
    0x00, 0x00, 0x00, 0x00, 0x00, 0x00, 0x00, 0x00, 0x00, 0x00, 0x00, 0x00, 0x00, 0x00, 0x00, 0x00,
    0x00, 0x00, 0x00, 0x00, 0x00, 0x00, 0x00, 0x00, 0x00, 0x00, 0x00, 0x00, 0x00, 0x00, 0x00, 0x00,
    0x00, 0x00, 0x00, 0x00, 0x00, 0x00, 0x00, 0x00, 0x00, 0x00, 0x00, 0x00, 0x00, 0x00, 0x00, 0x00,
    0x18, 0xE0, 0x09, 0x5A, 0xC8, 0x3D, 0xA5, 0xCF, 0x92, 0x74, 0x69, 0xD9, 0x42, 0x84, 0xFB, 0x73,
    0xCD, 0xFF, 0xC6, 0x58, 0xFF, 0xEF, 0x7D, 0xFF, 0xFF, 0xDF, 0xFF, 0xFF, 0xDF, 0xFF, 0xF7, 0x9E,
    0xFF, 0xFF, 0xFF, 0xFF, 0xDE, 0xDB, 0xFF, 0x6B, 0x2C, 0xFF, 0x84, 0x30, 0xFF, 0xE7, 0x3C, 0xFF,
    0xFF, 0xDF, 0xFF, 0xEF, 0x5D, 0xFF, 0xEF, 0x3C, 0xFF, 0xEF, 0x3C, 0xFF, 0xEF, 0x3C, 0xFF, 0xEF,
    0x3C, 0xFF, 0xEF, 0x3C, 0xFF, 0xEF, 0x3C, 0xFF, 0xEF, 0x3C, 0xFF, 0xEF, 0x3D, 0xFF, 0xEF, 0x5D,
    0xFF, 0xEF, 0x5D, 0xFF, 0xEF, 0x5D, 0xFF, 0xF7, 0x5D, 0xFF, 0xF7, 0x5D, 0xFF, 0xEF, 0x5D, 0xFF,
    0xEF, 0x5C, 0xFF, 0xEF, 0x3C, 0xFF, 0xFF, 0xBE, 0xFF, 0xD6, 0x79, 0xFF, 0x83, 0xD0, 0xFF, 0x73,
    0x4E, 0xFF, 0x7B, 0xD0, 0xFF, 0x9C, 0xB3, 0xFF, 0xC5, 0xF8, 0xFF, 0xEF, 0x3D, 0xFF, 0xFF, 0xBE,
    0xFF, 0xFF, 0xBE, 0xFF, 0xF7, 0x9E, 0xFF, 0xFF, 0xBE, 0xFF, 0xEF, 0x5D, 0xFF, 0xC5, 0xF7, 0xFF,
    0xCE, 0x38, 0xFF, 0xE7, 0x1C, 0xFF, 0xF7, 0x5D, 0xFF, 0xEF, 0x5D, 0xFF, 0xEF, 0x5D, 0xFF, 0xEF,
    0x5D, 0xFF, 0xEF, 0x5D, 0xFF, 0xEF, 0x5D, 0xFF, 0xDE, 0xBB, 0xFF, 0xCE, 0x18, 0xFF, 0xCE, 0x39,
    0xFF, 0xA4, 0xF4, 0xFF, 0x8C, 0x51, 0xFF, 0xBD, 0xB7, 0xFF, 0xF7, 0x9E, 0xFF, 0xFF, 0xBE, 0xFF,
    0xEF, 0x3C, 0xFF, 0xEF, 0x5D, 0xFF, 0xEF, 0x7D, 0xFF, 0xEF, 0x5D, 0xFF, 0xEF, 0x7D, 0xFF, 0xF7,
    0x7D, 0xFF, 0xF7, 0x9D, 0xFF, 0xF7, 0x9D, 0xFF, 0xE6, 0xFB, 0xFF, 0xB5, 0x56, 0xFF, 0x7B, 0x6F,
    0xFF, 0x5A, 0x8B, 0xFF, 0x8C, 0x51, 0xFF, 0xE7, 0x1C, 0xFF, 0xFF, 0xFF, 0xFF, 0xF7, 0x7D, 0xFF,
    0xEF, 0x5D, 0xFF, 0xF7, 0x7D, 0xFF, 0xF7, 0x7D, 0xFF, 0xEF, 0x5D, 0xFF, 0xEF, 0x5D, 0xFF, 0xEF,
    0x5D, 0xFF, 0xEF, 0x3C, 0xFF, 0xEF, 0x3C, 0xFF, 0xEF, 0x3C, 0xFF, 0xEF, 0x3C, 0xFF, 0xEF, 0x3C,
    0xFF, 0xE6, 0xFB, 0xFF, 0xF7, 0x9D, 0xFF, 0xEF, 0x5C, 0xFF, 0x84, 0x0F, 0xFF, 0x6B, 0x29, 0xFF,
    0xFF, 0xB9, 0xFF, 0xEE, 0xD6, 0xFF, 0xFF, 0x78, 0xFF, 0x83, 0xCB, 0xFF, 0x6A, 0xC7, 0xFF, 0x93,
    0xC9, 0xFF, 0x5A, 0x05, 0xFF, 0x6B, 0x2A, 0xFF, 0xEF, 0x5A, 0xFF, 0xD6, 0x97, 0xFF, 0x94, 0x8E,
    0xFF, 0xEF, 0x16, 0xFF, 0xEE, 0xD4, 0xFE, 0xE6, 0x93, 0xD8, 0x4A, 0x46, 0x44, 0x00, 0x00, 0x07,
    0x00, 0x00, 0x12, 0xAD, 0x54, 0x84, 0xEF, 0x5C, 0xD5, 0xEF, 0x5D, 0xC0, 0x9C, 0xD3, 0x7E, 0x18,
    0xC3, 0x3A, 0x00, 0x00, 0x0B, 0xFF, 0xFF, 0x02, 0xFF, 0xFF, 0x01, 0x00, 0x00, 0x01, 0x00, 0x00,
    0x00, 0x00, 0x00, 0x00, 0x00, 0x00, 0x00, 0x00, 0x00, 0x00, 0x00, 0x00, 0x00, 0x00, 0x00, 0x00,
    0x00, 0x00, 0x00, 0x00, 0x00, 0x00, 0x00, 0x00, 0x00, 0x00, 0x00, 0x00, 0x00, 0x00, 0x00, 0x00,
    0x00, 0x00, 0x00, 0x01, 0x10, 0x32, 0x62, 0x4B, 0x8D, 0x8A, 0x99, 0xCF, 0x32, 0xD7, 0xE7, 0xB7,
    0xF4, 0xEF, 0xD9, 0xFF, 0xEF, 0xDA, 0xFF, 0xE7, 0xBA, 0xFF, 0xE7, 0xB9, 0xFF, 0xE7, 0xB9, 0xFF,
    0xE7, 0xB9, 0xFF, 0xE7, 0xB8, 0xFF, 0xE7, 0x98, 0xFE, 0xEF, 0x9A, 0xFE, 0xEF, 0xBB, 0xFD, 0xD7,
    0x75, 0xF2, 0x8D, 0xE9, 0xB0, 0x32, 0xE0, 0x48, 0x00, 0x00, 0x08, 0x00, 0x00, 0x00, 0x00, 0x00,
    0x01, 0x00, 0x00, 0x00, 0x00, 0x00, 0x00, 0x00, 0x00, 0x00, 0x00, 0x00, 0x04, 0x00, 0x00, 0x21,
    0x00, 0x00, 0x21, 0x00, 0x00, 0x04, 0x00, 0x00, 0x00, 0x00, 0x00, 0x00, 0x00, 0x00, 0x00, 0x00,
    0x00, 0x00, 0x00, 0x00, 0x00, 0x00, 0x00, 0x00, 0x00, 0x00, 0x00, 0x00, 0x00, 0x00, 0x00, 0x00,
    0x00, 0x00, 0x00, 0x00, 0x00, 0x00, 0x00, 0x00, 0x00, 0x00, 0x00, 0x00, 0x00, 0x00, 0x00, 0x00,
    0x00, 0x00, 0x00, 0x00, 0x00, 0x00, 0x00, 0x00, 0x00, 0x00, 0x00, 0x00, 0x00, 0x00, 0x00, 0x00,
    0x00, 0x00, 0x00, 0x00, 0x00, 0x00, 0x00, 0x00, 0x00, 0x00, 0x00, 0x00, 0x00, 0x00, 0x00, 0x00,
    0x00, 0x00, 0x00, 0x00, 0x00, 0x00, 0x00, 0x00, 0x00, 0x00, 0x00, 0x00, 0x00, 0x00, 0x00, 0x00,
    0x00, 0x00, 0x00, 0x00, 0x00, 0x00, 0x00, 0x00, 0x00, 0x00, 0x00, 0x00, 0x00, 0x00, 0x00, 0x00,
    0x00, 0x01, 0xFF, 0xFF, 0x01, 0x64, 0xCC, 0x05, 0x39, 0x67, 0x16, 0x5B, 0x67, 0x5C, 0x63, 0xA8,
    0xBB, 0x6B, 0xCB, 0xF4, 0xA5, 0x54, 0xFF, 0xEF, 0x5D, 0xFE, 0xFF, 0xDF, 0xFF, 0xFF, 0xBE, 0xFF,
    0xF7, 0x9E, 0xFF, 0xEF, 0x5D, 0xFF, 0xFF, 0xFF, 0xFF, 0xD6, 0x9A, 0xFF, 0x6B, 0x2C, 0xFF, 0x94,
    0x92, 0xFF, 0xEF, 0x7D, 0xFF, 0xFF, 0xFF, 0xFF, 0xEF, 0x5D, 0xFF, 0xEF, 0x5C, 0xFF, 0xEF, 0x5D,
    0xFF, 0xEF, 0x3C, 0xFF, 0xEF, 0x3C, 0xFF, 0xEF, 0x3C, 0xFF, 0xEF, 0x3C, 0xFF, 0xEF, 0x3C, 0xFF,
    0xEF, 0x3C, 0xFF, 0xEF, 0x3D, 0xFF, 0xEF, 0x5D, 0xFF, 0xEF, 0x5D, 0xFF, 0xEF, 0x5D, 0xFF, 0xF7,
    0x5D, 0xFF, 0xF7, 0x7D, 0xFF, 0xEF, 0x5D, 0xFF, 0xEF, 0x5D, 0xFF, 0xFF, 0xBE, 0xFF, 0xDE, 0xDB,
    0xFF, 0x7B, 0xAF, 0xFF, 0x62, 0xCC, 0xFF, 0x8C, 0x31, 0xFF, 0xBD, 0xD7, 0xFF, 0xE7, 0x1C, 0xFF,
    0xFF, 0xBE, 0xFF, 0xFF, 0xDE, 0xFF, 0xF7, 0x9E, 0xFF, 0xEF, 0x5D, 0xFF, 0xF7, 0x7D, 0xFF, 0xEF,
    0x3C, 0xFF, 0xBD, 0x96, 0xFF, 0xC6, 0x18, 0xFF, 0xEF, 0x3C, 0xFF, 0xF7, 0x7D, 0xFF, 0xEF, 0x5D,
    0xFF, 0xEF, 0x5D, 0xFF, 0xEF, 0x5D, 0xFF, 0xEF, 0x5D, 0xFF, 0xEF, 0x3C, 0xFF, 0xF7, 0x5D, 0xFF,
    0xEF, 0x5D, 0xFF, 0xD6, 0x7A, 0xFF, 0xCE, 0x39, 0xFF, 0xEF, 0x3D, 0xFF, 0xBD, 0xD8, 0xFF, 0x8C,
    0x31, 0xFF, 0x94, 0x72, 0xFF, 0xE6, 0xFC, 0xFF, 0xFF, 0xFF, 0xFF, 0xF7, 0x7D, 0xFF, 0xEF, 0x3C,
    0xFF, 0xEF, 0x5D, 0xFF, 0xEF, 0x3C, 0xFF, 0xEF, 0x1C, 0xFF, 0xEF, 0x3C, 0xFF, 0xF7, 0x5D, 0xFF,
    0xFF, 0x9E, 0xFF, 0xFF, 0x9E, 0xFF, 0xDE, 0xFB, 0xFF, 0x9C, 0xB3, 0xFF, 0x5A, 0x8B, 0xFF, 0x7B,
    0x8F, 0xFF, 0xDE, 0xDB, 0xFF, 0xFF, 0xFF, 0xFF, 0xF7, 0x7D, 0xFF, 0xEF, 0x5D, 0xFF, 0xF7, 0x7D,
    0xFF, 0xEF, 0x5D, 0xFF, 0xEF, 0x5D, 0xFF, 0xEF, 0x3D, 0xFF, 0xEF, 0x5C, 0xFF, 0xEF, 0x5C, 0xFF,
    0xEF, 0x3C, 0xFF, 0xEF, 0x3C, 0xFF, 0xEF, 0x3C, 0xFF, 0xE7, 0x1C, 0xFF, 0xFF, 0x9E, 0xFF, 0xE7,
    0x1C, 0xFF, 0x73, 0xCE, 0xFF, 0x7B, 0xEC, 0xFF, 0xFF, 0xDA, 0xFF, 0xEE, 0xD5, 0xFF, 0xFF, 0x57,
    0xFF, 0x73, 0x8A, 0xFF, 0x10, 0x81, 0xFF, 0x62, 0x66, 0xFF, 0x93, 0x89, 0xFF, 0x6A, 0xE8, 0xFF,
    0x94, 0x90, 0xFF, 0xC6, 0x36, 0xFF, 0xBD, 0xB2, 0xFF, 0xD6, 0x53, 0xFF, 0xF7, 0x15, 0xFF, 0xE6,
    0xB3, 0xE7, 0x6B, 0x29, 0x66, 0x08, 0x60, 0x10, 0x33, 0x2C, 0x05, 0x39, 0xA6, 0x45, 0xE7, 0x1C,
    0xC5, 0xFF, 0xFF, 0xFE, 0xF7, 0x9E, 0xE6, 0xDE, 0xDB, 0xB4, 0x84, 0x10, 0x69, 0x00, 0x00, 0x25,
    0x28, 0x05, 0x06, 0x00, 0x00, 0x00, 0x00, 0x00, 0x01, 0x00, 0x00, 0x00, 0x00, 0x00, 0x00, 0x00,
    0x00, 0x00, 0x00, 0x00, 0x00, 0x00, 0x00, 0x00, 0x00, 0x00, 0x00, 0x00, 0x00, 0x00, 0x00, 0x00,
    0x00, 0x00, 0x00, 0x00, 0x00, 0x00, 0x00, 0x00, 0x00, 0x0C, 0x2A, 0x81, 0x4C, 0x9E, 0x0A, 0xAB,
    0xCF, 0x73, 0xE9, 0xE7, 0xD8, 0xFF, 0xEF, 0xD9, 0xFF, 0xE7, 0x99, 0xFF, 0xE7, 0x98, 0xFF, 0xE7,
    0x98, 0xFF, 0xE7, 0x98, 0xFF, 0xE7, 0x98, 0xFE, 0xE7, 0x99, 0xFE, 0xEF, 0x9A, 0xFE, 0xEF, 0xBB,
    0xFE, 0xEF, 0xBA, 0xFA, 0xCF, 0x72, 0xE2, 0x8D, 0xA8, 0xAC, 0x3B, 0x01, 0x50, 0x00, 0x00, 0x0D,
    0x00, 0x00, 0x00, 0x00, 0x00, 0x01, 0x00, 0x00, 0x00, 0x00, 0x00, 0x00, 0x00, 0x00, 0x00, 0x00,
    0x00, 0x00, 0x00, 0x00, 0x04, 0x00, 0x00, 0x21, 0x00, 0x00, 0x21, 0x00, 0x00, 0x04, 0x00, 0x00,
    0x00, 0x00, 0x00, 0x00, 0x00, 0x00, 0x00, 0x00, 0x00, 0x00, 0x00, 0x00, 0x00, 0x00, 0x00, 0x00,
    0x00, 0x00, 0x00, 0x00, 0x00, 0x00, 0x00, 0x00, 0x00, 0x00, 0x00, 0x00, 0x00, 0x00, 0x00, 0x00,
    0x00, 0x00, 0x00, 0x00, 0x00, 0x00, 0x00, 0x00, 0x00, 0x00, 0x00, 0x00, 0x00, 0x00, 0x00, 0x00,
    0x00, 0x00, 0x00, 0x00, 0x00, 0x00, 0x00, 0x00, 0x00, 0x00, 0x00, 0x00, 0x00, 0x00, 0x00, 0x00,
    0x00, 0x00, 0x00, 0x00, 0x00, 0x00, 0x00, 0x00, 0x00, 0x00, 0x00, 0x00, 0x00, 0x00, 0x00, 0x00,
    0x00, 0x00, 0x00, 0x00, 0x00, 0x00, 0x00, 0x00, 0x00, 0x00, 0x00, 0x00, 0x00, 0x00, 0x00, 0x00,
    0x00, 0x00, 0x00, 0x01, 0x7B, 0xEF, 0x02, 0x00, 0x00, 0x00, 0x7B, 0xE7, 0x04, 0x3A, 0x28, 0x12,
    0x11, 0x01, 0x3F, 0x84, 0x6D, 0x9D, 0xB5, 0xD4, 0xEA, 0xDE, 0xDA, 0xFF, 0xFF, 0xBE, 0xFE, 0xFF,
    0xDE, 0xFF, 0xF7, 0x7D, 0xFF, 0xEF, 0x3C, 0xFF, 0xEF, 0x3C, 0xFF, 0xFF, 0xFF, 0xFF, 0xD6, 0x9A,
    0xFF, 0x63, 0x0C, 0xFF, 0x9C, 0xB2, 0xFF, 0xF7, 0x9E, 0xFF, 0xFF, 0xDF, 0xFF, 0xEF, 0x5C, 0xFF,
    0xEF, 0x5D, 0xFF, 0xEF, 0x5D, 0xFF, 0xEF, 0x3D, 0xFF, 0xEF, 0x3C, 0xFF, 0xEF, 0x3C, 0xFF, 0xEF,
    0x3C, 0xFF, 0xEF, 0x3C, 0xFF, 0xEF, 0x3C, 0xFF, 0xEF, 0x3C, 0xFF, 0xEF, 0x5D, 0xFF, 0xEF, 0x5D,
    0xFF, 0xEF, 0x5D, 0xFF, 0xEF, 0x7D, 0xFF, 0xF7, 0x7D, 0xFF, 0xEF, 0x5D, 0xFF, 0xF7, 0x5D, 0xFF,
    0xFF, 0xDF, 0xFF, 0xE7, 0x1C, 0xFF, 0x7B, 0x8F, 0xFF, 0x5A, 0xCC, 0xFF, 0xA4, 0xF4, 0xFF, 0xDE,
    0xBB, 0xFF, 0xF7, 0x9E, 0xFF, 0xFF, 0xBE, 0xFF, 0xF7, 0x9E, 0xFF, 0xEF, 0x5D, 0xFF, 0xEF, 0x3D,
    0xFF, 0xF7, 0x7D, 0xFF, 0xEF, 0x3D, 0xFF, 0xBD, 0xD7, 0xFF, 0xC6, 0x18, 0xFF, 0xEF, 0x5D, 0xFF,
    0xF7, 0x5D, 0xFF, 0xEF, 0x5D, 0xFF, 0xEF, 0x5C, 0xFF, 0xEF, 0x5D, 0xFF, 0xEF, 0x5D, 0xFF, 0xEF,
    0x5D, 0xFF, 0xEF, 0x5D, 0xFF, 0xEF, 0x5D, 0xFF, 0xF7, 0x7D, 0xFF, 0xEF, 0x3C, 0xFF, 0xC5, 0xD8,
    0xFF, 0xD6, 0x7A, 0xFF, 0xFF, 0xDF, 0xFF, 0xDE, 0xDB, 0xFF, 0x9C, 0xB3, 0xFF, 0x7B, 0xAF, 0xFF,
    0xC6, 0x18, 0xFF, 0xFF, 0xFF, 0xFF, 0xF7, 0x7D, 0xFF, 0xEF, 0x1C, 0xFF, 0xEF, 0x3C, 0xFF, 0xEF,
    0x1C, 0xFF, 0xE7, 0x1C, 0xFF, 0xE7, 0x1C, 0xFF, 0xEF, 0x3C, 0xFF, 0xF7, 0x7D, 0xFF, 0xFF, 0xDF,
    0xFF, 0xF7, 0xBE, 0xFF, 0xBD, 0xD8, 0xFF, 0x6B, 0x4D, 0xFF, 0x73, 0x6E, 0xFF, 0xD6, 0x79, 0xFF,
    0xFF, 0xFF, 0xFF, 0xF7, 0x7D, 0xFF, 0xEF, 0x5D, 0xFF, 0xF7, 0x7D, 0xFF, 0xEF, 0x5D, 0xFF, 0xEF,
    0x3C, 0xFF, 0xEF, 0x3C, 0xFF, 0xEF, 0x5C, 0xFF, 0xEF, 0x3C, 0xFF, 0xEF, 0x3C, 0xFF, 0xEF, 0x3D,
    0xFF, 0xE7, 0x1C, 0xFF, 0xFF, 0xDE, 0xFF, 0xDE, 0xFB, 0xFF, 0x6B, 0x6C, 0xFF, 0x8C, 0x6E, 0xFF,
    0xFF, 0xD9, 0xFF, 0xEE, 0xF5, 0xFF, 0xF7, 0x16, 0xFF, 0x5A, 0xA8, 0xFF, 0x00, 0x00, 0xFF, 0x29,
    0x23, 0xFF, 0x83, 0x49, 0xFF, 0xB4, 0xAE, 0xFF, 0x9C, 0x6F, 0xFF, 0x73, 0x8D, 0xFF, 0x8C, 0x4E,
    0xFF, 0xCE, 0x13, 0xFF, 0xF7, 0x35, 0xFF, 0xEE, 0xB3, 0xEF, 0x9C, 0x8D, 0x90, 0x31, 0x63, 0x21,
    0x5A, 0xEB, 0x10, 0x00, 0x00, 0x2F, 0xB5, 0xB6, 0xAF, 0xF7, 0xBE, 0xFF, 0xFF, 0xFF, 0xFF, 0xFF,
    0xDF, 0xFA, 0xEF, 0x7D, 0xD9, 0xBD, 0xF7, 0x96, 0x31, 0xC6, 0x45, 0x00, 0x00, 0x0C, 0x00, 0x00,
    0x00, 0x7B, 0xEF, 0x02, 0x00, 0x00, 0x00, 0x00, 0x00, 0x00, 0x00, 0x00, 0x00, 0x00, 0x00, 0x00,
    0x00, 0x00, 0x00, 0x00, 0x00, 0x00, 0x00, 0x00, 0x00, 0x00, 0x00, 0x00, 0x00, 0x00, 0x04, 0x21,
    0xE0, 0x32, 0x7D, 0x87, 0x9E, 0xCF, 0x92, 0xEA, 0xE7, 0xD8, 0xFF, 0xE7, 0x98, 0xFF, 0xDF, 0x78,
    0xFF, 0xDF, 0x98, 0xFF, 0xE7, 0x97, 0xFF, 0xE7, 0x97, 0xFE, 0xE7, 0x98, 0xFE, 0xEF, 0xBA, 0xFD,
    0xEF, 0xDB, 0xFE, 0xEF, 0xD9, 0xFD, 0xD7, 0x94, 0xF7, 0xB6, 0xCD, 0xD0, 0x75, 0x05, 0x8E, 0x22,
    0xA0, 0x42, 0x00, 0x00, 0x0C, 0x00, 0x00, 0x00, 0x00, 0x00, 0x00, 0x00, 0x00, 0x00, 0x00, 0x00,
    0x00, 0x00, 0x00, 0x00, 0x00, 0x00, 0x00, 0x00, 0x00, 0x00, 0x00, 0x00, 0x04, 0x00, 0x00, 0x21,
    0x00, 0x00, 0x21, 0x00, 0x00, 0x04, 0x00, 0x00, 0x00, 0x00, 0x00, 0x00, 0x00, 0x00, 0x00, 0x00,
    0x00, 0x00, 0x00, 0x00, 0x00, 0x00, 0x00, 0x00, 0x00, 0x00, 0x00, 0x00, 0x00, 0x00, 0x00, 0x00,
    0x00, 0x00, 0x00, 0x00, 0x00, 0x00, 0x00, 0x00, 0x00, 0x00, 0x00, 0x00, 0x00, 0x00, 0x00, 0x00,
    0x00, 0x00, 0x00, 0x00, 0x00, 0x00, 0x00, 0x00, 0x00, 0x00, 0x00, 0x00, 0x00, 0x00, 0x00, 0x00,
    0x00, 0x00, 0x00, 0x00, 0x00, 0x00, 0x00, 0x00, 0x00, 0x00, 0x00, 0x00, 0x00, 0x00, 0x00, 0x00,
    0x00, 0x00, 0x00, 0x00, 0x00, 0x00, 0x00, 0x00, 0x00, 0x00, 0x00, 0x00, 0x00, 0x00, 0x00, 0x00,
    0x00, 0x00, 0x00, 0x00, 0x00, 0x00, 0x00, 0x00, 0x01, 0x00, 0x00, 0x00, 0x00, 0x00, 0x00, 0x00,
    0x00, 0x06, 0x08, 0x62, 0x21, 0x31, 0xE5, 0x4D, 0x9D, 0x51, 0x9C, 0xDF, 0x19, 0xE8, 0xFF, 0xDD,
    0xFF, 0xFF, 0xBE, 0xFE, 0xEF, 0x5C, 0xFE, 0xE7, 0x1B, 0xFF, 0xE7, 0x1C, 0xFF, 0xEF, 0x3C, 0xFF,
    0xFF, 0xDF, 0xFF, 0xDE, 0xBA, 0xFF, 0x63, 0x0C, 0xFF, 0x94, 0x72, 0xFF, 0xF7, 0x9E, 0xFF, 0xFF,
    0xDE, 0xFF, 0xEF, 0x3C, 0xFF, 0xEF, 0x5D, 0xFF, 0xEF, 0x5D, 0xFF, 0xEF, 0x5D, 0xFF, 0xEF, 0x3C,
    0xFF, 0xEF, 0x3C, 0xFF, 0xEF, 0x3C, 0xFF, 0xEF, 0x3C, 0xFF, 0xEF, 0x3C, 0xFF, 0xEF, 0x3C, 0xFF,
    0xEF, 0x3C, 0xFF, 0xEF, 0x5D, 0xFF, 0xEF, 0x5D, 0xFF, 0xEF, 0x5D, 0xFF, 0xF7, 0x7D, 0xFF, 0xF7,
    0x7D, 0xFF, 0xEF, 0x5D, 0xFF, 0xFF, 0xFF, 0xFF, 0xF7, 0x7D, 0xFF, 0x83, 0xCF, 0xFF, 0x62, 0xEC,
    0xFF, 0xB5, 0x97, 0xFF, 0xEF, 0x5D, 0xFF, 0xFF, 0xBE, 0xFF, 0xF7, 0x7D, 0xFF, 0xEF, 0x3C, 0xFF,
    0xEF, 0x5D, 0xFF, 0xEF, 0x5D, 0xFF, 0xF7, 0x9E, 0xFF, 0xF7, 0x7D, 0xFF, 0xCE, 0x38, 0xFF, 0xC5,
    0xF8, 0xFF, 0xF7, 0x7D, 0xFF, 0xF7, 0x5D, 0xFF, 0xEF, 0x3C, 0xFF, 0xEF, 0x3C, 0xFF, 0xEF, 0x5D,
    0xFF, 0xEF, 0x5D, 0xFF, 0xEF, 0x5D, 0xFF, 0xEF, 0x5D, 0xFF, 0xF7, 0x5D, 0xFF, 0xEF, 0x5D, 0xFF,
    0xEF, 0x5D, 0xFF, 0xF7, 0x9E, 0xFF, 0xE6, 0xDB, 0xFF, 0xAD, 0x35, 0xFF, 0xDE, 0xDB, 0xFF, 0xFF,
    0xFF, 0xFF, 0xEF, 0x7E, 0xFF, 0xA4, 0xF4, 0xFF, 0x6B, 0x2E, 0xFF, 0xB5, 0x56, 0xFF, 0xFF, 0xDE,
    0xFF, 0xF7, 0x7D, 0xFF, 0xE6, 0xFB, 0xFF, 0xEF, 0x3C, 0xFF, 0xEF, 0x1C, 0xFF, 0xEF, 0x3C, 0xFF,
    0xEF, 0x3C, 0xFF, 0xEF, 0x3C, 0xFF, 0xEF, 0x3C, 0xFF, 0xFF, 0xBE, 0xFF, 0xFF, 0xFF, 0xFF, 0xDE,
    0xDB, 0xFF, 0x83, 0xF0, 0xFF, 0x6B, 0x2D, 0xFF, 0xCE, 0x38, 0xFF, 0xFF, 0xFF, 0xFF, 0xEF, 0x7D,
    0xFF, 0xEF, 0x5D, 0xFF, 0xEF, 0x5D, 0xFF, 0xEF, 0x3C, 0xFF, 0xEF, 0x3C, 0xFF, 0xEF, 0x3C, 0xFF,
    0xEF, 0x5D, 0xFF, 0xEF, 0x5D, 0xFF, 0xF7, 0x5D, 0xFF, 0xEF, 0x3C, 0xFF, 0xFF, 0xFF, 0xFF, 0xDE,
    0xDB, 0xFF, 0x6B, 0x4C, 0xFF, 0x9C, 0xAF, 0xFF, 0xFF, 0xDA, 0xFF, 0xF6, 0xF5, 0xFF, 0xEE, 0xD5,
    0xFF, 0x39, 0xE5, 0xFF, 0x00, 0x60, 0xFF, 0x08, 0x81, 0xFF, 0x41, 0xC4, 0xFF, 0x8B, 0x8A, 0xFF,
    0xC5, 0x93, 0xFF, 0x94, 0x91, 0xFF, 0x3A, 0x07, 0xFF, 0x8C, 0x6E, 0xFF, 0xFF, 0x78, 0xFF, 0xE6,
    0x73, 0xF6, 0xCD, 0xD0, 0xB4, 0x29, 0x63, 0x36, 0x08, 0xA3, 0x20, 0x73, 0x6A, 0x73, 0x83, 0xCD,
    0xDC, 0xDE, 0xDA, 0xFE, 0xFF, 0xFF, 0xFD, 0xF7, 0x9E, 0xFF, 0xFF, 0xFF, 0xFF, 0xFF, 0xDF, 0xF0,
    0xD6, 0xBA, 0xB3, 0x73, 0x8D, 0x5A, 0x00, 0x00, 0x10, 0x00, 0x00, 0x00, 0xFF, 0xFF, 0x01, 0x00,
    0x00, 0x01, 0x00, 0x00, 0x00, 0x00, 0x00, 0x00, 0x00, 0x00, 0x00, 0x00, 0x00, 0x00, 0x00, 0x00,
    0x00, 0x00, 0x00, 0x00, 0x00, 0x60, 0x15, 0x5C, 0x03, 0x70, 0xC7, 0x6F, 0xDB, 0xE7, 0xD8, 0xFD,
    0xDF, 0x98, 0xFF, 0xDF, 0x77, 0xFE, 0xDF, 0x97, 0xFF, 0xDF, 0x77, 0xFF, 0xDF, 0x77, 0xFF, 0xE7,
    0x98, 0xFF, 0xE7, 0xB9, 0xFF, 0xDF, 0xB6, 0xFF, 0xC7, 0x31, 0xF3, 0xA6, 0x6D, 0xCD, 0x85, 0xA7,
    0xA7, 0x54, 0x20, 0x68, 0x01, 0x00, 0x2D, 0x00, 0x04, 0x07, 0x00, 0x00, 0x00, 0x00, 0x00, 0x01,
    0x00, 0x00, 0x00, 0x00, 0x00, 0x00, 0x00, 0x00, 0x00, 0x00, 0x00, 0x00, 0x00, 0x00, 0x00, 0x00,
    0x00, 0x00, 0x00, 0x00, 0x04, 0x00, 0x20, 0x21, 0x00, 0x00, 0x21, 0x00, 0x00, 0x04, 0x00, 0x00,
    0x00, 0x00, 0x00, 0x00, 0x00, 0x00, 0x00, 0x00, 0x00, 0x00, 0x00, 0x00, 0x00, 0x00, 0x00, 0x00,
    0x00, 0x00, 0x00, 0x00, 0x00, 0x00, 0x00, 0x00, 0x00, 0x00, 0x00, 0x00, 0x00, 0x00, 0x00, 0x00,
    0x00, 0x00, 0x00, 0x00, 0x00, 0x00, 0x00, 0x00, 0x00, 0x00, 0x00, 0x00, 0x00, 0x00, 0x00, 0x00,
    0x00, 0x00, 0x00, 0x00, 0x00, 0x00, 0x00, 0x00, 0x00, 0x00, 0x00, 0x00, 0x00, 0x00, 0x00, 0x00,
    0x00, 0x00, 0x00, 0x00, 0x00, 0x00, 0x00, 0x00, 0x00, 0x00, 0x00, 0x00, 0x00, 0x00, 0x00, 0x00,
    0x00, 0x00, 0x00, 0x00, 0x00, 0x00, 0x00, 0x00, 0x00, 0x00, 0x00, 0x00, 0x00, 0x01, 0x00, 0x00,
    0x00, 0x00, 0x00, 0x03, 0x00, 0x00, 0x23, 0x94, 0xB2, 0x58, 0x8C, 0x90, 0x7F, 0xAD, 0xB2, 0xB1,
    0xDF, 0x38, 0xEB, 0xF7, 0xBC, 0xFF, 0xEF, 0x7C, 0xFE, 0xE7, 0x1B, 0xFE, 0xE7, 0x1C, 0xFF, 0xEF,
    0x3C, 0xFF, 0xEF, 0x3C, 0xFF, 0xFF, 0xDF, 0xFF, 0xDE, 0xBA, 0xFF, 0x6B, 0x0C, 0xFF, 0x8C, 0x31,
    0xFF, 0xF7, 0x9E, 0xFF, 0xF7, 0x9E, 0xFF, 0xEF, 0x1C, 0xFF, 0xEF, 0x5C, 0xFF, 0xEF, 0x5D, 0xFF,
    0xEF, 0x3D, 0xFF, 0xEF, 0x5D, 0xFF, 0xEF, 0x3C, 0xFF, 0xEF, 0x3D, 0xFF, 0xEF, 0x3C, 0xFF, 0xEF,
    0x3C, 0xFF, 0xEF, 0x3C, 0xFF, 0xEF, 0x3C, 0xFF, 0xEF, 0x3C, 0xFF, 0xEF, 0x3D, 0xFF, 0xEF, 0x5D,
    0xFF, 0xEF, 0x5D, 0xFF, 0xF7, 0x7D, 0xFF, 0xEF, 0x5D, 0xFF, 0xFF, 0xDF, 0xFF, 0xF7, 0x9E, 0xFF,
    0x94, 0x51, 0xFF, 0x6B, 0x0D, 0xFF, 0xCE, 0x39, 0xFF, 0xFF, 0xDF, 0xFF, 0xFF, 0x9E, 0xFF, 0xEF,
    0x3C, 0xFF, 0xEF, 0x3C, 0xFF, 0xEF, 0x5D, 0xFF, 0xEF, 0x5D, 0xFF, 0xF7, 0x7D, 0xFF, 0xF7, 0x9E,
    0xFF, 0xD6, 0x7A, 0xFF, 0xBD, 0xB7, 0xFF, 0xEF, 0x5D, 0xFF, 0xF7, 0x7D, 0xFF, 0xEF, 0x3C, 0xFF,
    0xEF, 0x3C, 0xFF, 0xEF, 0x5C, 0xFF, 0xEF, 0x5D, 0xFF, 0xEF, 0x5D, 0xFF, 0xEF, 0x5D, 0xFF, 0xEF,
    0x5D, 0xFF, 0xEF, 0x5D, 0xFF, 0xEF, 0x5D, 0xFF, 0xEF, 0x5D, 0xFF, 0xF7, 0x5D, 0xFF, 0xF7, 0x9E,
    0xFF, 0xD6, 0x7A, 0xFF, 0xB5, 0x56, 0xFF, 0xE7, 0x1C, 0xFF, 0xFF, 0xFF, 0xFF, 0xFF, 0xFF, 0xFF,
    0xAD, 0x55, 0xFF, 0x6B, 0x0D, 0xFF, 0xA4, 0xF4, 0xFF, 0xF7, 0x9E, 0xFF, 0xF7, 0x5D, 0xFF, 0xE6,
    0xFB, 0xFF, 0xEF, 0x3C, 0xFF, 0xEF, 0x1C, 0xFF, 0xEF, 0x3C, 0xFF, 0xEF, 0x5D, 0xFF, 0xEF, 0x5D,
    0xFF, 0xEF, 0x3C, 0xFF, 0xF7, 0x7D, 0xFF, 0xFF, 0xFF, 0xFF, 0xEF, 0x5D, 0xFF, 0x8C, 0x51, 0xFF,
    0x6B, 0x0D, 0xFF, 0xC5, 0xF8, 0xFF, 0xFF, 0xFF, 0xFF, 0xEF, 0x5D, 0xFF, 0xEF, 0x3C, 0xFF, 0xEF,
    0x3C, 0xFF, 0xEF, 0x3C, 0xFF, 0xEF, 0x3C, 0xFF, 0xEF, 0x5D, 0xFF, 0xEF, 0x5D, 0xFF, 0xF7, 0x5D,
    0xFF, 0xEF, 0x3C, 0xFF, 0xFF, 0xFF, 0xFF, 0xDE, 0xDB, 0xFF, 0x6B, 0x4C, 0xFF, 0xA4, 0xF0, 0xFF,
    0xFF, 0xD9, 0xFF, 0xF6, 0xD5, 0xFF, 0xE6, 0x73, 0xFF, 0x29, 0x63, 0xFF, 0x08, 0x61, 0xFF, 0x08,
    0x81, 0xFF, 0x18, 0xE2, 0xFF, 0x41, 0x83, 0xFF, 0xA4, 0x4E, 0xFF, 0xEF, 0x1A, 0xFF, 0x84, 0x30,
    0xFF, 0x42, 0x48, 0xFF, 0xD6, 0x75, 0xFF, 0xE6, 0xB4, 0xFC, 0xD6, 0x32, 0xE3, 0x83, 0xEA, 0x9E,
    0x00, 0x20, 0x8E, 0x9C, 0xAF, 0xD6, 0x94, 0x4E, 0xFF, 0xBD, 0xB5, 0xFE, 0xFF, 0xDF, 0xFD, 0xF7,
    0x9D, 0xFE, 0xF7, 0x7D, 0xFE, 0xFF, 0xBE, 0xFF, 0xFF, 0xFF, 0xF7, 0xDE, 0xFB, 0xC5, 0x8C, 0x71,
    0x67, 0x00, 0x00, 0x17, 0x00, 0x00, 0x00, 0x00, 0x00, 0x00, 0x00, 0x00, 0x01, 0x00, 0x00, 0x00,
    0x00, 0x00, 0x00, 0x00, 0x00, 0x00, 0x00, 0x00, 0x00, 0x00, 0x00, 0x00, 0x2A, 0x20, 0x2C, 0x8D,
    0xC9, 0xAB, 0xE7, 0xF6, 0xF4, 0xE7, 0x99, 0xFF, 0xDF, 0x78, 0xFF, 0xDF, 0x77, 0xFF, 0xDF, 0x77,
    0xFF, 0xDF, 0x77, 0xFF, 0xE7, 0x78, 0xFF, 0xDF, 0x76, 0xF5, 0xBE, 0xF0, 0xDD, 0x96, 0x09, 0xC0,
    0x6D, 0x04, 0x92, 0x43, 0xC0, 0x57, 0x09, 0xA0, 0x33, 0x00, 0x00, 0x13, 0x00, 0x1F, 0x02, 0x00,
    0x00, 0x00, 0x00, 0x00, 0x01, 0x00, 0x00, 0x00, 0x00, 0x00, 0x00, 0x00, 0x00, 0x00, 0x00, 0x00,
    0x00, 0x00, 0x00, 0x00, 0x00, 0x00, 0x00, 0x00, 0x00, 0x00, 0x00, 0x00, 0x04, 0x00, 0x20, 0x21,
    0x00, 0x00, 0x21, 0x00, 0x00, 0x04, 0x00, 0x00, 0x00, 0x00, 0x00, 0x00, 0x00, 0x00, 0x00, 0x00,
    0x00, 0x00, 0x00, 0x00, 0x00, 0x00, 0x00, 0x00, 0x00, 0x00, 0x00, 0x00, 0x00, 0x00, 0x00, 0x00,
    0x00, 0x00, 0x00, 0x00, 0x00, 0x00, 0x00, 0x00, 0x00, 0x00, 0x00, 0x00, 0x00, 0x00, 0x00, 0x00,
    0x00, 0x00, 0x00, 0x00, 0x00, 0x00, 0x00, 0x00, 0x00, 0x00, 0x00, 0x00, 0x00, 0x00, 0x00, 0x00,
    0x00, 0x00, 0x00, 0x00, 0x00, 0x00, 0x00, 0x00, 0x00, 0x00, 0x00, 0x00, 0x00, 0x00, 0x00, 0x00,
    0x00, 0x00, 0x00, 0x00, 0x00, 0x00, 0x00, 0x00, 0x00, 0x00, 0x00, 0x00, 0x00, 0x00, 0x00, 0x00,
    0x00, 0x00, 0x01, 0x00, 0x00, 0x00, 0x00, 0x00, 0x06, 0x29, 0x66, 0x39, 0xAD, 0x75, 0x8E, 0xBE,
    0x16, 0xCF, 0xC6, 0x55, 0xE0, 0xDF, 0x38, 0xF5, 0xD6, 0xF8, 0xFF, 0xDE, 0xD9, 0xFE, 0xEF, 0x3C,
    0xFF, 0xEF, 0x5D, 0xFF, 0xEF, 0x3C, 0xFF, 0xEF, 0x5C, 0xFF, 0xFF, 0xDF, 0xFF, 0xDE, 0xFB, 0xFF,
    0x6B, 0x2C, 0xFF, 0x7B, 0xCF, 0xFF, 0xFF, 0xBE, 0xFF, 0xF7, 0x7D, 0xFF, 0xE7, 0x1C, 0xFF, 0xEF,
    0x3C, 0xFF, 0xEF, 0x3D, 0xFF, 0xEF, 0x3C, 0xFF, 0xEF, 0x5C, 0xFF, 0xEF, 0x3D, 0xFF, 0xEF, 0x3D,
    0xFF, 0xEF, 0x3D, 0xFF, 0xEF, 0x3C, 0xFF, 0xEF, 0x3C, 0xFF, 0xEF, 0x3C, 0xFF, 0xEF, 0x3C, 0xFF,
    0xEF, 0x3C, 0xFF, 0xEF, 0x3D, 0xFF, 0xEF, 0x5D, 0xFF, 0xF7, 0x7D, 0xFF, 0xEF, 0x3C, 0xFF, 0xFF,
    0xBE, 0xFF, 0xF7, 0xDF, 0xFF, 0xA4, 0xF4, 0xFF, 0x6B, 0x2D, 0xFF, 0xD6, 0x79, 0xFF, 0xFF, 0xFF,
    0xFF, 0xF7, 0x5D, 0xFF, 0xEF, 0x3C, 0xFF, 0xEF, 0x3D, 0xFF, 0xEF, 0x5D, 0xFF, 0xEF, 0x5D, 0xFF,
    0xEF, 0x5D, 0xFF, 0xFF, 0xBE, 0xFF, 0xDE, 0xDB, 0xFF, 0xBD, 0xB6, 0xFF, 0xE6, 0xDB, 0xFF, 0xF7,
    0x9E, 0xFF, 0xE7, 0x3C, 0xFF, 0xEF, 0x3C, 0xFF, 0xEF, 0x3C, 0xFF, 0xEF, 0x3C, 0xFF, 0xEF, 0x3D,
    0xFF, 0xEF, 0x5D, 0xFF, 0xEF, 0x5D, 0xFF, 0xEF, 0x5D, 0xFF, 0xEF, 0x5D, 0xFF, 0xEF, 0x5D, 0xFF,
    0xEF, 0x5D, 0xFF, 0xEF, 0x5D, 0xFF, 0xF7, 0x7D, 0xFF, 0xF7, 0x7D, 0xFF, 0xB5, 0x76, 0xFF, 0xC5,
    0xF8, 0xFF, 0xF7, 0x5D, 0xFF, 0xFF, 0xDF, 0xFF, 0xFF, 0xFF, 0xFF, 0xBD, 0x97, 0xFF, 0x6B, 0x0D,
    0xFF, 0xA4, 0xF4, 0xFF, 0xF7, 0x9E, 0xFF, 0xEF, 0x5D, 0xFF, 0xE6, 0xFB, 0xFF, 0xEF, 0x3C, 0xFF,
    0xEF, 0x3C, 0xFF, 0xEF, 0x5D, 0xFF, 0xEF, 0x5D, 0xFF, 0xF7, 0x7D, 0xFF, 0xEF, 0x5D, 0xFF, 0xEF,
    0x5D, 0xFF, 0xFF, 0xFF, 0xFF, 0xF7, 0xBE, 0xFF, 0x9C, 0xB3, 0xFF, 0x6B, 0x2D, 0xFF, 0xC6, 0x18,
    0xFF, 0xFF, 0xFF, 0xFF, 0xEF, 0x3C, 0xFF, 0xEF, 0x3C, 0xFF, 0xEF, 0x3C, 0xFF, 0xEF, 0x3C, 0xFF,
    0xEF, 0x5C, 0xFF, 0xEF, 0x5D, 0xFF, 0xF7, 0x7D, 0xFF, 0xEF, 0x5C, 0xFF, 0xFF, 0xFF, 0xFF, 0xDE,
    0xDB, 0xFF, 0x6B, 0x6D, 0xFF, 0xAD, 0x51, 0xFF, 0xFF, 0xD9, 0xFF, 0xF6, 0xD5, 0xFF, 0xDE, 0x53,
    0xFF, 0x29, 0x23, 0xFF, 0x00, 0x40, 0xFF, 0x18, 0xE2, 0xFF, 0x10, 0xC1, 0xFF, 0x21, 0x02, 0xFF,
    0x5A, 0x26, 0xFF, 0xCD, 0xD5, 0xFF, 0xF7, 0xDE, 0xFF, 0x7B, 0xCF, 0xFF, 0x7B, 0xCC, 0xFF, 0xEE,
    0xF6, 0xFF, 0xE6, 0x73, 0xFF, 0xCE, 0x11, 0xFF, 0x39, 0xC3, 0xFB, 0x7B, 0xCB, 0xFF, 0xBD, 0xB3,
    0xFE, 0xAD, 0x53, 0xFE, 0xDE, 0xDA, 0xFF, 0xFF, 0xFF, 0xFF, 0xEF, 0x5C, 0xFF, 0xEF, 0x3C, 0xFE,
    0xF7, 0x5C, 0xFF, 0xFF, 0xDE, 0xFB, 0xEF, 0x3C, 0xD2, 0x9C, 0xB2, 0x75, 0x00, 0x00, 0x21, 0x00,
    0x00, 0x01, 0x00, 0x00, 0x00, 0x00, 0x00, 0x01, 0x00, 0x00, 0x00, 0x00, 0x00, 0x01, 0x00, 0x00,
    0x00, 0x00, 0x00, 0x06, 0x53, 0xA4, 0x4D, 0xBF, 0x10, 0xD7, 0xEF, 0xD9, 0xFC, 0xE7, 0x79, 0xFF,
    0xDF, 0x78, 0xFF, 0xDF, 0x77, 0xFF, 0xDF, 0x57, 0xFF, 0xDF, 0x77, 0xFE, 0xD7, 0x54, 0xF2, 0xA6,
    0x6C, 0xC4, 0x64, 0xA2, 0x81, 0x22, 0xA0, 0x48, 0x00, 0x00, 0x20, 0x00, 0x06, 0x05, 0x00, 0x00,
    0x00, 0x00, 0x00, 0x00, 0x00, 0x00, 0x00, 0x00, 0x00, 0x01, 0x00, 0x00, 0x00, 0x00, 0x00, 0x00,
    0x00, 0x00, 0x00, 0x00, 0x00, 0x00, 0x00, 0x00, 0x00, 0x00, 0x00, 0x00, 0x00, 0x00, 0x00, 0x00,
    0x00, 0x00, 0x00, 0x00, 0x04, 0x00, 0x00, 0x21, 0x00, 0x00, 0x21, 0x00, 0x00, 0x04, 0x00, 0x00,
    0x00, 0x00, 0x00, 0x00, 0x00, 0x00, 0x00, 0x00, 0x00, 0x00, 0x00, 0x00, 0x00, 0x00, 0x00, 0x00,
    0x00, 0x00, 0x00, 0x00, 0x00, 0x00, 0x00, 0x00, 0x00, 0x00, 0x00, 0x00, 0x00, 0x00, 0x00, 0x00,
    0x00, 0x00, 0x00, 0x00, 0x00, 0x00, 0x00, 0x00, 0x00, 0x00, 0x00, 0x00, 0x00, 0x00, 0x00, 0x00,
    0x00, 0x00, 0x00, 0x00, 0x00, 0x00, 0x00, 0x00, 0x00, 0x00, 0x00, 0x00, 0x00, 0x00, 0x00, 0x00,
    0x00, 0x00, 0x00, 0x00, 0x00, 0x00, 0x00, 0x00, 0x00, 0x00, 0x00, 0x00, 0x00, 0x00, 0x00, 0x00,
    0x00, 0x00, 0x00, 0x00, 0x00, 0x00, 0x00, 0x01, 0x00, 0x00, 0x00, 0x00, 0x00, 0x06, 0x31, 0xA7,
    0x3F, 0xB5, 0xB7, 0xA3, 0xDF, 0x1A, 0xED, 0xBE, 0x34, 0xFF, 0xD6, 0xF6, 0xFC, 0xCE, 0xB6, 0xFF,
    0xD6, 0xD9, 0xFE, 0xEF, 0x5C, 0xFF, 0xF7, 0x5D, 0xFF, 0xEF, 0x3C, 0xFF, 0xEF, 0x3C, 0xFF, 0xFF,
    0xDF, 0xFF, 0xE7, 0x1C, 0xFF, 0x73, 0x8E, 0xFF, 0x73, 0x6D, 0xFF, 0xF7, 0x9E, 0xFF, 0xF7, 0x7D,
    0xFF, 0xE6, 0xFB, 0xFF, 0xEF, 0x3C, 0xFF, 0xEF, 0x3C, 0xFF, 0xEF, 0x3C, 0xFF, 0xEF, 0x5C, 0xFF,
    0xEF, 0x5C, 0xFF, 0xEF, 0x3C, 0xFF, 0xEF, 0x3C, 0xFF, 0xEF, 0x3C, 0xFF, 0xEF, 0x3C, 0xFF, 0xEF,
    0x3C, 0xFF, 0xEF, 0x3C, 0xFF, 0xEF, 0x3C, 0xFF, 0xEF, 0x3C, 0xFF, 0xEF, 0x3C, 0xFF, 0xEF, 0x5D,
    0xFF, 0xEF, 0x3C, 0xFF, 0xF7, 0x7D, 0xFF, 0xFF, 0xFF, 0xFF, 0xBD, 0xB6, 0xFF, 0x73, 0x6E, 0xFF,
    0xCE, 0x39, 0xFF, 0xFF, 0xFF, 0xFF, 0xEF, 0x5D, 0xFF, 0xEF, 0x3C, 0xFF, 0xEF, 0x5D, 0xFF, 0xEF,
    0x5D, 0xFF, 0xEF, 0x5D, 0xFF, 0xEF, 0x3C, 0xFF, 0xF7, 0x9E, 0xFF, 0xEF, 0x3D, 0xFF, 0xC5, 0xF8,
    0xFF, 0xCE, 0x59, 0xFF, 0xFF, 0xBE, 0xFF, 0xEF, 0x3C, 0xFF, 0xEF, 0x5C, 0xFF, 0xEF, 0x3C, 0xFF,
    0xEF, 0x3C, 0xFF, 0xEF, 0x3C, 0xFF, 0xEF, 0x3D, 0xFF, 0xEF, 0x3D, 0xFF, 0xEF, 0x5D, 0xFF, 0xEF,
    0x5D, 0xFF, 0xEF, 0x5D, 0xFF, 0xEF, 0x5D, 0xFF, 0xEF, 0x5D, 0xFF, 0xEF, 0x5D, 0xFF, 0xF7, 0x5D,
    0xFF, 0xF7, 0x9E, 0xFF, 0xDE, 0xBB, 0xFF, 0xAD, 0x35, 0xFF, 0xDE, 0xBB, 0xFF, 0xF7, 0x5D, 0xFF,
    0xF7, 0x5D, 0xFF, 0xFF, 0xFF, 0xFF, 0xC5, 0xF8, 0xFF, 0x73, 0x4E, 0xFF, 0xAD, 0x15, 0xFF, 0xFF,
    0x9E, 0xFF, 0xEF, 0x3C, 0xFF, 0xEF, 0x1C, 0xFF, 0xEF, 0x3C, 0xFF, 0xEF, 0x5D, 0xFF, 0xEF, 0x5D,
    0xFF, 0xEF, 0x5D, 0xFF, 0xF7, 0x7D, 0xFF, 0xEF, 0x5D, 0xFF, 0xEF, 0x3C, 0xFF, 0xFF, 0xDF, 0xFF,
    0xFF, 0xDF, 0xFF, 0xA4, 0xF4, 0xFF, 0x6B, 0x0D, 0xFF, 0xCE, 0x39, 0xFF, 0xFF, 0xBE, 0xFF, 0xEF,
    0x3C, 0xFF, 0xEF, 0x3C, 0xFF, 0xEF, 0x3D, 0xFF, 0xEF, 0x5D, 0xFF, 0xF7, 0x5D, 0xFF, 0xF7, 0x7D,
    0xFF, 0xEF, 0x5D, 0xFF, 0xFF, 0xFF, 0xFF, 0xDE, 0xDB, 0xFF, 0x73, 0xAD, 0xFF, 0xB5, 0x93, 0xFF,
    0xFF, 0xFB, 0xFF, 0xFF, 0x37, 0xFF, 0xDE, 0x74, 0xFF, 0x21, 0x03, 0xFF, 0x00, 0x20, 0xFF, 0x29,
    0x83, 0xFF, 0x21, 0x42, 0xFF, 0x19, 0x42, 0xFF, 0x29, 0x21, 0xFF, 0x73, 0x0A, 0xFF, 0xF7, 0x9D,
    0xFF, 0xE7, 0x1C, 0xFF, 0x73, 0x6D, 0xFF, 0xBD, 0x92, 0xFF, 0xD6, 0x12, 0xFE, 0xC5, 0xAF, 0xFD,
    0x52, 0x85, 0xFE, 0x21, 0x22, 0xFD, 0xAD, 0x51, 0xFF, 0xB5, 0x73, 0xFF, 0xBD, 0xB6, 0xFF, 0xFF,
    0xFF, 0xFF, 0xEF, 0x3C, 0xFF, 0xEF, 0x5C, 0xFF, 0xEF, 0x3C, 0xFE, 0xEF, 0x1B, 0xFE, 0xFF, 0x9D,
    0xFD, 0xF7, 0x7D, 0xDB, 0xA5, 0x14, 0x85, 0x18, 0xE3, 0x2B, 0x00, 0x00, 0x02, 0x00, 0x00, 0x00,
    0x00, 0x00, 0x00, 0x00, 0x00, 0x01, 0x00, 0x00, 0x00, 0x00, 0x00, 0x13, 0x6C, 0x87, 0x71, 0xDF,
    0xD5, 0xF0, 0xE7, 0x9A, 0xFF, 0xDF, 0x79, 0xFF, 0xDF, 0x78, 0xFF, 0xDF, 0x77, 0xFF, 0xDF, 0x78,
    0xFD, 0xDF, 0x76, 0xFE, 0xA6, 0x6C, 0xD0, 0x4C, 0x01, 0x74, 0x00, 0xC0, 0x27, 0x28, 0x0F, 0x06,
    0xFF, 0xFF, 0x02, 0xFF, 0xEF, 0x02, 0xFF, 0xE0, 0x01, 0x00, 0x00, 0x01, 0x00, 0x00, 0x01, 0x00,
    0x00, 0x00, 0x00, 0x00, 0x00, 0x00, 0x00, 0x00, 0x00, 0x00, 0x00, 0x00, 0x00, 0x00, 0x00, 0x00,
    0x00, 0x00, 0x00, 0x00, 0x00, 0x00, 0x00, 0x00, 0x00, 0x00, 0x00, 0x00, 0x04, 0x00, 0x00, 0x21,
    0x00, 0x00, 0x21, 0x00, 0x00, 0x04, 0x00, 0x00, 0x00, 0x00, 0x00, 0x00, 0x00, 0x00, 0x00, 0x00,
    0x00, 0x00, 0x00, 0x00, 0x00, 0x00, 0x00, 0x00, 0x00, 0x00, 0x00, 0x00, 0x00, 0x00, 0x00, 0x00,
    0x00, 0x00, 0x00, 0x00, 0x00, 0x00, 0x00, 0x00, 0x00, 0x00, 0x00, 0x00, 0x00, 0x00, 0x00, 0x00,
    0x00, 0x00, 0x00, 0x00, 0x00, 0x00, 0x00, 0x00, 0x00, 0x00, 0x00, 0x00, 0x00, 0x00, 0x00, 0x00,
    0x00, 0x00, 0x00, 0x00, 0x00, 0x00, 0x00, 0x00, 0x00, 0x00, 0x00, 0x00, 0x00, 0x00, 0x00, 0x00,
    0x00, 0x00, 0x00, 0x00, 0x00, 0x00, 0x00, 0x00, 0x00, 0x00, 0x00, 0x00, 0x01, 0x00, 0x00, 0x00,
    0x00, 0x00, 0x02, 0x29, 0x45, 0x38, 0xB5, 0xD7, 0xA2, 0xEF, 0x7B, 0xEE, 0xAD, 0xD1, 0xFF, 0xCE,
    0xB4, 0xFD, 0xCE, 0x96, 0xFE, 0xD6, 0xD9, 0xFE, 0xF7, 0x9D, 0xFF, 0xF7, 0x7D, 0xFF, 0xF7, 0x7D,
    0xFF, 0xEF, 0x3C, 0xFF, 0xFF, 0xDF, 0xFF, 0xF7, 0x7D, 0xFF, 0x83, 0xF0, 0xFF, 0x62, 0xEB, 0xFF,
    0xF7, 0x7D, 0xFF, 0xF7, 0x7D, 0xFF, 0xE6, 0xFB, 0xFF, 0xEF, 0x3C, 0xFF, 0xEF, 0x3C, 0xFF, 0xEF,
    0x3C, 0xFF, 0xEF, 0x3C, 0xFF, 0xEF, 0x3C, 0xFF, 0xEF, 0x3C, 0xFF, 0xEF, 0x5C, 0xFF, 0xEF, 0x5C,
    0xFF, 0xEF, 0x3C, 0xFF, 0xEF, 0x3C, 0xFF, 0xEF, 0x3C, 0xFF, 0xEF, 0x3C, 0xFF, 0xEF, 0x3C, 0xFF,
    0xEF, 0x3C, 0xFF, 0xEF, 0x3C, 0xFF, 0xEF, 0x3C, 0xFF, 0xEF, 0x3C, 0xFF, 0xFF, 0xFF, 0xFF, 0xD6,
    0x7A, 0xFF, 0x84, 0x10, 0xFF, 0xBD, 0xD7, 0xFF, 0xFF, 0xFF, 0xFF, 0xEF, 0x3D, 0xFF, 0xEF, 0x5D,
    0xFF, 0xEF, 0x5D, 0xFF, 0xEF, 0x5D, 0xFF, 0xEF, 0x5D, 0xFF, 0xEF, 0x5D, 0xFF, 0xEF, 0x3D, 0xFF,
    0xFF, 0x9E, 0xFF, 0xD6, 0x79, 0xFF, 0xC5, 0xF8, 0xFF, 0xEF, 0x5D, 0xFF, 0xEF, 0x5D, 0xFF, 0xEF,
    0x3C, 0xFF, 0xEF, 0x3D, 0xFF, 0xEF, 0x5D, 0xFF, 0xEF, 0x5C, 0xFF, 0xEF, 0x5C, 0xFF, 0xEF, 0x3D,
    0xFF, 0xEF, 0x3D, 0xFF, 0xEF, 0x5D, 0xFF, 0xEF, 0x5D, 0xFF, 0xEF, 0x5D, 0xFF, 0xEF, 0x5D, 0xFF,
    0xEF, 0x5D, 0xFF, 0xEF, 0x5D, 0xFF, 0xEF, 0x5D, 0xFF, 0xF7, 0x7D, 0xFF, 0xF7, 0x7E, 0xFF, 0xBD,
    0x97, 0xFF, 0xBD, 0x97, 0xFF, 0xEF, 0x3C, 0xFF, 0xEF, 0x5D, 0xFF, 0xEF, 0x3C, 0xFF, 0xFF, 0xFF,
    0xFF, 0xC5, 0xF8, 0xFF, 0x73, 0x6E, 0xFF, 0xB5, 0x96, 0xFF, 0xFF, 0xBE, 0xFF, 0xEF, 0x3C, 0xFF,
    0xEF, 0x3C, 0xFF, 0xEF, 0x3D, 0xFF, 0xEF, 0x5D, 0xFF, 0xEF, 0x5D, 0xFF, 0xEF, 0x5D, 0xFF, 0xEF,
    0x5D, 0xFF, 0xEF, 0x5D, 0xFF, 0xEF, 0x1C, 0xFF, 0xF7, 0x9E, 0xFF, 0xFF, 0xDF, 0xFF, 0xA4, 0xF4,
    0xFF, 0x6B, 0x0D, 0xFF, 0xDE, 0x9A, 0xFF, 0xFF, 0xBE, 0xFF, 0xEF, 0x3C, 0xFF, 0xEF, 0x3C, 0xFF,
    0xF7, 0x5D, 0xFF, 0xF7, 0x7D, 0xFF, 0xF7, 0x7D, 0xFF, 0xEF, 0x5D, 0xFF, 0xFF, 0xFF, 0xFF, 0xDE,
    0xFB, 0xFF, 0x7B, 0xEE, 0xFF, 0xBD, 0xB3, 0xFF, 0xFF, 0xFC, 0xFF, 0xFF, 0x99, 0xFF, 0xDE, 0x95,
    0xFF, 0x29, 0x23, 0xFF, 0x00, 0x00, 0xFF, 0x29, 0xC3, 0xFF, 0x31, 0xE3, 0xFF, 0x29, 0xA3, 0xFF,
    0x29, 0x82, 0xFF, 0x41, 0xC4, 0xFF, 0xAD, 0x13, 0xFF, 0xFF, 0xFF, 0xFF, 0xC6, 0x38, 0xFF, 0x83,
    0xCD, 0xFF, 0x9C, 0x6D, 0xFF, 0x6A, 0xC7, 0xFE, 0x52, 0x45, 0xFE, 0x18, 0xC1, 0xFF, 0x73, 0x8A,
    0xFF, 0x9C, 0xB0, 0xFF, 0xAD, 0x33, 0xFF, 0xEF, 0x5C, 0xFF, 0xF7, 0x7D, 0xFF, 0xEF, 0x3B, 0xFF,
    0xEF, 0x3C, 0xFF, 0xEF, 0x3C, 0xFE, 0xEE, 0xFB, 0xFE, 0xF7, 0x7D, 0xFE, 0xFF, 0xDF, 0xE5, 0xAD,
    0x55, 0x91, 0x21, 0x24, 0x30, 0x00, 0x00, 0x02, 0x00, 0x00, 0x00, 0xFF, 0xE0, 0x01, 0x00, 0x00,
    0x00, 0x00, 0x40, 0x1F, 0x85, 0x0A, 0x8A, 0xEF, 0xF8, 0xF5, 0xE7, 0x9B, 0xFE, 0xE7, 0x7A, 0xFF,
    0xDF, 0x99, 0xFF, 0xDF, 0x57, 0xFF, 0xE7, 0x99, 0xFD, 0xC7, 0x12, 0xFE, 0x7D, 0x47, 0xAC, 0x11,
    0xC0, 0x38, 0x63, 0x33, 0x05, 0xFF, 0xE0, 0x01, 0x00, 0x00, 0x02, 0x00, 0x00, 0x01, 0x00, 0x00,
    0x00, 0x00, 0x00, 0x00, 0x00, 0x00, 0x00, 0x00, 0x00, 0x00, 0x00, 0x00, 0x00, 0x00, 0x00, 0x00,
    0x00, 0x00, 0x00, 0x00, 0x00, 0x00, 0x00, 0x00, 0x00, 0x00, 0x00, 0x00, 0x00, 0x00, 0x00, 0x00,
    0x00, 0x00, 0x00, 0x00, 0x04, 0x00, 0x00, 0x21, 0x00, 0x00, 0x21, 0x00, 0x00, 0x04, 0x00, 0x00,
    0x00, 0x00, 0x00, 0x00, 0x00, 0x00, 0x00, 0x00, 0x00, 0x00, 0x00, 0x00, 0x00, 0x00, 0x00, 0x00,
    0x00, 0x00, 0x00, 0x00, 0x00, 0x00, 0x00, 0x00, 0x00, 0x00, 0x00, 0x00, 0x00, 0x00, 0x00, 0x00,
    0x00, 0x00, 0x00, 0x00, 0x00, 0x00, 0x00, 0x00, 0x00, 0x00, 0x00, 0x00, 0x00, 0x00, 0x00, 0x00,
    0x00, 0x00, 0x00, 0x00, 0x00, 0x00, 0x00, 0x00, 0x00, 0x00, 0x00, 0x00, 0x00, 0x00, 0x00, 0x00,
    0x00, 0x00, 0x00, 0x00, 0x00, 0x00, 0x00, 0x00, 0x00, 0x00, 0x00, 0x00, 0x00, 0x00, 0x00, 0x00,
    0x00, 0x00, 0xFF, 0xFF, 0x01, 0x00, 0x00, 0x00, 0x18, 0xE3, 0x28, 0xAD, 0x74, 0x94, 0xEF, 0x7B,
    0xEC, 0xAD, 0xB1, 0xFF, 0xBE, 0x52, 0xFD, 0xCE, 0xD6, 0xFF, 0xD6, 0xB9, 0xFF, 0xF7, 0x7D, 0xFF,
    0xF7, 0x7E, 0xFF, 0xF7, 0x9E, 0xFF, 0xEF, 0x7D, 0xFF, 0xF7, 0xBE, 0xFF, 0xFF, 0xDF, 0xFF, 0x94,
    0x92, 0xFF, 0x52, 0x8A, 0xFF, 0xDE, 0xFB, 0xFF, 0xFF, 0xDF, 0xFF, 0xE6, 0xFB, 0xFF, 0xEF, 0x3C,
    0xFF, 0xEF, 0x1C, 0xFF, 0xEF, 0x3C, 0xFF, 0xEF, 0x3C, 0xFF, 0xEF, 0x3C, 0xFF, 0xEF, 0x3C, 0xFF,
    0xEF, 0x3C, 0xFF, 0xEF, 0x3C, 0xFF, 0xEF, 0x3C, 0xFF, 0xEF, 0x3C, 0xFF, 0xEF, 0x3C, 0xFF, 0xEF,
    0x3C, 0xFF, 0xEF, 0x3C, 0xFF, 0xEF, 0x3C, 0xFF, 0xEF, 0x3C, 0xFF, 0xEF, 0x5D, 0xFF, 0xEF, 0x1C,
    0xFF, 0xFF, 0xBE, 0xFF, 0xE7, 0x1C, 0xFF, 0xA4, 0xF3, 0xFF, 0xBD, 0xB6, 0xFF, 0xFF, 0xFF, 0xFF,
    0xEF, 0x5D, 0xFF, 0xEF, 0x5D, 0xFF, 0xEF, 0x5D, 0xFF, 0xEF, 0x5D, 0xFF, 0xEF, 0x5D, 0xFF, 0xEF,
    0x5D, 0xFF, 0xEF, 0x3C, 0xFF, 0xF7, 0x7E, 0xFF, 0xE6, 0xFC, 0xFF, 0xC5, 0xF8, 0xFF, 0xDE, 0xBA,
    0xFF, 0xF7, 0x9E, 0xFF, 0xEF, 0x1C, 0xFF, 0xEF, 0x3C, 0xFF, 0xEF, 0x3D, 0xFF, 0xEF, 0x5D, 0xFF,
    0xEF, 0x5C, 0xFF, 0xEF, 0x5D, 0xFF, 0xEF, 0x3D, 0xFF, 0xEF, 0x3D, 0xFF, 0xEF, 0x3D, 0xFF, 0xEF,
    0x3D, 0xFF, 0xEF, 0x5D, 0xFF, 0xEF, 0x5D, 0xFF, 0xEF, 0x5D, 0xFF, 0xEF, 0x5D, 0xFF, 0xEF, 0x5D,
    0xFF, 0xEF, 0x5D, 0xFF, 0xF7, 0x9E, 0xFF, 0xDE, 0xBB, 0xFF, 0xAD, 0x35, 0xFF, 0xD6, 0x7A, 0xFF,
    0xF7, 0x7D, 0xFF, 0xEF, 0x1C, 0xFF, 0xEF, 0x1C, 0xFF, 0xFF, 0xBF, 0xFF, 0xCE, 0x18, 0xFF, 0x7B,
    0xAF, 0xFF, 0xC5, 0xF8, 0xFF, 0xFF, 0xBE, 0xFF, 0xEF, 0x3C, 0xFF, 0xEF, 0x5D, 0xFF, 0xEF, 0x5D,
    0xFF, 0xEF, 0x5D, 0xFF, 0xEF, 0x5D, 0xFF, 0xEF, 0x5D, 0xFF, 0xEF, 0x5D, 0xFF, 0xEF, 0x5D, 0xFF,
    0xE7, 0x1C, 0xFF, 0xF7, 0x7D, 0xFF, 0xFF, 0xBE, 0xFF, 0xA4, 0xF4, 0xFF, 0x73, 0x4E, 0xFF, 0xE6,
    0xFC, 0xFF, 0xF7, 0x9E, 0xFF, 0xEF, 0x5D, 0xFF, 0xEF, 0x5D, 0xFF, 0xF7, 0x7D, 0xFF, 0xF7, 0x7D,
    0xFF, 0xEF, 0x5D, 0xFF, 0xFF, 0xFF, 0xFF, 0xE7, 0x1C, 0xFF, 0x84, 0x0F, 0xFF, 0xAD, 0x52, 0xFF,
    0xFF, 0xFD, 0xFF, 0xFF, 0xDB, 0xFF, 0xDE, 0x75, 0xFF, 0x29, 0x43, 0xFF, 0x00, 0x00, 0xFF, 0x21,
    0x83, 0xFF, 0x42, 0xA4, 0xFF, 0x2A, 0x03, 0xFF, 0x32, 0x03, 0xFF, 0x4A, 0x44, 0xFF, 0x7B, 0x6B,
    0xFF, 0xF7, 0xBE, 0xFF, 0xF7, 0xBE, 0xFF, 0x83, 0x8D, 0xFF, 0x94, 0x2E, 0xFF, 0xB5, 0x51, 0xFF,
    0xD6, 0x54, 0xFF, 0xA4, 0xAE, 0xFF, 0x62, 0xE7, 0xFF, 0x83, 0xEC, 0xFF, 0x94, 0x70, 0xFF, 0xBD,
    0xD6, 0xFF, 0xFF, 0xFF, 0xFF, 0xE7, 0x1B, 0xFF, 0xEF, 0x1C, 0xFF, 0xEF, 0x3C, 0xFF, 0xEF, 0x3C,
    0xFF, 0xEF, 0x1C, 0xFD, 0xF7, 0x7D, 0xFE, 0xFF, 0xFF, 0xE9, 0xAD, 0x75, 0x93, 0x18, 0xE3, 0x31,
    0x00, 0x00, 0x03, 0x00, 0x00, 0x00, 0x00, 0x00, 0x00, 0x11, 0x40, 0x25, 0x8D, 0x49, 0x97, 0xDF,
    0xD4, 0xF8, 0xE7, 0xB9, 0xFF, 0xEF, 0xBA, 0xFF, 0xE7, 0xBA, 0xFF, 0xDF, 0x79, 0xFE, 0xE7, 0x99,
    0xFE, 0xB6, 0xCF, 0xF2, 0x6C, 0x84, 0x83, 0x08, 0x01, 0x16, 0xFF, 0xFF, 0x01, 0x03, 0xE0, 0x02,
    0x00, 0x00, 0x00, 0x00, 0x00, 0x00, 0x00, 0x00, 0x00, 0x00, 0x00, 0x00, 0x00, 0x00, 0x00, 0x00,
    0x00, 0x00, 0x00, 0x00, 0x00, 0x00, 0x00, 0x00, 0x00, 0x00, 0x00, 0x00, 0x00, 0x00, 0x00, 0x00,
    0x00, 0x00, 0x00, 0x00, 0x00, 0x00, 0x00, 0x00, 0x00, 0x00, 0x00, 0x00, 0x04, 0x00, 0x20, 0x21,
    0x00, 0x00, 0x21, 0x00, 0x00, 0x04, 0x00, 0x00, 0x00, 0x00, 0x00, 0x00, 0x00, 0x00, 0x00, 0x00,
    0x00, 0x00, 0x00, 0x00, 0x00, 0x00, 0x00, 0x00, 0x00, 0x00, 0x00, 0x00, 0x00, 0x00, 0x00, 0x00,
    0x00, 0x00, 0x00, 0x00, 0x00, 0x00, 0x00, 0x00, 0x00, 0x00, 0x00, 0x00, 0x00, 0x00, 0x00, 0x00,
    0x00, 0x00, 0x00, 0x00, 0x00, 0x00, 0x00, 0x00, 0x00, 0x00, 0x00, 0x00, 0x00, 0x00, 0x00, 0x00,
    0x00, 0x00, 0x00, 0x00, 0x00, 0x00, 0x00, 0x00, 0x00, 0x00, 0x00, 0x00, 0x00, 0x00, 0x00, 0x00,
    0x00, 0x00, 0x00, 0x00, 0x00, 0x00, 0x00, 0x00, 0x00, 0x02, 0x00, 0x00, 0x00, 0x00, 0x61, 0x13,
    0x95, 0x11, 0x76, 0xDF, 0x17, 0xE4, 0xB6, 0x32, 0xFF, 0xAD, 0xD0, 0xFE, 0xC6, 0x95, 0xFF, 0xD6,
    0xB9, 0xFF, 0xF7, 0x9D, 0xFF, 0xF7, 0x9E, 0xFF, 0xF7, 0x9E, 0xFF, 0xF7, 0x9E, 0xFF, 0xF7, 0x9E,
    0xFF, 0xFF, 0xFF, 0xFF, 0xA5, 0x35, 0xFF, 0x52, 0x6A, 0xFF, 0xBD, 0xF7, 0xFF, 0xFF, 0xFF, 0xFF,
    0xEF, 0x1C, 0xFF, 0xEF, 0x3C, 0xFF, 0xEF, 0x3C, 0xFF, 0xEF, 0x3C, 0xFF, 0xEF, 0x3C, 0xFF, 0xEF,
    0x3C, 0xFF, 0xEF, 0x3C, 0xFF, 0xEF, 0x3C, 0xFF, 0xEF, 0x3D, 0xFF, 0xEF, 0x3D, 0xFF, 0xEF, 0x3C,
    0xFF, 0xEF, 0x5C, 0xFF, 0xEF, 0x5C, 0xFF, 0xEF, 0x5C, 0xFF, 0xEF, 0x5D, 0xFF, 0xEF, 0x3D, 0xFF,
    0xEF, 0x3D, 0xFF, 0xEF, 0x3C, 0xFF, 0xF7, 0x7D, 0xFF, 0xF7, 0x7D, 0xFF, 0xB5, 0x55, 0xFF, 0xB5,
    0x55, 0xFF, 0xFF, 0xBE, 0xFF, 0xF7, 0x7D, 0xFF, 0xEF, 0x3C, 0xFF, 0xEF, 0x5D, 0xFF, 0xEF, 0x5D,
    0xFF, 0xEF, 0x3D, 0xFF, 0xEF, 0x5D, 0xFF, 0xEF, 0x3C, 0xFF, 0xEF, 0x3D, 0xFF, 0xF7, 0x7D, 0xFF,
    0xCE, 0x39, 0xFF, 0xCE, 0x39, 0xFF, 0xEF, 0x5D, 0xFF, 0xEF, 0x3C, 0xFF, 0xEF, 0x3C, 0xFF, 0xEF,
    0x3C, 0xFF, 0xEF, 0x3D, 0xFF, 0xEF, 0x3C, 0xFF, 0xEF, 0x3D, 0xFF, 0xEF, 0x3D, 0xFF, 0xEF, 0x3C,
    0xFF, 0xEF, 0x3C, 0xFF, 0xEF, 0x3C, 0xFF, 0xEF, 0x5D, 0xFF, 0xEF, 0x5D, 0xFF, 0xEF, 0x5D, 0xFF,
    0xEF, 0x5D, 0xFF, 0xEF, 0x5D, 0xFF, 0xEF, 0x5D, 0xFF, 0xEF, 0x5D, 0xFF, 0xF7, 0x7D, 0xFF, 0xF7,
    0x7D, 0xFF, 0xBD, 0x97, 0xFF, 0xBD, 0xD7, 0xFF, 0xEF, 0x3D, 0xFF, 0xF7, 0x7D, 0xFF, 0xE6, 0xFC,
    0xFF, 0xEF, 0x5D, 0xFF, 0xFF, 0xBE, 0xFF, 0xC5, 0xF8, 0xFF, 0x83, 0xCF, 0xFF, 0xDE, 0xBA, 0xFF,
    0xFF, 0x9E, 0xFF, 0xEF, 0x5D, 0xFF, 0xEF, 0x5D, 0xFF, 0xEF, 0x5D, 0xFF, 0xEF, 0x3C, 0xFF, 0xEF,
    0x3C, 0xFF, 0xEF, 0x3D, 0xFF, 0xEF, 0x3D, 0xFF, 0xEF, 0x3C, 0xFF, 0xEF, 0x1C, 0xFF, 0xF7, 0x7D,
    0xFF, 0xFF, 0x9E, 0xFF, 0x94, 0x73, 0xFF, 0x84, 0x11, 0xFF, 0xEF, 0x3D, 0xFF, 0xFF, 0x9E, 0xFF,
    0xEF, 0x5D, 0xFF, 0xEF, 0x7D, 0xFF, 0xF7, 0x7D, 0xFF, 0xEF, 0x5D, 0xFF, 0xFF, 0xFF, 0xFF, 0xEF,
    0x5D, 0xFF, 0x8C, 0x2F, 0xFF, 0x9C, 0xB0, 0xFF, 0xFF, 0xFF, 0xFF, 0xFF, 0xFC, 0xFF, 0xDE, 0x95,
    0xFF, 0x29, 0x43, 0xFF, 0x00, 0x40, 0xFF, 0x19, 0x22, 0xFF, 0x42, 0xA4, 0xFF, 0x42, 0xC4, 0xFF,
    0x32, 0x23, 0xFF, 0x5A, 0xC5, 0xFF, 0x83, 0x8A, 0xFF, 0xBD, 0xB6, 0xFF, 0xF7, 0xBE, 0xFF, 0x8B,
    0xAD, 0xFF, 0xD6, 0x15, 0xFF, 0xFF, 0xFC, 0xFF, 0xFF, 0xBA, 0xFF, 0xFF, 0xD9, 0xFF, 0xAD, 0x0E,
    0xFF, 0xA4, 0xEE, 0xFF, 0x7B, 0xCD, 0xFF, 0x7B, 0xAE, 0xFF, 0xF7, 0x7D, 0xFF, 0xF7, 0x7D, 0xFF,
    0xEE, 0xFB, 0xFF, 0xEF, 0x3C, 0xFF, 0xEF, 0x5C, 0xFF, 0xEF, 0x5D, 0xFF, 0xEF, 0x3C, 0xFD, 0xF7,
    0x9D, 0xFF, 0xFF, 0xFF, 0xEA, 0xAD, 0x75, 0x93, 0x10, 0x82, 0x2E, 0x00, 0x00, 0x01, 0x00, 0x00,
    0x00, 0x19, 0x60, 0x20, 0x6C, 0xA4, 0x82, 0xA6, 0xA7, 0xDC, 0xAE, 0xAC, 0xEC, 0xC7, 0x31, 0xF1,
    0xD7, 0x75, 0xFE, 0xDF, 0x97, 0xFF, 0xDF, 0x96, 0xFC, 0xA6, 0x4B, 0xD0, 0x53, 0xE1, 0x56, 0x00,
    0x00, 0x04, 0xFF, 0xEF, 0x02, 0x00, 0x00, 0x01, 0x00, 0x00, 0x00, 0x00, 0x00, 0x00, 0x00, 0x00,
    0x00, 0x00, 0x00, 0x00, 0x00, 0x00, 0x00, 0x00, 0x00, 0x00, 0x00, 0x00, 0x00, 0x00, 0x00, 0x00,
    0x00, 0x00, 0x00, 0x00, 0x00, 0x00, 0x00, 0x00, 0x00, 0x00, 0x00, 0x00, 0x00, 0x00, 0x00, 0x00,
    0x00, 0x00, 0x00, 0x00, 0x04, 0x00, 0x20, 0x21, 0x00, 0x00, 0x21, 0x00, 0x00, 0x04, 0x00, 0x00,
    0x00, 0x00, 0x00, 0x00, 0x00, 0x00, 0x00, 0x00, 0x00, 0x00, 0x00, 0x00, 0x00, 0x00, 0x00, 0x00,
    0x00, 0x00, 0x00, 0x00, 0x00, 0x00, 0x00, 0x00, 0x00, 0x00, 0x00, 0x00, 0x00, 0x00, 0x00, 0x00,
    0x00, 0x00, 0x00, 0x00, 0x00, 0x00, 0x00, 0x00, 0x00, 0x00, 0x00, 0x00, 0x00, 0x00, 0x00, 0x00,
    0x00, 0x00, 0x00, 0x00, 0x00, 0x00, 0x00, 0x00, 0x00, 0x00, 0x00, 0x00, 0x00, 0x00, 0x00, 0x00,
    0x00, 0x00, 0x00, 0x00, 0x00, 0x00, 0x00, 0x00, 0x00, 0x00, 0x00, 0x00, 0x00, 0x00, 0x01, 0x00,
    0x00, 0x00, 0x00, 0x00, 0x09, 0x63, 0xAB, 0x57, 0xBE, 0x73, 0xC9, 0xBE, 0x71, 0xFE, 0x9D, 0x6D,
    0xFD, 0xBE, 0x74, 0xFF, 0xD6, 0xD9, 0xFF, 0xF7, 0xBE, 0xFF, 0xF7, 0x9E, 0xFF, 0xF7, 0x9E, 0xFF,
    0xF7, 0xBE, 0xFF, 0xF7, 0x7E, 0xFF, 0xFF, 0xFF, 0xFF, 0xC5, 0xF8, 0xFF, 0x5A, 0xAA, 0xFF, 0x9C,
    0xF3, 0xFF, 0xFF, 0xFF, 0xFF, 0xEF, 0x3C, 0xFF, 0xEF, 0x3C, 0xFF, 0xEF, 0x3C, 0xFF, 0xEF, 0x3C,
    0xFF, 0xEF, 0x3C, 0xFF, 0xEF, 0x3C, 0xFF, 0xEF, 0x3C, 0xFF, 0xEF, 0x5D, 0xFF, 0xEF, 0x5D, 0xFF,
    0xEF, 0x5D, 0xFF, 0xEF, 0x5D, 0xFF, 0xEF, 0x3D, 0xFF, 0xEF, 0x3D, 0xFF, 0xEF, 0x3D, 0xFF, 0xEF,
    0x3C, 0xFF, 0xEF, 0x5C, 0xFF, 0xEF, 0x5D, 0xFF, 0xEF, 0x3D, 0xFF, 0xEF, 0x3C, 0xFF, 0xFF, 0xBE,
    0xFF, 0xC5, 0xF8, 0xFF, 0xB5, 0x55, 0xFF, 0xE7, 0x1C, 0xFF, 0xF7, 0x9E, 0xFF, 0xEF, 0x1C, 0xFF,
    0xEF, 0x5D, 0xFF, 0xEF, 0x5D, 0xFF, 0xEF, 0x3C, 0xFF, 0xEF, 0x3C, 0xFF, 0xEF, 0x5C, 0xFF, 0xEF,
    0x3C, 0xFF, 0xF7, 0x7D, 0xFF, 0xE6, 0xDB, 0xFF, 0xC6, 0x18, 0xFF, 0xDE, 0xBB, 0xFF, 0xF7, 0x7D,
    0xFF, 0xEF, 0x1C, 0xFF, 0xEF, 0x3C, 0xFF, 0xEF, 0x3C, 0xFF, 0xEF, 0x3C, 0xFF, 0xEF, 0x3D, 0xFF,
    0xEF, 0x3C, 0xFF, 0xEF, 0x5D, 0xFF, 0xEF, 0x3D, 0xFF, 0xEF, 0x3D, 0xFF, 0xEF, 0x3C, 0xFF, 0xEF,
    0x5C, 0xFF, 0xEF, 0x5D, 0xFF, 0xEF, 0x5D, 0xFF, 0xEF, 0x5D, 0xFF, 0xEF, 0x5D, 0xFF, 0xEF, 0x5D,
    0xFF, 0xEF, 0x5D, 0xFF, 0xEF, 0x5D, 0xFF, 0xFF, 0x9E, 0xFF, 0xD6, 0x7A, 0xFF, 0xB5, 0x76, 0xFF,
    0xDE, 0xBB, 0xFF, 0xF7, 0x9E, 0xFF, 0xEF, 0x3D, 0xFF, 0xEF, 0x1C, 0xFF, 0xF7, 0x5D, 0xFF, 0xFF,
    0x9E, 0xFF, 0xBD, 0xB7, 0xFF, 0x8C, 0x31, 0xFF, 0xEF, 0x5D, 0xFF, 0xF7, 0x7D, 0xFF, 0xEF, 0x3D,
    0xFF, 0xEF, 0x3C, 0xFF, 0xEF, 0x3C, 0xFF, 0xEF, 0x3C, 0xFF, 0xEF, 0x3C, 0xFF, 0xEF, 0x3C, 0xFF,
    0xEF, 0x3C, 0xFF, 0xEF, 0x3C, 0xFF, 0xEF, 0x3C, 0xFF, 0xF7, 0x7D, 0xFF, 0xF7, 0x7E, 0xFF, 0x8C,
    0x32, 0xFF, 0xAD, 0x15, 0xFF, 0xF7, 0x9E, 0xFF, 0xF7, 0x9E, 0xFF, 0xEF, 0x5D, 0xFF, 0xF7, 0x7D,
    0xFF, 0xEF, 0x5D, 0xFF, 0xFF, 0xDF, 0xFF, 0xF7, 0x9E, 0xFF, 0x9C, 0xB2, 0xFF, 0x73, 0x6B, 0xFF,
    0xFF, 0xFE, 0xFF, 0xFF, 0x9A, 0xFF, 0xDE, 0x54, 0xFF, 0x39, 0x84, 0xFF, 0x08, 0xA1, 0xFF, 0x08,
    0xE1, 0xFF, 0x32, 0x03, 0xFF, 0x4B, 0x05, 0xFF, 0x32, 0x43, 0xFF, 0x52, 0xC5, 0xFF, 0x94, 0x2B,
    0xFF, 0x9C, 0x4F, 0xFF, 0xE7, 0x1C, 0xFF, 0x83, 0xAD, 0xFF, 0xBD, 0x11, 0xFF, 0xF7, 0x58, 0xFF,
    0xEE, 0xF7, 0xFF, 0xFF, 0x78, 0xFF, 0xCE, 0x11, 0xFF, 0x73, 0x49, 0xFF, 0x63, 0x0A, 0xFF, 0x63,
    0x0B, 0xFF, 0x94, 0x71, 0xFF, 0xFF, 0xFF, 0xFF, 0xEE, 0xFB, 0xFF, 0xEF, 0x3C, 0xFF, 0xF7, 0x5C,
    0xFF, 0xF7, 0x5D, 0xFF, 0xF7, 0x5D, 0xFF, 0xEF, 0x3C, 0xFE, 0xF7, 0x9D, 0xFF, 0xFF, 0xDF, 0xE7,
    0xB5, 0x96, 0x8B, 0x00, 0x00, 0x26, 0x00, 0x00, 0x00, 0x00, 0x03, 0x08, 0x22, 0x01, 0x31, 0x4B,
    0xC1, 0x6A, 0x64, 0x82, 0x85, 0x7D, 0x44, 0xA1, 0x96, 0x07, 0xD4, 0xA6, 0xAA, 0xE8, 0xB7, 0x0B,
    0xE9, 0x8D, 0xC7, 0xAF, 0x3B, 0x21, 0x3D, 0x00, 0x00, 0x00, 0xFF, 0xFF, 0x01, 0x00, 0x00, 0x01,
    0x00, 0x00, 0x00, 0x00, 0x00, 0x00, 0x00, 0x00, 0x00, 0x00, 0x00, 0x00, 0x00, 0x00, 0x00, 0x00,
    0x00, 0x00, 0x00, 0x00, 0x00, 0x00, 0x00, 0x00, 0x00, 0x00, 0x00, 0x00, 0x00, 0x00, 0x00, 0x00,
    0x00, 0x00, 0x00, 0x00, 0x00, 0x00, 0x00, 0x00, 0x00, 0x00, 0x00, 0x00, 0x04, 0x00, 0x00, 0x21,
    0x00, 0x00, 0x21, 0x00, 0x00, 0x04, 0x00, 0x00, 0x00, 0x00, 0x00, 0x00, 0x00, 0x00, 0x00, 0x00,
    0x00, 0x00, 0x00, 0x00, 0x00, 0x00, 0x00, 0x00, 0x00, 0x00, 0x00, 0x00, 0x00, 0x00, 0x00, 0x00,
    0x00, 0x00, 0x00, 0x00, 0x00, 0x00, 0x00, 0x00, 0x00, 0x00, 0x00, 0x00, 0x00, 0x00, 0x00, 0x00,
    0x00, 0x00, 0x00, 0x00, 0x00, 0x00, 0x00, 0x00, 0x00, 0x00, 0x00, 0x00, 0x00, 0x00, 0x00, 0x00,
    0x00, 0x00, 0x00, 0x00, 0x00, 0x00, 0x00, 0x00, 0x00, 0x00, 0x00, 0x00, 0x00, 0x00, 0x00, 0x00,
    0x00, 0x00, 0x00, 0x00, 0xFF, 0xFF, 0x01, 0x52, 0xAA, 0x03, 0x19, 0x43, 0x39, 0xAD, 0xF0, 0xA5,
    0xB6, 0x70, 0xF2, 0x8C, 0xEB, 0xFE, 0xB5, 0xF3, 0xFE, 0xDF, 0x1B, 0xFF, 0xFF, 0xDE, 0xFF, 0xFF,
    0xDF, 0xFF, 0xFF, 0xDF, 0xFF, 0xF7, 0x9E, 0xFF, 0xDE, 0xFC, 0xFF, 0xE7, 0x3D, 0xFF, 0xCE, 0x59,
    0xFF, 0x5A, 0xCB, 0xFF, 0x83, 0xEF, 0xFF, 0xFF, 0xDF, 0xFF, 0xF7, 0x9E, 0xFF, 0xEF, 0x3C, 0xFF,
    0xEF, 0x5D, 0xFF, 0xEF, 0x5C, 0xFF, 0xEF, 0x3C, 0xFF, 0xEF, 0x3C, 0xFF, 0xEF, 0x3C, 0xFF, 0xEF,
    0x3C, 0xFF, 0xEF, 0x5C, 0xFF, 0xEF, 0x5D, 0xFF, 0xEF, 0x5D, 0xFF, 0xEF, 0x5D, 0xFF, 0xEF, 0x3D,
    0xFF, 0xEF, 0x5D, 0xFF, 0xEF, 0x3D, 0xFF, 0xEF, 0x3D, 0xFF, 0xEF, 0x5D, 0xFF, 0xEF, 0x5D, 0xFF,
    0xEF, 0x1C, 0xFF, 0xFF, 0x9E, 0xFF, 0xDE, 0xBB, 0xFF, 0xB5, 0x55, 0xFF, 0xDE, 0x9A, 0xFF, 0xFF,
    0xBE, 0xFF, 0xEF, 0x3C, 0xFF, 0xEF, 0x3C, 0xFF, 0xEF, 0x3C, 0xFF, 0xEF, 0x3C, 0xFF, 0xEF, 0x3C,
    0xFF, 0xEF, 0x3C, 0xFF, 0xEF, 0x3C, 0xFF, 0xEF, 0x3C, 0xFF, 0xF7, 0x7D, 0xFF, 0xCE, 0x59, 0xFF,
    0xD6, 0x59, 0xFF, 0xEF, 0x3C, 0xFF, 0xEF, 0x5D, 0xFF, 0xEF, 0x3C, 0xFF, 0xEF, 0x3C, 0xFF, 0xEF,
    0x3C, 0xFF, 0xEF, 0x3C, 0xFF, 0xEF, 0x3D, 0xFF, 0xEF, 0x3C, 0xFF, 0xEF, 0x5C, 0xFF, 0xEF, 0x3D,
    0xFF, 0xEF, 0x3D, 0xFF, 0xEF, 0x3D, 0xFF, 0xEF, 0x3D, 0xFF, 0xEF, 0x3D, 0xFF, 0xEF, 0x5D, 0xFF,
    0xEF, 0x5D, 0xFF, 0xEF, 0x5D, 0xFF, 0xEF, 0x5D, 0xFF, 0xEF, 0x5D, 0xFF, 0xEF, 0x3D, 0xFF, 0xF7,
    0x7D, 0xFF, 0xEF, 0x3C, 0xFF, 0xB5, 0x76, 0xFF, 0xCE, 0x18, 0xFF, 0xF7, 0x7D, 0xFF, 0xF7, 0x7D,
    0xFF, 0xEF, 0x3C, 0xFF, 0xEF, 0x3C, 0xFF, 0xF7, 0x7D, 0xFF, 0xF7, 0x9E, 0xFF, 0xAD, 0x35, 0xFF,
    0xA4, 0xD3, 0xFF, 0xF7, 0x9D, 0xFF, 0xF7, 0x5D, 0xFF, 0xEF, 0x3C, 0xFF, 0xEF, 0x3C, 0xFF, 0xEF,
    0x3C, 0xFF, 0xEF, 0x3C, 0xFF, 0xEF, 0x3C, 0xFF, 0xEF, 0x3C, 0xFF, 0xEF, 0x3C, 0xFF, 0xEF, 0x3C,
    0xFF, 0xEF, 0x3C, 0xFF, 0xF7, 0x9E, 0xFF, 0xEF, 0x5D, 0xFF, 0x8C, 0x31, 0xFF, 0xC5, 0xF8, 0xFF,
    0xFF, 0xBE, 0xFF, 0xF7, 0x7D, 0xFF, 0xEF, 0x3D, 0xFF, 0xF7, 0x5D, 0xFF, 0xF7, 0x7E, 0xFF, 0xFF,
    0xFF, 0xFF, 0xBD, 0xD6, 0xFF, 0x52, 0x47, 0xFF, 0xD6, 0x34, 0xFF, 0xE6, 0x34, 0xFF, 0xE6, 0x54,
    0xFF, 0x83, 0xCB, 0xFF, 0x10, 0xC1, 0xFF, 0x08, 0xA1, 0xFF, 0x21, 0x83, 0xFF, 0x42, 0xA4, 0xFF,
    0x3A, 0xA3, 0xFF, 0x3A, 0x43, 0xFF, 0x84, 0x2A, 0xFF, 0xB5, 0x51, 0xFF, 0x9C, 0xD2, 0xFF, 0x7B,
    0x8D, 0xFF, 0x9C, 0x6E, 0xFF, 0xF7, 0x18, 0xFF, 0xF6, 0xF7, 0xFF, 0xFF, 0x98, 0xFF, 0xC5, 0xD1,
    0xFF, 0x21, 0x03, 0xFF, 0x21, 0x24, 0xFF, 0x63, 0x0A, 0xFF, 0x5A, 0xC9, 0xFF, 0xBD, 0xD6, 0xFF,
    0xFF, 0xFF, 0xFF, 0xEF, 0x1B, 0xFF, 0xEF, 0x5C, 0xFF, 0xF7, 0x5D, 0xFF, 0xF7, 0x5D, 0xFF, 0xF7,
    0x7D, 0xFF, 0xEF, 0x5C, 0xFD, 0xFF, 0xBE, 0xFF, 0xF7, 0x9E, 0xE1, 0xA5, 0x14, 0x7C, 0x00, 0x00,
    0x1A, 0x00, 0x20, 0x00, 0x00, 0x00, 0x07, 0x08, 0xE0, 0x12, 0x21, 0xA0, 0x17, 0x22, 0x00, 0x22,
    0x32, 0xA0, 0x45, 0x4B, 0x61, 0x62, 0x64, 0x63, 0x78, 0x4B, 0x82, 0x5A, 0x19, 0x61, 0x1C, 0x00,
    0x00, 0x00, 0x07, 0xE0, 0x01, 0x00, 0x00, 0x00, 0x00, 0x00, 0x00, 0x00, 0x00, 0x00, 0x00, 0x00,
    0x00, 0x00, 0x00, 0x00, 0x00, 0x00, 0x00, 0x00, 0x00, 0x00, 0x00, 0x00, 0x00, 0x00, 0x00, 0x00,
    0x00, 0x00, 0x00, 0x00, 0x00, 0x00, 0x00, 0x00, 0x00, 0x00, 0x00, 0x00, 0x00, 0x00, 0x00, 0x00,
    0x00, 0x00, 0x00, 0x00, 0x04, 0x00, 0x00, 0x21, 0x00, 0x00, 0x21, 0x00, 0x00, 0x04, 0x00, 0x00,
    0x00, 0x00, 0x00, 0x00, 0x00, 0x00, 0x00, 0x00, 0x00, 0x00, 0x00, 0x00, 0x00, 0x00, 0x00, 0x00,
    0x00, 0x00, 0x00, 0x00, 0x00, 0x00, 0x00, 0x00, 0x00, 0x00, 0x00, 0x00, 0x00, 0x00, 0x00, 0x00,
    0x00, 0x00, 0x00, 0x00, 0x00, 0x00, 0x00, 0x00, 0x00, 0x00, 0x00, 0x00, 0x00, 0x00, 0x00, 0x00,
    0x00, 0x00, 0x00, 0x00, 0x00, 0x00, 0x00, 0x00, 0x00, 0x00, 0x00, 0x00, 0x00, 0x00, 0x00, 0x00,
    0x00, 0x00, 0x00, 0x00, 0x00, 0x00, 0x00, 0x00, 0x00, 0x00, 0x00, 0x02, 0xFF, 0xFF, 0x02, 0x00,
    0x00, 0x17, 0x8D, 0x2D, 0x7C, 0xB6, 0x70, 0xE2, 0x95, 0x2C, 0xFE, 0x9D, 0x0F, 0xFE, 0xEF, 0x9D,
    0xFF, 0xFF, 0xFF, 0xFF, 0xF7, 0x9E, 0xFF, 0xE7, 0x1C, 0xFF, 0xDE, 0xDB, 0xFF, 0xD6, 0x5A, 0xFF,
    0xC6, 0x18, 0xFF, 0xCE, 0x39, 0xFF, 0x63, 0x0C, 0xFF, 0x6B, 0x4D, 0xFF, 0xE7, 0x1C, 0xFF, 0xFF,
    0xFF, 0xFF, 0xEF, 0x3C, 0xFF, 0xEF, 0x5D, 0xFF, 0xEF, 0x5D, 0xFF, 0xEF, 0x5C, 0xFF, 0xEF, 0x3C,
    0xFF, 0xEF, 0x3D, 0xFF, 0xEF, 0x3C, 0xFF, 0xEF, 0x3C, 0xFF, 0xEF, 0x5D, 0xFF, 0xEF, 0x5D, 0xFF,
    0xEF, 0x5D, 0xFF, 0xEF, 0x5D, 0xFF, 0xEF, 0x5D, 0xFF, 0xEF, 0x5D, 0xFF, 0xEF, 0x5D, 0xFF, 0xEF,
    0x5D, 0xFF, 0xEF, 0x5D, 0xFF, 0xEF, 0x3C, 0xFF, 0xF7, 0x5D, 0xFF, 0xF7, 0x5D, 0xFF, 0xBD, 0xD7,
    0xFF, 0xCE, 0x39, 0xFF, 0xF7, 0x7E, 0xFF, 0xF7, 0x5D, 0xFF, 0xEF, 0x3C, 0xFF, 0xEF, 0x5D, 0xFF,
    0xEF, 0x5C, 0xFF, 0xEF, 0x5D, 0xFF, 0xEF, 0x3C, 0xFF, 0xEF, 0x3C, 0xFF, 0xEF, 0x3C, 0xFF, 0xF7,
    0x5D, 0xFF, 0xE7, 0x1C, 0xFF, 0xCE, 0x18, 0xFF, 0xDE, 0xDB, 0xFF, 0xF7, 0x7D, 0xFF, 0xEF, 0x3C,
    0xFF, 0xEF, 0x3C, 0xFF, 0xEF, 0x3C, 0xFF, 0xEF, 0x3C, 0xFF, 0xEF, 0x3C, 0xFF, 0xEF, 0x3C, 0xFF,
    0xEF, 0x5D, 0xFF, 0xEF, 0x5D, 0xFF, 0xEF, 0x5C, 0xFF, 0xEF, 0x3C, 0xFF, 0xEF, 0x3C, 0xFF, 0xEF,
    0x3C, 0xFF, 0xEF, 0x3C, 0xFF, 0xEF, 0x3C, 0xFF, 0xEF, 0x5D, 0xFF, 0xEF, 0x5D, 0xFF, 0xEF, 0x5C,
    0xFF, 0xEF, 0x5D, 0xFF, 0xEF, 0x3D, 0xFF, 0xEF, 0x5D, 0xFF, 0xF7, 0x9E, 0xFF, 0xC5, 0xF8, 0xFF,
    0xB5, 0x96, 0xFF, 0xE6, 0xFC, 0xFF, 0xF7, 0x9D, 0xFF, 0xEF, 0x3C, 0xFF, 0xEF, 0x3C, 0xFF, 0xEF,
    0x3C, 0xFF, 0xF7, 0x9E, 0xFF, 0xEF, 0x3D, 0xFF, 0x9C, 0x92, 0xFF, 0xBD, 0xD7, 0xFF, 0xF7, 0x7D,
    0xFF, 0xEF, 0x5D, 0xFF, 0xEF, 0x1C, 0xFF, 0xEF, 0x3C, 0xFF, 0xEF, 0x3C, 0xFF, 0xEF, 0x3C, 0xFF,
    0xEF, 0x3C, 0xFF, 0xEF, 0x3C, 0xFF, 0xEF, 0x3C, 0xFF, 0xEF, 0x3D, 0xFF, 0xEF, 0x5C, 0xFF, 0xFF,
    0xBE, 0xFF, 0xDE, 0xBB, 0xFF, 0x8C, 0x51, 0xFF, 0xD6, 0x7A, 0xFF, 0xFF, 0xBE, 0xFF, 0xEF, 0x3D,
    0xFF, 0xEF, 0x5D, 0xFF, 0xEF, 0x5D, 0xFF, 0xFF, 0xDF, 0xFF, 0xE7, 0x1B, 0xFF, 0x6B, 0x2A, 0xFF,
    0x8B, 0x89, 0xFF, 0xD5, 0xB1, 0xFF, 0xD5, 0x91, 0xFF, 0xDE, 0x12, 0xFF, 0x52, 0x87, 0xFF, 0x00,
    0x60, 0xFF, 0x08, 0xC1, 0xFF, 0x3A, 0x64, 0xFF, 0x4B, 0x24, 0xFF, 0x32, 0x42, 0xFF, 0x5B, 0x06,
    0xFF, 0xAC, 0xEF, 0xFF, 0x62, 0xA9, 0xFF, 0x20, 0xC3, 0xFF, 0x7B, 0x4B, 0xFF, 0xFF, 0x78, 0xFF,
    0xF7, 0x17, 0xFF, 0xFF, 0x78, 0xFF, 0xCE, 0x32, 0xFF, 0x31, 0x84, 0xFF, 0x00, 0x00, 0xFF, 0x39,
    0xC6, 0xFF, 0x73, 0x8B, 0xFF, 0x62, 0xEA, 0xFF, 0xCE, 0x79, 0xFF, 0xFF, 0xFF, 0xFF, 0xEF, 0x5C,
    0xFF, 0xEF, 0x5D, 0xFF, 0xF7, 0x7D, 0xFF, 0xF7, 0x5D, 0xFF, 0xF7, 0x5D, 0xFF, 0xEF, 0x3C, 0xFF,
    0xFF, 0xBE, 0xFF, 0xEF, 0x3C, 0xD4, 0x8C, 0x91, 0x6A, 0x00, 0x00, 0x11, 0xBB, 0xFF, 0x04, 0x00,
    0x00, 0x0A, 0x00, 0x00, 0x09, 0x00, 0x00, 0x09, 0x00, 0x00, 0x0C, 0x00, 0x00, 0x0F, 0x00, 0xA0,
    0x17, 0x00, 0x60, 0x11, 0x00, 0x00, 0x04, 0x00, 0x00, 0x00, 0x00, 0x00, 0x00, 0x00, 0x00, 0x00,
    0x00, 0x00, 0x00, 0x00, 0x00, 0x00, 0x00, 0x00, 0x00, 0x00, 0x00, 0x00, 0x00, 0x00, 0x00, 0x00,
    0x00, 0x00, 0x00, 0x00, 0x00, 0x00, 0x00, 0x00, 0x00, 0x00, 0x00, 0x00, 0x00, 0x00, 0x00, 0x00,
    0x00, 0x00, 0x00, 0x00, 0x00, 0x00, 0x00, 0x00, 0x00, 0x00, 0x00, 0x00, 0x04, 0x00, 0x00, 0x21,
    0x00, 0x00, 0x21, 0x00, 0x00, 0x04, 0x00, 0x00, 0x00, 0x00, 0x00, 0x00, 0x00, 0x00, 0x00, 0x00,
    0x00, 0x00, 0x00, 0x00, 0x00, 0x00, 0x00, 0x00, 0x00, 0x00, 0x00, 0x00, 0x00, 0x00, 0x00, 0x00,
    0x00, 0x00, 0x00, 0x00, 0x00, 0x00, 0x00, 0x00, 0x00, 0x00, 0x00, 0x00, 0x00, 0x00, 0x00, 0x00,
    0x00, 0x00, 0x00, 0x00, 0x00, 0x00, 0x00, 0x00, 0x00, 0x00, 0x00, 0x00, 0x00, 0x00, 0x00, 0x00,
    0x00, 0x00, 0x00, 0x00, 0x00, 0x00, 0x00, 0x00, 0x00, 0x00, 0x00, 0x00, 0x00, 0x00, 0x00, 0x00,
    0x02, 0xFF, 0xFF, 0x01, 0x00, 0x00, 0x0A, 0x5B, 0x08, 0x51, 0xB6, 0x50, 0xC2, 0xA5, 0x8C, 0xFD,
    0x8C, 0xAD, 0xFE, 0xD6, 0xDA, 0xFE, 0xF7, 0xBE, 0xFF, 0xD6, 0x9A, 0xFF, 0xCE, 0x39, 0xFF, 0xC6,
    0x19, 0xFF, 0xBD, 0xD7, 0xFF, 0x9C, 0xD3, 0xFF, 0x9C, 0xB3, 0xFF, 0x6B, 0x2D, 0xFF, 0x5A, 0xCB,
    0xFF, 0xCE, 0x39, 0xFF, 0xFF, 0xFF, 0xFF, 0xEF, 0x5C, 0xFF, 0xEF, 0x7D, 0xFF, 0xF7, 0x7D, 0xFF,
    0xEF, 0x5D, 0xFF, 0xEF, 0x5C, 0xFF, 0xEF, 0x3C, 0xFF, 0xEF, 0x3C, 0xFF, 0xEF, 0x3C, 0xFF, 0xEF,
    0x3C, 0xFF, 0xEF, 0x5D, 0xFF, 0xEF, 0x5D, 0xFF, 0xEF, 0x5D, 0xFF, 0xEF, 0x5D, 0xFF, 0xEF, 0x5D,
    0xFF, 0xEF, 0x5D, 0xFF, 0xEF, 0x5D, 0xFF, 0xEF, 0x5D, 0xFF, 0xEF, 0x5D, 0xFF, 0xEF, 0x3C, 0xFF,
    0xF7, 0x9E, 0xFF, 0xCE, 0x59, 0xFF, 0xC6, 0x18, 0xFF, 0xEF, 0x3D, 0xFF, 0xF7, 0x7D, 0xFF, 0xEF,
    0x3C, 0xFF, 0xEF, 0x5D, 0xFF, 0xEF, 0x5D, 0xFF, 0xEF, 0x5D, 0xFF, 0xEF, 0x5C, 0xFF, 0xEF, 0x3C,
    0xFF, 0xEF, 0x3C, 0xFF, 0xEF, 0x3C, 0xFF, 0xF7, 0x7D, 0xFF, 0xDE, 0x9A, 0xFF, 0xD6, 0x59, 0xFF,
    0xEF, 0x1C, 0xFF, 0xEF, 0x5D, 0xFF, 0xEF, 0x3C, 0xFF, 0xEF, 0x3C, 0xFF, 0xEF, 0x3C, 0xFF, 0xEF,
    0x3C, 0xFF, 0xEF, 0x3C, 0xFF, 0xEF, 0x3D, 0xFF, 0xEF, 0x5D, 0xFF, 0xEF, 0x5D, 0xFF, 0xEF, 0x5D,
    0xFF, 0xEF, 0x5C, 0xFF, 0xEF, 0x3D, 0xFF, 0xEF, 0x3D, 0xFF, 0xEF, 0x3C, 0xFF, 0xEF, 0x3C, 0xFF,
    0xEF, 0x5D, 0xFF, 0xEF, 0x5D, 0xFF, 0xEF, 0x5C, 0xFF, 0xEF, 0x5D, 0xFF, 0xEF, 0x3D, 0xFF, 0xEF,
    0x3C, 0xFF, 0xF7, 0x7E, 0xFF, 0xDE, 0xBB, 0xFF, 0xB5, 0x76, 0xFF, 0xD6, 0x7A, 0xFF, 0xF7, 0x9E,
    0xFF, 0xEF, 0x5D, 0xFF, 0xEF, 0x5D, 0xFF, 0xEF, 0x3C, 0xFF, 0xEF, 0x3D, 0xFF, 0xF7, 0x9E, 0xFF,
    0xDE, 0xDB, 0xFF, 0x94, 0x92, 0xFF, 0xDE, 0x9A, 0xFF, 0xF7, 0x7D, 0xFF, 0xEF, 0x3C, 0xFF, 0xEF,
    0x3C, 0xFF, 0xEF, 0x3C, 0xFF, 0xEF, 0x3C, 0xFF, 0xEF, 0x3C, 0xFF, 0xEF, 0x3C, 0xFF, 0xEF, 0x3D,
    0xFF, 0xEF, 0x5D, 0xFF, 0xEF, 0x5D, 0xFF, 0xEF, 0x5D, 0xFF, 0xFF, 0xFF, 0xFF, 0xC5, 0xF7, 0xFF,
    0x94, 0x92, 0xFF, 0xDE, 0xDB, 0xFF, 0xFF, 0xBF, 0xFF, 0xEF, 0x1C, 0xFF, 0xF7, 0x5D, 0xFF, 0xFF,
    0xFF, 0xFF, 0xFF, 0xFF, 0xFF, 0xC6, 0x16, 0xFF, 0x62, 0xA7, 0xFF, 0xBD, 0x0F, 0xFF, 0xCD, 0x70,
    0xFF, 0xD5, 0xB0, 0xFF, 0xBD, 0x4F, 0xFF, 0x4A, 0x46, 0xFF, 0x00, 0x80, 0xFF, 0x21, 0xA2, 0xFF,
    0x53, 0x44, 0xFF, 0x42, 0xE3, 0xFF, 0x31, 0xE2, 0xFF, 0x8B, 0xCA, 0xFF, 0xCE, 0x14, 0xFF, 0x7B,
    0x8C, 0xFF, 0x41, 0x85, 0xFF, 0xC5, 0x70, 0xFF, 0xFF, 0x57, 0xFF, 0xFF, 0x98, 0xFF, 0xE6, 0xD4,
    0xFF, 0x52, 0x66, 0xFF, 0x08, 0x41, 0xFF, 0x3A, 0x06, 0xFF, 0x7B, 0xCB, 0xFF, 0x8C, 0x0C, 0xFF,
    0x6B, 0x0A, 0xFF, 0xBD, 0xD7, 0xFF, 0xFF, 0xFF, 0xFF, 0xF7, 0x7D, 0xFF, 0xF7, 0x5C, 0xFF, 0xF7,
    0x5D, 0xFF, 0xF7, 0x5C, 0xFF, 0xEF, 0x3C, 0xFE, 0xEF, 0x3C, 0xFF, 0xFF, 0x9E, 0xFD, 0xE7, 0x5B,
    0xC6, 0x64, 0x08, 0x6F, 0x2A, 0x81, 0x56, 0x64, 0xA5, 0x71, 0x75, 0x27, 0x7F, 0x6C, 0xC6, 0x73,
    0x32, 0xA2, 0x4D, 0x00, 0x01, 0x17, 0x00, 0x00, 0x00, 0x00, 0x00, 0x00, 0x00, 0x00, 0x00, 0x00,
    0x00, 0x00, 0x00, 0x00, 0x00, 0x00, 0x00, 0x00, 0x00, 0x00, 0x00, 0x00, 0x00, 0x00, 0x00, 0x00,
    0x00, 0x00, 0x00, 0x00, 0x00, 0x00, 0x00, 0x00, 0x00, 0x00, 0x00, 0x00, 0x00, 0x00, 0x00, 0x00,
    0x00, 0x00, 0x00, 0x00, 0x00, 0x00, 0x00, 0x00, 0x00, 0x00, 0x00, 0x00, 0x00, 0x00, 0x00, 0x00,
    0x00, 0x00, 0x00, 0x00, 0x04, 0x00, 0x00, 0x21, 0x00, 0x00, 0x21, 0x00, 0x00, 0x04, 0x00, 0x00,
    0x00, 0x00, 0x00, 0x00, 0x00, 0x00, 0x00, 0x00, 0x00, 0x00, 0x00, 0x00, 0x00, 0x00, 0x00, 0x00,
    0x00, 0x00, 0x00, 0x00, 0x00, 0x00, 0x00, 0x00, 0x00, 0x00, 0x00, 0x00, 0x00, 0x00, 0x00, 0x00,
    0x00, 0x00, 0x00, 0x00, 0x00, 0x00, 0x00, 0x00, 0x00, 0x00, 0x00, 0x00, 0x00, 0x00, 0x00, 0x00,
    0x00, 0x00, 0x00, 0x00, 0x00, 0x00, 0x00, 0x00, 0x00, 0x00, 0x00, 0x00, 0x00, 0x00, 0x00, 0x00,
    0x00, 0x00, 0x00, 0x00, 0x00, 0x00, 0x00, 0x00, 0x00, 0x00, 0x00, 0x0D, 0x32, 0x07, 0x3E, 0x95,
    0x4E, 0x99, 0xB6, 0x2E, 0xE7, 0x95, 0x2D, 0xFF, 0xAD, 0x94, 0xFE, 0xE7, 0x1C, 0xFF, 0xCE, 0x59,
    0xFF, 0xBD, 0xD7, 0xFF, 0xAD, 0x55, 0xFF, 0x9C, 0x92, 0xFF, 0x8C, 0x10, 0xFF, 0x94, 0x92, 0xFF,
    0x94, 0x72, 0xFF, 0x42, 0x08, 0xFF, 0x9C, 0xF3, 0xFF, 0xFF, 0xFF, 0xFF, 0xF7, 0x9D, 0xFF, 0xEF,
    0x5C, 0xFF, 0xF7, 0x9E, 0xFF, 0xF7, 0x9E, 0xFF, 0xEF, 0x3C, 0xFF, 0xEF, 0x5C, 0xFF, 0xEF, 0x3C,
    0xFF, 0xEF, 0x3C, 0xFF, 0xEF, 0x3C, 0xFF, 0xEF, 0x3C, 0xFF, 0xEF, 0x3D, 0xFF, 0xEF, 0x5D, 0xFF,
    0xEF, 0x5D, 0xFF, 0xEF, 0x5D, 0xFF, 0xEF, 0x5D, 0xFF, 0xEF, 0x5D, 0xFF, 0xEF, 0x5D, 0xFF, 0xEF,
    0x5D, 0xFF, 0xEF, 0x5D, 0xFF, 0xF7, 0x7D, 0xFF, 0xE6, 0xFB, 0xFF, 0xC5, 0xD7, 0xFF, 0xE6, 0xFB,
    0xFF, 0xF7, 0x9D, 0xFF, 0xEF, 0x3C, 0xFF, 0xEF, 0x5D, 0xFF, 0xEF, 0x5D, 0xFF, 0xEF, 0x5D, 0xFF,
    0xEF, 0x5D, 0xFF, 0xEF, 0x3C, 0xFF, 0xEF, 0x5D, 0xFF, 0xEF, 0x3C, 0xFF, 0xEF, 0x3C, 0xFF, 0xEF,
    0x3C, 0xFF, 0xD6, 0x59, 0xFF, 0xDE, 0xBB, 0xFF, 0xEF, 0x5D, 0xFF, 0xEF, 0x3C, 0xFF, 0xEF, 0x3C,
    0xFF, 0xEF, 0x3C, 0xFF, 0xEF, 0x3C, 0xFF, 0xEF, 0x3C, 0xFF, 0xEF, 0x5D, 0xFF, 0xEF, 0x3D, 0xFF,
    0xEF, 0x5D, 0xFF, 0xEF, 0x5D, 0xFF, 0xEF, 0x5D, 0xFF, 0xEF, 0x5D, 0xFF, 0xEF, 0x3D, 0xFF, 0xEF,
    0x3C, 0xFF, 0xEF, 0x3C, 0xFF, 0xEF, 0x3D, 0xFF, 0xEF, 0x3C, 0xFF, 0xEF, 0x3D, 0xFF, 0xEF, 0x3C,
    0xFF, 0xEF, 0x5D, 0xFF, 0xEF, 0x5D, 0xFF, 0xEF, 0x3D, 0xFF, 0xF7, 0x5D, 0xFF, 0xF7, 0x5D, 0xFF,
    0xBD, 0xB7, 0xFF, 0xC6, 0x18, 0xFF, 0xF7, 0x7D, 0xFF, 0xF7, 0x7D, 0xFF, 0xEF, 0x5C, 0xFF, 0xEF,
    0x5D, 0xFF, 0xEF, 0x3C, 0xFF, 0xEF, 0x3D, 0xFF, 0xFF, 0xBE, 0xFF, 0xC5, 0xF7, 0xFF, 0xA5, 0x14,
    0xFF, 0xEF, 0x1C, 0xFF, 0xF7, 0x7D, 0xFF, 0xEF, 0x1C, 0xFF, 0xEF, 0x3D, 0xFF, 0xEF, 0x3C, 0xFF,
    0xEF, 0x3D, 0xFF, 0xEF, 0x3D, 0xFF, 0xEF, 0x5D, 0xFF, 0xEF, 0x5D, 0xFF, 0xEF, 0x5D, 0xFF, 0xEF,
    0x5D, 0xFF, 0xF7, 0x7D, 0xFF, 0xFF, 0xDF, 0xFF, 0xA4, 0xF3, 0xFF, 0xA5, 0x14, 0xFF, 0xEF, 0x3C,
    0xFF, 0xF7, 0xBE, 0xFF, 0xF7, 0x9E, 0xFF, 0xCE, 0x38, 0xFF, 0x94, 0x70, 0xFF, 0x94, 0x4F, 0xFF,
    0x39, 0x63, 0xFF, 0x62, 0x86, 0xFF, 0xA4, 0x6B, 0xFF, 0xC5, 0x2E, 0xFF, 0xCD, 0xB0, 0xFF, 0xB5,
    0x0E, 0xFF, 0x4A, 0x65, 0xFF, 0x19, 0x41, 0xFF, 0x4B, 0x04, 0xFF, 0x53, 0x45, 0xFF, 0x21, 0x81,
    0xFF, 0x5A, 0xC7, 0xFF, 0xEF, 0x18, 0xFF, 0xF7, 0x59, 0xFF, 0x9C, 0x4D, 0xFF, 0x7B, 0x48, 0xFF,
    0xD6, 0x11, 0xFF, 0xF7, 0x35, 0xFF, 0xF7, 0x55, 0xFF, 0x6B, 0x27, 0xFF, 0x4A, 0xA7, 0xFF, 0xB5,
    0xD3, 0xFF, 0xAD, 0x30, 0xFF, 0xB5, 0x71, 0xFF, 0xC6, 0x16, 0xFF, 0x94, 0x90, 0xFF, 0xC5, 0xF7,
    0xFF, 0xFF, 0xBE, 0xFF, 0xF7, 0x7D, 0xFF, 0xEF, 0x5C, 0xFF, 0xEF, 0x5C, 0xFF, 0xEF, 0x3B, 0xFF,
    0xEE, 0xFB, 0xFF, 0xF7, 0x7E, 0xFF, 0xCF, 0x15, 0xF8, 0x7D, 0xC6, 0xDC, 0x96, 0x4A, 0xCF, 0xBF,
    0x30, 0xE1, 0xC7, 0x51, 0xE8, 0xC7, 0x52, 0xE2, 0xAE, 0x8D, 0xC4, 0x6C, 0x85, 0x79, 0x19, 0xA0,
    0x29, 0x38, 0x00, 0x04, 0x00, 0x00, 0x00, 0x00, 0x00, 0x01, 0x00, 0x00, 0x00, 0x00, 0x00, 0x00,
    0x00, 0x00, 0x00, 0x00, 0x00, 0x00, 0x00, 0x00, 0x00, 0x00, 0x00, 0x00, 0x00, 0x00, 0x00, 0x00,
    0x00, 0x00, 0x00, 0x00, 0x00, 0x00, 0x00, 0x00, 0x00, 0x00, 0x00, 0x00, 0x00, 0x00, 0x00, 0x00,
    0x00, 0x00, 0x00, 0x00, 0x00, 0x00, 0x00, 0x00, 0x00, 0x00, 0x00, 0x00, 0x04, 0x00, 0x00, 0x21,
    0x00, 0x00, 0x21, 0x00, 0x00, 0x04, 0x00, 0x00, 0x00, 0x00, 0x00, 0x00, 0x00, 0x00, 0x00, 0x00,
    0x00, 0x00, 0x00, 0x00, 0x00, 0x00, 0x00, 0x00, 0x00, 0x00, 0x00, 0x00, 0x00, 0x00, 0x00, 0x00,
    0x00, 0x00, 0x00, 0x00, 0x00, 0x00, 0x00, 0x00, 0x00, 0x00, 0x00, 0x00, 0x00, 0x00, 0x00, 0x00,
    0x00, 0x00, 0x00, 0x00, 0x00, 0x00, 0x00, 0x00, 0x00, 0x00, 0x00, 0x00, 0x00, 0x00, 0x00, 0x00,
    0x00, 0x00, 0x00, 0x00, 0x00, 0x00, 0x00, 0x00, 0x00, 0x00, 0x00, 0x00, 0x00, 0x00, 0x00, 0x00,
    0x0B, 0x73, 0x8F, 0x4B, 0x84, 0x6E, 0xA8, 0xAE, 0x2E, 0xE3, 0x95, 0x6B, 0xF8, 0x9D, 0x50, 0xFF,
    0xDE, 0xFB, 0xFF, 0xD6, 0x9A, 0xFF, 0x9C, 0xD3, 0xFF, 0x84, 0x10, 0xFF, 0x8C, 0x51, 0xFF, 0xA5,
    0x14, 0xFF, 0xB5, 0x96, 0xFF, 0xEF, 0x5D, 0xFF, 0x84, 0x10, 0xFF, 0x7B, 0xAF, 0xFF, 0xEF, 0x3C,
    0xFF, 0xFF, 0xDF, 0xFF, 0xE7, 0x1C, 0xFF, 0xF7, 0x9D, 0xFF, 0xFF, 0xBE, 0xFF, 0xF7, 0x7D, 0xFF,
    0xEF, 0x3C, 0xFF, 0xEF, 0x3C, 0xFF, 0xEF, 0x3C, 0xFF, 0xEF, 0x3C, 0xFF, 0xEF, 0x3C, 0xFF, 0xEF,
    0x3C, 0xFF, 0xEF, 0x3D, 0xFF, 0xEF, 0x5D, 0xFF, 0xEF, 0x5D, 0xFF, 0xEF, 0x5D, 0xFF, 0xEF, 0x5D,
    0xFF, 0xEF, 0x5D, 0xFF, 0xEF, 0x5D, 0xFF, 0xEF, 0x5D, 0xFF, 0xF7, 0x5D, 0xFF, 0xF7, 0x7D, 0xFF,
    0xC5, 0xF8, 0xFF, 0xD6, 0x7A, 0xFF, 0xF7, 0x5D, 0xFF, 0xEF, 0x5D, 0xFF, 0xEF, 0x3C, 0xFF, 0xEF,
    0x5D, 0xFF, 0xEF, 0x5D, 0xFF, 0xEF, 0x5D, 0xFF, 0xEF, 0x5D, 0xFF, 0xEF, 0x3D, 0xFF, 0xEF, 0x3D,
    0xFF, 0xEF, 0x3C, 0xFF, 0xEF, 0x5D, 0xFF, 0xE7, 0x1C, 0xFF, 0xD6, 0x7A, 0xFF, 0xE7, 0x1C, 0xFF,
    0xEF, 0x5D, 0xFF, 0xEF, 0x3C, 0xFF, 0xEF, 0x3C, 0xFF, 0xEF, 0x3C, 0xFF, 0xEF, 0x3C, 0xFF, 0xEF,
    0x5C, 0xFF, 0xEF, 0x5C, 0xFF, 0xEF, 0x5D, 0xFF, 0xEF, 0x3D, 0xFF, 0xEF, 0x5D, 0xFF, 0xEF, 0x5D,
    0xFF, 0xEF, 0x5D, 0xFF, 0xEF, 0x3D, 0xFF, 0xEF, 0x3D, 0xFF, 0xEF, 0x3D, 0xFF, 0xEF, 0x5C, 0xFF,
    0xEF, 0x5C, 0xFF, 0xEF, 0x3C, 0xFF, 0xEF, 0x3C, 0xFF, 0xEF, 0x3D, 0xFF, 0xEF, 0x3D, 0xFF, 0xEF,
    0x3D, 0xFF, 0xEF, 0x3C, 0xFF, 0xF7, 0x9E, 0xFF, 0xCE, 0x39, 0xFF, 0xBD, 0xB7, 0xFF, 0xE6, 0xFC,
    0xFF, 0xF7, 0x7E, 0xFF, 0xEF, 0x3C, 0xFF, 0xEF, 0x5D, 0xFF, 0xEF, 0x3D, 0xFF, 0xEF, 0x3D, 0xFF,
    0xF7, 0x7D, 0xFF, 0xF7, 0x9E, 0xFF, 0xAD, 0x35, 0xFF, 0xC5, 0xF8, 0xFF, 0xF7, 0x7D, 0xFF, 0xF7,
    0x5D, 0xFF, 0xEF, 0x1C, 0xFF, 0xEF, 0x3C, 0xFF, 0xEF, 0x3D, 0xFF, 0xEF, 0x3D, 0xFF, 0xEF, 0x5D,
    0xFF, 0xEF, 0x5D, 0xFF, 0xEF, 0x5D, 0xFF, 0xEF, 0x5D, 0xFF, 0xEF, 0x5C, 0xFF, 0xFF, 0xBE, 0xFF,
    0xE7, 0x3C, 0xFF, 0x94, 0x92, 0xFF, 0xC5, 0xF7, 0xFF, 0xFF, 0xFF, 0xFF, 0xBD, 0x95, 0xFF, 0x5A,
    0x88, 0xFF, 0x8C, 0x2E, 0xFF, 0xAD, 0x11, 0xFF, 0x9C, 0x6E, 0xFF, 0x83, 0xCB, 0xFF, 0x7B, 0x69,
    0xFF, 0x7B, 0x47, 0xFF, 0x9C, 0x2A, 0xFF, 0xD5, 0xF0, 0xFF, 0x9C, 0x8B, 0xFF, 0x29, 0xE3, 0xFF,
    0x32, 0x43, 0xFF, 0x6B, 0xA7, 0xFF, 0x3A, 0x23, 0xFF, 0x29, 0x83, 0xFF, 0xBD, 0x92, 0xFF, 0xB5,
    0x72, 0xFF, 0x73, 0x8B, 0xFF, 0x5A, 0x86, 0xFF, 0x9C, 0x4B, 0xFF, 0xEE, 0xD2, 0xFF, 0xFF, 0xB4,
    0xFF, 0x73, 0x88, 0xFF, 0x31, 0xC5, 0xFF, 0xAD, 0x70, 0xFF, 0xD6, 0x92, 0xFF, 0xC6, 0x32, 0xFF,
    0xE7, 0x5A, 0xFF, 0x84, 0x6E, 0xFF, 0x52, 0xA9, 0xFF, 0xEF, 0x5C, 0xFF, 0xFF, 0xDE, 0xFF, 0xEF,
    0x5C, 0xFF, 0xEF, 0x3C, 0xFF, 0xEF, 0x1B, 0xFF, 0xF7, 0x3D, 0xFF, 0xD6, 0xB8, 0xFE, 0x96, 0x0A,
    0xFF, 0x9E, 0xEA, 0xFF, 0xDF, 0xF4, 0xFF, 0xE7, 0xF7, 0xFF, 0xE7, 0xF8, 0xFF, 0xE7, 0xF9, 0xFF,
    0xE7, 0xF7, 0xFE, 0xBE, 0xEE, 0xD9, 0x64, 0x44, 0x78, 0x09, 0x00, 0x1D, 0x00, 0x00, 0x00, 0x00,
    0x00, 0x00, 0x00, 0x00, 0x01, 0x00, 0x00, 0x00, 0x00, 0x00, 0x00, 0x00, 0x00, 0x00, 0x00, 0x00,
    0x00, 0x00, 0x00, 0x00, 0x00, 0x00, 0x00, 0x00, 0x00, 0x00, 0x00, 0x00, 0x00, 0x00, 0x00, 0x00,
    0x00, 0x00, 0x00, 0x00, 0x00, 0x00, 0x00, 0x00, 0x00, 0x00, 0x00, 0x00, 0x00, 0x00, 0x00, 0x00,
    0x00, 0x00, 0x00, 0x00, 0x04, 0x00, 0x00, 0x21, 0x00, 0x00, 0x21, 0x00, 0x00, 0x04, 0x00, 0x00,
    0x00, 0x00, 0x00, 0x00, 0x00, 0x00, 0x00, 0x00, 0x00, 0x00, 0x00, 0x00, 0x00, 0x00, 0x00, 0x00,
    0x00, 0x00, 0x00, 0x00, 0x00, 0x00, 0x00, 0x00, 0x00, 0x00, 0x00, 0x00, 0x00, 0x00, 0x00, 0x00,
    0x00, 0x00, 0x00, 0x00, 0x00, 0x00, 0x00, 0x00, 0x00, 0x00, 0x00, 0x00, 0x00, 0x00, 0x00, 0x00,
    0x00, 0x00, 0x00, 0x00, 0x00, 0x00, 0x00, 0x00, 0x00, 0x00, 0x00, 0x00, 0x00, 0x00, 0x00, 0x00,
    0x00, 0x00, 0x00, 0x00, 0xE0, 0x08, 0x5A, 0xCB, 0x39, 0x9C, 0xD4, 0x86, 0x95, 0x0E, 0xE0, 0x95,
    0xAB, 0xFF, 0x95, 0x2C, 0xFF, 0xC6, 0x57, 0xFF, 0xD6, 0xBB, 0xFF, 0x8C, 0x51, 0xFF, 0x7B, 0xEF,
    0xFF, 0x9C, 0xD3, 0xFF, 0xC6, 0x38, 0xFF, 0xEF, 0x5C, 0xFF, 0xFF, 0xFF, 0xFF, 0xCE, 0x79, 0xFF,
    0x63, 0x0C, 0xFF, 0xC6, 0x18, 0xFF, 0xFF, 0xFF, 0xFF, 0xEF, 0x5D, 0xFF, 0xEF, 0x5C, 0xFF, 0xFF,
    0xBE, 0xFF, 0xF7, 0x9E, 0xFF, 0xEF, 0x3C, 0xFF, 0xEF, 0x3C, 0xFF, 0xEF, 0x3C, 0xFF, 0xEF, 0x3C,
    0xFF, 0xEF, 0x3C, 0xFF, 0xEF, 0x3C, 0xFF, 0xEF, 0x3C, 0xFF, 0xEF, 0x3C, 0xFF, 0xEF, 0x3D, 0xFF,
    0xEF, 0x5D, 0xFF, 0xEF, 0x5D, 0xFF, 0xEF, 0x5D, 0xFF, 0xEF, 0x5D, 0xFF, 0xEF, 0x5D, 0xFF, 0xEF,
    0x5D, 0xFF, 0xF7, 0x9E, 0xFF, 0xDE, 0xBB, 0xFF, 0xC5, 0xF8, 0xFF, 0xEF, 0x3C, 0xFF, 0xF7, 0x7D,
    0xFF, 0xEF, 0x3C, 0xFF, 0xEF, 0x5D, 0xFF, 0xEF, 0x5D, 0xFF, 0xEF, 0x5D, 0xFF, 0xEF, 0x5D, 0xFF,
    0xEF, 0x5D, 0xFF, 0xEF, 0x5D, 0xFF, 0xEF, 0x3D, 0xFF, 0xEF, 0x3D, 0xFF, 0xEF, 0x5D, 0xFF, 0xE6,
    0xFB, 0xFF, 0xE6, 0xDB, 0xFF, 0xEF, 0x3C, 0xFF, 0xEF, 0x5D, 0xFF, 0xEF, 0x3C, 0xFF, 0xEF, 0x3C,
    0xFF, 0xEF, 0x3C, 0xFF, 0xEF, 0x3C, 0xFF, 0xEF, 0x5C, 0xFF, 0xEF, 0x5C, 0xFF, 0xEF, 0x5C, 0xFF,
    0xEF, 0x3C, 0xFF, 0xEF, 0x3C, 0xFF, 0xEF, 0x5D, 0xFF, 0xEF, 0x5D, 0xFF, 0xEF, 0x3D, 0xFF, 0xEF,
    0x3D, 0xFF, 0xEF, 0x3D, 0xFF, 0xEF, 0x3C, 0xFF, 0xEF, 0x5D, 0xFF, 0xEF, 0x5C, 0xFF, 0xEF, 0x5C,
    0xFF, 0xEF, 0x5C, 0xFF, 0xEF, 0x3D, 0xFF, 0xEF, 0x3C, 0xFF, 0xEF, 0x3C, 0xFF, 0xF7, 0x7D, 0xFF,
    0xDE, 0xBB, 0xFF, 0xBD, 0xB7, 0xFF, 0xDE, 0x9A, 0xFF, 0xFF, 0x9E, 0xFF, 0xEF, 0x3C, 0xFF, 0xEF,
    0x5D, 0xFF, 0xEF, 0x5D, 0xFF, 0xEF, 0x5D, 0xFF, 0xEF, 0x5D, 0xFF, 0xFF, 0x9E, 0xFF, 0xDE, 0xBB,
    0xFF, 0xAD, 0x15, 0xFF, 0xDE, 0xBA, 0xFF, 0xF7, 0x7D, 0xFF, 0xEF, 0x1C, 0xFF, 0xEF, 0x3C, 0xFF,
    0xEF, 0x3D, 0xFF, 0xEF, 0x3D, 0xFF, 0xEF, 0x5D, 0xFF, 0xEF, 0x5D, 0xFF, 0xEF, 0x5D, 0xFF, 0xEF,
    0x5D, 0xFF, 0xEF, 0x7D, 0xFF, 0xEF, 0x3C, 0xFF, 0xFF, 0xFF, 0xFF, 0xC6, 0x18, 0xFF, 0xAD, 0x55,
    0xFF, 0xCE, 0x58, 0xFF, 0x7B, 0x8D, 0xFF, 0x6B, 0x09, 0xFF, 0xEF, 0x7B, 0xFF, 0xF7, 0x7A, 0xFF,
    0xF7, 0x9A, 0xFF, 0xEF, 0x39, 0xFF, 0xD6, 0x97, 0xFF, 0xA4, 0xF0, 0xFF, 0x73, 0x48, 0xFF, 0x93,
    0xE9, 0xFF, 0xBD, 0x4D, 0xFF, 0x5B, 0x06, 0xFF, 0x19, 0x81, 0xFF, 0x94, 0xCC, 0xFF, 0x9C, 0xCD,
    0xFF, 0x29, 0x83, 0xFF, 0x94, 0x6D, 0xFF, 0x73, 0x6A, 0xFF, 0x10, 0x81, 0xFF, 0x18, 0xE2, 0xFF,
    0x39, 0xC4, 0xFF, 0xA4, 0xCC, 0xFF, 0xFF, 0x93, 0xFF, 0x7B, 0xC9, 0xFF, 0x00, 0x00, 0xFF, 0x42,
    0x45, 0xFF, 0x9D, 0x0B, 0xFF, 0x84, 0x6A, 0xFF, 0x7C, 0x4B, 0xFF, 0x63, 0xC8, 0xFF, 0x42, 0x06,
    0xFF, 0xE7, 0x1B, 0xFF, 0xFF, 0xFF, 0xFF, 0xF7, 0x9E, 0xFF, 0xF7, 0x7D, 0xFF, 0xF7, 0x5D, 0xFF,
    0xFF, 0x7E, 0xFF, 0xBE, 0x53, 0xFF, 0x86, 0x07, 0xFE, 0xC7, 0xB0, 0xFE, 0xEF, 0xF9, 0xFE, 0xE7,
    0xD9, 0xFE, 0xE7, 0xB9, 0xFE, 0xE7, 0xB9, 0xFE, 0xEF, 0xDB, 0xFF, 0xE7, 0xF6, 0xFA, 0x9E, 0x2A,
    0xBA, 0x3B, 0x00, 0x46, 0x00, 0x05, 0x06, 0xFF, 0xE0, 0x01, 0x00, 0x00, 0x01, 0x00, 0x00, 0x00,
    0x00, 0x00, 0x00, 0x00, 0x00, 0x00, 0x00, 0x00, 0x00, 0x00, 0x00, 0x00, 0x00, 0x00, 0x00, 0x00,
    0x00, 0x00, 0x00, 0x00, 0x00, 0x00, 0x00, 0x00, 0x00, 0x00, 0x00, 0x00, 0x00, 0x00, 0x00, 0x00,
    0x00, 0x00, 0x00, 0x00, 0x00, 0x00, 0x00, 0x00, 0x00, 0x00, 0x00, 0x00, 0x04, 0x00, 0x00, 0x21,
    0x00, 0x00, 0x21, 0x00, 0x00, 0x04, 0x00, 0x00, 0x00, 0x00, 0x00, 0x00, 0x00, 0x00, 0x00, 0x00,
    0x00, 0x00, 0x00, 0x00, 0x00, 0x00, 0x00, 0x00, 0x00, 0x00, 0x00, 0x00, 0x00, 0x00, 0x00, 0x00,
    0x00, 0x00, 0x00, 0x00, 0x00, 0x00, 0x00, 0x00, 0x00, 0x00, 0x00, 0x00, 0x00, 0x00, 0x00, 0x00,
    0x00, 0x00, 0x00, 0x00, 0x00, 0x00, 0x00, 0x00, 0x00, 0x00, 0x00, 0x00, 0x00, 0x00, 0x00, 0x00,
    0x00, 0x00, 0x00, 0x00, 0x00, 0x00, 0x00, 0x00, 0x00, 0x00, 0x00, 0x10, 0x82, 0x0D, 0x73, 0x6E,
    0x5F, 0x6B, 0x8E, 0xB3, 0x85, 0x0C, 0xED, 0x85, 0x29, 0xFE, 0xA5, 0xD0, 0xFE, 0xB5, 0xD6, 0xFF,
    0x84, 0x51, 0xFF, 0x84, 0x10, 0xFF, 0xBD, 0xF7, 0xFF, 0xEF, 0x7D, 0xFF, 0xFF, 0xFF, 0xFF, 0xFF,
    0xFF, 0xFF, 0xEF, 0x7D, 0xFF, 0x52, 0x8A, 0xFF, 0x8C, 0x31, 0xFF, 0xF7, 0x9E, 0xFF, 0xFF, 0xBF,
    0xFF, 0xEF, 0x3C, 0xFF, 0xF7, 0x9E, 0xFF, 0xFF, 0xBE, 0xFF, 0xEF, 0x5D, 0xFF, 0xEF, 0x3C, 0xFF,
    0xEF, 0x3C, 0xFF, 0xEF, 0x3C, 0xFF, 0xEF, 0x3C, 0xFF, 0xEF, 0x3C, 0xFF, 0xEF, 0x3C, 0xFF, 0xEF,
    0x3C, 0xFF, 0xEF, 0x5C, 0xFF, 0xEF, 0x3C, 0xFF, 0xEF, 0x5D, 0xFF, 0xEF, 0x5D, 0xFF, 0xEF, 0x5D,
    0xFF, 0xEF, 0x5D, 0xFF, 0xF7, 0x5D, 0xFF, 0xF7, 0x7D, 0xFF, 0xEF, 0x5D, 0xFF, 0xC5, 0xF7, 0xFF,
    0xDE, 0xBB, 0xFF, 0xF7, 0x7D, 0xFF, 0xEF, 0x5D, 0xFF, 0xEF, 0x3C, 0xFF, 0xEF, 0x5D, 0xFF, 0xEF,
    0x5D, 0xFF, 0xEF, 0x5D, 0xFF, 0xEF, 0x5D, 0xFF, 0xEF, 0x5D, 0xFF, 0xEF, 0x5D, 0xFF, 0xEF, 0x5D,
    0xFF, 0xEF, 0x5D, 0xFF, 0xEF, 0x3D, 0xFF, 0xDE, 0x9A, 0xFF, 0xE6, 0xFB, 0xFF, 0xEF, 0x3C, 0xFF,
    0xEF, 0x3C, 0xFF, 0xEF, 0x3C, 0xFF, 0xEF, 0x3C, 0xFF, 0xEF, 0x3C, 0xFF, 0xEF, 0x3C, 0xFF, 0xEF,
    0x3C, 0xFF, 0xEF, 0x5D, 0xFF, 0xEF, 0x5C, 0xFF, 0xEF, 0x3C, 0xFF, 0xEF, 0x3C, 0xFF, 0xEF, 0x5D,
    0xFF, 0xEF, 0x3D, 0xFF, 0xEF, 0x3D, 0xFF, 0xEF, 0x3C, 0xFF, 0xEF, 0x3C, 0xFF, 0xEF, 0x3D, 0xFF,
    0xEF, 0x5D, 0xFF, 0xEF, 0x5D, 0xFF, 0xEF, 0x5D, 0xFF, 0xEF, 0x5C, 0xFF, 0xEF, 0x5C, 0xFF, 0xEF,
    0x3C, 0xFF, 0xEF, 0x3C, 0xFF, 0xF7, 0x5D, 0xFF, 0xEF, 0x3C, 0xFF, 0xC5, 0xF8, 0xFF, 0xD6, 0x59,
    0xFF, 0xF7, 0x7E, 0xFF, 0xEF, 0x5D, 0xFF, 0xEF, 0x5D, 0xFF, 0xEF, 0x5D, 0xFF, 0xEF, 0x5D, 0xFF,
    0xEF, 0x5D, 0xFF, 0xEF, 0x5D, 0xFF, 0xFF, 0xBE, 0xFF, 0xBD, 0xD7, 0xFF, 0xBD, 0xB7, 0xFF, 0xEF,
    0x3C, 0xFF, 0xF7, 0x7D, 0xFF, 0xEF, 0x3C, 0xFF, 0xEF, 0x3D, 0xFF, 0xEF, 0x3D, 0xFF, 0xEF, 0x5D,
    0xFF, 0xEF, 0x5D, 0xFF, 0xEF, 0x5D, 0xFF, 0xEF, 0x5D, 0xFF, 0xF7, 0x5D, 0xFF, 0xEF, 0x5D, 0xFF,
    0xF7, 0x7D, 0xFF, 0xF7, 0xBE, 0xFF, 0xC6, 0x18, 0xFF, 0x5A, 0xEB, 0xFF, 0x62, 0xC9, 0xFF, 0xD6,
    0x55, 0xFF, 0xFF, 0xFC, 0xFF, 0xF7, 0x58, 0xFF, 0xFF, 0x79, 0xFF, 0xFF, 0xFC, 0xFF, 0xE7, 0x3A,
    0xFF, 0xCE, 0x56, 0xFF, 0xB5, 0x31, 0xFF, 0x94, 0x0B, 0xFF, 0xC5, 0x4E, 0xFF, 0x73, 0xA8, 0xFF,
    0x29, 0xA2, 0xFF, 0xA5, 0x2E, 0xFF, 0xEF, 0x36, 0xFF, 0x7B, 0xCB, 0xFF, 0x7B, 0x8A, 0xFF, 0x84,
    0x0C, 0xFF, 0x08, 0x40, 0xFF, 0x00, 0x00, 0xFF, 0x08, 0x60, 0xFF, 0x31, 0xA3, 0xFF, 0x94, 0x4B,
    0xFF, 0x9C, 0x8C, 0xFF, 0x52, 0xA6, 0xFF, 0x29, 0xE3, 0xFF, 0x32, 0x23, 0xFF, 0x42, 0xC3, 0xFF,
    0x5B, 0xA4, 0xFF, 0x5C, 0x25, 0xFF, 0x4A, 0xC7, 0xFF, 0xE6, 0xFB, 0xFF, 0xFF, 0xFF, 0xFF, 0xFF,
    0xDF, 0xFF, 0xF7, 0x9E, 0xFF, 0xF7, 0x9E, 0xFF, 0xF7, 0x7E, 0xFF, 0xAE, 0x50, 0xFF, 0x8E, 0x68,
    0xFF, 0xD7, 0xF3, 0xFF, 0xE7, 0xB9, 0xFE, 0xDF, 0xB8, 0xFF, 0xE7, 0xB8, 0xFF, 0xE7, 0xB9, 0xFF,
    0xE7, 0xB9, 0xFD, 0xEF, 0xDA, 0xFC, 0xBE, 0xEF, 0xE4, 0x64, 0x63, 0x6E, 0x00, 0x00, 0x11, 0xFF,
    0xFF, 0x01, 0x00, 0x00, 0x01, 0x00, 0x00, 0x00, 0x00, 0x00, 0x00, 0x00, 0x00, 0x00, 0x00, 0x00,
    0x00, 0x00, 0x00, 0x00, 0x00, 0x00, 0x00, 0x00, 0x00, 0x00, 0x00, 0x00, 0x00, 0x00, 0x00, 0x00,
    0x00, 0x00, 0x00, 0x00, 0x00, 0x00, 0x00, 0x00, 0x00, 0x00, 0x00, 0x00, 0x00, 0x00, 0x00, 0x00,
    0x00, 0x00, 0x00, 0x00, 0x04, 0x00, 0x00, 0x21, 0x00, 0x00, 0x21, 0x00, 0x00, 0x04, 0x00, 0x00,
    0x00, 0x00, 0x00, 0x00, 0x00, 0x00, 0x00, 0x00, 0x00, 0x00, 0x00, 0x00, 0x00, 0x00, 0x00, 0x00,
    0x00, 0x00, 0x00, 0x00, 0x00, 0x00, 0x00, 0x00, 0x00, 0x00, 0x00, 0x00, 0x00, 0x00, 0x00, 0x00,
    0x00, 0x00, 0x00, 0x00, 0x00, 0x00, 0x00, 0x00, 0x00, 0x00, 0x00, 0x00, 0x00, 0x00, 0x00, 0x00,
    0x00, 0x00, 0x00, 0x00, 0x00, 0x00, 0x00, 0x00, 0x00, 0x00, 0x00, 0x00, 0x00, 0x00, 0x00, 0x01,
    0x00, 0x00, 0x00, 0x00, 0x00, 0x14, 0x7B, 0xAF, 0x71, 0x52, 0xEA, 0xDA, 0x85, 0x0B, 0xFF, 0x85,
    0x0A, 0xFF, 0x74, 0x4C, 0xFE, 0x73, 0xCE, 0xFF, 0x8C, 0x72, 0xFF, 0xE7, 0x1C, 0xFF, 0xFF, 0xFF,
    0xFF, 0xFF, 0xFF, 0xFF, 0xF7, 0xBE, 0xFF, 0xFF, 0xFF, 0xFF, 0x94, 0x71, 0xFF, 0x5A, 0x8A, 0xFF,
    0xDE, 0xFC, 0xFF, 0xFF, 0xFF, 0xFF, 0xF7, 0x5D, 0xFF, 0xF7, 0x9E, 0xFF, 0xFF, 0xDF, 0xFF, 0xF7,
    0x7E, 0xFF, 0xEF, 0x3C, 0xFF, 0xEF, 0x3C, 0xFF, 0xEF, 0x3C, 0xFF, 0xEF, 0x3C, 0xFF, 0xEF, 0x3C,
    0xFF, 0xEF, 0x3C, 0xFF, 0xEF, 0x3C, 0xFF, 0xEF, 0x3C, 0xFF, 0xEF, 0x5C, 0xFF, 0xEF, 0x5D, 0xFF,
    0xEF, 0x5D, 0xFF, 0xEF, 0x5D, 0xFF, 0xEF, 0x5D, 0xFF, 0xEF, 0x5D, 0xFF, 0xF7, 0x7D, 0xFF, 0xF7,
    0x9E, 0xFF, 0xD6, 0x7A, 0xFF, 0xCE, 0x18, 0xFF, 0xF7, 0x5D, 0xFF, 0xEF, 0x5D, 0xFF, 0xEF, 0x3C,
    0xFF, 0xEF, 0x3C, 0xFF, 0xEF, 0x5D, 0xFF, 0xEF, 0x5D, 0xFF, 0xEF, 0x5D, 0xFF, 0xEF, 0x5D, 0xFF,
    0xEF, 0x5D, 0xFF, 0xEF, 0x5D, 0xFF, 0xEF, 0x5D, 0xFF, 0xEF, 0x5D, 0xFF, 0xE7, 0x1C, 0xFF, 0xD6,
    0x79, 0xFF, 0xE7, 0x1B, 0xFF, 0xEF, 0x5C, 0xFF, 0xEF, 0x3C, 0xFF, 0xEF, 0x3C, 0xFF, 0xEF, 0x3C,
    0xFF, 0xEF, 0x3C, 0xFF, 0xEF, 0x3C, 0xFF, 0xEF, 0x3C, 0xFF, 0xEF, 0x5D, 0xFF, 0xEF, 0x5D, 0xFF,
    0xEF, 0x3C, 0xFF, 0xEF, 0x3D, 0xFF, 0xEF, 0x5D, 0xFF, 0xEF, 0x3D, 0xFF, 0xEF, 0x3D, 0xFF, 0xEF,
    0x3C, 0xFF, 0xEF, 0x3C, 0xFF, 0xEF, 0x5D, 0xFF, 0xEF, 0x5D, 0xFF, 0xEF, 0x5D, 0xFF, 0xEF, 0x5D,
    0xFF, 0xEF, 0x3D, 0xFF, 0xEF, 0x5C, 0xFF, 0xEF, 0x3C, 0xFF, 0xEF, 0x3D, 0xFF, 0xEF, 0x5D, 0xFF,
    0xF7, 0x7D, 0xFF, 0xD6, 0x59, 0xFF, 0xCE, 0x39, 0xFF, 0xEF, 0x5D, 0xFF, 0xF7, 0x7D, 0xFF, 0xEF,
    0x5D, 0xFF, 0xEF, 0x5D, 0xFF, 0xEF, 0x5D, 0xFF, 0xEF, 0x5D, 0xFF, 0xEF, 0x5D, 0xFF, 0xF7, 0x9E,
    0xFF, 0xEF, 0x5D, 0xFF, 0xB5, 0x75, 0xFF, 0xD6, 0x59, 0xFF, 0xF7, 0x9E, 0xFF, 0xEF, 0x3C, 0xFF,
    0xEF, 0x3C, 0xFF, 0xEF, 0x5D, 0xFF, 0xEF, 0x5D, 0xFF, 0xEF, 0x5D, 0xFF, 0xEF, 0x5D, 0xFF, 0xEF,
    0x5D, 0xFF, 0xF7, 0x7D, 0xFF, 0xF7, 0x7D, 0xFF, 0xEF, 0x3C, 0xFF, 0xFF, 0xDF, 0xFF, 0xDF, 0x1C,
    0xFF, 0x52, 0x89, 0xFF, 0x6B, 0x09, 0xFF, 0xFF, 0xBA, 0xFF, 0xEF, 0x17, 0xFF, 0xF7, 0x38, 0xFF,
    0xF7, 0x79, 0xFF, 0xB5, 0x93, 0xFF, 0x4A, 0x67, 0xFF, 0x4A, 0x27, 0xFF, 0x94, 0x4F, 0xFF, 0xAC,
    0xCF, 0xFF, 0xCD, 0x6F, 0xFF, 0xA4, 0x8B, 0xFF, 0x42, 0x65, 0xFF, 0x84, 0x4C, 0xFF, 0xFF, 0xB8,
    0xFF, 0xCE, 0x54, 0xFF, 0x7B, 0x89, 0xFF, 0x5A, 0xC7, 0xFF, 0x42, 0x05, 0xFF, 0x7B, 0xEB, 0xFF,
    0x52, 0xC7, 0xFF, 0x19, 0x01, 0xFF, 0x19, 0x01, 0xFF, 0x6B, 0x68, 0xFF, 0x94, 0xCC, 0xFF, 0x42,
    0x85, 0xFF, 0x08, 0xE0, 0xFF, 0x42, 0xE4, 0xFF, 0x74, 0xA6, 0xFF, 0x6C, 0x66, 0xFF, 0x42, 0x64,
    0xFF, 0xCE, 0x58, 0xFF, 0xFF, 0xFF, 0xFF, 0xFF, 0xBF, 0xFF, 0xEF, 0x7D, 0xFF, 0xF7, 0x9E, 0xFF,
    0xE7, 0x3C, 0xFF, 0x9E, 0x2E, 0xFF, 0x8E, 0x88, 0xFF, 0xD7, 0xD4, 0xFF, 0xE7, 0xB9, 0xFF, 0xE7,
    0xB8, 0xFF, 0xE7, 0xB9, 0xFF, 0xE7, 0xB9, 0xFF, 0xE7, 0x99, 0xFE, 0xEF, 0xDB, 0xFE, 0xC7, 0x30,
    0xFA, 0x6C, 0xC4, 0x82, 0x00, 0x00, 0x15, 0x00, 0x00, 0x00, 0x07, 0xE0, 0x01, 0x00, 0x00, 0x00,
    0x00, 0x00, 0x00, 0x00, 0x00, 0x00, 0x00, 0x00, 0x00, 0x00, 0x00, 0x00, 0x00, 0x00, 0x00, 0x00,
    0x00, 0x00, 0x00, 0x00, 0x00, 0x00, 0x00, 0x00, 0x00, 0x00, 0x00, 0x00, 0x00, 0x00, 0x00, 0x00,
    0x00, 0x00, 0x00, 0x00, 0x00, 0x00, 0x00, 0x00, 0x00, 0x00, 0x00, 0x00, 0x04, 0x00, 0x00, 0x21,
    0x00, 0x00, 0x21, 0x00, 0x00, 0x04, 0x00, 0x00, 0x00, 0x00, 0x00, 0x00, 0x00, 0x00, 0x00, 0x00,
    0x00, 0x00, 0x00, 0x00, 0x00, 0x00, 0x00, 0x00, 0x00, 0x00, 0x00, 0x00, 0x00, 0x00, 0x00, 0x00,
    0x00, 0x00, 0x00, 0x00, 0x00, 0x00, 0x00, 0x00, 0x00, 0x00, 0x00, 0x00, 0x00, 0x00, 0x00, 0x00,
    0x00, 0x00, 0x00, 0x00, 0x00, 0x00, 0x00, 0x00, 0x00, 0x00, 0x00, 0x00, 0x00, 0x00, 0x00, 0x00,
    0x00, 0x00, 0x00, 0x00, 0x00, 0x00, 0x00, 0x00, 0x00, 0x00, 0x0B, 0x6B, 0x4D, 0x57, 0xB5, 0x96,
    0xAC, 0x74, 0x0C, 0xF0, 0x7C, 0xCA, 0xFE, 0x5B, 0xC7, 0xFF, 0x4A, 0xE9, 0xFF, 0x9D, 0x14, 0xFF,
    0xFF, 0xBE, 0xFF, 0xFF, 0xFF, 0xFF, 0xF7, 0x7D, 0xFF, 0xF7, 0x9D, 0xFF, 0xFF, 0xFF, 0xFF, 0xDE,
    0xDB, 0xFF, 0x4A, 0x29, 0xFF, 0xB5, 0x96, 0xFF, 0xFF, 0xFF, 0xFF, 0xFF, 0xBE, 0xFF, 0xF7, 0x7D,
    0xFF, 0xFF, 0xBE, 0xFF, 0xF7, 0xBE, 0xFF, 0xEF, 0x5C, 0xFF, 0xEF, 0x3D, 0xFF, 0xEF, 0x3C, 0xFF,
    0xEF, 0x3C, 0xFF, 0xEF, 0x3C, 0xFF, 0xEF, 0x3C, 0xFF, 0xEF, 0x5C, 0xFF, 0xEF, 0x3C, 0xFF, 0xEF,
    0x3C, 0xFF, 0xEF, 0x3C, 0xFF, 0xEF, 0x5D, 0xFF, 0xEF, 0x5D, 0xFF, 0xEF, 0x5D, 0xFF, 0xF7, 0x7D,
    0xFF, 0xF7, 0x7D, 0xFF, 0xF7, 0x7D, 0xFF, 0xEF, 0x3C, 0xFF, 0xBD, 0xD7, 0xFF, 0xE7, 0x1C, 0xFF,
    0xF7, 0x5D, 0xFF, 0xEF, 0x3C, 0xFF, 0xEF, 0x3C, 0xFF, 0xEF, 0x3D, 0xFF, 0xEF, 0x5D, 0xFF, 0xEF,
    0x5D, 0xFF, 0xEF, 0x5D, 0xFF, 0xEF, 0x5D, 0xFF, 0xEF, 0x5D, 0xFF, 0xEF, 0x5D, 0xFF, 0xEF, 0x5D,
    0xFF, 0xF7, 0x7D, 0xFF, 0xDE, 0xBA, 0xFF, 0xD6, 0x79, 0xFF, 0xEF, 0x3C, 0xFF, 0xEF, 0x5D, 0xFF,
    0xEF, 0x3C, 0xFF, 0xEF, 0x3C, 0xFF, 0xEF, 0x3C, 0xFF, 0xEF, 0x3C, 0xFF, 0xEF, 0x3C, 0xFF, 0xEF,
    0x3C, 0xFF, 0xEF, 0x5D, 0xFF, 0xEF, 0x3D, 0xFF, 0xEF, 0x3C, 0xFF, 0xEF, 0x3C, 0xFF, 0xEF, 0x3C,
    0xFF, 0xEF, 0x5C, 0xFF, 0xEF, 0x5C, 0xFF, 0xEF, 0x3C, 0xFF, 0xEF, 0x3C, 0xFF, 0xEF, 0x3D, 0xFF,
    0xEF, 0x5D, 0xFF, 0xEF, 0x5C, 0xFF, 0xEF, 0x5C, 0xFF, 0xEF, 0x3C, 0xFF, 0xEF, 0x5D, 0xFF, 0xEF,
    0x5D, 0xFF, 0xEF, 0x5D, 0xFF, 0xEF, 0x3C, 0xFF, 0xF7, 0x7D, 0xFF, 0xDE, 0xDB, 0xFF, 0xCE, 0x59,
    0xFF, 0xEF, 0x1C, 0xFF, 0xF7, 0x9D, 0xFF, 0xEF, 0x5D, 0xFF, 0xEF, 0x5D, 0xFF, 0xEF, 0x5D, 0xFF,
    0xEF, 0x5D, 0xFF, 0xEF, 0x5D, 0xFF, 0xEF, 0x5D, 0xFF, 0xFF, 0xBE, 0xFF, 0xCE, 0x59, 0xFF, 0xBD,
    0xB6, 0xFF, 0xE6, 0xFC, 0xFF, 0xF7, 0x9E, 0xFF, 0xEF, 0x3C, 0xFF, 0xEF, 0x5D, 0xFF, 0xEF, 0x5D,
    0xFF, 0xEF, 0x5D, 0xFF, 0xEF, 0x5D, 0xFF, 0xEF, 0x5D, 0xFF, 0xEF, 0x5D, 0xFF, 0xEF, 0x5D, 0xFF,
    0xEF, 0x3C, 0xFF, 0xF7, 0x9E, 0xFF, 0xE7, 0x1C, 0xFF, 0x7B, 0xAD, 0xFF, 0x94, 0x6D, 0xFF, 0xFF,
    0xDA, 0xFF, 0xEE, 0xF6, 0xFF, 0xFF, 0x99, 0xFF, 0xD6, 0x75, 0xFF, 0x29, 0x64, 0xFF, 0x00, 0x00,
    0xFF, 0x00, 0x00, 0xFF, 0x00, 0x00, 0xFF, 0x31, 0x64, 0xFF, 0x83, 0x8A, 0xFF, 0xB5, 0x2D, 0xFF,
    0x73, 0xC8, 0xFF, 0x6B, 0x88, 0xFF, 0xE6, 0xF5, 0xFF, 0xEF, 0x17, 0xFF, 0xAD, 0x2F, 0xFF, 0x39,
    0xC3, 0xFF, 0x9C, 0xCE, 0xFF, 0xF7, 0xB6, 0xFF, 0x8C, 0x6B, 0xFF, 0x3A, 0x43, 0xFF, 0x21, 0xA1,
    0xFF, 0x11, 0x00, 0xFF, 0x31, 0xA3, 0xFF, 0x4A, 0x65, 0xFF, 0x29, 0xE3, 0xFF, 0x32, 0x63, 0xFF,
    0x5B, 0xE5, 0xFF, 0x64, 0x25, 0xFF, 0x32, 0x42, 0xFF, 0x94, 0xB0, 0xFF, 0xF7, 0x9E, 0xFF, 0xF7,
    0x9E, 0xFF, 0xEF, 0x3C, 0xFF, 0xF7, 0x7E, 0xFF, 0xEF, 0x3C, 0xFF, 0x9E, 0x0E, 0xFF, 0x8E, 0x26,
    0xFF, 0xD7, 0xB3, 0xFF, 0xE7, 0xBA, 0xFF, 0xE7, 0x99, 0xFF, 0xE7, 0xB9, 0xFF, 0xEF, 0xB9, 0xFF,
    0xEF, 0x9A, 0xFF, 0xEF, 0xDA, 0xFE, 0xB6, 0xCE, 0xE7, 0x5C, 0x23, 0x6F, 0x00, 0x00, 0x0F, 0x00,
    0x00, 0x00, 0x07, 0xE0, 0x01, 0x00, 0x00, 0x00, 0x00, 0x00, 0x00, 0x00, 0x00, 0x00, 0x00, 0x00,
    0x00, 0x00, 0x00, 0x00, 0x00, 0x00, 0x00, 0x00, 0x00, 0x00, 0x00, 0x00, 0x00, 0x00, 0x00, 0x00,
    0x00, 0x00, 0x00, 0x00, 0x00, 0x00, 0x00, 0x00, 0x00, 0x00, 0x00, 0x00, 0x00, 0x00, 0x00, 0x00,
    0x00, 0x00, 0x00, 0x00, 0x04, 0x00, 0x00, 0x21, 0x00, 0x00, 0x21, 0x00, 0x00, 0x04, 0x00, 0x00,
    0x00, 0x00, 0x00, 0x00, 0x00, 0x00, 0x00, 0x00, 0x00, 0x00, 0x00, 0x00, 0x00, 0x00, 0x00, 0x00,
    0x00, 0x00, 0x00, 0x00, 0x00, 0x00, 0x00, 0x00, 0x00, 0x00, 0x00, 0x00, 0x00, 0x00, 0x00, 0x00,
    0x00, 0x00, 0x00, 0x00, 0x00, 0x00, 0x00, 0x00, 0x00, 0x00, 0x00, 0x00, 0x00, 0x00, 0x00, 0x00,
    0x00, 0x00, 0x00, 0x00, 0x00, 0x00, 0x00, 0x00, 0x00, 0x00, 0x00, 0x00, 0x00, 0x00, 0x00, 0x04,
    0x4A, 0x08, 0x46, 0xDE, 0xDB, 0xC1, 0xBD, 0xF7, 0xF6, 0x74, 0x2B, 0xFF, 0x53, 0xA6, 0xFF, 0x53,
    0x69, 0xFF, 0xB5, 0xB6, 0xFF, 0xFF, 0xFF, 0xFF, 0xFF, 0xBE, 0xFF, 0xEF, 0x5C, 0xFF, 0xF7, 0x7D,
    0xFF, 0xFF, 0xBE, 0xFF, 0xF7, 0xBE, 0xFF, 0x73, 0x8E, 0xFF, 0x73, 0x8E, 0xFF, 0xF7, 0x9D, 0xFF,
    0xFF, 0xFF, 0xFF, 0xF7, 0x5D, 0xFF, 0xFF, 0xBE, 0xFF, 0xFF, 0xBE, 0xFF, 0xF7, 0x7D, 0xFF, 0xEF,
    0x5D, 0xFF, 0xEF, 0x5D, 0xFF, 0xEF, 0x3C, 0xFF, 0xEF, 0x5C, 0xFF, 0xEF, 0x3D, 0xFF, 0xEF, 0x5C,
    0xFF, 0xEF, 0x5C, 0xFF, 0xEF, 0x3C, 0xFF, 0xEF, 0x3C, 0xFF, 0xEF, 0x5D, 0xFF, 0xEF, 0x5D, 0xFF,
    0xEF, 0x5C, 0xFF, 0xF7, 0x7D, 0xFF, 0xF7, 0x9D, 0xFF, 0xF7, 0x9D, 0xFF, 0xF7, 0x7D, 0xFF, 0xCE,
    0x59, 0xFF, 0xCE, 0x59, 0xFF, 0xF7, 0x7D, 0xFF, 0xEF, 0x5D, 0xFF, 0xEF, 0x3D, 0xFF, 0xEF, 0x3C,
    0xFF, 0xEF, 0x3D, 0xFF, 0xEF, 0x3C, 0xFF, 0xEF, 0x3C, 0xFF, 0xEF, 0x3D, 0xFF, 0xEF, 0x5D, 0xFF,
    0xEF, 0x5D, 0xFF, 0xEF, 0x5D, 0xFF, 0xEF, 0x5D, 0xFF, 0xF7, 0x7D, 0xFF, 0xD6, 0x59, 0xFF, 0xDE,
    0xBA, 0xFF, 0xEF, 0x5D, 0xFF, 0xEF, 0x3C, 0xFF, 0xEF, 0x3C, 0xFF, 0xEF, 0x3C, 0xFF, 0xEF, 0x3C,
    0xFF, 0xEF, 0x3C, 0xFF, 0xEF, 0x3C, 0xFF, 0xEF, 0x3C, 0xFF, 0xEF, 0x5D, 0xFF, 0xEF, 0x5D, 0xFF,
    0xEF, 0x3D, 0xFF, 0xEF, 0x5C, 0xFF, 0xEF, 0x3C, 0xFF, 0xEF, 0x3D, 0xFF, 0xEF, 0x5D, 0xFF, 0xEF,
    0x5C, 0xFF, 0xEF, 0x3C, 0xFF, 0xEF, 0x3D, 0xFF, 0xEF, 0x5D, 0xFF, 0xEF, 0x5C, 0xFF, 0xEF, 0x5C,
    0xFF, 0xEF, 0x5D, 0xFF, 0xEF, 0x5D, 0xFF, 0xEF, 0x5D, 0xFF, 0xEF, 0x5D, 0xFF, 0xEF, 0x3C, 0xFF,
    0xF7, 0x7D, 0xFF, 0xEF, 0x3C, 0xFF, 0xD6, 0x7A, 0xFF, 0xE6, 0xFB, 0xFF, 0xF7, 0x9E, 0xFF, 0xEF,
    0x5D, 0xFF, 0xEF, 0x5D, 0xFF, 0xEF, 0x5D, 0xFF, 0xEF, 0x5D, 0xFF, 0xEF, 0x5D, 0xFF, 0xEF, 0x5D,
    0xFF, 0xEF, 0x5D, 0xFF, 0xF7, 0x9E, 0xFF, 0xC5, 0xF7, 0xFF, 0xCE, 0x38, 0xFF, 0xF7, 0x9E, 0xFF,
    0xEF, 0x3C, 0xFF, 0xEF, 0x3D, 0xFF, 0xF7, 0x7D, 0xFF, 0xF7, 0x9E, 0xFF, 0xF7, 0x5D, 0xFF, 0xEF,
    0x3D, 0xFF, 0xEF, 0x5C, 0xFF, 0xEF, 0x5D, 0xFF, 0xEF, 0x1C, 0xFF, 0xFF, 0xFF, 0xFF, 0xBD, 0xD7,
    0xFF, 0x63, 0x0A, 0xFF, 0xB5, 0x71, 0xFF, 0xFF, 0xB9, 0xFF, 0xF7, 0x17, 0xFF, 0xFF, 0x79, 0xFF,
    0x84, 0x0D, 0xFF, 0x00, 0x00, 0xFF, 0x08, 0x81, 0xFF, 0x10, 0xC1, 0xFF, 0x21, 0x22, 0xFF, 0x19,
    0x02, 0xFF, 0x08, 0x81, 0xFF, 0x63, 0x07, 0xFF, 0x8C, 0x29, 0xFF, 0x6B, 0x87, 0xFF, 0xC5, 0xF2,
    0xFF, 0xF7, 0x59, 0xFF, 0xE6, 0xF6, 0xFF, 0x8C, 0x2B, 0xFF, 0xC6, 0x30, 0xFF, 0xAD, 0x8C, 0xFF,
    0x5B, 0x44, 0xFF, 0x3A, 0x82, 0xFF, 0x32, 0x23, 0xFF, 0x19, 0x42, 0xFF, 0x00, 0x60, 0xFF, 0x4A,
    0x45, 0xFF, 0x84, 0x09, 0xFF, 0x32, 0x23, 0xFF, 0x2A, 0x42, 0xFF, 0x5B, 0xE5, 0xFF, 0x42, 0xC3,
    0xFF, 0x63, 0x28, 0xFF, 0xEF, 0x5C, 0xFF, 0xFF, 0xBF, 0xFF, 0xEF, 0x3C, 0xFF, 0xEF, 0x5D, 0xFF,
    0xF7, 0x7E, 0xFF, 0xBE, 0x94, 0xFF, 0x85, 0xC6, 0xFF, 0xAF, 0x0C, 0xFF, 0xE7, 0xB7, 0xFF, 0xEF,
    0xB9, 0xFF, 0xEF, 0xDA, 0xFF, 0xEF, 0xBA, 0xFF, 0xEF, 0xDB, 0xFF, 0xD7, 0x94, 0xEC, 0x8D, 0xC8,
    0xAD, 0x3A, 0xE0, 0x40, 0x00, 0x00, 0x04, 0x00, 0x00, 0x00, 0x00, 0x00, 0x01, 0x00, 0x00, 0x00,
    0x00, 0x00, 0x00, 0x00, 0x00, 0x00, 0x00, 0x00, 0x00, 0x00, 0x00, 0x00, 0x00, 0x00, 0x00, 0x00,
    0x00, 0x00, 0x00, 0x00, 0x00, 0x00, 0x00, 0x00, 0x00, 0x00, 0x00, 0x00, 0x00, 0x00, 0x00, 0x00,
    0x00, 0x00, 0x00, 0x00, 0x00, 0x00, 0x00, 0x00, 0x00, 0x00, 0x00, 0x00, 0x04, 0x00, 0x00, 0x21,
    0x00, 0x00, 0x21, 0x00, 0x00, 0x04, 0x00, 0x00, 0x00, 0x00, 0x00, 0x00, 0x00, 0x00, 0x00, 0x00,
    0x00, 0x00, 0x00, 0x00, 0x00, 0x00, 0x00, 0x00, 0x00, 0x00, 0x00, 0x00, 0x00, 0x00, 0x00, 0x00,
    0x00, 0x00, 0x00, 0x00, 0x00, 0x00, 0x00, 0x00, 0x00, 0x00, 0x00, 0x00, 0x00, 0x00, 0x00, 0x00,
    0x00, 0x00, 0x00, 0x00, 0x00, 0x00, 0x00, 0x00, 0x00, 0x00, 0x00, 0x00, 0x00, 0x00, 0x00, 0x00,
    0x00, 0x00, 0x00, 0x00, 0x01, 0x29, 0x04, 0x32, 0xBD, 0xD7, 0xA6, 0xFF, 0xFF, 0xF1, 0x84, 0x70,
    0xFE, 0x4A, 0xE6, 0xFF, 0x53, 0x48, 0xFF, 0xCE, 0x78, 0xFF, 0xFF, 0xFF, 0xFF, 0xF7, 0x5C, 0xFF,
    0xEF, 0x3C, 0xFF, 0xEF, 0x5C, 0xFF, 0xF7, 0x7D, 0xFF, 0xFF, 0xDE, 0xFF, 0xBD, 0xD7, 0xFF, 0x4A,
    0x49, 0xFF, 0xD6, 0x79, 0xFF, 0xFF, 0xDF, 0xFF, 0xF7, 0x9D, 0xFF, 0xF7, 0x7D, 0xFF, 0xF7, 0x9E,
    0xFF, 0xF7, 0x7D, 0xFF, 0xF7, 0x7D, 0xFF, 0xF7, 0x7D, 0xFF, 0xEF, 0x3C, 0xFF, 0xEF, 0x3C, 0xFF,
    0xEF, 0x5D, 0xFF, 0xEF, 0x5D, 0xFF, 0xEF, 0x5D, 0xFF, 0xEF, 0x5D, 0xFF, 0xEF, 0x5D, 0xFF, 0xEF,
    0x5D, 0xFF, 0xEF, 0x3C, 0xFF, 0xEF, 0x5D, 0xFF, 0xF7, 0x9D, 0xFF, 0xFF, 0xBE, 0xFF, 0xF7, 0x7D,
    0xFF, 0xF7, 0x7D, 0xFF, 0xE7, 0x1C, 0xFF, 0xBD, 0xD7, 0xFF, 0xEF, 0x3C, 0xFF, 0xF7, 0x5D, 0xFF,
    0xEF, 0x3D, 0xFF, 0xEF, 0x3D, 0xFF, 0xEF, 0x5D, 0xFF, 0xEF, 0x3C, 0xFF, 0xEF, 0x3C, 0xFF, 0xEF,
    0x3D, 0xFF, 0xEF, 0x5D, 0xFF, 0xEF, 0x5D, 0xFF, 0xEF, 0x5D, 0xFF, 0xEF, 0x3D, 0xFF, 0xF7, 0x5D,
    0xFF, 0xEF, 0x3C, 0xFF, 0xC6, 0x18, 0xFF, 0xE6, 0xFB, 0xFF, 0xEF, 0x5D, 0xFF, 0xEF, 0x3C, 0xFF,
    0xEF, 0x3C, 0xFF, 0xEF, 0x3C, 0xFF, 0xEF, 0x3C, 0xFF, 0xEF, 0x3C, 0xFF, 0xEF, 0x3C, 0xFF, 0xEF,
    0x3C, 0xFF, 0xEF, 0x5C, 0xFF, 0xEF, 0x5C, 0xFF, 0xEF, 0x5D, 0xFF, 0xEF, 0x3D, 0xFF, 0xEF, 0x5D,
    0xFF, 0xEF, 0x5C, 0xFF, 0xEF, 0x3D, 0xFF, 0xEF, 0x3C, 0xFF, 0xEF, 0x3C, 0xFF, 0xEF, 0x3D, 0xFF,
    0xEF, 0x3C, 0xFF, 0xEF, 0x5D, 0xFF, 0xEF, 0x5D, 0xFF, 0xEF, 0x5D, 0xFF, 0xEF, 0x5C, 0xFF, 0xEF,
    0x3C, 0xFF, 0xEF, 0x5D, 0xFF, 0xEF, 0x5D, 0xFF, 0xF7, 0x7D, 0xFF, 0xEF, 0x5D, 0xFF, 0xDE, 0xBB,
    0xFF, 0xDE, 0xDB, 0xFF, 0xF7, 0x7E, 0xFF, 0xEF, 0x5D, 0xFF, 0xEF, 0x5D, 0xFF, 0xEF, 0x5D, 0xFF,
    0xEF, 0x5D, 0xFF, 0xEF, 0x5D, 0xFF, 0xEF, 0x5D, 0xFF, 0xEF, 0x5D, 0xFF, 0xFF, 0xBE, 0xFF, 0xDE,
    0xFB, 0xFF, 0xC5, 0xF7, 0xFF, 0xDE, 0xDB, 0xFF, 0xFF, 0x9E, 0xFF, 0xEF, 0x3C, 0xFF, 0xF7, 0x7D,
    0xFF, 0xFF, 0xBE, 0xFF, 0xF7, 0x9E, 0xFF, 0xEF, 0x5C, 0xFF, 0xEF, 0x3C, 0xFF, 0xEF, 0x5C, 0xFF,
    0xEF, 0x3C, 0xFF, 0xFF, 0xFF, 0xFF, 0x84, 0x30, 0xFF, 0x5A, 0xC9, 0xFF, 0xDE, 0xB5, 0xFF, 0xF7,
    0x37, 0xFF, 0xFF, 0x58, 0xFF, 0xEF, 0x38, 0xFF, 0x4A, 0x67, 0xFF, 0x00, 0x00, 0xFF, 0x00, 0x40,
    0xFF, 0x29, 0x21, 0xFF, 0x9C, 0x8C, 0xFF, 0xD6, 0x96, 0xFF, 0x8C, 0x6F, 0xFF, 0x31, 0xA4, 0xFF,
    0x4A, 0x23, 0xFF, 0x9C, 0xAB, 0xFF, 0xD6, 0x93, 0xFF, 0xF7, 0x7A, 0xFF, 0xF7, 0x59, 0xFF, 0xB5,
    0x8F, 0xFF, 0x8C, 0x88, 0xFF, 0x74, 0x25, 0xFF, 0x5B, 0xC3, 0xFF, 0x4B, 0x23, 0xFF, 0x29, 0xE2,
    0xFF, 0x19, 0x21, 0xFF, 0x39, 0x83, 0xFF, 0x83, 0x88, 0xFF, 0xBD, 0x2D, 0xFF, 0x7B, 0xA9, 0xFF,
    0x08, 0xC1, 0xFF, 0x21, 0xE2, 0xFF, 0x5B, 0xA6, 0xFF, 0x4A, 0xA4, 0xFF, 0xCE, 0x77, 0xFF, 0xFF,
    0xFF, 0xFF, 0xF7, 0x7E, 0xFF, 0xEF, 0x3C, 0xFF, 0xF7, 0x5E, 0xFF, 0xEF, 0x3B, 0xFF, 0xA6, 0x2D,
    0xFF, 0x75, 0x84, 0xFF, 0x9E, 0x6A, 0xFF, 0xC7, 0x31, 0xFF, 0xD7, 0x74, 0xFF, 0xDF, 0x96, 0xFF,
    0xC7, 0x54, 0xF9, 0x8E, 0x09, 0xC3, 0x4B, 0xA1, 0x66, 0x08, 0xE0, 0x1A, 0x00, 0x00, 0x00, 0x00,
    0x00, 0x00, 0x00, 0x00, 0x00, 0x00, 0x00, 0x00, 0x00, 0x00, 0x00, 0x00, 0x00, 0x00, 0x00, 0x00,
    0x00, 0x00, 0x00, 0x00, 0x00, 0x00, 0x00, 0x00, 0x00, 0x00, 0x00, 0x00, 0x00, 0x00, 0x00, 0x00,
    0x00, 0x00, 0x00, 0x00, 0x00, 0x00, 0x00, 0x00, 0x00, 0x00, 0x00, 0x00, 0x00, 0x00, 0x00, 0x00,
    0x00, 0x00, 0x00, 0x00, 0x04, 0x00, 0x00, 0x21, 0x00, 0x00, 0x21, 0x00, 0x00, 0x04, 0x00, 0x00,
    0x00, 0x00, 0x00, 0x00, 0x00, 0x00, 0x00, 0x00, 0x00, 0x00, 0x00, 0x00, 0x00, 0x00, 0x00, 0x00,
    0x00, 0x00, 0x00, 0x00, 0x00, 0x00, 0x00, 0x00, 0x00, 0x00, 0x00, 0x00, 0x00, 0x00, 0x00, 0x00,
    0x00, 0x00, 0x00, 0x00, 0x00, 0x00, 0x00, 0x00, 0x00, 0x00, 0x00, 0x00, 0x00, 0x00, 0x00, 0x00,
    0x00, 0x00, 0x00, 0x00, 0x00, 0x00, 0x00, 0x00, 0x00, 0x00, 0x00, 0x00, 0x19, 0x8C, 0x30, 0x7D,
    0xFF, 0xFF, 0xE5, 0xDE, 0xD9, 0xFF, 0x42, 0x87, 0xFF, 0x4A, 0xC8, 0xFF, 0xCE, 0x99, 0xFF, 0xFF,
    0xFF, 0xFF, 0xF7, 0x5C, 0xFF, 0xEF, 0x3C, 0xFF, 0xF7, 0x5C, 0xFF, 0xEF, 0x3C, 0xFF, 0xFF, 0xBE,
    0xFF, 0xEF, 0x3C, 0xFF, 0x62, 0xEC, 0xFF, 0x94, 0x51, 0xFF, 0xFF, 0xDE, 0xFF, 0xFF, 0xBE, 0xFF,
    0xF7, 0x7D, 0xFF, 0xF7, 0xBE, 0xFF, 0xF7, 0x7D, 0xFF, 0xF7, 0x7D, 0xFF, 0xF7, 0x9D, 0xFF, 0xEF,
    0x5D, 0xFF, 0xEF, 0x3C, 0xFF, 0xEF, 0x5D, 0xFF, 0xEF, 0x5D, 0xFF, 0xEF, 0x5D, 0xFF, 0xEF, 0x5D,
    0xFF, 0xEF, 0x5D, 0xFF, 0xEF, 0x5D, 0xFF, 0xEF, 0x5D, 0xFF, 0xEF, 0x3D, 0xFF, 0xF7, 0x9E, 0xFF,
    0xFF, 0xDF, 0xFF, 0xF7, 0x9E, 0xFF, 0xF7, 0x7D, 0xFF, 0xEF, 0x5D, 0xFF, 0xCE, 0x18, 0xFF, 0xCE,
    0x39, 0xFF, 0xF7, 0x7D, 0xFF, 0xEF, 0x5D, 0xFF, 0xEF, 0x5C, 0xFF, 0xEF, 0x3D, 0xFF, 0xEF, 0x5D,
    0xFF, 0xEF, 0x5D, 0xFF, 0xEF, 0x3D, 0xFF, 0xEF, 0x3D, 0xFF, 0xEF, 0x5D, 0xFF, 0xEF, 0x5D, 0xFF,
    0xEF, 0x3D, 0xFF, 0xEF, 0x5D, 0xFF, 0xF7, 0x7D, 0xFF, 0xE6, 0xDB, 0xFF, 0xC5, 0xF8, 0xFF, 0xEF,
    0x1C, 0xFF, 0xF7, 0x5D, 0xFF, 0xEF, 0x3C, 0xFF, 0xEF, 0x3C, 0xFF, 0xEF, 0x3C, 0xFF, 0xEF, 0x3C,
    0xFF, 0xEF, 0x3C, 0xFF, 0xEF, 0x3C, 0xFF, 0xEF, 0x3C, 0xFF, 0xEF, 0x3C, 0xFF, 0xEF, 0x3C, 0xFF,
    0xEF, 0x3C, 0xFF, 0xEF, 0x5D, 0xFF, 0xEF, 0x5C, 0xFF, 0xEF, 0x3D, 0xFF, 0xEF, 0x3C, 0xFF, 0xEF,
    0x3C, 0xFF, 0xEF, 0x5D, 0xFF, 0xEF, 0x5D, 0xFF, 0xEF, 0x3C, 0xFF, 0xEF, 0x5D, 0xFF, 0xEF, 0x5D,
    0xFF, 0xEF, 0x5D, 0xFF, 0xEF, 0x3D, 0xFF, 0xEF, 0x3D, 0xFF, 0xEF, 0x5D, 0xFF, 0xEF, 0x5D, 0xFF,
    0xEF, 0x5D, 0xFF, 0xF7, 0x7D, 0xFF, 0xE6, 0xFB, 0xFF, 0xDE, 0xDB, 0xFF, 0xEF, 0x5D, 0xFF, 0xF7,
    0x5D, 0xFF, 0xEF, 0x5D, 0xFF, 0xEF, 0x5D, 0xFF, 0xEF, 0x5D, 0xFF, 0xEF, 0x5D, 0xFF, 0xEF, 0x5D,
    0xFF, 0xEF, 0x5D, 0xFF, 0xF7, 0x7E, 0xFF, 0xFF, 0xBE, 0xFF, 0xCE, 0x59, 0xFF, 0xCE, 0x38, 0xFF,
    0xFF, 0xBE, 0xFF, 0xF7, 0x7D, 0xFF, 0xEF, 0x5D, 0xFF, 0xF7, 0xBE, 0xFF, 0xFF, 0xDF, 0xFF, 0xF7,
    0x9D, 0xFF, 0xEF, 0x3C, 0xFF, 0xEF, 0x1C, 0xFF, 0xFF, 0xBE, 0xFF, 0xE7, 0x1C, 0xFF, 0x52, 0x89,
    0xFF, 0x83, 0xEC, 0xFF, 0xFF, 0xFA, 0xFF, 0xEF, 0x16, 0xFF, 0xFF, 0xB9, 0xFF, 0xDE, 0xB5, 0xFF,
    0x21, 0x02, 0xFF, 0x00, 0x00, 0xFF, 0x08, 0x80, 0xFF, 0x52, 0x84, 0xFF, 0xD6, 0x52, 0xFF, 0xF7,
    0x9B, 0xFF, 0xEF, 0x9A, 0xFF, 0x8C, 0x8D, 0xFF, 0x63, 0x46, 0xFF, 0x9D, 0x0B, 0xFF, 0x9D, 0x0C,
    0xFF, 0xC6, 0x12, 0xFF, 0xF7, 0x99, 0xFF, 0xBE, 0x12, 0xFF, 0x6B, 0xE6, 0xFF, 0x6C, 0x23, 0xFF,
    0x64, 0x02, 0xFF, 0x53, 0x22, 0xFF, 0x19, 0x61, 0xFF, 0x42, 0x04, 0xFF, 0x72, 0xE7, 0xFF, 0x7B,
    0x08, 0xFF, 0xA4, 0x6C, 0xFF, 0xBD, 0x0E, 0xFF, 0x6B, 0x08, 0xFF, 0x08, 0xC1, 0xFF, 0x3A, 0x64,
    0xFF, 0x52, 0xA5, 0xFF, 0x63, 0x29, 0xFF, 0xD6, 0xB8, 0xFF, 0xFF, 0xFF, 0xFF, 0xEF, 0x7D, 0xFF,
    0xE7, 0x1C, 0xFF, 0xF7, 0x7E, 0xFF, 0xE7, 0x5A, 0xFF, 0xA6, 0x2E, 0xFF, 0x65, 0x24, 0xFF, 0x6D,
    0x63, 0xFF, 0x7D, 0x85, 0xFF, 0x7D, 0x87, 0xFF, 0x85, 0xA9, 0xF5, 0x7C, 0xC8, 0xAC, 0x3A, 0x63,
    0x34, 0x00, 0x00, 0x00, 0x00, 0x00, 0x00, 0x00, 0x00, 0x01, 0x00, 0x00, 0x00, 0x00, 0x00, 0x00,
    0x00, 0x00, 0x00, 0x00, 0x00, 0x00, 0x00, 0x00, 0x00, 0x00, 0x00, 0x00, 0x00, 0x00, 0x00, 0x00,
    0x00, 0x00, 0x00, 0x00, 0x00, 0x00, 0x00, 0x00, 0x00, 0x00, 0x00, 0x00, 0x00, 0x00, 0x00, 0x00,
    0x00, 0x00, 0x00, 0x00, 0x00, 0x00, 0x00, 0x00, 0x00, 0x00, 0x00, 0x00, 0x04, 0x00, 0x00, 0x21,
    0x00, 0x00, 0x21, 0x00, 0x00, 0x04, 0x00, 0x00, 0x00, 0x00, 0x00, 0x00, 0x00, 0x00, 0x00, 0x00,
    0x00, 0x00, 0x00, 0x00, 0x00, 0x00, 0x00, 0x00, 0x00, 0x00, 0x00, 0x00, 0x00, 0x00, 0x00, 0x00,
    0x00, 0x00, 0x00, 0x00, 0x00, 0x00, 0x00, 0x00, 0x00, 0x00, 0x00, 0x00, 0x00, 0x00, 0x00, 0x00,
    0x00, 0x00, 0x00, 0x00, 0x00, 0x00, 0x00, 0x00, 0x00, 0x00, 0x00, 0x01, 0x00, 0x00, 0x00, 0x00,
    0x00, 0x03, 0x5A, 0xCB, 0x4A, 0xE7, 0x1B, 0xCD, 0xFF, 0xFE, 0xFD, 0x94, 0xB0, 0xFF, 0x42, 0x47,
    0xFF, 0xCE, 0x78, 0xFF, 0xFF, 0xFF, 0xFF, 0xEF, 0x5C, 0xFF, 0xEF, 0x5C, 0xFF, 0xF7, 0x7D, 0xFF,
    0xEF, 0x3C, 0xFF, 0xF7, 0x9D, 0xFF, 0xF7, 0xBE, 0xFF, 0xAD, 0x75, 0xFF, 0x52, 0x6A, 0xFF, 0xE6,
    0xFC, 0xFF, 0xFF, 0xBE, 0xFF, 0xF7, 0x7D, 0xFF, 0xF7, 0x9D, 0xFF, 0xF7, 0x9D, 0xFF, 0xEF, 0x5D,
    0xFF, 0xF7, 0x7D, 0xFF, 0xF7, 0x7D, 0xFF, 0xEF, 0x3C, 0xFF, 0xEF, 0x5D, 0xFF, 0xEF, 0x5D, 0xFF,
    0xEF, 0x5D, 0xFF, 0xEF, 0x5D, 0xFF, 0xEF, 0x3C, 0xFF, 0xEF, 0x5D, 0xFF, 0xEF, 0x5D, 0xFF, 0xEF,
    0x5D, 0xFF, 0xF7, 0x9D, 0xFF, 0xFF, 0xDF, 0xFF, 0xFF, 0xDF, 0xFF, 0xF7, 0x9D, 0xFF, 0xF7, 0x7D,
    0xFF, 0xDE, 0xBB, 0xFF, 0xBD, 0x96, 0xFF, 0xEF, 0x3C, 0xFF, 0xEF, 0x5D, 0xFF, 0xF7, 0x9D, 0xFF,
    0xF7, 0x7D, 0xFF, 0xEF, 0x5D, 0xFF, 0xEF, 0x3D, 0xFF, 0xEF, 0x3D, 0xFF, 0xEF, 0x5D, 0xFF, 0xEF,
    0x5D, 0xFF, 0xEF, 0x5D, 0xFF, 0xEF, 0x5D, 0xFF, 0xEF, 0x5D, 0xFF, 0xF7, 0x5D, 0xFF, 0xF7, 0x7D,
    0xFF, 0xD6, 0x7A, 0xFF, 0xCE, 0x18, 0xFF, 0xEF, 0x3D, 0xFF, 0xEF, 0x5D, 0xFF, 0xEF, 0x3C, 0xFF,
    0xEF, 0x5D, 0xFF, 0xEF, 0x5D, 0xFF, 0xEF, 0x3C, 0xFF, 0xEF, 0x3C, 0xFF, 0xEF, 0x3D, 0xFF, 0xEF,
    0x5D, 0xFF, 0xEF, 0x5C, 0xFF, 0xEF, 0x3D, 0xFF, 0xEF, 0x5D, 0xFF, 0xEF, 0x5C, 0xFF, 0xEF, 0x3D,
    0xFF, 0xEF, 0x3C, 0xFF, 0xEF, 0x5C, 0xFF, 0xEF, 0x3C, 0xFF, 0xEF, 0x3C, 0xFF, 0xEF, 0x5C, 0xFF,
    0xEF, 0x3D, 0xFF, 0xEF, 0x5D, 0xFF, 0xEF, 0x3D, 0xFF, 0xEF, 0x3C, 0xFF, 0xEF, 0x3D, 0xFF, 0xEF,
    0x5D, 0xFF, 0xEF, 0x5D, 0xFF, 0xEF, 0x3D, 0xFF, 0xEF, 0x3D, 0xFF, 0xF7, 0x5D, 0xFF, 0xEF, 0x1C,
    0xFF, 0xE6, 0xFB, 0xFF, 0xEF, 0x5D, 0xFF, 0xEF, 0x5D, 0xFF, 0xEF, 0x5D, 0xFF, 0xEF, 0x5D, 0xFF,
    0xEF, 0x5D, 0xFF, 0xEF, 0x5D, 0xFF, 0xEF, 0x5D, 0xFF, 0xEF, 0x5D, 0xFF, 0xEF, 0x5D, 0xFF, 0xFF,
    0xFF, 0xFF, 0xE6, 0xFB, 0xFF, 0xC5, 0xF7, 0xFF, 0xE6, 0xFB, 0xFF, 0xFF, 0xDF, 0xFF, 0xF7, 0xBE,
    0xFF, 0xFF, 0xFF, 0xFF, 0xFF, 0xDF, 0xFF, 0xFF, 0xDF, 0xFF, 0xF7, 0x5D, 0xFF, 0xE6, 0xFB, 0xFF,
    0xFF, 0xFF, 0xFF, 0x9C, 0xB3, 0xFF, 0x52, 0x68, 0xFF, 0xC5, 0xD3, 0xFF, 0xFF, 0xDA, 0xFF, 0xF7,
    0x17, 0xFF, 0xFF, 0xBA, 0xFF, 0xAD, 0x72, 0xFF, 0x00, 0x20, 0xFF, 0x00, 0x40, 0xFF, 0x29, 0xA2,
    0xFF, 0x42, 0x84, 0xFF, 0x5B, 0x46, 0xFF, 0x6B, 0xC8, 0xFF, 0x74, 0x09, 0xFF, 0x7C, 0x69, 0xFF,
    0x84, 0xC8, 0xFF, 0x6C, 0x47, 0xFF, 0x53, 0x44, 0xFF, 0x74, 0x08, 0xFF, 0xD6, 0x94, 0xFF, 0xE7,
    0x16, 0xFF, 0x6C, 0x08, 0xFF, 0x5B, 0xA3, 0xFF, 0x5B, 0xA3, 0xFF, 0x4B, 0x04, 0xFF, 0x10, 0xE0,
    0xFF, 0x62, 0x87, 0xFF, 0x8B, 0x8A, 0xFF, 0x62, 0x87, 0xFF, 0x93, 0xEB, 0xFF, 0xAC, 0x8D, 0xFF,
    0xBC, 0xEF, 0xFF, 0x83, 0xAA, 0xFF, 0x52, 0x87, 0xFF, 0x94, 0xAD, 0xFF, 0x5A, 0xE6, 0xFF, 0x6B,
    0xA8, 0xFF, 0xCE, 0x95, 0xFF, 0xFF, 0xFE, 0xFF, 0xEF, 0x7E, 0xFF, 0xE7, 0x1C, 0xFF, 0xF7, 0x7D,
    0xFF, 0xEF, 0x9C, 0xFF, 0xD7, 0x17, 0xFF, 0xAE, 0x71, 0xFF, 0x9E, 0x0E, 0xFF, 0x9D, 0xEF, 0xFF,
    0xD7, 0x18, 0xFC, 0xDF, 0x1A, 0xD2, 0x7B, 0xCE, 0x51, 0x00, 0x00, 0x03, 0x00, 0x00, 0x00, 0x00,
    0x00, 0x01, 0x00, 0x00, 0x00, 0x00, 0x00, 0x00, 0x00, 0x00, 0x00, 0x00, 0x00, 0x00, 0x00, 0x00,
    0x00, 0x00, 0x00, 0x00, 0x00, 0x00, 0x00, 0x00, 0x00, 0x00, 0x00, 0x00, 0x00, 0x00, 0x00, 0x00,
    0x00, 0x00, 0x00, 0x00, 0x00, 0x00, 0x00, 0x00, 0x00, 0x00, 0x00, 0x00, 0x00, 0x00, 0x00, 0x00,
    0x00, 0x00, 0x00, 0x00, 0x04, 0x00, 0x00, 0x21, 0x00, 0x00, 0x21, 0x00, 0x00, 0x04, 0x00, 0x00,
    0x00, 0x00, 0x00, 0x00, 0x00, 0x00, 0x00, 0x00, 0x00, 0x00, 0x00, 0x00, 0x00, 0x00, 0x00, 0x00,
    0x00, 0x00, 0x00, 0x00, 0x00, 0x00, 0x00, 0x00, 0x00, 0x00, 0x00, 0x00, 0x00, 0x00, 0x00, 0x00,
    0x00, 0x00, 0x00, 0x00, 0x00, 0x00, 0x00, 0x00, 0x00, 0x00, 0x00, 0x00, 0x00, 0x00, 0x00, 0x00,
    0x01, 0x00, 0x00, 0x00, 0x00, 0x00, 0x00, 0x21, 0x24, 0x27, 0xA5, 0x33, 0x98, 0xFF, 0xFE, 0xF3,
    0xDF, 0x1A, 0xFF, 0x5B, 0x09, 0xFF, 0xB5, 0xB5, 0xFF, 0xFF, 0xBE, 0xFF, 0xEF, 0x3B, 0xFF, 0xEF,
    0x5C, 0xFF, 0xF7, 0x9D, 0xFF, 0xF7, 0x7D, 0xFF, 0xEF, 0x5C, 0xFF, 0xFF, 0xDE, 0xFF, 0xDE, 0xFB,
    0xFF, 0x6B, 0x2C, 0xFF, 0x9C, 0xD3, 0xFF, 0xFF, 0xFF, 0xFF, 0xF7, 0x7D, 0xFF, 0xF7, 0x7D, 0xFF,
    0xFF, 0x9E, 0xFF, 0xF7, 0x7D, 0xFF, 0xF7, 0x7D, 0xFF, 0xF7, 0x9E, 0xFF, 0xEF, 0x5D, 0xFF, 0xEF,
    0x1C, 0xFF, 0xEF, 0x5D, 0xFF, 0xEF, 0x3D, 0xFF, 0xEF, 0x5D, 0xFF, 0xEF, 0x5D, 0xFF, 0xEF, 0x5D,
    0xFF, 0xEF, 0x5D, 0xFF, 0xEF, 0x5D, 0xFF, 0xF7, 0x9E, 0xFF, 0xFF, 0xDE, 0xFF, 0xFF, 0xFF, 0xFF,
    0xF7, 0x9E, 0xFF, 0xF7, 0x9E, 0xFF, 0xEF, 0x5D, 0xFF, 0xC6, 0x18, 0xFF, 0xCE, 0x59, 0xFF, 0xF7,
    0x9E, 0xFF, 0xEF, 0x5D, 0xFF, 0xFF, 0xDE, 0xFF, 0xF7, 0x9E, 0xFF, 0xEF, 0x5D, 0xFF, 0xEF, 0x5D,
    0xFF, 0xEF, 0x5D, 0xFF, 0xEF, 0x5D, 0xFF, 0xEF, 0x5D, 0xFF, 0xEF, 0x5D, 0xFF, 0xEF, 0x5D, 0xFF,
    0xEF, 0x5D, 0xFF, 0xF7, 0x5D, 0xFF, 0xF7, 0x7D, 0xFF, 0xC6, 0x18, 0xFF, 0xCE, 0x59, 0xFF, 0xEF,
    0x5D, 0xFF, 0xEF, 0x5D, 0xFF, 0xEF, 0x3C, 0xFF, 0xEF, 0x5D, 0xFF, 0xEF, 0x5D, 0xFF, 0xEF, 0x5D,
    0xFF, 0xEF, 0x5D, 0xFF, 0xEF, 0x5D, 0xFF, 0xEF, 0x5D, 0xFF, 0xEF, 0x3D, 0xFF, 0xEF, 0x3D, 0xFF,
    0xEF, 0x3D, 0xFF, 0xEF, 0x3C, 0xFF, 0xEF, 0x3C, 0xFF, 0xEF, 0x5D, 0xFF, 0xEF, 0x5D, 0xFF, 0xEF,
    0x3D, 0xFF, 0xEF, 0x3D, 0xFF, 0xEF, 0x3D, 0xFF, 0xEF, 0x3D, 0xFF, 0xEF, 0x5D, 0xFF, 0xEF, 0x3D,
    0xFF, 0xEF, 0x3C, 0xFF, 0xEF, 0x5C, 0xFF, 0xEF, 0x5D, 0xFF, 0xEF, 0x5D, 0xFF, 0xEF, 0x3D, 0xFF,
    0xEF, 0x3D, 0xFF, 0xEF, 0x5D, 0xFF, 0xEF, 0x3C, 0xFF, 0xEF, 0x3C, 0xFF, 0xEF, 0x3C, 0xFF, 0xEF,
    0x3D, 0xFF, 0xEF, 0x3D, 0xFF, 0xEF, 0x5D, 0xFF, 0xEF, 0x5D, 0xFF, 0xEF, 0x3D, 0xFF, 0xEF, 0x3C,
    0xFF, 0xEF, 0x5D, 0xFF, 0xEF, 0x5D, 0xFF, 0xFF, 0xBE, 0xFF, 0xFF, 0xDF, 0xFF, 0xCE, 0x38, 0xFF,
    0xC5, 0xF7, 0xFF, 0xFF, 0xDF, 0xFF, 0xFF, 0xDE, 0xFF, 0xFF, 0xDF, 0xFF, 0xFF, 0xDF, 0xFF, 0xFF,
    0xDF, 0xFF, 0xF7, 0xBE, 0xFF, 0xEF, 0x5C, 0xFF, 0xFF, 0xFF, 0xFF, 0x62, 0xCB, 0xFF, 0x7B, 0x8C,
    0xFF, 0xFF, 0x9A, 0xFF, 0xF7, 0x17, 0xFF, 0xFF, 0x99, 0xFF, 0xEF, 0x59, 0xFF, 0x52, 0x89, 0xFF,
    0x00, 0x00, 0xFF, 0x19, 0x21, 0xFF, 0x3A, 0x63, 0xFF, 0x43, 0x05, 0xFF, 0x53, 0x65, 0xFF, 0x5B,
    0xA6, 0xFF, 0x64, 0x06, 0xFF, 0x64, 0x46, 0xFF, 0x6C, 0x67, 0xFF, 0x6C, 0x67, 0xFF, 0x6C, 0x46,
    0xFF, 0x5B, 0xA5, 0xFF, 0x7C, 0x49, 0xFF, 0xCE, 0x93, 0xFF, 0x84, 0xAA, 0xFF, 0x53, 0x63, 0xFF,
    0x3A, 0xA2, 0xFF, 0x21, 0xA2, 0xFF, 0x08, 0x80, 0xFF, 0x83, 0x4A, 0xFF, 0x9B, 0xEC, 0xFF, 0x41,
    0xC5, 0xFF, 0x73, 0x09, 0xFF, 0xAC, 0x8D, 0xFF, 0xAC, 0x8E, 0xFF, 0xC5, 0x10, 0xFF, 0xBC, 0xEF,
    0xFF, 0xDE, 0x34, 0xFF, 0x94, 0x4C, 0xFF, 0x63, 0x85, 0xFF, 0x74, 0x47, 0xFF, 0xBE, 0x33, 0xFF,
    0xEF, 0x9D, 0xFF, 0xEF, 0x7D, 0xFF, 0xE7, 0x1C, 0xFF, 0xEF, 0x5D, 0xFF, 0xF7, 0x9E, 0xFF, 0xFF,
    0xBE, 0xFF, 0xF7, 0xDE, 0xFF, 0xFF, 0xDE, 0xFF, 0xF7, 0xBE, 0xFE, 0xFF, 0xFF, 0xF4, 0xBD, 0xD7,
    0xA3, 0x39, 0xC7, 0x32, 0xFF, 0xFF, 0x01, 0x00, 0x00, 0x00, 0x00, 0x00, 0x01, 0x00, 0x00, 0x00,
    0x00, 0x00, 0x00, 0x00, 0x00, 0x00, 0x00, 0x00, 0x00, 0x00, 0x00, 0x00, 0x00, 0x00, 0x00, 0x00,
    0x00, 0x00, 0x00, 0x00, 0x00, 0x00, 0x00, 0x00, 0x00, 0x00, 0x00, 0x00, 0x00, 0x00, 0x00, 0x00,
    0x00, 0x00, 0x00, 0x00, 0x00, 0x00, 0x00, 0x00, 0x00, 0x00, 0x00, 0x00, 0x04, 0x00, 0x00, 0x21,
    0x00, 0x00, 0x21, 0x00, 0x00, 0x04, 0x00, 0x00, 0x00, 0x00, 0x00, 0x00, 0x00, 0x00, 0x00, 0x00,
    0x00, 0x00, 0x00, 0x00, 0x00, 0x00, 0x00, 0x00, 0x00, 0x00, 0x00, 0x00, 0x00, 0x00, 0x00, 0x00,
    0x00, 0x00, 0x00, 0x00, 0x00, 0x00, 0x00, 0x00, 0x00, 0x00, 0x00, 0x00, 0x00, 0x00, 0x00, 0x00,
    0x00, 0x00, 0x00, 0x00, 0x00, 0x00, 0x00, 0x00, 0x01, 0x00, 0x00, 0x00, 0x00, 0x00, 0x05, 0x6B,
    0x8C, 0x54, 0xE7, 0x1A, 0xD7, 0xF7, 0xBC, 0xFD, 0x9C, 0xF1, 0xFF, 0x8C, 0x8F, 0xFF, 0xF7, 0x9D,
    0xFF, 0xDE, 0xFA, 0xFF, 0xE6, 0xFB, 0xFF, 0xF7, 0x9D, 0xFF, 0xF7, 0x9E, 0xFF, 0xF7, 0x7D, 0xFF,
    0xF7, 0xBE, 0xFF, 0xFF, 0xDE, 0xFF, 0xAD, 0x55, 0xFF, 0x5A, 0xCB, 0xFF, 0xEF, 0x5D, 0xFF, 0xF7,
    0x9D, 0xFF, 0xF7, 0x7D, 0xFF, 0xF7, 0x9D, 0xFF, 0xF7, 0x9D, 0xFF, 0xF7, 0x7D, 0xFF, 0xF7, 0xBE,
    0xFF, 0xF7, 0x7D, 0xFF, 0xEF, 0x3C, 0xFF, 0xEF, 0x3C, 0xFF, 0xEF, 0x3D, 0xFF, 0xEF, 0x3C, 0xFF,
    0xEF, 0x5C, 0xFF, 0xF7, 0x7D, 0xFF, 0xFF, 0xBE, 0xFF, 0xFF, 0xBE, 0xFF, 0xFF, 0xBE, 0xFF, 0xFF,
    0xDF, 0xFF, 0xFF, 0xDF, 0xFF, 0xFF, 0xDF, 0xFF, 0xF7, 0xBE, 0xFF, 0xF7, 0xBE, 0xFF, 0xDE, 0xBB,
    0xFF, 0xBD, 0xB7, 0xFF, 0xEF, 0x5D, 0xFF, 0xF7, 0x7D, 0xFF, 0xF7, 0x9D, 0xFF, 0xFF, 0xDF, 0xFF,
    0xFF, 0xBE, 0xFF, 0xEF, 0x5D, 0xFF, 0xEF, 0x5D, 0xFF, 0xEF, 0x5D, 0xFF, 0xEF, 0x5D, 0xFF, 0xEF,
    0x5D, 0xFF, 0xEF, 0x5D, 0xFF, 0xF7, 0x5D, 0xFF, 0xEF, 0x5D, 0xFF, 0xF7, 0x7D, 0xFF, 0xEF, 0x5D,
    0xFF, 0xBD, 0xB7, 0xFF, 0xD6, 0x9A, 0xFF, 0xF7, 0x5D, 0xFF, 0xF7, 0x7D, 0xFF, 0xEF, 0x5D, 0xFF,
    0xEF, 0x5D, 0xFF, 0xEF, 0x5D, 0xFF, 0xEF, 0x5D, 0xFF, 0xEF, 0x5D, 0xFF, 0xEF, 0x5D, 0xFF, 0xEF,
    0x5D, 0xFF, 0xEF, 0x5D, 0xFF, 0xEF, 0x5D, 0xFF, 0xEF, 0x3D, 0xFF, 0xEF, 0x3C, 0xFF, 0xEF, 0x3C,
    0xFF, 0xEF, 0x3C, 0xFF, 0xEF, 0x3C, 0xFF, 0xEF, 0x3C, 0xFF, 0xEF, 0x5D, 0xFF, 0xEF, 0x5D, 0xFF,
    0xEF, 0x3C, 0xFF, 0xEF, 0x5C, 0xFF, 0xEF, 0x5C, 0xFF, 0xEF, 0x5D, 0xFF, 0xEF, 0x3D, 0xFF, 0xEF,
    0x3D, 0xFF, 0xEF, 0x5D, 0xFF, 0xEF, 0x5D, 0xFF, 0xEF, 0x5D, 0xFF, 0xEF, 0x5C, 0xFF, 0xEF, 0x3C,
    0xFF, 0xEF, 0x3C, 0xFF, 0xEF, 0x3C, 0xFF, 0xEF, 0x3C, 0xFF, 0xEF, 0x3D, 0xFF, 0xEF, 0x3D, 0xFF,
    0xEF, 0x3C, 0xFF, 0xEF, 0x5D, 0xFF, 0xEF, 0x5D, 0xFF, 0xEF, 0x3C, 0xFF, 0xEF, 0x5D, 0xFF, 0xF7,
    0x9E, 0xFF, 0xFF, 0xFF, 0xFF, 0xE6, 0xFB, 0xFF, 0xBD, 0x96, 0xFF, 0xE6, 0xFB, 0xFF, 0xFF, 0xFF,
    0xFF, 0xFF, 0xBE, 0xFF, 0xFF, 0xDE, 0xFF, 0xFF, 0xDE, 0xFF, 0xF7, 0x9D, 0xFF, 0xFF, 0xDF, 0xFF,
    0xC5, 0xF7, 0xFF, 0x4A, 0x07, 0xFF, 0xAD, 0x11, 0xFF, 0xFF, 0xBA, 0xFF, 0xF7, 0x38, 0xFF, 0xFF,
    0xBB, 0xFF, 0x8C, 0x4F, 0xFF, 0x00, 0x20, 0xFF, 0x08, 0xA1, 0xFF, 0x32, 0x22, 0xFF, 0x3A, 0x63,
    0xFF, 0x42, 0xE4, 0xFF, 0x5B, 0xA6, 0xFF, 0x64, 0x26, 0xFF, 0x64, 0x46, 0xFF, 0x64, 0x46, 0xFF,
    0x64, 0x46, 0xFF, 0x6C, 0x67, 0xFF, 0x6C, 0x26, 0xFF, 0x5B, 0xA4, 0xFF, 0x5B, 0xA4, 0xFF, 0x7C,
    0x88, 0xFF, 0x7C, 0x89, 0xFF, 0x53, 0x44, 0xFF, 0x3A, 0x64, 0xFF, 0x10, 0xE1, 0xFF, 0x20, 0xE2,
    0xFF, 0xAC, 0x2D, 0xFF, 0xB4, 0x6E, 0xFF, 0x31, 0x43, 0xFF, 0x31, 0x23, 0xFF, 0x93, 0xCB, 0xFF,
    0xB4, 0xAE, 0xFF, 0xB4, 0xCF, 0xFF, 0xCD, 0x30, 0xFF, 0xD5, 0x92, 0xFF, 0xC5, 0xB3, 0xFF, 0x63,
    0x67, 0xFF, 0x64, 0x06, 0xFF, 0x74, 0x68, 0xFF, 0xA5, 0x90, 0xFF, 0xEF, 0x5C, 0xFF, 0xF7, 0x5D,
    0xFF, 0xE7, 0x1C, 0xFF, 0xEF, 0x5D, 0xFF, 0xF7, 0x7D, 0xFF, 0xF7, 0x9E, 0xFF, 0xFF, 0xBF, 0xFF,
    0xF7, 0x9E, 0xFE, 0xF7, 0x9E, 0xFF, 0xF7, 0x9E, 0xE7, 0x94, 0x92, 0x75, 0x00, 0x00, 0x12, 0xFF,
    0xFF, 0x01, 0x78, 0x00, 0x02, 0x00, 0x00, 0x00, 0x00, 0x00, 0x00, 0x00, 0x00, 0x00, 0x00, 0x00,
    0x00, 0x00, 0x00, 0x00, 0x00, 0x00, 0x00, 0x00, 0x00, 0x00, 0x00, 0x00, 0x00, 0x00, 0x00, 0x00,
    0x00, 0x00, 0x00, 0x00, 0x00, 0x00, 0x00, 0x00, 0x00, 0x00, 0x00, 0x00, 0x00, 0x00, 0x00, 0x00,
    0x00, 0x00, 0x00, 0x00, 0x04, 0x00, 0x00, 0x21, 0x00, 0x00, 0x21, 0x00, 0x00, 0x04, 0x00, 0x00,
    0x00, 0x00, 0x00, 0x00, 0x00, 0x00, 0x00, 0x00, 0x00, 0x00, 0x00, 0x00, 0x00, 0x00, 0x00, 0x00,
    0x00, 0x00, 0x00, 0x00, 0x00, 0x00, 0x00, 0x00, 0x00, 0x00, 0x00, 0x00, 0x00, 0x00, 0x00, 0x00,
    0x00, 0x00, 0x00, 0x00, 0x00, 0x00, 0x00, 0x00, 0x00, 0x00, 0x00, 0x00, 0x00, 0x00, 0xFF, 0xFF,
    0x01, 0x00, 0x00, 0x01, 0x18, 0xE3, 0x23, 0x9D, 0x11, 0x90, 0xEF, 0xBB, 0xF4, 0xC6, 0x75, 0xFE,
    0x7C, 0x2D, 0xFF, 0xDF, 0x39, 0xFF, 0xE7, 0x3A, 0xFF, 0xDE, 0xB9, 0xFF, 0xF7, 0x7D, 0xFF, 0xF7,
    0xBE, 0xFF, 0xF7, 0x9D, 0xFF, 0xEF, 0x7D, 0xFF, 0xFF, 0xFF, 0xFF, 0xE7, 0x1B, 0xFF, 0x73, 0x8E,
    0xFF, 0xA4, 0xF3, 0xFF, 0xFF, 0xFF, 0xFF, 0xEF, 0x5C, 0xFF, 0xF7, 0x9D, 0xFF, 0xF7, 0xBE, 0xFF,
    0xF7, 0x7D, 0xFF, 0xF7, 0x9E, 0xFF, 0xF7, 0x9E, 0xFF, 0xEF, 0x3D, 0xFF, 0xEF, 0x3C, 0xFF, 0xEF,
    0x3D, 0xFF, 0xEF, 0x3D, 0xFF, 0xEF, 0x3C, 0xFF, 0xEF, 0x5D, 0xFF, 0xFF, 0xBE, 0xFF, 0xFF, 0xDE,
    0xFF, 0xFF, 0xDE, 0xFF, 0xFF, 0xDF, 0xFF, 0xFF, 0xDF, 0xFF, 0xFF, 0xDF, 0xFF, 0xFF, 0xDE, 0xFF,
    0xFF, 0xDF, 0xFF, 0xEF, 0x5D, 0xFF, 0xC5, 0xF8, 0xFF, 0xCE, 0x39, 0xFF, 0xFF, 0xBE, 0xFF, 0xEF,
    0x5D, 0xFF, 0xFF, 0xBE, 0xFF, 0xFF, 0xDE, 0xFF, 0xFF, 0xBE, 0xFF, 0xF7, 0x7D, 0xFF, 0xEF, 0x5D,
    0xFF, 0xEF, 0x5D, 0xFF, 0xEF, 0x5D, 0xFF, 0xEF, 0x5D, 0xFF, 0xEF, 0x5D, 0xFF, 0xF7, 0x7D, 0xFF,
    0xF7, 0x7D, 0xFF, 0xF7, 0x7D, 0xFF, 0xE7, 0x1C, 0xFF, 0xB5, 0x76, 0xFF, 0xDE, 0xDB, 0xFF, 0xEF,
    0x5D, 0xFF, 0xF7, 0x9E, 0xFF, 0xF7, 0x9E, 0xFF, 0xEF, 0x5D, 0xFF, 0xEF, 0x5D, 0xFF, 0xEF, 0x5D,
    0xFF, 0xEF, 0x5D, 0xFF, 0xEF, 0x5D, 0xFF, 0xEF, 0x5D, 0xFF, 0xEF, 0x5D, 0xFF, 0xEF, 0x5D, 0xFF,
    0xEF, 0x3D, 0xFF, 0xEF, 0x3C, 0xFF, 0xEF, 0x3C, 0xFF, 0xEF, 0x5D, 0xFF, 0xEF, 0x3C, 0xFF, 0xEF,
    0x3C, 0xFF, 0xEF, 0x3C, 0xFF, 0xEF, 0x3C, 0xFF, 0xEF, 0x3C, 0xFF, 0xEF, 0x5C, 0xFF, 0xEF, 0x5D,
    0xFF, 0xEF, 0x5D, 0xFF, 0xEF, 0x3D, 0xFF, 0xEF, 0x5D, 0xFF, 0xEF, 0x5D, 0xFF, 0xEF, 0x5D, 0xFF,
    0xEF, 0x5D, 0xFF, 0xEF, 0x5C, 0xFF, 0xEF, 0x3C, 0xFF, 0xEF, 0x3C, 0xFF, 0xEF, 0x3C, 0xFF, 0xEF,
    0x3C, 0xFF, 0xEF, 0x3D, 0xFF, 0xEF, 0x3D, 0xFF, 0xEF, 0x3C, 0xFF, 0xF7, 0x7D, 0xFF, 0xF7, 0x9E,
    0xFF, 0xEF, 0x3C, 0xFF, 0xEF, 0x3C, 0xFF, 0xF7, 0x9E, 0xFF, 0xFF, 0xFF, 0xFF, 0xFF, 0xBE, 0xFF,
    0xC6, 0x18, 0xFF, 0xBD, 0xB7, 0xFF, 0xFF, 0xDF, 0xFF, 0xFF, 0xBE, 0xFF, 0xFF, 0xDE, 0xFF, 0xFF,
    0xDE, 0xFF, 0xFF, 0xBE, 0xFF, 0xFF, 0xFF, 0xFF, 0x63, 0x0C, 0xFF, 0x6B, 0x0A, 0xFF, 0xE6, 0xF8,
    0xFF, 0xFF, 0xFC, 0xFF, 0xF7, 0x7A, 0xFF, 0x94, 0x8F, 0xFF, 0x10, 0x61, 0xFF, 0x00, 0x40, 0xFF,
    0x29, 0xE3, 0xFF, 0x3A, 0x83, 0xFF, 0x3A, 0xA3, 0xFF, 0x3A, 0x83, 0xFF, 0x42, 0xE4, 0xFF, 0x5B,
    0xE6, 0xFF, 0x64, 0x46, 0xFF, 0x5C, 0x25, 0xFF, 0x64, 0x46, 0xFF, 0x64, 0x26, 0xFF, 0x63, 0xE6,
    0xFF, 0x6B, 0xE7, 0xFF, 0x5B, 0xA5, 0xFF, 0x5B, 0xA5, 0xFF, 0x6C, 0x27, 0xFF, 0x4B, 0x04, 0xFF,
    0x95, 0x0D, 0xFF, 0xA5, 0x0F, 0xFF, 0x7B, 0x49, 0xFF, 0xB4, 0x6D, 0xFF, 0xA4, 0x2D, 0xFF, 0x62,
    0xC9, 0xFF, 0x42, 0x48, 0xFF, 0x31, 0x43, 0xFF, 0x7B, 0x49, 0xFF, 0xAC, 0xAE, 0xFF, 0x9C, 0x0C,
    0xFF, 0x93, 0xCD, 0xFF, 0xEE, 0xD9, 0xFF, 0x7B, 0xAB, 0xFF, 0x5B, 0x87, 0xFF, 0x74, 0x88, 0xFF,
    0x6C, 0x28, 0xFF, 0x9D, 0x70, 0xFF, 0xEF, 0x7C, 0xFF, 0xF7, 0x7D, 0xFF, 0xE7, 0x1B, 0xFF, 0xEF,
    0x5C, 0xFF, 0xEF, 0x3C, 0xFF, 0xEF, 0x7D, 0xFF, 0xF7, 0x9D, 0xFF, 0xEF, 0x5D, 0xFE, 0xFF, 0xFF,
    0xFE, 0xD6, 0x9A, 0xBF, 0x6B, 0x2C, 0x46, 0xFF, 0xFF, 0x02, 0xFF, 0xFF, 0x01, 0x00, 0x00, 0x01,
    0x00, 0x00, 0x00, 0x00, 0x00, 0x00, 0x00, 0x00, 0x00, 0x00, 0x00, 0x00, 0x00, 0x00, 0x00, 0x00,
    0x00, 0x00, 0x00, 0x00, 0x00, 0x00, 0x00, 0x00, 0x00, 0x00, 0x00, 0x00, 0x00, 0x00, 0x00, 0x00,
    0x00, 0x00, 0x00, 0x00, 0x00, 0x00, 0x00, 0x00, 0x00, 0x00, 0x00, 0x00, 0x04, 0x00, 0x00, 0x21,
    0x00, 0x00, 0x21, 0x00, 0x00, 0x04, 0x00, 0x00, 0x00, 0x00, 0x00, 0x00, 0x00, 0x00, 0x00, 0x00,
    0x00, 0x00, 0x00, 0x00, 0x00, 0x00, 0x00, 0x00, 0x00, 0x00, 0x00, 0x00, 0x00, 0x00, 0x00, 0x00,
    0x00, 0x00, 0x00, 0x00, 0x00, 0x00, 0x00, 0x00, 0x00, 0x00, 0x00, 0x00, 0x00, 0x00, 0x00, 0x00,
    0x00, 0x00, 0x00, 0x00, 0x00, 0x01, 0x00, 0x00, 0x00, 0x00, 0x00, 0x00, 0x5B, 0x2A, 0x44, 0xBE,
    0x55, 0xC6, 0xD7, 0x16, 0xFB, 0x8C, 0xEE, 0xFE, 0xB5, 0xF4, 0xFF, 0xEF, 0x9B, 0xFF, 0xD6, 0x98,
    0xFF, 0xEF, 0x3C, 0xFF, 0xF7, 0x9E, 0xFF, 0xF7, 0x9D, 0xFF, 0xF7, 0x9D, 0xFF, 0xF7, 0x9E, 0xFF,
    0xFF, 0xFF, 0xFF, 0xB5, 0x96, 0xFF, 0x6B, 0x2C, 0xFF, 0xEF, 0x5D, 0xFF, 0xF7, 0xBE, 0xFF, 0xF7,
    0x7D, 0xFF, 0xF7, 0xBE, 0xFF, 0xF7, 0x9E, 0xFF, 0xF7, 0x7D, 0xFF, 0xF7, 0xBE, 0xFF, 0xF7, 0x7D,
    0xFF, 0xEF, 0x3C, 0xFF, 0xEF, 0x3C, 0xFF, 0xEF, 0x3D, 0xFF, 0xEF, 0x3D, 0xFF, 0xEF, 0x3C, 0xFF,
    0xF7, 0x9D, 0xFF, 0xFF, 0xDE, 0xFF, 0xFF, 0xDE, 0xFF, 0xFF, 0xDE, 0xFF, 0xFF, 0xDE, 0xFF, 0xFF,
    0xDE, 0xFF, 0xFF, 0xDE, 0xFF, 0xFF, 0xBE, 0xFF, 0xFF, 0xDF, 0xFF, 0xD6, 0x9A, 0xFF, 0xBD, 0x96,
    0xFF, 0xEF, 0x3C, 0xFF, 0xF7, 0x9D, 0xFF, 0xF7, 0x9D, 0xFF, 0xFF, 0xDE, 0xFF, 0xFF, 0xDE, 0xFF,
    0xFF, 0xDE, 0xFF, 0xF7, 0x7D, 0xFF, 0xEF, 0x5D, 0xFF, 0xEF, 0x5D, 0xFF, 0xEF, 0x5D, 0xFF, 0xEF,
    0x5D, 0xFF, 0xF7, 0x7D, 0xFF, 0xFF, 0xBE, 0xFF, 0xFF, 0xDE, 0xFF, 0xF7, 0x9D, 0xFF, 0xDE, 0xBA,
    0xFF, 0xAD, 0x55, 0xFF, 0xE7, 0x1C, 0xFF, 0xEF, 0x5D, 0xFF, 0xFF, 0xBE, 0xFF, 0xFF, 0xBE, 0xFF,
    0xF7, 0x7D, 0xFF, 0xEF, 0x5C, 0xFF, 0xEF, 0x5D, 0xFF, 0xEF, 0x5D, 0xFF, 0xEF, 0x5C, 0xFF, 0xEF,
    0x3C, 0xFF, 0xEF, 0x5D, 0xFF, 0xEF, 0x5D, 0xFF, 0xEF, 0x3C, 0xFF, 0xEF, 0x5C, 0xFF, 0xEF, 0x5D,
    0xFF, 0xEF, 0x5D, 0xFF, 0xEF, 0x5D, 0xFF, 0xEF, 0x5D, 0xFF, 0xEF, 0x3D, 0xFF, 0xEF, 0x5D, 0xFF,
    0xEF, 0x5D, 0xFF, 0xEF, 0x5D, 0xFF, 0xEF, 0x5D, 0xFF, 0xEF, 0x5D, 0xFF, 0xEF, 0x5D, 0xFF, 0xEF,
    0x5D, 0xFF, 0xEF, 0x3C, 0xFF, 0xEF, 0x5D, 0xFF, 0xF7, 0x7D, 0xFF, 0xEF, 0x5D, 0xFF, 0xEF, 0x3C,
    0xFF, 0xEF, 0x3C, 0xFF, 0xEF, 0x3C, 0xFF, 0xEF, 0x3C, 0xFF, 0xEF, 0x3C, 0xFF, 0xEF, 0x3C, 0xFF,
    0xEF, 0x3C, 0xFF, 0xF7, 0x9D, 0xFF, 0xFF, 0xBE, 0xFF, 0xEF, 0x3C, 0xFF, 0xE6, 0xFC, 0xFF, 0xF7,
    0x7D, 0xFF, 0xFF, 0xDE, 0xFF, 0xFF, 0xFF, 0xFF, 0xDE, 0xDB, 0xFF, 0xAD, 0x35, 0xFF, 0xEF, 0x1C,
    0xFF, 0xFF, 0xFF, 0xFF, 0xFF, 0xBE, 0xFF, 0xFF, 0xBE, 0xFF, 0xFF, 0xFF, 0xFF, 0xDE, 0xDA, 0xFF,
    0x5A, 0xA9, 0xFF, 0xB5, 0x94, 0xFF, 0xFF, 0x9B, 0xFF, 0xE6, 0xD7, 0xFF, 0xD6, 0x13, 0xFF, 0x6A,
    0xE8, 0xFF, 0x10, 0x81, 0xFF, 0x10, 0xC1, 0xFF, 0x19, 0x42, 0xFF, 0x19, 0x81, 0xFF, 0x21, 0xE2,
    0xFF, 0x32, 0x63, 0xFF, 0x2A, 0x22, 0xFF, 0x3A, 0xA3, 0xFF, 0x53, 0xC5, 0xFF, 0x64, 0x46, 0xFF,
    0x64, 0x26, 0xFF, 0x4B, 0x44, 0xFF, 0x74, 0x2A, 0xFF, 0xC6, 0x12, 0xFF, 0x5B, 0x45, 0xFF, 0x63,
    0xA5, 0xFF, 0x63, 0xE6, 0xFF, 0x4B, 0x04, 0xFF, 0x84, 0x8A, 0xFF, 0xCE, 0x52, 0xFF, 0xAC, 0x8D,
    0xFF, 0xA4, 0x2C, 0xFF, 0x8B, 0x8B, 0xFF, 0x83, 0xCE, 0xFF, 0xA5, 0x33, 0xFF, 0x4A, 0x89, 0xFF,
    0x29, 0x63, 0xFF, 0x5A, 0xA7, 0xFF, 0x5A, 0x87, 0xFF, 0xA4, 0xB0, 0xFF, 0xFF, 0x7B, 0xFF, 0xAC,
    0xF1, 0xFF, 0x52, 0xA6, 0xFF, 0x74, 0x4A, 0xFF, 0x7C, 0xCA, 0xFF, 0x64, 0x07, 0xFF, 0xAD, 0xB2,
    0xFF, 0xF7, 0xBE, 0xFF, 0xF7, 0x7D, 0xFF, 0xE7, 0x1C, 0xFF, 0xEF, 0x5C, 0xFF, 0xEF, 0x3C, 0xFF,
    0xEF, 0x5D, 0xFF, 0xF7, 0x7D, 0xFD, 0xF7, 0x7D, 0xFF, 0xFF, 0xDE, 0xF0, 0xB5, 0x75, 0x8C, 0x00,
    0x00, 0x1F, 0x00, 0x00, 0x00, 0x7B, 0xEF, 0x02, 0x00, 0x00, 0x00, 0x00, 0x00, 0x00, 0x00, 0x00,
    0x00, 0x00, 0x00, 0x00, 0x00, 0x00, 0x00, 0x00, 0x00, 0x00, 0x00, 0x00, 0x00, 0x00, 0x00, 0x00,
    0x00, 0x00, 0x00, 0x00, 0x00, 0x00, 0x00, 0x00, 0x00, 0x00, 0x00, 0x00, 0x00, 0x00, 0x00, 0x00,
    0x00, 0x00, 0x00, 0x00, 0x04, 0x00, 0x00, 0x21, 0x00, 0x00, 0x21, 0x00, 0x00, 0x04, 0x00, 0x00,
    0x00, 0x00, 0x00, 0x00, 0x00, 0x00, 0x00, 0x00, 0x00, 0x00, 0x00, 0x00, 0x00, 0x00, 0x00, 0x00,
    0x00, 0x00, 0x00, 0x00, 0x00, 0x00, 0x00, 0x00, 0x00, 0x00, 0x00, 0x00, 0x00, 0x00, 0x00, 0x00,
    0x00, 0x00, 0x00, 0x00, 0x00, 0x00, 0x00, 0x00, 0x00, 0x00, 0x00, 0x00, 0x1F, 0x01, 0x00, 0x00,
    0x00, 0x00, 0x00, 0x0C, 0x8C, 0xEF, 0x6D, 0xCF, 0x15, 0xEA, 0xA5, 0xF0, 0xFD, 0x8C, 0xEE, 0xFE,
    0xEF, 0x9B, 0xFF, 0xD6, 0xB8, 0xFF, 0xDE, 0xFA, 0xFF, 0xF7, 0x7D, 0xFF, 0xF7, 0x7D, 0xFF, 0xF7,
    0x7D, 0xFF, 0xEF, 0x5D, 0xFF, 0xFF, 0xFF, 0xFF, 0xE6, 0xFC, 0xFF, 0x7B, 0xAF, 0xFF, 0x9C, 0xD3,
    0xFF, 0xFF, 0xFF, 0xFF, 0xF7, 0x7D, 0xFF, 0xF7, 0x9D, 0xFF, 0xFF, 0xBE, 0xFF, 0xF7, 0x9E, 0xFF,
    0xF7, 0x9E, 0xFF, 0xF7, 0x9E, 0xFF, 0xEF, 0x5D, 0xFF, 0xEF, 0x3C, 0xFF, 0xEF, 0x3D, 0xFF, 0xEF,
    0x3C, 0xFF, 0xEF, 0x3C, 0xFF, 0xEF, 0x5D, 0xFF, 0xFF, 0xBE, 0xFF, 0xFF, 0xDE, 0xFF, 0xFF, 0xBE,
    0xFF, 0xFF, 0xDE, 0xFF, 0xFF, 0xDE, 0xFF, 0xFF, 0xDE, 0xFF, 0xFF, 0xBE, 0xFF, 0xFF, 0xDF, 0xFF,
    0xEF, 0x3C, 0xFF, 0xC5, 0xD7, 0xFF, 0xCE, 0x18, 0xFF, 0xFF, 0xBE, 0xFF, 0xEF, 0x7D, 0xFF, 0xFF,
    0xDE, 0xFF, 0xFF, 0xDE, 0xFF, 0xFF, 0xDE, 0xFF, 0xFF, 0xDE, 0xFF, 0xF7, 0xBE, 0xFF, 0xEF, 0x5D,
    0xFF, 0xEF, 0x5D, 0xFF, 0xEF, 0x5D, 0xFF, 0xF7, 0x7D, 0xFF, 0xFF, 0xBE, 0xFF, 0xFF, 0xDE, 0xFF,
    0xFF, 0xDE, 0xFF, 0xFF, 0xBE, 0xFF, 0xCE, 0x39, 0xFF, 0xAD, 0x35, 0xFF, 0xEF, 0x1C, 0xFF, 0xF7,
    0x5D, 0xFF, 0xFF, 0xBE, 0xFF, 0xFF, 0xDF, 0xFF, 0xF7, 0x9D, 0xFF, 0xEF, 0x3C, 0xFF, 0xEF, 0x5D,
    0xFF, 0xF7, 0x7D, 0xFF, 0xEF, 0x5D, 0xFF, 0xEF, 0x3C, 0xFF, 0xF7, 0x7D, 0xFF, 0xF7, 0x9D, 0xFF,
    0xEF, 0x5D, 0xFF, 0xEF, 0x3C, 0xFF, 0xEF, 0x5D, 0xFF, 0xEF, 0x5D, 0xFF, 0xEF, 0x5D, 0xFF, 0xEF,
    0x5D, 0xFF, 0xEF, 0x5D, 0xFF, 0xEF, 0x5D, 0xFF, 0xEF, 0x5D, 0xFF, 0xEF, 0x5D, 0xFF, 0xEF, 0x5D,
    0xFF, 0xEF, 0x5D, 0xFF, 0xEF, 0x5D, 0xFF, 0xEF, 0x3D, 0xFF, 0xEF, 0x3C, 0xFF, 0xF7, 0x9D, 0xFF,
    0xFF, 0xBE, 0xFF, 0xF7, 0x7D, 0xFF, 0xEF, 0x3C, 0xFF, 0xEF, 0x3C, 0xFF, 0xEF, 0x3C, 0xFF, 0xF7,
    0x5D, 0xFF, 0xEF, 0x5C, 0xFF, 0xEF, 0x3C, 0xFF, 0xEF, 0x5C, 0xFF, 0xF7, 0xBE, 0xFF, 0xFF, 0xBE,
    0xFF, 0xF7, 0x7D, 0xFF, 0xE6, 0xFB, 0xFF, 0xEF, 0x3C, 0xFF, 0xFF, 0x9E, 0xFF, 0xFF, 0xFF, 0xFF,
    0xF7, 0x7D, 0xFF, 0xBD, 0xB6, 0xFF, 0xC5, 0xF7, 0xFF, 0xFF, 0xFF, 0xFF, 0xFF, 0xBE, 0xFF, 0xFF,
    0xBE, 0xFF, 0xFF, 0xFF, 0xFF, 0x6B, 0x4C, 0xFF, 0x73, 0x09, 0xFF, 0xD5, 0xF3, 0xFF, 0xD5, 0xD2,
    0xFF, 0xAC, 0x8D, 0xFF, 0xA4, 0x4C, 0xFF, 0x93, 0xEA, 0xFF, 0x83, 0xAA, 0xFF, 0x6B, 0x08, 0xFF,
    0x52, 0x86, 0xFF, 0x3A, 0x04, 0xFF, 0x19, 0x42, 0xFF, 0x09, 0x00, 0xFF, 0x19, 0xA2, 0xFF, 0x2A,
    0x23, 0xFF, 0x3A, 0xA3, 0xFF, 0x5B, 0xC6, 0xFF, 0x3A, 0xE3, 0xFF, 0x29, 0xE2, 0xFF, 0xB5, 0x50,
    0xFF, 0xEF, 0x37, 0xFF, 0x53, 0x05, 0xFF, 0x5B, 0x65, 0xFF, 0x63, 0xC6, 0xFF, 0x53, 0x65, 0xFF,
    0x4B, 0x04, 0xFF, 0x84, 0x29, 0xFF, 0x93, 0xE9, 0xFF, 0x93, 0xEB, 0xFF, 0x6A, 0xA9, 0xFF, 0x6A,
    0xEC, 0xFF, 0xBD, 0xB6, 0xFF, 0xA5, 0x12, 0xFF, 0x63, 0x4B, 0xFF, 0x21, 0x43, 0xFF, 0x52, 0xA8,
    0xFF, 0xDE, 0xB7, 0xFF, 0xEE, 0xF9, 0xFF, 0xDE, 0x56, 0xFF, 0x52, 0x67, 0xFF, 0x63, 0xAA, 0xFF,
    0x95, 0x4E, 0xFF, 0x6C, 0x28, 0xFF, 0x74, 0x49, 0xFF, 0xB5, 0xD3, 0xFF, 0xFF, 0xDF, 0xFF, 0xF7,
    0x7D, 0xFF, 0xEF, 0x3C, 0xFF, 0xEF, 0x3C, 0xFF, 0xEF, 0x3C, 0xFF, 0xEF, 0x5C, 0xFF, 0xEF, 0x3C,
    0xFD, 0xFF, 0xBE, 0xFF, 0xE6, 0xDB, 0xD2, 0x7B, 0xCF, 0x59, 0x00, 0x00, 0x03, 0xFF, 0xFF, 0x01,
    0x00, 0x00, 0x01, 0x00, 0x00, 0x00, 0x00, 0x00, 0x00, 0x00, 0x00, 0x00, 0x00, 0x00, 0x00, 0x00,
    0x00, 0x00, 0x00, 0x00, 0x00, 0x00, 0x00, 0x00, 0x00, 0x00, 0x00, 0x00, 0x00, 0x00, 0x00, 0x00,
    0x00, 0x00, 0x00, 0x00, 0x00, 0x00, 0x00, 0x00, 0x00, 0x00, 0x00, 0x00, 0x04, 0x00, 0x00, 0x21,
    0x00, 0x00, 0x21, 0x00, 0x00, 0x04, 0x00, 0x00, 0x00, 0x00, 0x00, 0x00, 0x00, 0x00, 0x00, 0x00,
    0x00, 0x00, 0x00, 0x00, 0x00, 0x00, 0x00, 0x00, 0x00, 0x00, 0x00, 0x00, 0x00, 0x00, 0x00, 0x00,
    0x00, 0x00, 0x00, 0x00, 0x00, 0x00, 0x00, 0x00, 0x00, 0x00, 0x00, 0x00, 0x00, 0x00, 0x00, 0x00,
    0x00, 0x00, 0x00, 0xFF, 0xFF, 0x01, 0x00, 0x00, 0x00, 0x00, 0x80, 0x28, 0xA5, 0xD0, 0x9B, 0xC7,
    0x13, 0xF9, 0x84, 0xEC, 0xFE, 0xBE, 0x75, 0xFE, 0xE7, 0x5A, 0xFF, 0xD6, 0x77, 0xFF, 0xEF, 0x5C,
    0xFF, 0xEF, 0x5C, 0xFF, 0xEF, 0x5C, 0xFF, 0xF7, 0x7D, 0xFF, 0xFF, 0xBE, 0xFF, 0xFF, 0xFF, 0xFF,
    0xA5, 0x14, 0xFF, 0x63, 0x0C, 0xFF, 0xE7, 0x3C, 0xFF, 0xFF, 0xDF, 0xFF, 0xF7, 0x7D, 0xFF, 0xFF,
    0xBE, 0xFF, 0xFF, 0xBE, 0xFF, 0xF7, 0x7D, 0xFF, 0xFF, 0xBE, 0xFF, 0xF7, 0x7D, 0xFF, 0xEF, 0x3C,
    0xFF, 0xEF, 0x3C, 0xFF, 0xEF, 0x5D, 0xFF, 0xEF, 0x3C, 0xFF, 0xEF, 0x3C, 0xFF, 0xF7, 0x7D, 0xFF,
    0xFF, 0xDE, 0xFF, 0xFF, 0xBE, 0xFF, 0xFF, 0xBE, 0xFF, 0xFF, 0xDE, 0xFF, 0xFF, 0xDE, 0xFF, 0xFF,
    0xDE, 0xFF, 0xF7, 0xBE, 0xFF, 0xFF, 0xDF, 0xFF, 0xD6, 0x59, 0xFF, 0xB5, 0x76, 0xFF, 0xE7, 0x1C,
    0xFF, 0xF7, 0x9E, 0xFF, 0xF7, 0x9D, 0xFF, 0xFF, 0xFF, 0xFF, 0xFF, 0xDE, 0xFF, 0xFF, 0xDE, 0xFF,
    0xFF, 0xDE, 0xFF, 0xFF, 0xBE, 0xFF, 0xF7, 0x7D, 0xFF, 0xEF, 0x3D, 0xFF, 0xF7, 0x7D, 0xFF, 0xFF,
    0xBE, 0xFF, 0xFF, 0xDF, 0xFF, 0xFF, 0xBE, 0xFF, 0xFF, 0xBE, 0xFF, 0xF7, 0xBE, 0xFF, 0xBD, 0xD7,
    0xFF, 0xB5, 0x76, 0xFF, 0xEF, 0x3D, 0xFF, 0xF7, 0x7D, 0xFF, 0xFF, 0xBE, 0xFF, 0xFF, 0xDF, 0xFF,
    0xFF, 0xBE, 0xFF, 0xF7, 0x9D, 0xFF, 0xF7, 0x9D, 0xFF, 0xF7, 0x9D, 0xFF, 0xEF, 0x5D, 0xFF, 0xEF,
    0x3D, 0xFF, 0xF7, 0x9E, 0xFF, 0xFF, 0xDF, 0xFF, 0xF7, 0x9E, 0xFF, 0xEF, 0x5D, 0xFF, 0xEF, 0x3C,
    0xFF, 0xEF, 0x3C, 0xFF, 0xEF, 0x5C, 0xFF, 0xEF, 0x5D, 0xFF, 0xEF, 0x5D, 0xFF, 0xEF, 0x5D, 0xFF,
    0xEF, 0x5D, 0xFF, 0xEF, 0x5D, 0xFF, 0xEF, 0x5D, 0xFF, 0xEF, 0x3D, 0xFF, 0xEF, 0x5D, 0xFF, 0xEF,
    0x5D, 0xFF, 0xF7, 0x7D, 0xFF, 0xFF, 0xDE, 0xFF, 0xFF, 0xDF, 0xFF, 0xF7, 0x9D, 0xFF, 0xEF, 0x5D,
    0xFF, 0xEF, 0x1C, 0xFF, 0xE6, 0xFC, 0xFF, 0xF7, 0x7D, 0xFF, 0xFF, 0xBE, 0xFF, 0xF7, 0x9D, 0xFF,
    0xF7, 0x9D, 0xFF, 0xFF, 0xBE, 0xFF, 0xFF, 0xBE, 0xFF, 0xFF, 0xBE, 0xFF, 0xE7, 0x1B, 0xFF, 0xE6,
    0xFB, 0xFF, 0xF7, 0x9D, 0xFF, 0xFF, 0xFF, 0xFF, 0xFF, 0xFF, 0xFF, 0xD6, 0x79, 0xFF, 0xAD, 0x34,
    0xFF, 0xF7, 0x9E, 0xFF, 0xFF, 0xDF, 0xFF, 0xFF, 0xDF, 0xFF, 0xFF, 0xFF, 0xFF, 0x63, 0x0B, 0xFF,
    0x49, 0xE6, 0xFF, 0x72, 0xE7, 0xFF, 0x93, 0xA9, 0xFF, 0xAC, 0x4B, 0xFF, 0xAC, 0x8C, 0xFF, 0xB4,
    0x8C, 0xFF, 0xAC, 0x8C, 0xFF, 0xA4, 0x4B, 0xFF, 0x9C, 0x0B, 0xFF, 0xA4, 0x2C, 0xFF, 0x94, 0x4C,
    0xFF, 0x4A, 0x66, 0xFF, 0x11, 0x01, 0xFF, 0x08, 0xE0, 0xFF, 0x19, 0x41, 0xFF, 0x21, 0xA2, 0xFF,
    0x08, 0xE0, 0xFF, 0x4A, 0x87, 0xFF, 0xDE, 0x54, 0xFF, 0xC5, 0xD2, 0xFF, 0x6B, 0xA9, 0xFF, 0x42,
    0xA4, 0xFF, 0x5B, 0xA6, 0xFF, 0x5B, 0xA6, 0xFF, 0x42, 0xC3, 0xFF, 0x73, 0xA8, 0xFF, 0x6A, 0xE7,
    0xFF, 0x39, 0x64, 0xFF, 0x41, 0xA6, 0xFF, 0x94, 0x71, 0xFF, 0xD6, 0x79, 0xFF, 0xBD, 0xB5, 0xFF,
    0xB5, 0x74, 0xFF, 0x52, 0xC9, 0xFF, 0x4A, 0x47, 0xFF, 0xDE, 0x75, 0xFF, 0xEE, 0xB7, 0xFF, 0xFF,
    0x18, 0xFF, 0x7B, 0x8B, 0xFF, 0x52, 0xC8, 0xFF, 0x9D, 0x51, 0xFF, 0x95, 0x4E, 0xFF, 0x6C, 0x08,
    0xFF, 0x7C, 0x6B, 0xFF, 0xBE, 0x15, 0xFF, 0xFF, 0xFF, 0xFF, 0xEF, 0x7D, 0xFF, 0xEF, 0x3C, 0xFF,
    0xEF, 0x5C, 0xFF, 0xE7, 0x3C, 0xFF, 0xEF, 0x3C, 0xFD, 0xEF, 0x1C, 0xFE, 0xFF, 0xBE, 0xF8, 0xCE,
    0x59, 0x9F, 0x18, 0xE3, 0x29, 0xFF, 0xFF, 0x01, 0xFF, 0xFF, 0x01, 0x00, 0x00, 0x00, 0x00, 0x00,
    0x00, 0x00, 0x00, 0x00, 0x00, 0x00, 0x00, 0x00, 0x00, 0x00, 0x00, 0x00, 0x00, 0x00, 0x00, 0x00,
    0x00, 0x00, 0x00, 0x00, 0x00, 0x00, 0x00, 0x00, 0x00, 0x00, 0x00, 0x00, 0x00, 0x00, 0x00, 0x00,
    0x00, 0x00, 0x00, 0x00, 0x04, 0x00, 0x00, 0x21, 0x00, 0x00, 0x21, 0x00, 0x00, 0x04, 0x00, 0x00,
    0x00, 0x00, 0x00, 0x00, 0x00, 0x00, 0x00, 0x00, 0x00, 0x00, 0x00, 0x00, 0x00, 0x00, 0x00, 0x00,
    0x00, 0x00, 0x00, 0x00, 0x00, 0x00, 0x00, 0x00, 0x00, 0x00, 0x00, 0x00, 0x00, 0x00, 0x00, 0x00,
    0x00, 0x00, 0x00, 0x00, 0x00, 0x00, 0x00, 0x00, 0x00, 0x00, 0x01, 0xFF, 0xFF, 0x01, 0x00, 0x00,
    0x00, 0x4A, 0xE7, 0x44, 0xAE, 0x30, 0xC1, 0xAE, 0x6F, 0xFB, 0x84, 0xED, 0xFD, 0xE7, 0x7B, 0xFF,
    0xCE, 0x77, 0xFF, 0xE6, 0xFA, 0xFF, 0xEF, 0x5C, 0xFF, 0xEF, 0x5C, 0xFF, 0xF7, 0x7D, 0xFF, 0xF7,
    0x7D, 0xFF, 0xFF, 0xBE, 0xFF, 0xCE, 0x59, 0xFF, 0x6B, 0x2D, 0xFF, 0x94, 0x71, 0xFF, 0xFF, 0xFF,
    0xFF, 0xF7, 0x9E, 0xFF, 0xF7, 0x9E, 0xFF, 0xFF, 0xDE, 0xFF, 0xF7, 0xBE, 0xFF, 0xF7, 0x7D, 0xFF,
    0xF7, 0x9E, 0xFF, 0xF7, 0x5D, 0xFF, 0xEF, 0x3C, 0xFF, 0xEF, 0x3C, 0xFF, 0xEF, 0x5C, 0xFF, 0xEF,
    0x3C, 0xFF, 0xEF, 0x3D, 0xFF, 0xF7, 0xBE, 0xFF, 0xFF, 0xDE, 0xFF, 0xFF, 0xBE, 0xFF, 0xFF, 0xBE,
    0xFF, 0xFF, 0xDE, 0xFF, 0xFF, 0xDE, 0xFF, 0xFF, 0xDE, 0xFF, 0xFF, 0xDE, 0xFF, 0xF7, 0x7D, 0xFF,
    0xBD, 0xB6, 0xFF, 0xC5, 0xD8, 0xFF, 0xFF, 0x9E, 0xFF, 0xEF, 0x5D, 0xFF, 0xFF, 0xBE, 0xFF, 0xFF,
    0xDF, 0xFF, 0xFF, 0xDE, 0xFF, 0xFF, 0xDE, 0xFF, 0xFF, 0xDE, 0xFF, 0xFF, 0xBE, 0xFF, 0xF7, 0x7D,
    0xFF, 0xF7, 0x7D, 0xFF, 0xFF, 0xBE, 0xFF, 0xFF, 0xDE, 0xFF, 0xFF, 0xDE, 0xFF, 0xFF, 0xBE, 0xFF,
    0xFF, 0xBE, 0xFF, 0xF7, 0x9D, 0xFF, 0xB5, 0x76, 0xFF, 0xBD, 0xB7, 0xFF, 0xEF, 0x5D, 0xFF, 0xF7,
    0x7D, 0xFF, 0xFF, 0xBE, 0xFF, 0xFF, 0xDF, 0xFF, 0xFF, 0xBE, 0xFF, 0xFF, 0xDE, 0xFF, 0xFF, 0xDE,
    0xFF, 0xF7, 0x9E, 0xFF, 0xEF, 0x3C, 0xFF, 0xEF, 0x3D, 0xFF, 0xF7, 0x9E, 0xFF, 0xFF, 0xDF, 0xFF,
    0xFF, 0xDE, 0xFF, 0xF7, 0x9E, 0xFF, 0xF7, 0x7D, 0xFF, 0xEF, 0x5C, 0xFF, 0xEF, 0x5C, 0xFF, 0xEF,
    0x5C, 0xFF, 0xEF, 0x5C, 0xFF, 0xEF, 0x5D, 0xFF, 0xEF, 0x5D, 0xFF, 0xEF, 0x3D, 0xFF, 0xEF, 0x3D,
    0xFF, 0xEF, 0x5D, 0xFF, 0xF7, 0x7D, 0xFF, 0xF7, 0x9E, 0xFF, 0xFF, 0xDE, 0xFF, 0xFF, 0xDE, 0xFF,
    0xFF, 0xDF, 0xFF, 0xF7, 0x9E, 0xFF, 0xF7, 0x5D, 0xFF, 0xEF, 0x3C, 0xFF, 0xE6, 0xDB, 0xFF, 0xEF,
    0x3C, 0xFF, 0xFF, 0xDE, 0xFF, 0xFF, 0xBE, 0xFF, 0xFF, 0xDE, 0xFF, 0xFF, 0xBE, 0xFF, 0xFF, 0xBE,
    0xFF, 0xFF, 0xDE, 0xFF, 0xEF, 0x5D, 0xFF, 0xE6, 0xDB, 0xFF, 0xEF, 0x5D, 0xFF, 0xFF, 0xDF, 0xFF,
    0xFF, 0xFF, 0xFF, 0xEF, 0x5C, 0xFF, 0xAD, 0x55, 0xFF, 0xD6, 0x9A, 0xFF, 0xFF, 0xFF, 0xFF, 0xFF,
    0xDF, 0xFF, 0xFF, 0xDF, 0xFF, 0xD6, 0x99, 0xFF, 0x94, 0x92, 0xFF, 0x6B, 0x2B, 0xFF, 0x6A, 0xE8,
    0xFF, 0x83, 0x48, 0xFF, 0x93, 0xC9, 0xFF, 0x9C, 0x0A, 0xFF, 0xA4, 0x4B, 0xFF, 0xA4, 0x4B, 0xFF,
    0x9C, 0x0B, 0xFF, 0xAC, 0x8C, 0xFF, 0xDE, 0x12, 0xFF, 0xCD, 0xD2, 0xFF, 0x73, 0x4A, 0xFF, 0x29,
    0x83, 0xFF, 0x19, 0x22, 0xFF, 0x08, 0xC1, 0xFF, 0x42, 0x46, 0xFF, 0x9C, 0xAE, 0xFF, 0xAC, 0xAE,
    0xFF, 0xAC, 0xEF, 0xFF, 0x9C, 0xCE, 0xFF, 0x29, 0xE2, 0xFF, 0x5B, 0x86, 0xFF, 0x63, 0xC6, 0xFF,
    0x42, 0xA3, 0xFF, 0x6B, 0x88, 0xFF, 0x83, 0xEC, 0xFF, 0x39, 0x85, 0xFF, 0x6B, 0x2C, 0xFF, 0xF7,
    0x9D, 0xFF, 0xFF, 0xBE, 0xFF, 0xCE, 0x38, 0xFF, 0xAD, 0x33, 0xFF, 0x9C, 0xF2, 0xFF, 0x31, 0x85,
    0xFF, 0x94, 0x2D, 0xFF, 0xE6, 0x95, 0xFF, 0xF6, 0xD7, 0xFF, 0xC5, 0x92, 0xFF, 0x42, 0x26, 0xFF,
    0x8C, 0x90, 0xFF, 0xCE, 0xB7, 0xFF, 0x84, 0x6C, 0xFF, 0x84, 0x8B, 0xFF, 0x84, 0x4C, 0xFF, 0xCE,
    0x78, 0xFF, 0xFF, 0xFF, 0xFF, 0xEF, 0x5D, 0xFF, 0xEF, 0x3C, 0xFF, 0xEF, 0x3C, 0xFF, 0xEF, 0x1C,
    0xFF, 0xE6, 0xDB, 0xFE, 0xFF, 0x9E, 0xFF, 0xE7, 0x3C, 0xDB, 0x8C, 0x51, 0x6C, 0x00, 0x00, 0x0B,
    0xFF, 0xFF, 0x01, 0x00, 0x00, 0x00, 0x00, 0x00, 0x00, 0x00, 0x00, 0x00, 0x00, 0x00, 0x00, 0x00,
    0x00, 0x00, 0x00, 0x00, 0x00, 0x00, 0x00, 0x00, 0x00, 0x00, 0x00, 0x00, 0x00, 0x00, 0x00, 0x00,
    0x00, 0x00, 0x00, 0x00, 0x00, 0x00, 0x00, 0x00, 0x00, 0x00, 0x00, 0x00, 0x04, 0x00, 0x00, 0x21,
    0x00, 0x00, 0x21, 0x00, 0x00, 0x04, 0x00, 0x00, 0x00, 0x00, 0x00, 0x00, 0x00, 0x00, 0x00, 0x00,
    0x00, 0x00, 0x00, 0x00, 0x00, 0x00, 0x00, 0x00, 0x00, 0x00, 0x00, 0x00, 0x00, 0x00, 0x00, 0x00,
    0x00, 0x00, 0x00, 0x00, 0x00, 0x00, 0x00, 0x00, 0x00, 0x00, 0x00, 0x00, 0x00, 0x00, 0x00, 0x00,
    0x00, 0x00, 0x01, 0xFF, 0xFF, 0x01, 0x00, 0x00, 0x02, 0x8D, 0x0E, 0x5D, 0xA6, 0x2F, 0xDC, 0x8D,
    0x6C, 0xFC, 0xA5, 0xB2, 0xFE, 0xE7, 0x3A, 0xFF, 0xCE, 0x58, 0xFF, 0xEF, 0x3C, 0xFF, 0xF7, 0x5D,
    0xFF, 0xF7, 0x7D, 0xFF, 0xEF, 0x3C, 0xFF, 0xDE, 0x9A, 0xFF, 0xDE, 0xDB, 0xFF, 0x84, 0x10, 0xFF,
    0x62, 0xEC, 0xFF, 0xDE, 0xBB, 0xFF, 0xFF, 0xFF, 0xFF, 0xF7, 0x7D, 0xFF, 0xF7, 0xBE, 0xFF, 0xFF,
    0xDF, 0xFF, 0xF7, 0x9D, 0xFF, 0xF7, 0x9E, 0xFF, 0xF7, 0x7E, 0xFF, 0xEF, 0x5D, 0xFF, 0xEF, 0x5C,
    0xFF, 0xEF, 0x5D, 0xFF, 0xEF, 0x3D, 0xFF, 0xEF, 0x3D, 0xFF, 0xF7, 0x7D, 0xFF, 0xFF, 0xDE, 0xFF,
    0xFF, 0xBE, 0xFF, 0xFF, 0xDE, 0xFF, 0xFF, 0xBE, 0xFF, 0xFF, 0xBE, 0xFF, 0xFF, 0xDE, 0xFF, 0xFF,
    0xBE, 0xFF, 0xFF, 0xFF, 0xFF, 0xD6, 0x9A, 0xFF, 0xB5, 0x55, 0xFF, 0xDE, 0xBB, 0xFF, 0xF7, 0x9E,
    0xFF, 0xEF, 0x5C, 0xFF, 0xFF, 0xDE, 0xFF, 0xFF, 0xDE, 0xFF, 0xFF, 0xDE, 0xFF, 0xFF, 0xDE, 0xFF,
    0xFF, 0xDE, 0xFF, 0xFF, 0xBE, 0xFF, 0xF7, 0x7D, 0xFF, 0xF7, 0x9E, 0xFF, 0xFF, 0xDE, 0xFF, 0xFF,
    0xBE, 0xFF, 0xFF, 0xDE, 0xFF, 0xFF, 0xBE, 0xFF, 0xFF, 0xBE, 0xFF, 0xEF, 0x5D, 0xFF, 0xA4, 0xD4,
    0xFF, 0xC5, 0xD7, 0xFF, 0xEF, 0x5D, 0xFF, 0xF7, 0x7D, 0xFF, 0xFF, 0xBE, 0xFF, 0xFF, 0xDF, 0xFF,
    0xFF, 0xBE, 0xFF, 0xFF, 0xDE, 0xFF, 0xFF, 0xDE, 0xFF, 0xF7, 0x9D, 0xFF, 0xEF, 0x3C, 0xFF, 0xEF,
    0x5D, 0xFF, 0xF7, 0x9E, 0xFF, 0xFF, 0xDE, 0xFF, 0xFF, 0xBE, 0xFF, 0xFF, 0xDF, 0xFF, 0xFF, 0xBE,
    0xFF, 0xF7, 0x9D, 0xFF, 0xF7, 0x7D, 0xFF, 0xEF, 0x7D, 0xFF, 0xF7, 0x7D, 0xFF, 0xF7, 0x5D, 0xFF,
    0xEF, 0x7D, 0xFF, 0xF7, 0x7D, 0xFF, 0xF7, 0x9D, 0xFF, 0xF7, 0xBE, 0xFF, 0xFF, 0xDE, 0xFF, 0xFF,
    0xDF, 0xFF, 0xFF, 0xDE, 0xFF, 0xFF, 0xBE, 0xFF, 0xFF, 0xDF, 0xFF, 0xF7, 0xBE, 0xFF, 0xF7, 0x5D,
    0xFF, 0xEF, 0x3C, 0xFF, 0xE6, 0xFB, 0xFF, 0xE6, 0xFB, 0xFF, 0xFF, 0xBE, 0xFF, 0xFF, 0xBE, 0xFF,
    0xFF, 0xBE, 0xFF, 0xFF, 0xBE, 0xFF, 0xFF, 0xBE, 0xFF, 0xFF, 0xDE, 0xFF, 0xF7, 0xBE, 0xFF, 0xE6,
    0xFB, 0xFF, 0xE7, 0x1C, 0xFF, 0xFF, 0xDE, 0xFF, 0xFF, 0xFF, 0xFF, 0xFF, 0xBF, 0xFF, 0xC6, 0x38,
    0xFF, 0xB5, 0x96, 0xFF, 0xFF, 0xFF, 0xFF, 0xFF, 0xBE, 0xFF, 0xF7, 0x9E, 0xFF, 0xFF, 0xFF, 0xFF,
    0xFF, 0xFF, 0xFF, 0xE7, 0x3C, 0xFF, 0xA5, 0x34, 0xFF, 0x7B, 0x6C, 0xFF, 0x62, 0xA8, 0xFF, 0x6A,
    0xC7, 0xFF, 0x7B, 0x48, 0xFF, 0x93, 0xEA, 0xFF, 0xAC, 0x6B, 0xFF, 0xA4, 0x4C, 0xFF, 0xA4, 0x4C,
    0xFF, 0xCD, 0x70, 0xFF, 0xDD, 0xF2, 0xFF, 0xAC, 0xEE, 0xFF, 0x83, 0xCB, 0xFF, 0x8B, 0xEC, 0xFF,
    0xBD, 0x70, 0xFF, 0xAC, 0xCE, 0xFF, 0x6A, 0xA8, 0xFF, 0xAC, 0xAF, 0xFF, 0xCE, 0x13, 0xFF, 0x3A,
    0x03, 0xFF, 0x4B, 0x04, 0xFF, 0x5B, 0xA5, 0xFF, 0x5B, 0x65, 0xFF, 0x3A, 0x43, 0xFF, 0x84, 0x2C,
    0xFF, 0x9C, 0x8F, 0xFF, 0xB5, 0x74, 0xFF, 0xF7, 0x9D, 0xFF, 0xFF, 0xDF, 0xFF, 0xE7, 0x1B, 0xFF,
    0xA4, 0xF3, 0xFF, 0xB5, 0x95, 0xFF, 0x5A, 0xCA, 0xFF, 0x4A, 0x07, 0xFF, 0xBD, 0x71, 0xFF, 0xDD,
    0xF3, 0xFF, 0xF6, 0xD6, 0xFF, 0x73, 0x6A, 0xFF, 0x52, 0xA9, 0xFF, 0xCE, 0x78, 0xFF, 0xC6, 0x56,
    0xFF, 0x84, 0x8C, 0xFF, 0x94, 0xED, 0xFF, 0x84, 0x6C, 0xFF, 0xDE, 0xF9, 0xFF, 0xFF, 0xDF, 0xFF,
    0xEF, 0x5D, 0xFF, 0xEF, 0x3C, 0xFF, 0xE7, 0x1C, 0xFF, 0xE7, 0x1C, 0xFE, 0xE7, 0x1B, 0xFE, 0xFF,
    0x9E, 0xF9, 0xD6, 0xBA, 0xAC, 0x29, 0x04, 0x32, 0xFF, 0xFF, 0x02, 0x00, 0x00, 0x01, 0x00, 0x00,
    0x00, 0x00, 0x00, 0x00, 0x00, 0x00, 0x00, 0x00, 0x00, 0x00, 0x00, 0x00, 0x00, 0x00, 0x00, 0x00,
    0x00, 0x00, 0x00, 0x00, 0x00, 0x00, 0x00, 0x00, 0x00, 0x00, 0x00, 0x00, 0x00, 0x00, 0x00, 0x00,
    0x00, 0x00, 0x00, 0x00, 0x04, 0x00, 0x00, 0x21, 0x00, 0x00, 0x21, 0x00, 0x00, 0x04, 0x00, 0x00,
    0x00, 0x00, 0x00, 0x00, 0x00, 0x00, 0x00, 0x00, 0x00, 0x00, 0x00, 0x00, 0x00, 0x00, 0x00, 0x00,
    0x00, 0x00, 0x00, 0x00, 0x00, 0x00, 0x00, 0x00, 0x00, 0x00, 0x00, 0x00, 0x00, 0x00, 0x00, 0x00,
    0x00, 0x00, 0x00, 0x00, 0x00, 0x00, 0x00, 0x00, 0x00, 0x00, 0x01, 0xFF, 0xFF, 0x01, 0x00, 0x00,
    0x11, 0x95, 0x8E, 0x7C, 0x9D, 0xED, 0xEE, 0x84, 0xCB, 0xFD, 0xC6, 0x76, 0xFE, 0xD6, 0x98, 0xFF,
    0xDE, 0xDA, 0xFF, 0xF7, 0x7D, 0xFF, 0xF7, 0x9D, 0xFF, 0xDE, 0xDB, 0xFF, 0xC5, 0xF8, 0xFF, 0xC6,
    0x18, 0xFF, 0xBD, 0xB7, 0xFF, 0x62, 0xEC, 0xFF, 0x8C, 0x10, 0xFF, 0xFF, 0xFF, 0xFF, 0xF7, 0xBE,
    0xFF, 0xF7, 0x7D, 0xFF, 0xFF, 0xBE, 0xFF, 0xFF, 0xBE, 0xFF, 0xF7, 0x7D, 0xFF, 0xF7, 0x9E, 0xFF,
    0xEF, 0x5D, 0xFF, 0xEF, 0x5D, 0xFF, 0xEF, 0x5D, 0xFF, 0xEF, 0x5D, 0xFF, 0xEF, 0x5D, 0xFF, 0xEF,
    0x5D, 0xFF, 0xF7, 0x9E, 0xFF, 0xFF, 0xDE, 0xFF, 0xFF, 0xBE, 0xFF, 0xFF, 0xBE, 0xFF, 0xFF, 0xDE,
    0xFF, 0xFF, 0xDE, 0xFF, 0xFF, 0xDE, 0xFF, 0xFF, 0xBE, 0xFF, 0xFF, 0x9E, 0xFF, 0xBD, 0x96, 0xFF,
    0xBD, 0x97, 0xFF, 0xF7, 0x5D, 0xFF, 0xEF, 0x5D, 0xFF, 0xF7, 0x7D, 0xFF, 0xFF, 0xDE, 0xFF, 0xFF,
    0xDE, 0xFF, 0xFF, 0xDE, 0xFF, 0xFF, 0xBE, 0xFF, 0xFF, 0xDE, 0xFF, 0xF7, 0x9E, 0xFF, 0xF7, 0x9D,
    0xFF, 0xFF, 0xBE, 0xFF, 0xFF, 0xDE, 0xFF, 0xFF, 0xBE, 0xFF, 0xFF, 0xDE, 0xFF, 0xFF, 0xBE, 0xFF,
    0xFF, 0xBE, 0xFF, 0xE7, 0x1C, 0xFF, 0x8C, 0x11, 0xFF, 0xC5, 0xF8, 0xFF, 0xF7, 0x5D, 0xFF, 0xF7,
    0x7D, 0xFF, 0xFF, 0xBE, 0xFF, 0xFF, 0xDE, 0xFF, 0xFF, 0xBE, 0xFF, 0xFF, 0xBE, 0xFF, 0xFF, 0xBE,
    0xFF, 0xF7, 0x7D, 0xFF, 0xEF, 0x3C, 0xFF, 0xEF, 0x5D, 0xFF, 0xF7, 0x9E, 0xFF, 0xFF, 0xDE, 0xFF,
    0xFF, 0xBE, 0xFF, 0xFF, 0xDE, 0xFF, 0xFF, 0xDE, 0xFF, 0xFF, 0xDE, 0xFF, 0xFF, 0xDE, 0xFF, 0xFF,
    0xBE, 0xFF, 0xFF, 0xBE, 0xFF, 0xFF, 0xBE, 0xFF, 0xFF, 0xBE, 0xFF, 0xFF, 0xDE, 0xFF, 0xFF, 0xDE,
    0xFF, 0xFF, 0xDE, 0xFF, 0xFF, 0xDE, 0xFF, 0xFF, 0xDE, 0xFF, 0xFF, 0xDE, 0xFF, 0xFF, 0xDE, 0xFF,
    0xFF, 0xDE, 0xFF, 0xFF, 0xBE, 0xFF, 0xF7, 0x7D, 0xFF, 0xEF, 0x5D, 0xFF, 0xE6, 0xFB, 0xFF, 0xE6,
    0xDB, 0xFF, 0xFF, 0xBE, 0xFF, 0xFF, 0xBE, 0xFF, 0xFF, 0xBE, 0xFF, 0xFF, 0xBE, 0xFF, 0xFF, 0xBE,
    0xFF, 0xFF, 0xDE, 0xFF, 0xFF, 0xDF, 0xFF, 0xEF, 0x3C, 0xFF, 0xE6, 0xFB, 0xFF, 0xF7, 0x9D, 0xFF,
    0xFF, 0xFF, 0xFF, 0xFF, 0xFF, 0xFF, 0xE6, 0xFB, 0xFF, 0xAD, 0x35, 0xFF, 0xEF, 0x5D, 0xFF, 0xFF,
    0xBE, 0xFF, 0xF7, 0x7D, 0xFF, 0xF7, 0x7D, 0xFF, 0xF7, 0x7D, 0xFF, 0xFF, 0xFF, 0xFF, 0xFF, 0xFF,
    0xFF, 0xF7, 0x9E, 0xFF, 0xBD, 0xD7, 0xFF, 0x73, 0xAE, 0xFF, 0x4A, 0x47, 0xFF, 0x52, 0x66, 0xFF,
    0x83, 0x48, 0xFF, 0xB4, 0xAC, 0xFF, 0xBD, 0x0E, 0xFF, 0xAC, 0x6C, 0xFF, 0xB4, 0xAD, 0xFF, 0xCD,
    0x50, 0xFF, 0xD5, 0xB1, 0xFF, 0xDD, 0xB1, 0xFF, 0xBD, 0x0E, 0xFF, 0x8B, 0x89, 0xFF, 0x6A, 0xA8,
    0xFF, 0xA4, 0x4D, 0xFF, 0xF7, 0x78, 0xFF, 0x7B, 0xCA, 0xFF, 0x3A, 0x63, 0xFF, 0x5B, 0x85, 0xFF,
    0x63, 0xC6, 0xFF, 0x4A, 0xE4, 0xFF, 0x29, 0xC3, 0xFF, 0x62, 0xE9, 0xFF, 0x94, 0x0E, 0xFF, 0xBD,
    0x75, 0xFF, 0xFF, 0xDE, 0xFF, 0xF7, 0x7D, 0xFF, 0xBD, 0xB6, 0xFF, 0xAD, 0x54, 0xFF, 0xA5, 0x33,
    0xFF, 0x39, 0xE7, 0xFF, 0x8B, 0xEC, 0xFF, 0xCD, 0x71, 0xFF, 0xDD, 0xF3, 0xFF, 0xC5, 0xB3, 0xFF,
    0x4A, 0x26, 0xFF, 0x7B, 0xEF, 0xFF, 0xF7, 0xBD, 0xFF, 0xA5, 0x51, 0xFF, 0x95, 0x0E, 0xFF, 0x8C,
    0xCC, 0xFF, 0x94, 0xCD, 0xFF, 0xE7, 0x3B, 0xFF, 0xFF, 0xBE, 0xFF, 0xEF, 0x1C, 0xFF, 0xE7, 0x1B,
    0xFF, 0xE7, 0x1C, 0xFF, 0xE6, 0xFB, 0xFE, 0xF7, 0x7D, 0xFF, 0xEF, 0x3C, 0xE0, 0x9C, 0xB2, 0x77,
    0x00, 0x00, 0x0F, 0xFF, 0xFF, 0x01, 0x00, 0x00, 0x00, 0x00, 0x00, 0x00, 0x00, 0x00, 0x00, 0x00,
    0x00, 0x00, 0x00, 0x00, 0x00, 0x00, 0x00, 0x00, 0x00, 0x00, 0x00, 0x00, 0x00, 0x00, 0x00, 0x00,
    0x00, 0x00, 0x00, 0x00, 0x00, 0x00, 0x00, 0x00, 0x00, 0x00, 0x00, 0x00, 0x04, 0x00, 0x00, 0x21,
    0x00, 0x00, 0x21, 0x00, 0x00, 0x04, 0x00, 0x00, 0x00, 0x00, 0x00, 0x00, 0x00, 0x00, 0x00, 0x00,
    0x00, 0x00, 0x00, 0x00, 0x00, 0x00, 0x00, 0x00, 0x00, 0x00, 0x00, 0x00, 0x00, 0x00, 0x00, 0x00,
    0x00, 0x00, 0x00, 0x00, 0x00, 0x00, 0x00, 0x00, 0x00, 0x00, 0x00, 0x00, 0x00, 0x00, 0x00, 0x00,
    0x7B, 0xEF, 0x02, 0x00, 0x00, 0x00, 0x19, 0x04, 0x2E, 0x85, 0x0C, 0xA5, 0x8D, 0x8C, 0xFC, 0x8C,
    0xED, 0xFE, 0xCE, 0x77, 0xFE, 0xD6, 0x79, 0xFF, 0xF7, 0x7D, 0xFF, 0xF7, 0x7D, 0xFF, 0xD6, 0x9A,
    0xFF, 0xB5, 0x96, 0xFF, 0xB5, 0x76, 0xFF, 0xC5, 0xF8, 0xFF, 0x73, 0x6E, 0xFF, 0x52, 0x6A, 0xFF,
    0xC6, 0x18, 0xFF, 0xFF, 0xFF, 0xFF, 0xEF, 0x5D, 0xFF, 0xF7, 0x9E, 0xFF, 0xFF, 0xDE, 0xFF, 0xF7,
    0x9E, 0xFF, 0xF7, 0x5D, 0xFF, 0xF7, 0x7D, 0xFF, 0xEF, 0x5D, 0xFF, 0xEF, 0x5D, 0xFF, 0xEF, 0x5D,
    0xFF, 0xEF, 0x5D, 0xFF, 0xEF, 0x5D, 0xFF, 0xEF, 0x7D, 0xFF, 0xF7, 0x9E, 0xFF, 0xFF, 0xBE, 0xFF,
    0xFF, 0xDE, 0xFF, 0xFF, 0xBE, 0xFF, 0xFF, 0xBE, 0xFF, 0xFF, 0xDE, 0xFF, 0xF7, 0xBE, 0xFF, 0xFF,
    0xFF, 0xFF, 0xDE, 0xBA, 0xFF, 0xAD, 0x14, 0xFF, 0xCE, 0x59, 0xFF, 0xF7, 0x9E, 0xFF, 0xEF, 0x1C,
    0xFF, 0xFF, 0xBE, 0xFF, 0xFF, 0xDE, 0xFF, 0xFF, 0xBE, 0xFF, 0xFF, 0xDE, 0xFF, 0xFF, 0xDE, 0xFF,
    0xFF, 0xDE, 0xFF, 0xF7, 0x9E, 0xFF, 0xF7, 0x9E, 0xFF, 0xFF, 0xBE, 0xFF, 0xFF, 0xDE, 0xFF, 0xFF,
    0xBE, 0xFF, 0xFF, 0xBE, 0xFF, 0xFF, 0xBE, 0xFF, 0xFF, 0xBE, 0xFF, 0xDE, 0xDB, 0xFF, 0x83, 0xD0,
    0xFF, 0xCE, 0x39, 0xFF, 0xEF, 0x3D, 0xFF, 0xF7, 0x7D, 0xFF, 0xFF, 0xBE, 0xFF, 0xFF, 0xDE, 0xFF,
    0xFF, 0xBE, 0xFF, 0xFF, 0xDE, 0xFF, 0xFF, 0xBE, 0xFF, 0xF7, 0x7D, 0xFF, 0xEF, 0x3C, 0xFF, 0xEF,
    0x5D, 0xFF, 0xF7, 0x9E, 0xFF, 0xFF, 0xDE, 0xFF, 0xFF, 0xBE, 0xFF, 0xFF, 0xDE, 0xFF, 0xFF, 0xDE,
    0xFF, 0xFF, 0xBE, 0xFF, 0xFF, 0xDE, 0xFF, 0xFF, 0xDE, 0xFF, 0xFF, 0xDE, 0xFF, 0xFF, 0xDE, 0xFF,
    0xFF, 0xDE, 0xFF, 0xFF, 0xDE, 0xFF, 0xFF, 0xDE, 0xFF, 0xFF, 0xDE, 0xFF, 0xFF, 0xDE, 0xFF, 0xFF,
    0xDE, 0xFF, 0xFF, 0xDE, 0xFF, 0xFF, 0xDE, 0xFF, 0xFF, 0xDE, 0xFF, 0xFF, 0xBE, 0xFF, 0xF7, 0x7D,
    0xFF, 0xF7, 0x5D, 0xFF, 0xE6, 0xFC, 0xFF, 0xDE, 0xBA, 0xFF, 0xF7, 0x9E, 0xFF, 0xFF, 0xDE, 0xFF,
    0xFF, 0xBE, 0xFF, 0xFF, 0xBE, 0xFF, 0xFF, 0xDE, 0xFF, 0xFF, 0xDF, 0xFF, 0xFF, 0xFF, 0xFF, 0xF7,
    0x7D, 0xFF, 0xDE, 0xDB, 0xFF, 0xE7, 0x1C, 0xFF, 0xFF, 0xBE, 0xFF, 0xFF, 0xFF, 0xFF, 0xEF, 0x7D,
    0xFF, 0xB5, 0x76, 0xFF, 0xD6, 0x9A, 0xFF, 0xFF, 0xBE, 0xFF, 0xF7, 0x7D, 0xFF, 0xF7, 0x9D, 0xFF,
    0xF7, 0x9D, 0xFF, 0xEF, 0x5D, 0xFF, 0xEF, 0x3C, 0xFF, 0xF7, 0x9E, 0xFF, 0xFF, 0xFF, 0xFF, 0xFF,
    0xFF, 0xFF, 0xD6, 0xBA, 0xFF, 0x8C, 0x91, 0xFF, 0x52, 0x89, 0xFF, 0x52, 0x66, 0xFF, 0xA4, 0x4C,
    0xFF, 0xC5, 0x2F, 0xFF, 0xBC, 0xCD, 0xFF, 0xA4, 0x0B, 0xFF, 0x9B, 0xCA, 0xFF, 0x9B, 0x89, 0xFF,
    0x9B, 0xCA, 0xFF, 0x7B, 0x08, 0xFF, 0x6A, 0xA7, 0xFF, 0xD6, 0x14, 0xFF, 0xFF, 0x99, 0xFF, 0xB5,
    0x50, 0xFF, 0x29, 0xC2, 0xFF, 0x53, 0x65, 0xFF, 0x5B, 0xA5, 0xFF, 0x63, 0xC6, 0xFF, 0x42, 0xA4,
    0xFF, 0x19, 0x01, 0xFF, 0x5A, 0xA9, 0xFF, 0xAC, 0xF2, 0xFF, 0xD6, 0x37, 0xFF, 0xFF, 0xFF, 0xFF,
    0xDE, 0xBA, 0xFF, 0xA4, 0xD2, 0xFF, 0xD6, 0x99, 0xFF, 0x63, 0x4C, 0xFF, 0x62, 0xC9, 0xFF, 0xBD,
    0x50, 0xFF, 0xC5, 0x30, 0xFF, 0xE6, 0x55, 0xFF, 0x9C, 0x2D, 0xFF, 0x4A, 0x27, 0xFF, 0xBD, 0xD6,
    0xFF, 0xE7, 0x5B, 0xFF, 0x94, 0xCE, 0xFF, 0x9D, 0x6E, 0xFF, 0x84, 0x8B, 0xFF, 0x9D, 0x0F, 0xFF,
    0xEF, 0x5C, 0xFF, 0xF7, 0x7E, 0xFF, 0xE7, 0x1C, 0xFF, 0xE6, 0xFB, 0xFF, 0xEF, 0x1B, 0xFE, 0xEE,
    0xFB, 0xFF, 0xF7, 0x7D, 0xFD, 0xE6, 0xFB, 0xB7, 0x10, 0xA2, 0x38, 0xFF, 0xFF, 0x02, 0x00, 0x00,
    0x01, 0x00, 0x00, 0x00, 0x00, 0x00, 0x00, 0x00, 0x00, 0x00, 0x00, 0x00, 0x00, 0x00, 0x00, 0x00,
    0x00, 0x00, 0x00, 0x00, 0x00, 0x00, 0x00, 0x00, 0x00, 0x00, 0x00, 0x00, 0x00, 0x00, 0x00, 0x00,
    0x00, 0x00, 0x00, 0x00, 0x04, 0x00, 0x00, 0x21, 0x00, 0x00, 0x21, 0x00, 0x00, 0x04, 0x00, 0x00,
    0x00, 0x00, 0x00, 0x00, 0x00, 0x00, 0x00, 0x00, 0x00, 0x00, 0x00, 0x00, 0x00, 0x00, 0x00, 0x00,
    0x00, 0x00, 0x00, 0x00, 0x00, 0x00, 0x00, 0x00, 0x00, 0x00, 0x00, 0x00, 0x00, 0x00, 0x00, 0x00,
    0x00, 0x00, 0x00, 0x00, 0x00, 0x00, 0x00, 0x01, 0x00, 0x00, 0x00, 0x00, 0x00, 0x0B, 0x63, 0x6A,
    0x50, 0x85, 0x2B, 0xC0, 0x85, 0x2B, 0xFF, 0x9D, 0x50, 0xFD, 0xD6, 0x79, 0xFF, 0xE7, 0x1C, 0xFF,
    0xE7, 0x1C, 0xFF, 0xC6, 0x18, 0xFF, 0xB5, 0x56, 0xFF, 0xBD, 0xB7, 0xFF, 0xA5, 0x14, 0xFF, 0x84,
    0x10, 0xFF, 0x41, 0xC8, 0xFF, 0x73, 0x6E, 0xFF, 0xF7, 0x7D, 0xFF, 0xFF, 0xDE, 0xFF, 0xEF, 0x3C,
    0xFF, 0xFF, 0xBE, 0xFF, 0xFF, 0xBE, 0xFF, 0xEF, 0x5D, 0xFF, 0xEF, 0x5D, 0xFF, 0xEF, 0x5D, 0xFF,
    0xEF, 0x5D, 0xFF, 0xEF, 0x5D, 0xFF, 0xEF, 0x5D, 0xFF, 0xEF, 0x5D, 0xFF, 0xEF, 0x5D, 0xFF, 0xF7,
    0x7D, 0xFF, 0xEF, 0x5D, 0xFF, 0xF7, 0x7D, 0xFF, 0xFF, 0xDE, 0xFF, 0xFF, 0xDE, 0xFF, 0xFF, 0xDE,
    0xFF, 0xFF, 0xDF, 0xFF, 0xF7, 0x9E, 0xFF, 0xFF, 0xBE, 0xFF, 0xB5, 0x96, 0xFF, 0xB5, 0x35, 0xFF,
    0xEF, 0x1C, 0xFF, 0xF7, 0x5D, 0xFF, 0xEF, 0x3C, 0xFF, 0xFF, 0xBE, 0xFF, 0xFF, 0xDE, 0xFF, 0xFF,
    0xBE, 0xFF, 0xFF, 0xBE, 0xFF, 0xFF, 0xDE, 0xFF, 0xFF, 0xBE, 0xFF, 0xF7, 0x9D, 0xFF, 0xFF, 0xBE,
    0xFF, 0xFF, 0xDE, 0xFF, 0xFF, 0xDE, 0xFF, 0xFF, 0xDE, 0xFF, 0xFF, 0xDE, 0xFF, 0xFF, 0xBE, 0xFF,
    0xF7, 0x9E, 0xFF, 0xDE, 0x9A, 0xFF, 0x83, 0xF0, 0xFF, 0xDE, 0x9A, 0xFF, 0xEF, 0x3C, 0xFF, 0xEF,
    0x7D, 0xFF, 0xFF, 0xBE, 0xFF, 0xFF, 0xDE, 0xFF, 0xFF, 0xBE, 0xFF, 0xFF, 0xDE, 0xFF, 0xFF, 0xBE,
    0xFF, 0xF7, 0x7D, 0xFF, 0xEF, 0x3C, 0xFF, 0xEF, 0x3D, 0xFF, 0xF7, 0x9E, 0xFF, 0xFF, 0xDE, 0xFF,
    0xFF, 0xBE, 0xFF, 0xFF, 0xDE, 0xFF, 0xFF, 0xBE, 0xFF, 0xFF, 0xBE, 0xFF, 0xFF, 0xDE, 0xFF, 0xFF,
    0xDE, 0xFF, 0xFF, 0xDE, 0xFF, 0xFF, 0xDE, 0xFF, 0xFF, 0xDE, 0xFF, 0xFF, 0xDE, 0xFF, 0xFF, 0xDE,
    0xFF, 0xFF, 0xDE, 0xFF, 0xFF, 0xDE, 0xFF, 0xFF, 0xDE, 0xFF, 0xFF, 0xDE, 0xFF, 0xFF, 0xDE, 0xFF,
    0xFF, 0xDE, 0xFF, 0xFF, 0xBE, 0xFF, 0xF7, 0x7D, 0xFF, 0xF7, 0x7D, 0xFF, 0xE6, 0xFC, 0xFF, 0xD6,
    0x79, 0xFF, 0xF7, 0x7D, 0xFF, 0xFF, 0xDF, 0xFF, 0xFF, 0xDE, 0xFF, 0xFF, 0xDE, 0xFF, 0xFF, 0xDE,
    0xFF, 0xFF, 0xDF, 0xFF, 0xFF, 0xDF, 0xFF, 0xF7, 0xBE, 0xFF, 0xE6, 0xFB, 0xFF, 0xE6, 0xDB, 0xFF,
    0xEF, 0x5D, 0xFF, 0xFF, 0xBE, 0xFF, 0xFF, 0xBE, 0xFF, 0xC5, 0xF8, 0xFF, 0xBD, 0xB6, 0xFF, 0xFF,
    0x9E, 0xFF, 0xF7, 0x7D, 0xFF, 0xF7, 0x7D, 0xFF, 0xF7, 0x7D, 0xFF, 0xEF, 0x5D, 0xFF, 0xEF, 0x5D,
    0xFF, 0xEF, 0x5D, 0xFF, 0xEF, 0x5C, 0xFF, 0xF7, 0x7D, 0xFF, 0xFF, 0xDF, 0xFF, 0xFF, 0xFF, 0xFF,
    0xE7, 0x3C, 0xFF, 0x7B, 0xEF, 0xFF, 0x39, 0xC6, 0xFF, 0x73, 0x09, 0xFF, 0xAC, 0x6D, 0xFF, 0xBC,
    0xAD, 0xFF, 0xB4, 0x4B, 0xFF, 0xAC, 0x2B, 0xFF, 0x72, 0xA7, 0xFF, 0x49, 0xA4, 0xFF, 0xA4, 0xAF,
    0xFF, 0xFF, 0xDB, 0xFF, 0xF7, 0x38, 0xFF, 0x83, 0xEC, 0xFF, 0x19, 0x21, 0xFF, 0x53, 0x45, 0xFF,
    0x5B, 0xC5, 0xFF, 0x53, 0x64, 0xFF, 0x63, 0xE6, 0xFF, 0x2A, 0x02, 0xFF, 0x52, 0xA8, 0xFF, 0xA4,
    0xD1, 0xFF, 0xB5, 0x33, 0xFF, 0xFF, 0xBE, 0xFF, 0xEF, 0x5C, 0xFF, 0xAD, 0x54, 0xFF, 0xBD, 0xD6,
    0xFF, 0xAD, 0x74, 0xFF, 0x39, 0xC6, 0xFF, 0x83, 0xCB, 0xFF, 0xCD, 0x91, 0xFF, 0xCD, 0x71, 0xFF,
    0xDE, 0x34, 0xFF, 0x7B, 0x6A, 0xFF, 0x5A, 0xC9, 0xFF, 0xEF, 0x5C, 0xFF, 0xBE, 0x14, 0xFF, 0x8C,
    0xEC, 0xFF, 0x95, 0x2D, 0xFF, 0x7C, 0x6A, 0xFF, 0xA5, 0x51, 0xFF, 0xEF, 0x5D, 0xFF, 0xEF, 0x5D,
    0xFF, 0xE6, 0xFB, 0xFF, 0xEF, 0x1C, 0xFF, 0xE6, 0xFB, 0xFE, 0xF7, 0x7D, 0xFF, 0xEF, 0x3C, 0xE5,
    0x9C, 0xD3, 0x7E, 0x00, 0x00, 0x12, 0xFF, 0xFF, 0x01, 0x00, 0x00, 0x00, 0x00, 0x00, 0x00, 0x00,
    0x00, 0x00, 0x00, 0x00, 0x00, 0x00, 0x00, 0x00, 0x00, 0x00, 0x00, 0x00, 0x00, 0x00, 0x00, 0x00,
    0x00, 0x00, 0x00, 0x00, 0x00, 0x00, 0x00, 0x00, 0x00, 0x00, 0x00, 0x00, 0x04, 0x00, 0x00, 0x21,
    0x00, 0x00, 0x21, 0x00, 0x00, 0x04, 0x00, 0x00, 0x00, 0x00, 0x00, 0x00, 0x00, 0x00, 0x00, 0x00,
    0x00, 0x00, 0x00, 0x00, 0x00, 0x00, 0x00, 0x00, 0x00, 0x00, 0x00, 0x00, 0x00, 0x00, 0x00, 0x00,
    0x00, 0x00, 0x00, 0x00, 0x00, 0x00, 0x00, 0x00, 0x00, 0x00, 0x00, 0x00, 0x00, 0xFF, 0xFF, 0x01,
    0x00, 0x00, 0x05, 0x41, 0xC8, 0x2F, 0x7C, 0x4C, 0x80, 0x85, 0x0B, 0xD3, 0x85, 0x0C, 0xFC, 0xB5,
    0xB4, 0xFE, 0xDE, 0xBA, 0xFF, 0xCE, 0x59, 0xFF, 0xB5, 0x56, 0xFF, 0xB5, 0x56, 0xFF, 0xC5, 0xD8,
    0xFF, 0x8C, 0x52, 0xFF, 0x73, 0x6E, 0xFF, 0xAD, 0x35, 0xFF, 0x7B, 0xAF, 0xFF, 0x9C, 0xD3, 0xFF,
    0xFF, 0xFF, 0xFF, 0xEF, 0x5C, 0xFF, 0xEF, 0x5D, 0xFF, 0xFF, 0xDE, 0xFF, 0xF7, 0x7D, 0xFF, 0xEF,
    0x3C, 0xFF, 0xEF, 0x5D, 0xFF, 0xEF, 0x3C, 0xFF, 0xEF, 0x5D, 0xFF, 0xEF, 0x3D, 0xFF, 0xEF, 0x5D,
    0xFF, 0xEF, 0x5D, 0xFF, 0xEF, 0x5D, 0xFF, 0xF7, 0x5D, 0xFF, 0xF7, 0x5D, 0xFF, 0xEF, 0x5D, 0xFF,
    0xF7, 0x9E, 0xFF, 0xFF, 0xDE, 0xFF, 0xFF, 0xDF, 0xFF, 0xFF, 0xDE, 0xFF, 0xFF, 0xBE, 0xFF, 0xE6,
    0xFB, 0xFF, 0xA4, 0xD3, 0xFF, 0xC6, 0x18, 0xFF, 0xF7, 0x9E, 0xFF, 0xEF, 0x1C, 0xFF, 0xF7, 0x7D,
    0xFF, 0xFF, 0xDE, 0xFF, 0xFF, 0xBE, 0xFF, 0xFF, 0xBE, 0xFF, 0xFF, 0xDE, 0xFF, 0xFF, 0xDE, 0xFF,
    0xFF, 0xBE, 0xFF, 0xF7, 0x9D, 0xFF, 0xFF, 0xBE, 0xFF, 0xFF, 0xDE, 0xFF, 0xFF, 0xDE, 0xFF, 0xFF,
    0xDF, 0xFF, 0xFF, 0xDE, 0xFF, 0xF7, 0xBE, 0xFF, 0xF7, 0x9D, 0xFF, 0xD6, 0x79, 0xFF, 0x83, 0xF0,
    0xFF, 0xDE, 0xBB, 0xFF, 0xEF, 0x3C, 0xFF, 0xF7, 0x5D, 0xFF, 0xFF, 0xBE, 0xFF, 0xFF, 0xDE, 0xFF,
    0xFF, 0xBE, 0xFF, 0xFF, 0xBE, 0xFF, 0xFF, 0xBE, 0xFF, 0xF7, 0x7D, 0xFF, 0xEF, 0x1C, 0xFF, 0xEF,
    0x3C, 0xFF, 0xF7, 0x9E, 0xFF, 0xFF, 0xDE, 0xFF, 0xFF, 0xDE, 0xFF, 0xFF, 0xDE, 0xFF, 0xFF, 0xDE,
    0xFF, 0xFF, 0xBE, 0xFF, 0xFF, 0xDE, 0xFF, 0xFF, 0xDE, 0xFF, 0xFF, 0xDE, 0xFF, 0xFF, 0xDE, 0xFF,
    0xFF, 0xDE, 0xFF, 0xFF, 0xDE, 0xFF, 0xFF, 0xDE, 0xFF, 0xFF, 0xDE, 0xFF, 0xFF, 0xDE, 0xFF, 0xFF,
    0xDE, 0xFF, 0xFF, 0xDE, 0xFF, 0xFF, 0xDE, 0xFF, 0xFF, 0xDE, 0xFF, 0xFF, 0xDE, 0xFF, 0xF7, 0x7D,
    0xFF, 0xF7, 0x7D, 0xFF, 0xE6, 0xFC, 0xFF, 0xD6, 0x59, 0xFF, 0xEF, 0x3C, 0xFF, 0xFF, 0xFF, 0xFF,
    0xFF, 0xDE, 0xFF, 0xFF, 0xDE, 0xFF, 0xFF, 0xDE, 0xFF, 0xFF, 0xDF, 0xFF, 0xFF, 0xDF, 0xFF, 0xFF,
    0xBE, 0xFF, 0xE7, 0x1C, 0xFF, 0xE6, 0xFB, 0xFF, 0xEF, 0x5D, 0xFF, 0xF7, 0x7D, 0xFF, 0xF7, 0x9E,
    0xFF, 0xDE, 0xBA, 0xFF, 0xAD, 0x14, 0xFF, 0xEF, 0x1C, 0xFF, 0xF7, 0x7D, 0xFF, 0xF7, 0x5D, 0xFF,
    0xEF, 0x3C, 0xFF, 0xEF, 0x3C, 0xFF, 0xEF, 0x3C, 0xFF, 0xEF, 0x5D, 0xFF, 0xF7, 0x7D, 0xFF, 0xF7,
    0x7D, 0xFF, 0xEF, 0x5D, 0xFF, 0xF7, 0x5D, 0xFF, 0xFF, 0xBF, 0xFF, 0xFF, 0xFF, 0xFF, 0xA5, 0x14,
    0xFF, 0x52, 0x8A, 0xFF, 0x49, 0xE6, 0xFF, 0x5A, 0x26, 0xFF, 0x62, 0x66, 0xFF, 0x51, 0xE5, 0xFF,
    0x20, 0xA2, 0xFF, 0x52, 0x06, 0xFF, 0xD6, 0x14, 0xFF, 0xFF, 0x99, 0xFF, 0xE6, 0xB5, 0xFF, 0x39,
    0xE4, 0xFF, 0x09, 0x01, 0xFF, 0x53, 0x45, 0xFF, 0x5B, 0xC5, 0xFF, 0x53, 0x64, 0xFF, 0x63, 0xC6,
    0xFF, 0x3A, 0xA3, 0xFF, 0x42, 0x66, 0xFF, 0x8C, 0x0E, 0xFF, 0xB5, 0x33, 0xFF, 0xE6, 0xFA, 0xFF,
    0xFF, 0x9D, 0xFF, 0xD6, 0x78, 0xFF, 0xA4, 0xF3, 0xFF, 0xD6, 0xB9, 0xFF, 0x73, 0xAD, 0xFF, 0x31,
    0x84, 0xFF, 0x94, 0x4C, 0xFF, 0xC5, 0x70, 0xFF, 0xDD, 0xF3, 0xFF, 0xCD, 0x71, 0xFF, 0x62, 0xC8,
    0xFF, 0x84, 0x0F, 0xFF, 0xF7, 0x9D, 0xFF, 0x8C, 0xCD, 0xFF, 0x8D, 0x0C, 0xFF, 0x8C, 0xED, 0xFF,
    0x7C, 0x2B, 0xFF, 0xBD, 0xD4, 0xFF, 0xEF, 0x7D, 0xFF, 0xEF, 0x5D, 0xFF, 0xE7, 0x1C, 0xFF, 0xEF,
    0x1C, 0xFE, 0xEF, 0x1C, 0xFF, 0xF7, 0x7D, 0xFD, 0xE6, 0xFB, 0xBB, 0x10, 0x82, 0x39, 0x63, 0x2C,
    0x05, 0x00, 0x00, 0x00, 0x00, 0x00, 0x00, 0x00, 0x00, 0x00, 0x00, 0x00, 0x00, 0x00, 0x00, 0x00,
    0x00, 0x00, 0x00, 0x00, 0x00, 0x00, 0x00, 0x00, 0x00, 0x00, 0x00, 0x00, 0x00, 0x00, 0x00, 0x00,
    0x00, 0x00, 0x00, 0x00, 0x04, 0x00, 0x00, 0x21, 0x00, 0x00, 0x21, 0x00, 0x00, 0x04, 0x00, 0x00,
    0x00, 0x00, 0x00, 0x00, 0x00, 0x00, 0x00, 0x00, 0x00, 0x00, 0x00, 0x00, 0x00, 0x00, 0x00, 0x00,
    0x00, 0x00, 0x00, 0x00, 0x00, 0x00, 0x00, 0x00, 0x00, 0x00, 0x00, 0x00, 0x00, 0x00, 0x00, 0x00,
    0x00, 0x00, 0x00, 0x00, 0x01, 0xFF, 0xEF, 0x02, 0x00, 0x00, 0x12, 0x83, 0xCF, 0x61, 0x8C, 0xCD,
    0xC3, 0x7C, 0xCA, 0xF5, 0x95, 0x2E, 0xFF, 0xC6, 0x37, 0xFE, 0xCE, 0x19, 0xFF, 0xAD, 0x36, 0xFF,
    0xBD, 0xB7, 0xFF, 0xBD, 0xB8, 0xFF, 0x84, 0x11, 0xFF, 0x5A, 0xCC, 0xFF, 0xC5, 0xF8, 0xFF, 0xB5,
    0x96, 0xFF, 0x7B, 0xAF, 0xFF, 0xCE, 0x59, 0xFF, 0xFF, 0xFF, 0xFF, 0xEF, 0x1C, 0xFF, 0xF7, 0x9E,
    0xFF, 0xFF, 0xBE, 0xFF, 0xEF, 0x5C, 0xFF, 0xEF, 0x3C, 0xFF, 0xEF, 0x3D, 0xFF, 0xEF, 0x3C, 0xFF,
    0xEF, 0x3D, 0xFF, 0xEF, 0x5D, 0xFF, 0xEF, 0x5D, 0xFF, 0xEF, 0x5D, 0xFF, 0xEF, 0x5D, 0xFF, 0xEF,
    0x5D, 0xFF, 0xF7, 0x5D, 0xFF, 0xEF, 0x5D, 0xFF, 0xF7, 0x7D, 0xFF, 0xFF, 0xDE, 0xFF, 0xFF, 0xDF,
    0xFF, 0xF7, 0x9E, 0xFF, 0xFF, 0xDF, 0xFF, 0xBD, 0xB7, 0xFF, 0xA5, 0x14, 0xFF, 0xE6, 0xFB, 0xFF,
    0xF7, 0x9D, 0xFF, 0xE7, 0x1C, 0xFF, 0xF7, 0x9D, 0xFF, 0xFF, 0xDE, 0xFF, 0xFF, 0xBE, 0xFF, 0xFF,
    0xBE, 0xFF, 0xFF, 0xDE, 0xFF, 0xFF, 0xDE, 0xFF, 0xF7, 0x9E, 0xFF, 0xF7, 0x9E, 0xFF, 0xFF, 0xDE,
    0xFF, 0xFF, 0xDE, 0xFF, 0xFF, 0xDE, 0xFF, 0xFF, 0xDF, 0xFF, 0xFF, 0xDE, 0xFF, 0xF7, 0x9E, 0xFF,
    0xF7, 0x9E, 0xFF, 0xCE, 0x59, 0xFF, 0x83, 0xAF, 0xFF, 0xE6, 0xDB, 0xFF, 0xEF, 0x3C, 0xFF, 0xEF,
    0x5D, 0xFF, 0xFF, 0xBE, 0xFF, 0xFF, 0xBE, 0xFF, 0xFF, 0xBE, 0xFF, 0xFF, 0xBE, 0xFF, 0xFF, 0xBE,
    0xFF, 0xF7, 0x5D, 0xFF, 0xEF, 0x1C, 0xFF, 0xEF, 0x3D, 0xFF, 0xF7, 0x9E, 0xFF, 0xFF, 0xDE, 0xFF,
    0xFF, 0xDE, 0xFF, 0xFF, 0xDE, 0xFF, 0xFF, 0xDE, 0xFF, 0xFF, 0xBE, 0xFF, 0xFF, 0xDE, 0xFF, 0xFF,
    0xDE, 0xFF, 0xFF, 0xDE, 0xFF, 0xFF, 0xBE, 0xFF, 0xFF, 0xBE, 0xFF, 0xFF, 0xDE, 0xFF, 0xFF, 0xDE,
    0xFF, 0xFF, 0xDE, 0xFF, 0xFF, 0xDE, 0xFF, 0xFF, 0xDE, 0xFF, 0xFF, 0xDE, 0xFF, 0xFF, 0xDE, 0xFF,
    0xFF, 0xDE, 0xFF, 0xFF, 0xDE, 0xFF, 0xF7, 0x7D, 0xFF, 0xF7, 0x5D, 0xFF, 0xEF, 0x1C, 0xFF, 0xD6,
    0x59, 0xFF, 0xE6, 0xFB, 0xFF, 0xFF, 0xDF, 0xFF, 0xFF, 0xBE, 0xFF, 0xFF, 0xDE, 0xFF, 0xFF, 0xDE,
    0xFF, 0xFF, 0xDF, 0xFF, 0xFF, 0xBE, 0xFF, 0xF7, 0x9E, 0xFF, 0xEF, 0x3D, 0xFF, 0xDE, 0xDB, 0xFF,
    0xE7, 0x1C, 0xFF, 0xF7, 0x7D, 0xFF, 0xF7, 0x7D, 0xFF, 0xEF, 0x3C, 0xFF, 0xAD, 0x35, 0xFF, 0xD6,
    0x59, 0xFF, 0xF7, 0x5D, 0xFF, 0xEF, 0x3C, 0xFF, 0xEF, 0x1C, 0xFF, 0xEF, 0x3C, 0xFF, 0xEF, 0x3C,
    0xFF, 0xEF, 0x5D, 0xFF, 0xEF, 0x5D, 0xFF, 0xF7, 0x7D, 0xFF, 0xF7, 0x7D, 0xFF, 0xF7, 0x7D, 0xFF,
    0xF7, 0x7E, 0xFF, 0xFF, 0xDF, 0xFF, 0xE7, 0x1B, 0xFF, 0xC6, 0x38, 0xFF, 0xBD, 0xF7, 0xFF, 0x8C,
    0x51, 0xFF, 0x6B, 0x4D, 0xFF, 0xA5, 0x13, 0xFF, 0x83, 0xEF, 0xFF, 0x51, 0xE6, 0xFF, 0xB4, 0xAE,
    0xFF, 0xF6, 0xB3, 0xFF, 0xDE, 0x11, 0xFF, 0x8C, 0x4B, 0xFF, 0x11, 0x01, 0xFF, 0x42, 0xE4, 0xFF,
    0x5B, 0xC5, 0xFF, 0x53, 0x85, 0xFF, 0x53, 0xA5, 0xFF, 0x4B, 0x44, 0xFF, 0x3A, 0x44, 0xFF, 0x73,
    0x2B, 0xFF, 0xAC, 0xF2, 0xFF, 0xC5, 0xF6, 0xFF, 0xFF, 0xBE, 0xFF, 0xEF, 0x1B, 0xFF, 0xA5, 0x13,
    0xFF, 0xC5, 0xF7, 0xFF, 0xBD, 0xF7, 0xFF, 0x4A, 0xA9, 0xFF, 0x31, 0x83, 0xFF, 0x8B, 0xEC, 0xFF,
    0xCD, 0x92, 0xFF, 0xEE, 0x95, 0xFF, 0xB4, 0xEF, 0xFF, 0x6A, 0xEA, 0xFF, 0xCE, 0x79, 0xFF, 0xC6,
    0x76, 0xFF, 0x7C, 0xAB, 0xFF, 0x84, 0xED, 0xFF, 0x84, 0xCD, 0xFF, 0x84, 0x4C, 0xFF, 0xCE, 0x57,
    0xFF, 0xF7, 0x9E, 0xFF, 0xEF, 0x5D, 0xFF, 0xEF, 0x3C, 0xFF, 0xEF, 0x1C, 0xFE, 0xF7, 0x9D, 0xFF,
    0xF7, 0x7D, 0xE6, 0x94, 0xB2, 0x80, 0x08, 0x61, 0x14, 0x00, 0x00, 0x00, 0x00, 0x00, 0x00, 0x00,
    0x00, 0x00, 0x00, 0x00, 0x00, 0x00, 0x00, 0x00, 0x00, 0x00, 0x00, 0x00, 0x00, 0x00, 0x00, 0x00,
    0x00, 0x00, 0x00, 0x00, 0x00, 0x00, 0x00, 0x00, 0x00, 0x00, 0x00, 0x00, 0x04, 0x00, 0x00, 0x21,
    0x00, 0x00, 0x21, 0x00, 0x00, 0x04, 0x00, 0x00, 0x00, 0x00, 0x00, 0x00, 0x00, 0x00, 0x00, 0x00,
    0x00, 0x00, 0x00, 0x00, 0x00, 0x00, 0x00, 0x00, 0x00, 0x00, 0x00, 0x00, 0x00, 0x00, 0x00, 0x00,
    0x00, 0x00, 0x00, 0x00, 0x00, 0x00, 0x00, 0x00, 0x00, 0x00, 0xFF, 0xFF, 0x01, 0x00, 0x00, 0x04,
    0x31, 0x87, 0x39, 0x94, 0x92, 0xAA, 0x95, 0x0E, 0xF6, 0x74, 0xA9, 0xFF, 0x9D, 0x70, 0xFE, 0xC6,
    0x17, 0xFF, 0xB5, 0x77, 0xFF, 0xBD, 0xB8, 0xFF, 0xBD, 0x97, 0xFF, 0x63, 0x2D, 0xFF, 0x9C, 0xF4,
    0xFF, 0xBD, 0xD7, 0xFF, 0xCE, 0x39, 0xFF, 0x73, 0x6E, 0xFF, 0x94, 0x72, 0xFF, 0xFF, 0xBE, 0xFF,
    0xFF, 0xBE, 0xFF, 0xEF, 0x3C, 0xFF, 0xFF, 0xBE, 0xFF, 0xF7, 0x9E, 0xFF, 0xEF, 0x3C, 0xFF, 0xEF,
    0x3C, 0xFF, 0xEF, 0x3C, 0xFF, 0xEF, 0x3C, 0xFF, 0xEF, 0x3D, 0xFF, 0xEF, 0x5D, 0xFF, 0xEF, 0x5D,
    0xFF, 0xEF, 0x5D, 0xFF, 0xEF, 0x5D, 0xFF, 0xEF, 0x5D, 0xFF, 0xF7, 0x5D, 0xFF, 0xF7, 0x5D, 0xFF,
    0xF7, 0x7D, 0xFF, 0xFF, 0xDF, 0xFF, 0xFF, 0xDF, 0xFF, 0xF7, 0x9E, 0xFF, 0xF7, 0x7D, 0xFF, 0xA4,
    0xD3, 0xFF, 0xC5, 0xD7, 0xFF, 0xF7, 0x9E, 0xFF, 0xEF, 0x3C, 0xFF, 0xEF, 0x3C, 0xFF, 0xFF, 0xBE,
    0xFF, 0xFF, 0xDE, 0xFF, 0xFF, 0xDE, 0xFF, 0xFF, 0xDE, 0xFF, 0xFF, 0xDE, 0xFF, 0xFF, 0xDE, 0xFF,
    0xF7, 0x9D, 0xFF, 0xF7, 0x9E, 0xFF, 0xFF, 0xDE, 0xFF, 0xFF, 0xDF, 0xFF, 0xFF, 0xDE, 0xFF, 0xFF,
    0xFF, 0xFF, 0xFF, 0xBE, 0xFF, 0xF7, 0x9D, 0xFF, 0xF7, 0xBE, 0xFF, 0xBD, 0xD7, 0xFF, 0x7B, 0x6E,
    0xFF, 0xE6, 0xFC, 0xFF, 0xEF, 0x3D, 0xFF, 0xEF, 0x5D, 0xFF, 0xFF, 0xBE, 0xFF, 0xFF, 0xBE, 0xFF,
    0xFF, 0xBE, 0xFF, 0xFF, 0xBE, 0xFF, 0xFF, 0xBE, 0xFF, 0xF7, 0x7D, 0xFF, 0xEF, 0x1C, 0xFF, 0xEF,
    0x3C, 0xFF, 0xF7, 0x9E, 0xFF, 0xFF, 0xDE, 0xFF, 0xFF, 0xDE, 0xFF, 0xFF, 0xDE, 0xFF, 0xFF, 0xDE,
    0xFF, 0xFF, 0xDE, 0xFF, 0xFF, 0xDE, 0xFF, 0xFF, 0xDE, 0xFF, 0xFF, 0xDE, 0xFF, 0xFF, 0xDE, 0xFF,
    0xFF, 0xDE, 0xFF, 0xFF, 0xBE, 0xFF, 0xFF, 0xDE, 0xFF, 0xFF, 0xDE, 0xFF, 0xFF, 0xDE, 0xFF, 0xFF,
    0xBE, 0xFF, 0xFF, 0xDE, 0xFF, 0xFF, 0xDE, 0xFF, 0xFF, 0xDE, 0xFF, 0xFF, 0xDE, 0xFF, 0xF7, 0x7E,
    0xFF, 0xF7, 0x5D, 0xFF, 0xEF, 0x3C, 0xFF, 0xD6, 0x59, 0xFF, 0xDE, 0xBA, 0xFF, 0xFF, 0xDE, 0xFF,
    0xFF, 0xDE, 0xFF, 0xFF, 0xBE, 0xFF, 0xFF, 0xBE, 0xFF, 0xFF, 0xDF, 0xFF, 0xFF, 0xBE, 0xFF, 0xF7,
    0x7D, 0xFF, 0xEF, 0x7D, 0xFF, 0xDE, 0xBA, 0xFF, 0xD6, 0x9A, 0xFF, 0xF7, 0x7D, 0xFF, 0xEF, 0x5D,
    0xFF, 0xF7, 0x5D, 0xFF, 0xC5, 0xD7, 0xFF, 0xBD, 0x96, 0xFF, 0xEF, 0x3C, 0xFF, 0xEF, 0x3C, 0xFF,
    0xEF, 0x1C, 0xFF, 0xEF, 0x3C, 0xFF, 0xEF, 0x3C, 0xFF, 0xEF, 0x5C, 0xFF, 0xEF, 0x5D, 0xFF, 0xF7,
    0x5D, 0xFF, 0xF7, 0x5D, 0xFF, 0xF7, 0x7D, 0xFF, 0xF7, 0x7D, 0xFF, 0xF7, 0x9D, 0xFF, 0xF7, 0x7D,
    0xFF, 0xBD, 0xB7, 0xFF, 0xDE, 0xBA, 0xFF, 0xF7, 0x9E, 0xFF, 0xEF, 0x3C, 0xFF, 0xFF, 0xDF, 0xFF,
    0xBD, 0xD6, 0xFF, 0x41, 0x86, 0xFF, 0x83, 0x6B, 0xFF, 0xE6, 0x11, 0xFF, 0xDD, 0xD0, 0xFF, 0xE6,
    0x93, 0xFF, 0x42, 0x25, 0xFF, 0x21, 0xC2, 0xFF, 0x53, 0xA5, 0xFF, 0x5B, 0xC5, 0xFF, 0x4B, 0x64,
    0xFF, 0x53, 0x85, 0xFF, 0x3A, 0x44, 0xFF, 0x5A, 0xA8, 0xFF, 0x9C, 0x6F, 0xFF, 0xAC, 0xF2, 0xFF,
    0xFF, 0xBE, 0xFF, 0xF7, 0x5C, 0xFF, 0xCD, 0xF7, 0xFF, 0xA4, 0xB2, 0xFF, 0xDE, 0xDA, 0xFF, 0x84,
    0x4F, 0xFF, 0x10, 0xC1, 0xFF, 0x10, 0x81, 0xFF, 0x62, 0xA8, 0xFF, 0xBD, 0x30, 0xFF, 0xEE, 0x74,
    0xFF, 0xC5, 0x10, 0xFF, 0x94, 0x0E, 0xFF, 0xB5, 0xD4, 0xFF, 0x8D, 0x4E, 0xFF, 0x85, 0x0D, 0xFF,
    0x8C, 0xED, 0xFF, 0x8C, 0xAD, 0xFF, 0x9C, 0xF0, 0xFF, 0xDE, 0xDA, 0xFF, 0xFF, 0xBE, 0xFF, 0xEF,
    0x5D, 0xFF, 0xEF, 0x3C, 0xFE, 0xEF, 0x5D, 0xFF, 0xF7, 0x7D, 0xFE, 0xE7, 0x1C, 0xC2, 0x21, 0x04,
    0x3B, 0x00, 0x00, 0x05, 0x00, 0x00, 0x00, 0x00, 0x00, 0x00, 0x00, 0x00, 0x00, 0x00, 0x00, 0x00,
    0x00, 0x00, 0x00, 0x00, 0x00, 0x00, 0x00, 0x00, 0x00, 0x00, 0x00, 0x00, 0x00, 0x00, 0x00, 0x00,
    0x00, 0x00, 0x00, 0x00, 0x04, 0x00, 0x00, 0x21, 0x00, 0x00, 0x21, 0x00, 0x00, 0x04, 0x00, 0x00,
    0x00, 0x00, 0x00, 0x00, 0x00, 0x00, 0x00, 0x00, 0x00, 0x00, 0x00, 0x00, 0x00, 0x00, 0x00, 0x00,
    0x00, 0x00, 0x00, 0x00, 0x00, 0x00, 0x00, 0x00, 0x00, 0x00, 0x00, 0x00, 0x00, 0x00, 0x00, 0x00,
    0x00, 0x00, 0xFF, 0xFF, 0x02, 0x00, 0x00, 0x06, 0x8C, 0x32, 0x67, 0xB5, 0x75, 0xDB, 0x8D, 0x0D,
    0xFF, 0x74, 0xA9, 0xFE, 0xAD, 0xB1, 0xFF, 0xC5, 0xF7, 0xFF, 0xC5, 0xD8, 0xFF, 0xB5, 0x96, 0xFF,
    0x52, 0xAB, 0xFF, 0x94, 0x93, 0xFF, 0xF7, 0x9E, 0xFF, 0xEF, 0x3C, 0xFF, 0x9C, 0xB3, 0xFF, 0x5A,
    0xAB, 0xFF, 0xBD, 0xB7, 0xFF, 0xFF, 0xFF, 0xFF, 0xEF, 0x5D, 0xFF, 0xF7, 0x7D, 0xFF, 0xFF, 0xBE,
    0xFF, 0xF7, 0x7D, 0xFF, 0xEF, 0x3C, 0xFF, 0xEF, 0x3C, 0xFF, 0xEF, 0x3C, 0xFF, 0xEF, 0x3C, 0xFF,
    0xEF, 0x3C, 0xFF, 0xEF, 0x3C, 0xFF, 0xEF, 0x5D, 0xFF, 0xEF, 0x5D, 0xFF, 0xEF, 0x5D, 0xFF, 0xF7,
    0x5D, 0xFF, 0xF7, 0x5D, 0xFF, 0xEF, 0x5D, 0xFF, 0xF7, 0x7D, 0xFF, 0xFF, 0xDF, 0xFF, 0xF7, 0xBE,
    0xFF, 0xFF, 0xBE, 0xFF, 0xD6, 0x7A, 0xFF, 0xA4, 0xF4, 0xFF, 0xDE, 0xDB, 0xFF, 0xFF, 0x9E, 0xFF,
    0xE7, 0x1C, 0xFF, 0xEF, 0x5D, 0xFF, 0xFF, 0xBE, 0xFF, 0xFF, 0xDE, 0xFF, 0xFF, 0xBE, 0xFF, 0xFF,
    0xDE, 0xFF, 0xFF, 0xDE, 0xFF, 0xFF, 0xBE, 0xFF, 0xF7, 0x7D, 0xFF, 0xFF, 0xBE, 0xFF, 0xFF, 0xDF,
    0xFF, 0xFF, 0xDE, 0xFF, 0xFF, 0xDF, 0xFF, 0xFF, 0xFF, 0xFF, 0xF7, 0x9E, 0xFF, 0xF7, 0x9D, 0xFF,
    0xF7, 0xBE, 0xFF, 0xA4, 0xF4, 0xFF, 0x7B, 0x8F, 0xFF, 0xEF, 0x3C, 0xFF, 0xEF, 0x3D, 0xFF, 0xEF,
    0x7D, 0xFF, 0xFF, 0xBE, 0xFF, 0xFF, 0xBE, 0xFF, 0xFF, 0xBE, 0xFF, 0xFF, 0xBE, 0xFF, 0xFF, 0xBE,
    0xFF, 0xF7, 0x7D, 0xFF, 0xEF, 0x1C, 0xFF, 0xEF, 0x3C, 0xFF, 0xF7, 0x9E, 0xFF, 0xFF, 0xDE, 0xFF,
    0xFF, 0xDE, 0xFF, 0xFF, 0xDE, 0xFF, 0xFF, 0xDE, 0xFF, 0xFF, 0xDE, 0xFF, 0xFF, 0xDE, 0xFF, 0xFF,
    0xDE, 0xFF, 0xFF, 0xDE, 0xFF, 0xFF, 0xDE, 0xFF, 0xFF, 0xDE, 0xFF, 0xFF, 0xBE, 0xFF, 0xFF, 0xBE,
    0xFF, 0xFF, 0xBE, 0xFF, 0xFF, 0xBE, 0xFF, 0xFF, 0xBE, 0xFF, 0xFF, 0xDE, 0xFF, 0xFF, 0xDE, 0xFF,
    0xFF, 0xDE, 0xFF, 0xFF, 0xDE, 0xFF, 0xF7, 0x9E, 0xFF, 0xF7, 0x5D, 0xFF, 0xEF, 0x3C, 0xFF, 0xD6,
    0x59, 0xFF, 0xD6, 0x79, 0xFF, 0xFF, 0xBE, 0xFF, 0xFF, 0xDE, 0xFF, 0xFF, 0xBE, 0xFF, 0xEF, 0x5D,
    0xFF, 0xF7, 0x7E, 0xFF, 0xF7, 0x9E, 0xFF, 0xF7, 0x7D, 0xFF, 0xF7, 0x7D, 0xFF, 0xDE, 0xBA, 0xFF,
    0xCE, 0x38, 0xFF, 0xEF, 0x3C, 0xFF, 0xEF, 0x3D, 0xFF, 0xEF, 0x5D, 0xFF, 0xDE, 0xBA, 0xFF, 0xAD,
    0x14, 0xFF, 0xE6, 0xFB, 0xFF, 0xEF, 0x3C, 0xFF, 0xEF, 0x1C, 0xFF, 0xEF, 0x3C, 0xFF, 0xEF, 0x3C,
    0xFF, 0xEF, 0x5C, 0xFF, 0xEF, 0x5C, 0xFF, 0xEF, 0x5D, 0xFF, 0xEF, 0x5D, 0xFF, 0xEF, 0x5D, 0xFF,
    0xF7, 0x5D, 0xFF, 0xEF, 0x5D, 0xFF, 0xF7, 0x9E, 0xFF, 0xC5, 0xF8, 0xFF, 0xB5, 0x96, 0xFF, 0xE6,
    0xFC, 0xFF, 0xFF, 0x7E, 0xFF, 0xFF, 0x9E, 0xFF, 0xEF, 0x5C, 0xFF, 0x7B, 0xAE, 0xFF, 0x52, 0x06,
    0xFF, 0xD5, 0xD1, 0xFF, 0xDD, 0xF1, 0xFF, 0xF6, 0xB4, 0xFF, 0xBD, 0x70, 0xFF, 0x21, 0x42, 0xFF,
    0x32, 0x63, 0xFF, 0x5B, 0xC5, 0xFF, 0x53, 0x84, 0xFF, 0x53, 0xA5, 0xFF, 0x32, 0x43, 0xFF, 0x4A,
    0x67, 0xFF, 0x8C, 0x0D, 0xFF, 0x94, 0x0E, 0xFF, 0xFF, 0x7D, 0xFF, 0xF7, 0x5C, 0xFF, 0xEF, 0x1B,
    0xFF, 0x9C, 0x91, 0xFF, 0xBD, 0xD6, 0xFF, 0x63, 0x0A, 0xFF, 0x62, 0xE9, 0xFF, 0x8C, 0x4E, 0xFF,
    0x83, 0xED, 0xFF, 0x73, 0x29, 0xFF, 0xA4, 0x4C, 0xFF, 0xEE, 0x33, 0xFF, 0xBD, 0x30, 0xFF, 0x52,
    0x66, 0xFF, 0x53, 0x28, 0xFF, 0x95, 0x8F, 0xFF, 0x8D, 0x0E, 0xFF, 0x8C, 0xEE, 0xFF, 0x9D, 0x0F,
    0xFF, 0xB5, 0x73, 0xFF, 0xE7, 0x1B, 0xFF, 0xFF, 0xBE, 0xFF, 0xEF, 0x5D, 0xFF, 0xEF, 0x5D, 0xFF,
    0xF7, 0x9E, 0xFF, 0xFF, 0xBF, 0xE8, 0x8C, 0x51, 0x7E, 0x08, 0x61, 0x14, 0x00, 0x00, 0x00, 0x00,
    0x00, 0x00, 0x00, 0x00, 0x00, 0x00, 0x00, 0x00, 0x00, 0x00, 0x00, 0x00, 0x00, 0x00, 0x00, 0x00,
    0x00, 0x00, 0x00, 0x00, 0x00, 0x00, 0x00, 0x00, 0x00, 0x00, 0x00, 0x00, 0x04, 0x00, 0x00, 0x21,
    0x00, 0x00, 0x21, 0x00, 0x00, 0x04, 0x00, 0x00, 0x00, 0x00, 0x00, 0x00, 0x00, 0x00, 0x00, 0x00,
    0x00, 0x00, 0x00, 0x00, 0x00, 0x00, 0x00, 0x00, 0x00, 0x00, 0x00, 0x00, 0x00, 0x00, 0x00, 0x00,
    0x00, 0x00, 0x00, 0x00, 0x00, 0x00, 0x00, 0x00, 0x00, 0x00, 0xFF, 0xFF, 0x01, 0x00, 0x00, 0x0A,
    0xBD, 0x97, 0x79, 0x9C, 0xD2, 0xE7, 0x7C, 0x8B, 0xFF, 0x8D, 0x4B, 0xFE, 0xAD, 0xB2, 0xFF, 0xCE,
    0x59, 0xFF, 0xBD, 0xB7, 0xFF, 0x62, 0xEC, 0xFF, 0x8C, 0x51, 0xFF, 0xF7, 0x9E, 0xFF, 0xFF, 0xFF,
    0xFF, 0xEF, 0x3C, 0xFF, 0x73, 0x6E, 0xFF, 0x6B, 0x4D, 0xFF, 0xDE, 0xFB, 0xFF, 0xFF, 0xFF, 0xFF,
    0xEF, 0x3C, 0xFF, 0xF7, 0x9E, 0xFF, 0xF7, 0x9E, 0xFF, 0xEF, 0x3C, 0xFF, 0xEF, 0x3C, 0xFF, 0xEF,
    0x3C, 0xFF, 0xEF, 0x3C, 0xFF, 0xEF, 0x3C, 0xFF, 0xEF, 0x3C, 0xFF, 0xEF, 0x3D, 0xFF, 0xEF, 0x5D,
    0xFF, 0xEF, 0x5D, 0xFF, 0xEF, 0x5D, 0xFF, 0xEF, 0x5D, 0xFF, 0xEF, 0x5D, 0xFF, 0xEF, 0x5D, 0xFF,
    0xF7, 0x7D, 0xFF, 0xFF, 0xBE, 0xFF, 0xF7, 0x7D, 0xFF, 0xFF, 0xBE, 0xFF, 0xB5, 0x76, 0xFF, 0xBD,
    0xB7, 0xFF, 0xF7, 0x5D, 0xFF, 0xF7, 0x7D, 0xFF, 0xE7, 0x1C, 0xFF, 0xF7, 0x7D, 0xFF, 0xFF, 0xBE,
    0xFF, 0xFF, 0xDE, 0xFF, 0xFF, 0xDE, 0xFF, 0xFF, 0xBE, 0xFF, 0xF7, 0xBE, 0xFF, 0xF7, 0x7D, 0xFF,
    0xEF, 0x5C, 0xFF, 0xF7, 0x9E, 0xFF, 0xFF, 0xDF, 0xFF, 0xFF, 0xDE, 0xFF, 0xFF, 0xFF, 0xFF, 0xFF,
    0xDE, 0xFF, 0xF7, 0x7D, 0xFF, 0xFF, 0xBE, 0xFF, 0xEF, 0x5D, 0xFF, 0x8C, 0x11, 0xFF, 0x83, 0xD0,
    0xFF, 0xEF, 0x3D, 0xFF, 0xEF, 0x5D, 0xFF, 0xEF, 0x5D, 0xFF, 0xFF, 0xBE, 0xFF, 0xFF, 0xDE, 0xFF,
    0xFF, 0xBE, 0xFF, 0xFF, 0xBE, 0xFF, 0xFF, 0xBE, 0xFF, 0xF7, 0x7D, 0xFF, 0xEF, 0x1C, 0xFF, 0xEF,
    0x3C, 0xFF, 0xF7, 0x9D, 0xFF, 0xFF, 0xDE, 0xFF, 0xFF, 0xDE, 0xFF, 0xFF, 0xDE, 0xFF, 0xFF, 0xDE,
    0xFF, 0xFF, 0xDE, 0xFF, 0xFF, 0xDE, 0xFF, 0xFF, 0xDE, 0xFF, 0xFF, 0xDE, 0xFF, 0xFF, 0xDE, 0xFF,
    0xFF, 0xDE, 0xFF, 0xFF, 0xDE, 0xFF, 0xFF, 0xDE, 0xFF, 0xFF, 0xBE, 0xFF, 0xFF, 0xBE, 0xFF, 0xFF,
    0xDE, 0xFF, 0xFF, 0xDE, 0xFF, 0xFF, 0xDE, 0xFF, 0xFF, 0xDE, 0xFF, 0xFF, 0xDF, 0xFF, 0xF7, 0x9E,
    0xFF, 0xF7, 0x5D, 0xFF, 0xEF, 0x3C, 0xFF, 0xD6, 0x79, 0xFF, 0xCE, 0x59, 0xFF, 0xFF, 0xBE, 0xFF,
    0xFF, 0xBE, 0xFF, 0xF7, 0x9E, 0xFF, 0xEF, 0x3C, 0xFF, 0xEF, 0x5D, 0xFF, 0xF7, 0x7D, 0xFF, 0xEF,
    0x5D, 0xFF, 0xF7, 0x7D, 0xFF, 0xDE, 0xDB, 0xFF, 0xCE, 0x18, 0xFF, 0xE6, 0xFB, 0xFF, 0xEF, 0x5D,
    0xFF, 0xEF, 0x3C, 0xFF, 0xEF, 0x3C, 0xFF, 0xAD, 0x55, 0xFF, 0xD6, 0x79, 0xFF, 0xEF, 0x5D, 0xFF,
    0xEF, 0x3C, 0xFF, 0xEF, 0x3C, 0xFF, 0xEF, 0x3C, 0xFF, 0xEF, 0x5C, 0xFF, 0xEF, 0x5C, 0xFF, 0xEF,
    0x5D, 0xFF, 0xEF, 0x5D, 0xFF, 0xEF, 0x5D, 0xFF, 0xEF, 0x5D, 0xFF, 0xEF, 0x5C, 0xFF, 0xF7, 0x7D,
    0xFF, 0xE6, 0xFB, 0xFF, 0xAD, 0x34, 0xFF, 0xCE, 0x39, 0xFF, 0xF7, 0x3D, 0xFF, 0xEE, 0xFC, 0xFF,
    0xFF, 0xBE, 0xFF, 0xDE, 0xBA, 0xFF, 0x6B, 0x2C, 0xFF, 0x83, 0x8A, 0xFF, 0xEE, 0x73, 0xFF, 0xDE,
    0x12, 0xFF, 0xFF, 0x36, 0xFF, 0x94, 0x8E, 0xFF, 0x19, 0x21, 0xFF, 0x3A, 0xA4, 0xFF, 0x53, 0xA5,
    0xFF, 0x53, 0xA5, 0xFF, 0x32, 0x42, 0xFF, 0x42, 0x25, 0xFF, 0x83, 0x8B, 0xFF, 0x83, 0xAC, 0xFF,
    0xDE, 0x99, 0xFF, 0xF7, 0x7D, 0xFF, 0xFF, 0x7D, 0xFF, 0xBD, 0x75, 0xFF, 0x73, 0x6C, 0xFF, 0x84,
    0x0D, 0xFF, 0xDE, 0xB6, 0xFF, 0xFF, 0x9A, 0xFF, 0xEF, 0x18, 0xFF, 0xCD, 0xF5, 0xFF, 0x94, 0x0C,
    0xFF, 0x8B, 0x8A, 0xFF, 0xCD, 0x90, 0xFF, 0xAC, 0xCE, 0xFF, 0x39, 0xE5, 0xFF, 0x5B, 0x68, 0xFF,
    0x8D, 0x2E, 0xFF, 0x8D, 0x0E, 0xFF, 0x9D, 0x50, 0xFF, 0xB5, 0xB3, 0xFF, 0xCE, 0x17, 0xFF, 0xEF,
    0x3C, 0xFF, 0xFF, 0xBE, 0xFF, 0xEF, 0x5C, 0xFF, 0xF7, 0x9E, 0xFF, 0xF7, 0xBE, 0xFB, 0xDE, 0xDB,
    0xBF, 0x21, 0x24, 0x35, 0x00, 0x00, 0x03, 0x00, 0x00, 0x00, 0x00, 0x00, 0x00, 0x00, 0x00, 0x00,
    0x00, 0x00, 0x00, 0x00, 0x00, 0x00, 0x00, 0x00, 0x00, 0x00, 0x00, 0x00, 0x00, 0x00, 0x00, 0x00,
    0x00, 0x00, 0x00, 0x00, 0x04, 0x00, 0x00, 0x21, 0x00, 0x00, 0x21, 0x00, 0x00, 0x04, 0x00, 0x00,
    0x00, 0x00, 0x00, 0x00, 0x00, 0x00, 0x00, 0x00, 0x00, 0x00, 0x00, 0x00, 0x00, 0x00, 0x00, 0x00,
    0x00, 0x00, 0x00, 0x00, 0x00, 0x00, 0x00, 0x00, 0x00, 0x00, 0x00, 0x00, 0x00, 0x00, 0x00, 0x00,
    0x00, 0x00, 0xAA, 0xB5, 0x03, 0x11, 0x01, 0x17, 0x9C, 0xD4, 0x70, 0x6B, 0x6B, 0xD7, 0x6C, 0x08,
    0xFE, 0x8D, 0x4B, 0xFF, 0xB6, 0x13, 0xFF, 0xC6, 0x38, 0xFF, 0x73, 0x8F, 0xFF, 0x8C, 0x31, 0xFF,
    0xF7, 0x9E, 0xFF, 0xFF, 0xBE, 0xFF, 0xF7, 0x9E, 0xFF, 0xE6, 0xFB, 0xFF, 0x62, 0xCC, 0xFF, 0x94,
    0x72, 0xFF, 0xFF, 0xDE, 0xFF, 0xF7, 0x9E, 0xFF, 0xEF, 0x3C, 0xFF, 0xF7, 0x9E, 0xFF, 0xF7, 0x7D,
    0xFF, 0xEF, 0x3C, 0xFF, 0xEF, 0x3C, 0xFF, 0xEF, 0x3C, 0xFF, 0xEF, 0x3C, 0xFF, 0xEF, 0x3C, 0xFF,
    0xEF, 0x3C, 0xFF, 0xEF, 0x3D, 0xFF, 0xEF, 0x3D, 0xFF, 0xEF, 0x5D, 0xFF, 0xEF, 0x5D, 0xFF, 0xEF,
    0x5D, 0xFF, 0xEF, 0x5D, 0xFF, 0xEF, 0x5D, 0xFF, 0xF7, 0x7D, 0xFF, 0xF7, 0x7D, 0xFF, 0xF7, 0x7D,
    0xFF, 0xEF, 0x3C, 0xFF, 0xA4, 0xF4, 0xFF, 0xD6, 0x9A, 0xFF, 0xFF, 0x9E, 0xFF, 0xEF, 0x3C, 0xFF,
    0xEF, 0x3C, 0xFF, 0xF7, 0x7D, 0xFF, 0xFF, 0xDF, 0xFF, 0xFF, 0xDE, 0xFF, 0xF7, 0x9D, 0xFF, 0xF7,
    0x7D, 0xFF, 0xEF, 0x5D, 0xFF, 0xEF, 0x3C, 0xFF, 0xEF, 0x3C, 0xFF, 0xEF, 0x5D, 0xFF, 0xF7, 0x7D,
    0xFF, 0xFF, 0xDE, 0xFF, 0xFF, 0xFF, 0xFF, 0xF7, 0x9E, 0xFF, 0xEF, 0x5D, 0xFF, 0xFF, 0xBE, 0xFF,
    0xDE, 0xDB, 0xFF, 0x83, 0xCF, 0xFF, 0x8C, 0x11, 0xFF, 0xEF, 0x1C, 0xFF, 0xEF, 0x5D, 0xFF, 0xEF,
    0x5D, 0xFF, 0xFF, 0xBE, 0xFF, 0xFF, 0xDE, 0xFF, 0xFF, 0xBE, 0xFF, 0xFF, 0xDE, 0xFF, 0xFF, 0xBE,
    0xFF, 0xF7, 0x7D, 0xFF, 0xEF, 0x1C, 0xFF, 0xEF, 0x3C, 0xFF, 0xF7, 0x7D, 0xFF, 0xFF, 0xDE, 0xFF,
    0xFF, 0xDE, 0xFF, 0xFF, 0xDE, 0xFF, 0xFF, 0xDE, 0xFF, 0xFF, 0xDE, 0xFF, 0xFF, 0xDE, 0xFF, 0xFF,
    0xDE, 0xFF, 0xFF, 0xDE, 0xFF, 0xFF, 0xDE, 0xFF, 0xFF, 0xDE, 0xFF, 0xFF, 0xBE, 0xFF, 0xFF, 0xBE,
    0xFF, 0xFF, 0xBE, 0xFF, 0xFF, 0xBE, 0xFF, 0xFF, 0xDE, 0xFF, 0xFF, 0xDE, 0xFF, 0xFF, 0xDE, 0xFF,
    0xFF, 0xBE, 0xFF, 0xFF, 0xBE, 0xFF, 0xF7, 0x9E, 0xFF, 0xF7, 0x5D, 0xFF, 0xEF, 0x3C, 0xFF, 0xD6,
    0x7A, 0xFF, 0xCE, 0x38, 0xFF, 0xF7, 0x9E, 0xFF, 0xFF, 0xBE, 0xFF, 0xF7, 0x7D, 0xFF, 0xEF, 0x3C,
    0xFF, 0xEF, 0x3D, 0xFF, 0xEF, 0x5D, 0xFF, 0xEF, 0x5D, 0xFF, 0xF7, 0x7D, 0xFF, 0xE6, 0xFB, 0xFF,
    0xC5, 0xF8, 0xFF, 0xD6, 0x79, 0xFF, 0xF7, 0x5D, 0xFF, 0xEF, 0x1C, 0xFF, 0xF7, 0x5D, 0xFF, 0xC5,
    0xF8, 0xFF, 0xBD, 0xD7, 0xFF, 0xEF, 0x3C, 0xFF, 0xF7, 0x5D, 0xFF, 0xEF, 0x3C, 0xFF, 0xEF, 0x5C,
    0xFF, 0xEF, 0x5C, 0xFF, 0xEF, 0x5D, 0xFF, 0xEF, 0x5D, 0xFF, 0xEF, 0x5C, 0xFF, 0xEF, 0x5C, 0xFF,
    0xEF, 0x5C, 0xFF, 0xEF, 0x3C, 0xFF, 0xEF, 0x3C, 0xFF, 0xF7, 0x5D, 0xFF, 0xB5, 0x76, 0xFF, 0xBD,
    0xB7, 0xFF, 0xEF, 0x3C, 0xFF, 0xF7, 0x5D, 0xFF, 0xF7, 0x3D, 0xFF, 0xFF, 0xFF, 0xFF, 0xC6, 0x38,
    0xFF, 0x62, 0xA9, 0xFF, 0xBD, 0x0F, 0xFF, 0xEE, 0x94, 0xFF, 0xE6, 0x74, 0xFF, 0xFF, 0x58, 0xFF,
    0x7B, 0xCB, 0xFF, 0x19, 0x41, 0xFF, 0x32, 0x83, 0xFF, 0x5B, 0xA5, 0xFF, 0x32, 0x83, 0xFF, 0x29,
    0xA3, 0xFF, 0x5A, 0xA8, 0xFF, 0x8B, 0xCC, 0xFF, 0xBD, 0x95, 0xFF, 0xFF, 0x9D, 0xFF, 0xF7, 0x3C,
    0xFF, 0xE6, 0x99, 0xFF, 0x62, 0xA9, 0xFF, 0xBD, 0xB3, 0xFF, 0xFF, 0xDB, 0xFF, 0xFF, 0x7A, 0xFF,
    0xFF, 0x39, 0xFF, 0xFF, 0x9B, 0xFF, 0xF7, 0x39, 0xFF, 0xAC, 0xEF, 0xFF, 0x8B, 0xAA, 0xFF, 0xC5,
    0x90, 0xFF, 0xBD, 0x71, 0xFF, 0x5B, 0x08, 0xFF, 0x6C, 0x0A, 0xFF, 0x8D, 0x0E, 0xFF, 0x95, 0x0E,
    0xFF, 0xBE, 0x15, 0xFF, 0xCE, 0x37, 0xFF, 0xD6, 0x78, 0xFF, 0xEF, 0x7D, 0xFF, 0xF7, 0x9D, 0xFF,
    0xEF, 0x5D, 0xFF, 0xF7, 0x9E, 0xFF, 0xFF, 0xDF, 0xE7, 0x84, 0x10, 0x76, 0x18, 0x63, 0x13, 0x00,
    0x00, 0x00, 0x00, 0x00, 0x00, 0x00, 0x00, 0x00, 0x00, 0x00, 0x00, 0x00, 0x00, 0x00, 0x00, 0x00,
    0x00, 0x00, 0x00, 0x00, 0x00, 0x00, 0x00, 0x00, 0x00, 0x00, 0x00, 0x00, 0x04, 0x00, 0x00, 0x21,
    0x00, 0x00, 0x21, 0x00, 0x00, 0x04, 0x00, 0x00, 0x00, 0x00, 0x00, 0x00, 0x00, 0x00, 0x00, 0x00,
    0x00, 0x00, 0x00, 0x00, 0x00, 0x00, 0x00, 0x00, 0x00, 0x00, 0x00, 0x00, 0x00, 0x00, 0x00, 0x00,
    0x00, 0x00, 0x00, 0x00, 0x00, 0x00, 0x00, 0x00, 0x00, 0x01, 0x00, 0x06, 0x05, 0x18, 0xE2, 0x23,
    0x73, 0xAE, 0x8F, 0x7C, 0x2C, 0xE9, 0x6C, 0x28, 0xFF, 0x7C, 0xEA, 0xFF, 0x9D, 0x50, 0xFF, 0x7B,
    0xCF, 0xFF, 0x84, 0x11, 0xFF, 0xEF, 0x7D, 0xFF, 0xFF, 0xDE, 0xFF, 0xE7, 0x1C, 0xFF, 0xFF, 0xDE,
    0xFF, 0xC6, 0x18, 0xFF, 0x5A, 0xCB, 0xFF, 0xBD, 0xB6, 0xFF, 0xFF, 0xFF, 0xFF, 0xEF, 0x5D, 0xFF,
    0xF7, 0x5D, 0xFF, 0xF7, 0x9E, 0xFF, 0xEF, 0x5C, 0xFF, 0xEF, 0x3C, 0xFF, 0xEF, 0x3C, 0xFF, 0xEF,
    0x3C, 0xFF, 0xEF, 0x3C, 0xFF, 0xEF, 0x3C, 0xFF, 0xEF, 0x3C, 0xFF, 0xEF, 0x3C, 0xFF, 0xEF, 0x5D,
    0xFF, 0xEF, 0x5D, 0xFF, 0xEF, 0x5D, 0xFF, 0xEF, 0x5D, 0xFF, 0xEF, 0x5D, 0xFF, 0xEF, 0x5D, 0xFF,
    0xEF, 0x5D, 0xFF, 0xEF, 0x5D, 0xFF, 0xFF, 0xBE, 0xFF, 0xCE, 0x39, 0xFF, 0xAD, 0x35, 0xFF, 0xEF,
    0x1C, 0xFF, 0xF7, 0x9E, 0xFF, 0xE7, 0x1C, 0xFF, 0xEF, 0x3C, 0xFF, 0xF7, 0x9E, 0xFF, 0xFF, 0xDE,
    0xFF, 0xF7, 0x7D, 0xFF, 0xEF, 0x3C, 0xFF, 0xEF, 0x3C, 0xFF, 0xEF, 0x3C, 0xFF, 0xEF, 0x3C, 0xFF,
    0xEF, 0x3C, 0xFF, 0xEF, 0x3C, 0xFF, 0xEF, 0x3C, 0xFF, 0xFF, 0xBE, 0xFF, 0xFF, 0xFF, 0xFF, 0xEF,
    0x5D, 0xFF, 0xEF, 0x5C, 0xFF, 0xF7, 0x9D, 0xFF, 0xCE, 0x38, 0xFF, 0x83, 0xF0, 0xFF, 0x8C, 0x31,
    0xFF, 0xE6, 0xFC, 0xFF, 0xEF, 0x5D, 0xFF, 0xEF, 0x5D, 0xFF, 0xF7, 0xBE, 0xFF, 0xFF, 0xDE, 0xFF,
    0xF7, 0x9E, 0xFF, 0xFF, 0xBE, 0xFF, 0xFF, 0xBE, 0xFF, 0xF7, 0x5D, 0xFF, 0xEF, 0x1C, 0xFF, 0xEF,
    0x3C, 0xFF, 0xF7, 0x5D, 0xFF, 0xFF, 0xDE, 0xFF, 0xFF, 0xDE, 0xFF, 0xFF, 0xDE, 0xFF, 0xFF, 0xDE,
    0xFF, 0xFF, 0xDE, 0xFF, 0xFF, 0xDE, 0xFF, 0xFF, 0xDE, 0xFF, 0xFF, 0xDE, 0xFF, 0xFF, 0xDE, 0xFF,
    0xFF, 0xDE, 0xFF, 0xFF, 0xBE, 0xFF, 0xFF, 0xBE, 0xFF, 0xFF, 0xDE, 0xFF, 0xFF, 0xBE, 0xFF, 0xFF,
    0xDE, 0xFF, 0xFF, 0xDE, 0xFF, 0xFF, 0xBE, 0xFF, 0xF7, 0x7D, 0xFF, 0xEF, 0x5D, 0xFF, 0xF7, 0x7D,
    0xFF, 0xF7, 0x5D, 0xFF, 0xEF, 0x3C, 0xFF, 0xD6, 0x9A, 0xFF, 0xCE, 0x38, 0xFF, 0xF7, 0x9D, 0xFF,
    0xF7, 0x9E, 0xFF, 0xEF, 0x5D, 0xFF, 0xEF, 0x3C, 0xFF, 0xEF, 0x3C, 0xFF, 0xEF, 0x3C, 0xFF, 0xEF,
    0x3C, 0xFF, 0xF7, 0x5D, 0xFF, 0xE7, 0x1C, 0xFF, 0xBD, 0xD7, 0xFF, 0xC5, 0xD7, 0xFF, 0xF7, 0x7D,
    0xFF, 0xEF, 0x1C, 0xFF, 0xF7, 0x5D, 0xFF, 0xDE, 0xDB, 0xFF, 0xB5, 0x55, 0xFF, 0xE7, 0x1B, 0xFF,
    0xF7, 0x7D, 0xFF, 0xEF, 0x3C, 0xFF, 0xEF, 0x5D, 0xFF, 0xEF, 0x5D, 0xFF, 0xEF, 0x5D, 0xFF, 0xEF,
    0x5D, 0xFF, 0xEF, 0x3C, 0xFF, 0xEF, 0x3C, 0xFF, 0xEF, 0x3C, 0xFF, 0xEF, 0x3C, 0xFF, 0xEF, 0x1C,
    0xFF, 0xF7, 0x5D, 0xFF, 0xCE, 0x18, 0xFF, 0xAD, 0x35, 0xFF, 0xDE, 0xBA, 0xFF, 0xFF, 0x9E, 0xFF,
    0xEF, 0x3C, 0xFF, 0xF7, 0x9E, 0xFF, 0xFF, 0xDF, 0xFF, 0xA5, 0x14, 0xFF, 0x62, 0xC8, 0xFF, 0xE6,
    0x74, 0xFF, 0xE6, 0x75, 0xFF, 0xEE, 0xD6, 0xFF, 0xEF, 0x17, 0xFF, 0x73, 0x6A, 0xFF, 0x19, 0x20,
    0xFF, 0x32, 0x62, 0xFF, 0x42, 0xE5, 0xFF, 0x19, 0x22, 0xFF, 0x31, 0xA4, 0xFF, 0x8B, 0xEC, 0xFF,
    0xA4, 0xD1, 0xFF, 0xFF, 0xBE, 0xFF, 0xEF, 0x1C, 0xFF, 0xEF, 0x3C, 0xFF, 0x73, 0x4C, 0xFF, 0xB5,
    0x72, 0xFF, 0xFF, 0x7A, 0xFF, 0xF7, 0x39, 0xFF, 0xF7, 0x19, 0xFF, 0xEE, 0xF8, 0xFF, 0xCE, 0x15,
    0xFF, 0xBD, 0x72, 0xFF, 0xA4, 0xAE, 0xFF, 0x8B, 0xCA, 0xFF, 0xD6, 0x13, 0xFF, 0xC5, 0xF4, 0xFF,
    0x6B, 0xAA, 0xFF, 0x7C, 0x6B, 0xFF, 0x8C, 0xEE, 0xFF, 0xA5, 0x51, 0xFF, 0xD6, 0xD9, 0xFF, 0xD6,
    0xB9, 0xFF, 0xD6, 0x79, 0xFF, 0xF7, 0x9E, 0xFF, 0xEF, 0x5D, 0xFF, 0xF7, 0x7D, 0xFF, 0xFF, 0xBF,
    0xF9, 0xD6, 0x9A, 0xBB, 0x39, 0x66, 0x30, 0x00, 0x00, 0x01, 0x00, 0x00, 0x00, 0x00, 0x00, 0x00,
    0x00, 0x00, 0x00, 0x00, 0x00, 0x00, 0x00, 0x00, 0x00, 0x00, 0x00, 0x00, 0x00, 0x00, 0x00, 0x00,
    0x00, 0x00, 0x00, 0x00, 0x04, 0x00, 0x00, 0x21, 0x00, 0x00, 0x21, 0x00, 0x00, 0x04, 0x00, 0x00,
    0x00, 0x00, 0x00, 0x00, 0x00, 0x00, 0x00, 0x00, 0x00, 0x00, 0x00, 0x00, 0x00, 0x00, 0x00, 0x00,
    0x00, 0x00, 0x00, 0x00, 0x00, 0x00, 0x00, 0x00, 0x00, 0x00, 0x00, 0x00, 0x00, 0x00, 0x00, 0x00,
    0x00, 0x01, 0xFF, 0xFF, 0x02, 0x08, 0x41, 0x1E, 0x9C, 0xF0, 0xB0, 0xA5, 0x90, 0xFF, 0x74, 0x88,
    0xFF, 0x74, 0x88, 0xFE, 0x63, 0xA9, 0xFF, 0x63, 0x2D, 0xFF, 0xE7, 0x1C, 0xFF, 0xFF, 0xFF, 0xFF,
    0xEF, 0x3C, 0xFF, 0xEF, 0x3C, 0xFF, 0xFF, 0xFF, 0xFF, 0xA4, 0xD3, 0xFF, 0x73, 0x6D, 0xFF, 0xDE,
    0xBA, 0xFF, 0xFF, 0xFF, 0xFF, 0xEF, 0x3C, 0xFF, 0xF7, 0x9E, 0xFF, 0xF7, 0x7D, 0xFF, 0xEF, 0x3C,
    0xFF, 0xEF, 0x3C, 0xFF, 0xEF, 0x3C, 0xFF, 0xEF, 0x3C, 0xFF, 0xEF, 0x3C, 0xFF, 0xEF, 0x3C, 0xFF,
    0xEF, 0x3C, 0xFF, 0xEF, 0x3C, 0xFF, 0xEF, 0x5C, 0xFF, 0xEF, 0x3C, 0xFF, 0xEF, 0x3C, 0xFF, 0xEF,
    0x5D, 0xFF, 0xEF, 0x5D, 0xFF, 0xEF, 0x5D, 0xFF, 0xEF, 0x5D, 0xFF, 0xEF, 0x5D, 0xFF, 0xF7, 0x9E,
    0xFF, 0xAD, 0x35, 0xFF, 0xC6, 0x18, 0xFF, 0xF7, 0x5D, 0xFF, 0xEF, 0x5D, 0xFF, 0xEF, 0x1C, 0xFF,
    0xEF, 0x5D, 0xFF, 0xF7, 0x9E, 0xFF, 0xF7, 0x9D, 0xFF, 0xEF, 0x3C, 0xFF, 0xEF, 0x3C, 0xFF, 0xEF,
    0x3C, 0xFF, 0xEF, 0x3C, 0xFF, 0xEF, 0x3C, 0xFF, 0xEF, 0x3C, 0xFF, 0xEF, 0x3D, 0xFF, 0xEF, 0x3C,
    0xFF, 0xF7, 0x7D, 0xFF, 0xF7, 0x9D, 0xFF, 0xEF, 0x3C, 0xFF, 0xF7, 0x5D, 0xFF, 0xEF, 0x3C, 0xFF,
    0xB5, 0x76, 0xFF, 0x94, 0x31, 0xFF, 0x8C, 0x10, 0xFF, 0xE6, 0xDB, 0xFF, 0xF7, 0x5D, 0xFF, 0xEF,
    0x3C, 0xFF, 0xF7, 0x9E, 0xFF, 0xFF, 0xBE, 0xFF, 0xEF, 0x5D, 0xFF, 0xEF, 0x5D, 0xFF, 0xFF, 0x9E,
    0xFF, 0xF7, 0x5D, 0xFF, 0xE7, 0x1C, 0xFF, 0xEF, 0x1C, 0xFF, 0xEF, 0x5D, 0xFF, 0xFF, 0xBE, 0xFF,
    0xFF, 0xDE, 0xFF, 0xFF, 0xDE, 0xFF, 0xFF, 0xDE, 0xFF, 0xFF, 0xDE, 0xFF, 0xFF, 0xDE, 0xFF, 0xFF,
    0xDE, 0xFF, 0xFF, 0xDE, 0xFF, 0xFF, 0xDE, 0xFF, 0xFF, 0xDE, 0xFF, 0xFF, 0xDE, 0xFF, 0xFF, 0xDE,
    0xFF, 0xFF, 0xDE, 0xFF, 0xFF, 0xDE, 0xFF, 0xFF, 0xDE, 0xFF, 0xFF, 0xBE, 0xFF, 0xF7, 0x7D, 0xFF,
    0xEF, 0x3C, 0xFF, 0xEF, 0x3C, 0xFF, 0xEF, 0x3C, 0xFF, 0xEF, 0x5D, 0xFF, 0xF7, 0x5D, 0xFF, 0xDE,
    0xBA, 0xFF, 0xCE, 0x38, 0xFF, 0xF7, 0x7D, 0xFF, 0xEF, 0x5D, 0xFF, 0xEF, 0x3C, 0xFF, 0xEF, 0x3D,
    0xFF, 0xEF, 0x3C, 0xFF, 0xEF, 0x3C, 0xFF, 0xEF, 0x3C, 0xFF, 0xEF, 0x3C, 0xFF, 0xEF, 0x3C, 0xFF,
    0xBD, 0xD7, 0xFF, 0xAD, 0x55, 0xFF, 0xF7, 0x5D, 0xFF, 0xEF, 0x3C, 0xFF, 0xEF, 0x5D, 0xFF, 0xF7,
    0x7D, 0xFF, 0xB5, 0x76, 0xFF, 0xD6, 0x9A, 0xFF, 0xF7, 0x7D, 0xFF, 0xF7, 0x7D, 0xFF, 0xEF, 0x5D,
    0xFF, 0xEF, 0x5D, 0xFF, 0xEF, 0x5D, 0xFF, 0xEF, 0x5C, 0xFF, 0xEF, 0x3C, 0xFF, 0xEF, 0x3C, 0xFF,
    0xEF, 0x3C, 0xFF, 0xEF, 0x3C, 0xFF, 0xEF, 0x1C, 0xFF, 0xEF, 0x3C, 0xFF, 0xE6, 0xDB, 0xFF, 0xA4,
    0xF4, 0xFF, 0xC5, 0xD7, 0xFF, 0xF7, 0x7D, 0xFF, 0xF7, 0x7D, 0xFF, 0xEF, 0x5D, 0xFF, 0xFF, 0xDF,
    0xFF, 0xF7, 0x9E, 0xFF, 0x7B, 0xCE, 0xFF, 0x83, 0xAB, 0xFF, 0xEE, 0xD5, 0xFF, 0xDE, 0x54, 0xFF,
    0xEE, 0xB5, 0xFF, 0xEE, 0xB5, 0xFF, 0x73, 0x89, 0xFF, 0x19, 0x41, 0xFF, 0x29, 0xC2, 0xFF, 0x19,
    0x02, 0xFF, 0x21, 0x03, 0xFF, 0x73, 0x4A, 0xFF, 0x83, 0x8C, 0xFF, 0xEF, 0x1B, 0xFF, 0xFF, 0xBE,
    0xFF, 0xF7, 0x7C, 0xFF, 0x7B, 0x8C, 0xFF, 0x9C, 0xAF, 0xFF, 0xF7, 0x59, 0xFF, 0xFF, 0x7A, 0xFF,
    0xFF, 0xDB, 0xFF, 0xC5, 0xD4, 0xFF, 0x39, 0xA5, 0xFF, 0x39, 0x85, 0xFF, 0x83, 0xEC, 0xFF, 0x8C,
    0x0B, 0xFF, 0x7B, 0x69, 0xFF, 0xD6, 0x74, 0xFF, 0x84, 0x0C, 0xFF, 0x6B, 0xC9, 0xFF, 0x8C, 0xED,
    0xFF, 0x8C, 0xAD, 0xFF, 0xBE, 0x35, 0xFF, 0xE7, 0x1B, 0xFF, 0xD6, 0x59, 0xFF, 0xDE, 0xDA, 0xFF,
    0xF7, 0x9E, 0xFF, 0xEF, 0x5D, 0xFF, 0xF7, 0x7D, 0xFF, 0xFF, 0xDF, 0xE3, 0x6B, 0x6D, 0x62, 0x00,
    0x00, 0x0D, 0x07, 0xFF, 0x01, 0x00, 0x00, 0x00, 0x00, 0x00, 0x00, 0x00, 0x00, 0x00, 0x00, 0x00,
    0x00, 0x00, 0x00, 0x00, 0x00, 0x00, 0x00, 0x00, 0x00, 0x00, 0x00, 0x00, 0x04, 0x00, 0x00, 0x21,
    0x00, 0x00, 0x21, 0x00, 0x00, 0x04, 0x00, 0x00, 0x00, 0x00, 0x00, 0x00, 0x00, 0x00, 0x00, 0x00,
    0x00, 0x00, 0x00, 0x00, 0x00, 0x00, 0x00, 0x00, 0x00, 0x00, 0x00, 0x00, 0x00, 0x00, 0x00, 0x00,
    0x00, 0x00, 0x00, 0x00, 0x00, 0x00, 0x00, 0x00, 0x00, 0x01, 0xFF, 0xFF, 0x02, 0x00, 0x00, 0x29,
    0xD6, 0xD6, 0xB8, 0xB6, 0x31, 0xFE, 0x6C, 0x67, 0xFE, 0x53, 0xA5, 0xFE, 0x63, 0xCB, 0xFF, 0xCE,
    0x5A, 0xFF, 0xFF, 0xFF, 0xFF, 0xEF, 0x5C, 0xFF, 0xF7, 0x7D, 0xFF, 0xEF, 0x5C, 0xFF, 0xFF, 0xDF,
    0xFF, 0x83, 0xCF, 0xFF, 0x94, 0x72, 0xFF, 0xF7, 0x7D, 0xFF, 0xFF, 0xBE, 0xFF, 0xEF, 0x3C, 0xFF,
    0xF7, 0x9E, 0xFF, 0xEF, 0x5D, 0xFF, 0xEF, 0x3C, 0xFF, 0xEF, 0x3C, 0xFF, 0xEF, 0x3C, 0xFF, 0xEF,
    0x3C, 0xFF, 0xEF, 0x3C, 0xFF, 0xEF, 0x3C, 0xFF, 0xEF, 0x3C, 0xFF, 0xEF, 0x3C, 0xFF, 0xEF, 0x3C,
    0xFF, 0xEF, 0x3C, 0xFF, 0xEF, 0x3C, 0xFF, 0xEF, 0x5D, 0xFF, 0xEF, 0x5D, 0xFF, 0xEF, 0x5D, 0xFF,
    0xEF, 0x5D, 0xFF, 0xF7, 0x7D, 0xFF, 0xDE, 0xDB, 0xFF, 0xA4, 0xF4, 0xFF, 0xE6, 0xDB, 0xFF, 0xF7,
    0x7D, 0xFF, 0xEF, 0x3C, 0xFF, 0xEF, 0x3C, 0xFF, 0xEF, 0x5D, 0xFF, 0xF7, 0x7D, 0xFF, 0xEF, 0x5C,
    0xFF, 0xEF, 0x3C, 0xFF, 0xEF, 0x3C, 0xFF, 0xEF, 0x3C, 0xFF, 0xEF, 0x3C, 0xFF, 0xEF, 0x3C, 0xFF,
    0xEF, 0x3C, 0xFF, 0xEF, 0x3C, 0xFF, 0xEF, 0x3C, 0xFF, 0xEF, 0x3C, 0xFF, 0xEF, 0x3C, 0xFF, 0xEF,
    0x3C, 0xFF, 0xF7, 0x5D, 0xFF, 0xDE, 0x9A, 0xFF, 0xA4, 0xD4, 0xFF, 0x9C, 0x93, 0xFF, 0x7B, 0x8F,
    0xFF, 0xDE, 0x9A, 0xFF, 0xF7, 0x7D, 0xFF, 0xEF, 0x3C, 0xFF, 0xF7, 0x9E, 0xFF, 0xF7, 0x9E, 0xFF,
    0xEF, 0x3C, 0xFF, 0xEF, 0x3C, 0xFF, 0xF7, 0x7D, 0xFF, 0xEF, 0x5D, 0xFF, 0xEF, 0x1C, 0xFF, 0xEF,
    0x3C, 0xFF, 0xEF, 0x3C, 0xFF, 0xF7, 0xBE, 0xFF, 0xFF, 0xDE, 0xFF, 0xF7, 0xBE, 0xFF, 0xF7, 0xBE,
    0xFF, 0xFF, 0xDE, 0xFF, 0xFF, 0xDE, 0xFF, 0xFF, 0xDE, 0xFF, 0xFF, 0xDE, 0xFF, 0xFF, 0xDE, 0xFF,
    0xFF, 0xDE, 0xFF, 0xFF, 0xDE, 0xFF, 0xFF, 0xDE, 0xFF, 0xFF, 0xDE, 0xFF, 0xFF, 0xDE, 0xFF, 0xFF,
    0xBE, 0xFF, 0xF7, 0x7D, 0xFF, 0xEF, 0x3C, 0xFF, 0xEF, 0x3C, 0xFF, 0xEF, 0x3D, 0xFF, 0xEF, 0x3D,
    0xFF, 0xEF, 0x5D, 0xFF, 0xF7, 0x7D, 0xFF, 0xDE, 0xDB, 0xFF, 0xC6, 0x18, 0xFF, 0xEF, 0x5D, 0xFF,
    0xEF, 0x5D, 0xFF, 0xEF, 0x3C, 0xFF, 0xEF, 0x3C, 0xFF, 0xEF, 0x3C, 0xFF, 0xEF, 0x3C, 0xFF, 0xEF,
    0x3C, 0xFF, 0xEF, 0x1C, 0xFF, 0xF7, 0x5D, 0xFF, 0xC6, 0x18, 0xFF, 0xA4, 0xF3, 0xFF, 0xEF, 0x1C,
    0xFF, 0xEF, 0x5D, 0xFF, 0xEF, 0x5D, 0xFF, 0xF7, 0x9E, 0xFF, 0xCE, 0x39, 0xFF, 0xBD, 0xD7, 0xFF,
    0xEF, 0x5D, 0xFF, 0xF7, 0x9E, 0xFF, 0xEF, 0x3C, 0xFF, 0xEF, 0x5D, 0xFF, 0xEF, 0x5C, 0xFF, 0xEF,
    0x3C, 0xFF, 0xEF, 0x3C, 0xFF, 0xEF, 0x3C, 0xFF, 0xEF, 0x3C, 0xFF, 0xEF, 0x1C, 0xFF, 0xEF, 0x1C,
    0xFF, 0xEF, 0x1C, 0xFF, 0xEF, 0x3C, 0xFF, 0xAD, 0x35, 0xFF, 0xAD, 0x14, 0xFF, 0xE6, 0xFB, 0xFF,
    0xFF, 0xBE, 0xFF, 0xF7, 0x7D, 0xFF, 0xF7, 0x9E, 0xFF, 0xFF, 0xFF, 0xFF, 0xDE, 0xDB, 0xFF, 0x6B,
    0x0A, 0xFF, 0x9C, 0x6D, 0xFF, 0xE6, 0xB4, 0xFF, 0xDE, 0x32, 0xFF, 0xEE, 0x94, 0xFF, 0xE6, 0xB4,
    0xFF, 0x7B, 0xAA, 0xFF, 0x21, 0x41, 0xFF, 0x00, 0x60, 0xFF, 0x10, 0xA1, 0xFF, 0x52, 0x66, 0xFF,
    0x62, 0xA8, 0xFF, 0x83, 0xAD, 0xFF, 0xEF, 0x1B, 0xFF, 0xFF, 0xFF, 0xFF, 0x8C, 0x4F, 0xFF, 0x8B,
    0xED, 0xFF, 0xEE, 0xF8, 0xFF, 0xFF, 0x7B, 0xFF, 0xFF, 0xFC, 0xFF, 0xB5, 0x32, 0xFF, 0x10, 0x61,
    0xFF, 0x00, 0x00, 0xFF, 0x00, 0x20, 0xFF, 0x5A, 0x67, 0xFF, 0x73, 0x28, 0xFF, 0x8B, 0xEB, 0xFF,
    0x83, 0xCB, 0xFF, 0x63, 0x68, 0xFF, 0x7C, 0xAC, 0xFF, 0x8C, 0xED, 0xFF, 0x94, 0xEF, 0xFF, 0xDE,
    0xF9, 0xFF, 0xEF, 0x3C, 0xFF, 0xCE, 0x17, 0xFF, 0xEF, 0x3C, 0xFF, 0xF7, 0x5D, 0xFF, 0xEF, 0x5D,
    0xFF, 0xFF, 0xDF, 0xF4, 0xB5, 0xB6, 0xA4, 0x29, 0x45, 0x24, 0x00, 0x00, 0x00, 0x00, 0x00, 0x00,
    0x00, 0x00, 0x00, 0x00, 0x00, 0x00, 0x00, 0x00, 0x00, 0x00, 0x00, 0x00, 0x00, 0x00, 0x00, 0x00,
    0x00, 0x00, 0x00, 0x00, 0x04, 0x00, 0x00, 0x21, 0x00, 0x00, 0x21, 0x00, 0x00, 0x04, 0x00, 0x00,
    0x00, 0x00, 0x00, 0x00, 0x00, 0x00, 0x00, 0x00, 0x00, 0x00, 0x00, 0x00, 0x00, 0x00, 0x00, 0x00,
    0x00, 0x00, 0x00, 0x00, 0x00, 0x00, 0x00, 0x00, 0x00, 0x00, 0x00, 0x00, 0x00, 0x00, 0x00, 0xFF,
    0xFF, 0x01, 0x21, 0x24, 0x07, 0x4A, 0x67, 0x5B, 0xDF, 0x58, 0xD3, 0xC6, 0xB3, 0xFF, 0x53, 0x85,
    0xFE, 0x43, 0x05, 0xFE, 0xB5, 0xD6, 0xFF, 0xFF, 0xFF, 0xFF, 0xF7, 0x7D, 0xFF, 0xF7, 0x7D, 0xFF,
    0xF7, 0x7D, 0xFF, 0xF7, 0x7D, 0xFF, 0xEF, 0x5D, 0xFF, 0x7B, 0xAF, 0xFF, 0xBD, 0xB7, 0xFF, 0xFF,
    0xBE, 0xFF, 0xF7, 0x5D, 0xFF, 0xF7, 0x7D, 0xFF, 0xF7, 0x7D, 0xFF, 0xEF, 0x3C, 0xFF, 0xEF, 0x3C,
    0xFF, 0xEF, 0x3C, 0xFF, 0xEF, 0x3C, 0xFF, 0xEF, 0x3C, 0xFF, 0xEF, 0x1C, 0xFF, 0xEF, 0x3C, 0xFF,
    0xEF, 0x3C, 0xFF, 0xEF, 0x3C, 0xFF, 0xEF, 0x3C, 0xFF, 0xEF, 0x3C, 0xFF, 0xEF, 0x3C, 0xFF, 0xEF,
    0x5D, 0xFF, 0xEF, 0x5D, 0xFF, 0xEF, 0x3C, 0xFF, 0xEF, 0x5D, 0xFF, 0xFF, 0x9E, 0xFF, 0xC5, 0xD7,
    0xFF, 0xBD, 0x96, 0xFF, 0xEF, 0x5D, 0xFF, 0xEF, 0x5D, 0xFF, 0xEF, 0x1C, 0xFF, 0xEF, 0x5C, 0xFF,
    0xEF, 0x3C, 0xFF, 0xEF, 0x3C, 0xFF, 0xEF, 0x3C, 0xFF, 0xEF, 0x3C, 0xFF, 0xEF, 0x3C, 0xFF, 0xEF,
    0x3C, 0xFF, 0xEF, 0x3C, 0xFF, 0xEF, 0x3C, 0xFF, 0xEF, 0x3C, 0xFF, 0xEF, 0x3C, 0xFF, 0xEF, 0x3C,
    0xFF, 0xEF, 0x3C, 0xFF, 0xEF, 0x1C, 0xFF, 0xEF, 0x3C, 0xFF, 0xEF, 0x3C, 0xFF, 0xC5, 0xF8, 0xFF,
    0xA4, 0xB3, 0xFF, 0xA4, 0xB3, 0xFF, 0x62, 0xCC, 0xFF, 0xD6, 0x59, 0xFF, 0xF7, 0x7D, 0xFF, 0xEF,
    0x5D, 0xFF, 0xF7, 0x5D, 0xFF, 0xF7, 0x7D, 0xFF, 0xEF, 0x5C, 0xFF, 0xEF, 0x3C, 0xFF, 0xEF, 0x5D,
    0xFF, 0xEF, 0x5C, 0xFF, 0xEF, 0x1C, 0xFF, 0xEF, 0x3C, 0xFF, 0xEF, 0x3C, 0xFF, 0xF7, 0x7D, 0xFF,
    0xFF, 0xBE, 0xFF, 0xEF, 0x5D, 0xFF, 0xEF, 0x5D, 0xFF, 0xF7, 0x7D, 0xFF, 0xFF, 0xBE, 0xFF, 0xFF,
    0xDE, 0xFF, 0xFF, 0xDE, 0xFF, 0xFF, 0xDE, 0xFF, 0xFF, 0xDE, 0xFF, 0xFF, 0xDE, 0xFF, 0xFF, 0xDE,
    0xFF, 0xFF, 0xDE, 0xFF, 0xF7, 0xBE, 0xFF, 0xEF, 0x5D, 0xFF, 0xEF, 0x3C, 0xFF, 0xEF, 0x5C, 0xFF,
    0xEF, 0x5C, 0xFF, 0xEF, 0x3D, 0xFF, 0xEF, 0x3D, 0xFF, 0xEF, 0x5D, 0xFF, 0xF7, 0x7D, 0xFF, 0xE6,
    0xDB, 0xFF, 0xC5, 0xF8, 0xFF, 0xEF, 0x3C, 0xFF, 0xEF, 0x5D, 0xFF, 0xEF, 0x3C, 0xFF, 0xEF, 0x3C,
    0xFF, 0xEF, 0x3C, 0xFF, 0xEF, 0x3C, 0xFF, 0xEF, 0x1C, 0xFF, 0xE7, 0x1C, 0xFF, 0xF7, 0x7D, 0xFF,
    0xCE, 0x38, 0xFF, 0x9C, 0x92, 0xFF, 0xDE, 0xBB, 0xFF, 0xF7, 0x7E, 0xFF, 0xEF, 0x5D, 0xFF, 0xF7,
    0x9E, 0xFF, 0xE7, 0x1C, 0xFF, 0xB5, 0x75, 0xFF, 0xE7, 0x1B, 0xFF, 0xFF, 0xBE, 0xFF, 0xEF, 0x5D,
    0xFF, 0xEF, 0x5D, 0xFF, 0xEF, 0x5C, 0xFF, 0xEF, 0x3C, 0xFF, 0xEF, 0x3C, 0xFF, 0xEF, 0x3C, 0xFF,
    0xEF, 0x1C, 0xFF, 0xEF, 0x1C, 0xFF, 0xEF, 0x1C, 0xFF, 0xEF, 0x1B, 0xFF, 0xF7, 0x7D, 0xFF, 0xC5,
    0xF7, 0xFF, 0xA4, 0xD3, 0xFF, 0xD6, 0x79, 0xFF, 0xFF, 0xBF, 0xFF, 0xF7, 0x9E, 0xFF, 0xF7, 0x9E,
    0xFF, 0xF7, 0x9E, 0xFF, 0xFF, 0xFF, 0xFF, 0xDE, 0xFB, 0xFF, 0x6B, 0x0A, 0xFF, 0x9C, 0x2C, 0xFF,
    0xD6, 0x12, 0xFF, 0xD5, 0xF1, 0xFF, 0xE6, 0x52, 0xFF, 0xE6, 0x73, 0xFF, 0x84, 0x0B, 0xFF, 0x18,
    0xE1, 0xFF, 0x00, 0x40, 0xFF, 0x39, 0xC4, 0xFF, 0x73, 0x29, 0xFF, 0x49, 0xA5, 0xFF, 0x8B, 0xEE,
    0xFF, 0xF7, 0x9D, 0xFF, 0xC5, 0xF6, 0xFF, 0x7B, 0x8C, 0xFF, 0xD6, 0x76, 0xFF, 0xFF, 0xBC, 0xFF,
    0xFF, 0xFD, 0xFF, 0xCE, 0x35, 0xFF, 0x31, 0x64, 0xFF, 0x00, 0x20, 0xFF, 0x29, 0x23, 0xFF, 0x41,
    0xE5, 0xFF, 0x9C, 0x8E, 0xFF, 0x83, 0x89, 0xFF, 0x8C, 0x0B, 0xFF, 0x5A, 0xE7, 0xFF, 0x74, 0x2B,
    0xFF, 0x95, 0x0E, 0xFF, 0x84, 0x8C, 0xFF, 0xB6, 0x14, 0xFF, 0xF7, 0x9D, 0xFF, 0xDE, 0xBA, 0xFF,
    0xCE, 0x38, 0xFF, 0xEF, 0x5D, 0xFF, 0xEF, 0x5C, 0xFF, 0xF7, 0x7D, 0xFD, 0xF7, 0x7D, 0xD8, 0x6B,
    0x6D, 0x4E, 0x00, 0x00, 0x04, 0x00, 0x00, 0x00, 0x00, 0x00, 0x01, 0x00, 0x00, 0x00, 0x00, 0x00,
    0x00, 0x00, 0x00, 0x00, 0x00, 0x00, 0x00, 0x00, 0x00, 0x00, 0x00, 0x00, 0x04, 0x00, 0x00, 0x21,
    0x00, 0x00, 0x21, 0x00, 0x00, 0x04, 0x00, 0x00, 0x00, 0x00, 0x00, 0x00, 0x00, 0x00, 0x00, 0x00,
    0x00, 0x00, 0x00, 0x00, 0x00, 0x00, 0x00, 0x00, 0x00, 0x00, 0x00, 0x00, 0x00, 0x00, 0x00, 0x00,
    0x00, 0x00, 0x00, 0x00, 0x00, 0x00, 0x00, 0xFF, 0xFF, 0x01, 0x00, 0x00, 0x14, 0x9D, 0x30, 0x8F,
    0xE7, 0xB8, 0xED, 0xBE, 0x72, 0xFF, 0x42, 0xC4, 0xFE, 0x7C, 0x4E, 0xFF, 0xFF, 0xDF, 0xFF, 0xFF,
    0xDE, 0xFF, 0xF7, 0x7D, 0xFF, 0xF7, 0x7D, 0xFF, 0xF7, 0x5D, 0xFF, 0xFF, 0xBE, 0xFF, 0xC6, 0x18,
    0xFF, 0x83, 0xCF, 0xFF, 0xDE, 0xBA, 0xFF, 0xFF, 0xBE, 0xFF, 0xEF, 0x3C, 0xFF, 0xF7, 0x7D, 0xFF,
    0xEF, 0x5D, 0xFF, 0xEF, 0x3C, 0xFF, 0xEF, 0x3D, 0xFF, 0xEF, 0x3C, 0xFF, 0xEF, 0x3C, 0xFF, 0xEF,
    0x3C, 0xFF, 0xEF, 0x1C, 0xFF, 0xEF, 0x3C, 0xFF, 0xEF, 0x3C, 0xFF, 0xEF, 0x3C, 0xFF, 0xEF, 0x3C,
    0xFF, 0xEF, 0x5C, 0xFF, 0xEF, 0x5C, 0xFF, 0xEF, 0x3D, 0xFF, 0xEF, 0x3D, 0xFF, 0xEF, 0x3C, 0xFF,
    0xF7, 0x5D, 0xFF, 0xF7, 0x5D, 0xFF, 0xAD, 0x35, 0xFF, 0xD6, 0x7A, 0xFF, 0xF7, 0x5D, 0xFF, 0xEF,
    0x3C, 0xFF, 0xEF, 0x3C, 0xFF, 0xEF, 0x5D, 0xFF, 0xEF, 0x3C, 0xFF, 0xEF, 0x3C, 0xFF, 0xEF, 0x3C,
    0xFF, 0xEF, 0x3C, 0xFF, 0xEF, 0x3C, 0xFF, 0xEF, 0x3C, 0xFF, 0xEF, 0x3C, 0xFF, 0xEF, 0x3C, 0xFF,
    0xEF, 0x3C, 0xFF, 0xEF, 0x3C, 0xFF, 0xEF, 0x3C, 0xFF, 0xEF, 0x3C, 0xFF, 0xE6, 0xFC, 0xFF, 0xF7,
    0x5D, 0xFF, 0xE6, 0xFB, 0xFF, 0xB5, 0x56, 0xFF, 0xAD, 0x15, 0xFF, 0x9C, 0x93, 0xFF, 0x52, 0x09,
    0xFF, 0xCE, 0x18, 0xFF, 0xF7, 0x9E, 0xFF, 0xEF, 0x5D, 0xFF, 0xEF, 0x3D, 0xFF, 0xEF, 0x5D, 0xFF,
    0xEF, 0x3C, 0xFF, 0xEF, 0x5C, 0xFF, 0xEF, 0x5D, 0xFF, 0xEF, 0x3C, 0xFF, 0xEF, 0x1C, 0xFF, 0xEF,
    0x3C, 0xFF, 0xEF, 0x3C, 0xFF, 0xEF, 0x5D, 0xFF, 0xF7, 0x7D, 0xFF, 0xEF, 0x3C, 0xFF, 0xEF, 0x3C,
    0xFF, 0xEF, 0x3C, 0xFF, 0xEF, 0x5D, 0xFF, 0xF7, 0x9E, 0xFF, 0xFF, 0xDE, 0xFF, 0xFF, 0xDE, 0xFF,
    0xFF, 0xDE, 0xFF, 0xFF, 0xDE, 0xFF, 0xFF, 0xDE, 0xFF, 0xF7, 0x9E, 0xFF, 0xEF, 0x5C, 0xFF, 0xEF,
    0x3C, 0xFF, 0xEF, 0x3C, 0xFF, 0xEF, 0x5D, 0xFF, 0xEF, 0x5D, 0xFF, 0xEF, 0x3C, 0xFF, 0xEF, 0x3C,
    0xFF, 0xEF, 0x5D, 0xFF, 0xF7, 0x7D, 0xFF, 0xE6, 0xFB, 0xFF, 0xC5, 0xF8, 0xFF, 0xE6, 0xFB, 0xFF,
    0xEF, 0x5D, 0xFF, 0xEF, 0x3C, 0xFF, 0xEF, 0x3C, 0xFF, 0xEF, 0x3C, 0xFF, 0xEF, 0x3C, 0xFF, 0xEF,
    0x1C, 0xFF, 0xE6, 0xFB, 0xFF, 0xF7, 0x9E, 0xFF, 0xD6, 0x59, 0xFF, 0x94, 0x51, 0xFF, 0xCE, 0x18,
    0xFF, 0xFF, 0xBE, 0xFF, 0xF7, 0x5D, 0xFF, 0xF7, 0x7D, 0xFF, 0xF7, 0x9E, 0xFF, 0xB5, 0x96, 0xFF,
    0xD6, 0x59, 0xFF, 0xF7, 0x9E, 0xFF, 0xF7, 0x7D, 0xFF, 0xEF, 0x5D, 0xFF, 0xEF, 0x5D, 0xFF, 0xEF,
    0x3C, 0xFF, 0xEF, 0x3C, 0xFF, 0xEF, 0x3C, 0xFF, 0xEF, 0x1C, 0xFF, 0xEF, 0x1C, 0xFF, 0xEF, 0x1C,
    0xFF, 0xE7, 0x1B, 0xFF, 0xF7, 0x5D, 0xFF, 0xDE, 0xBA, 0xFF, 0xA4, 0xF4, 0xFF, 0xBD, 0xD7, 0xFF,
    0xF7, 0xBE, 0xFF, 0xF7, 0xBE, 0xFF, 0xF7, 0xBE, 0xFF, 0xFF, 0xDF, 0xFF, 0xF7, 0x9E, 0xFF, 0xE7,
    0x1C, 0xFF, 0x94, 0x91, 0xFF, 0x29, 0x03, 0xFF, 0x7B, 0x69, 0xFF, 0xCD, 0xD0, 0xFF, 0xCD, 0xB0,
    0xFF, 0xD5, 0xF1, 0xFF, 0xDE, 0x32, 0xFF, 0x94, 0x0C, 0xFF, 0x29, 0x43, 0xFF, 0x29, 0x23, 0xFF,
    0x73, 0x09, 0xFF, 0xAC, 0xD0, 0xFF, 0x73, 0x6B, 0xFF, 0x9C, 0xB1, 0xFF, 0xEF, 0x7C, 0xFF, 0x8C,
    0x0E, 0xFF, 0xBD, 0xB3, 0xFF, 0xFF, 0xBB, 0xFF, 0xFF, 0xFD, 0xFF, 0xE6, 0xF7, 0xFF, 0x4A, 0x47,
    0xFF, 0x00, 0x00, 0xFF, 0x7B, 0x8A, 0xFF, 0xD6, 0x54, 0xFF, 0xD6, 0x54, 0xFF, 0xA4, 0x8E, 0xFF,
    0x9C, 0x6C, 0xFF, 0x8B, 0xEA, 0xFF, 0x73, 0xA9, 0xFF, 0x84, 0xAC, 0xFF, 0x84, 0xEC, 0xFF, 0x95,
    0x0F, 0xFF, 0xDE, 0xF9, 0xFF, 0xF7, 0x9E, 0xFF, 0xCE, 0x38, 0xFF, 0xD6, 0x79, 0xFF, 0xEF, 0x5C,
    0xFF, 0xEF, 0x1C, 0xFF, 0xFF, 0xDF, 0xF1, 0xA4, 0xF3, 0x8F, 0x10, 0x82, 0x1F, 0x00, 0x00, 0x00,
    0x00, 0x00, 0x00, 0x00, 0x00, 0x00, 0x00, 0x00, 0x00, 0x00, 0x00, 0x00, 0x00, 0x00, 0x00, 0x00,
    0x00, 0x00, 0x00, 0x00, 0x04, 0x00, 0x00, 0x21, 0x00, 0x00, 0x21, 0x00, 0x00, 0x04, 0x00, 0x00,
    0x00, 0x00, 0x00, 0x00, 0x00, 0x00, 0x00, 0x00, 0x00, 0x00, 0x00, 0x00, 0x00, 0x00, 0x00, 0x00,
    0x00, 0x00, 0x00, 0x00, 0x00, 0x00, 0x00, 0x00, 0x00, 0x00, 0x00, 0x00, 0x00, 0x00, 0x00, 0x63,
    0x26, 0x05, 0x08, 0x80, 0x35, 0xC6, 0x73, 0xBC, 0xEF, 0xD8, 0xFD, 0x95, 0x0D, 0xFF, 0x6B, 0xCA,
    0xFE, 0xD6, 0x99, 0xFF, 0xFF, 0xFF, 0xFF, 0xEF, 0x7D, 0xFF, 0xF7, 0x9D, 0xFF, 0xF7, 0x7D, 0xFF,
    0xEF, 0x5D, 0xFF, 0xFF, 0xFF, 0xFF, 0x94, 0x92, 0xFF, 0x8C, 0x31, 0xFF, 0xEF, 0x1C, 0xFF, 0xF7,
    0x7D, 0xFF, 0xEF, 0x3C, 0xFF, 0xF7, 0x7D, 0xFF, 0xEF, 0x3C, 0xFF, 0xEF, 0x3C, 0xFF, 0xEF, 0x3C,
    0xFF, 0xEF, 0x3C, 0xFF, 0xEF, 0x3C, 0xFF, 0xEF, 0x1C, 0xFF, 0xEF, 0x3C, 0xFF, 0xEF, 0x3C, 0xFF,
    0xEF, 0x3C, 0xFF, 0xEF, 0x3C, 0xFF, 0xEF, 0x3C, 0xFF, 0xEF, 0x3C, 0xFF, 0xEF, 0x3C, 0xFF, 0xEF,
    0x3C, 0xFF, 0xEF, 0x3C, 0xFF, 0xEF, 0x5D, 0xFF, 0xF7, 0x7D, 0xFF, 0xDE, 0x9A, 0xFF, 0xAD, 0x35,
    0xFF, 0xE7, 0x1C, 0xFF, 0xF7, 0x5D, 0xFF, 0xEF, 0x3C, 0xFF, 0xEF, 0x3C, 0xFF, 0xEF, 0x3C, 0xFF,
    0xEF, 0x3C, 0xFF, 0xEF, 0x3C, 0xFF, 0xEF, 0x3C, 0xFF, 0xEF, 0x3C, 0xFF, 0xEF, 0x3C, 0xFF, 0xEF,
    0x3C, 0xFF, 0xEF, 0x3C, 0xFF, 0xEF, 0x3C, 0xFF, 0xEF, 0x3C, 0xFF, 0xEF, 0x3C, 0xFF, 0xEF, 0x3C,
    0xFF, 0xEF, 0x1C, 0xFF, 0xE7, 0x1C, 0xFF, 0xF7, 0x7D, 0xFF, 0xDE, 0x9A, 0xFF, 0xAC, 0xF4, 0xFF,
    0xB5, 0x76, 0xFF, 0x94, 0x72, 0xFF, 0x41, 0xA7, 0xFF, 0xC5, 0xF8, 0xFF, 0xF7, 0x9E, 0xFF, 0xEF,
    0x5D, 0xFF, 0xEF, 0x3C, 0xFF, 0xEF, 0x3D, 0xFF, 0xEF, 0x3D, 0xFF, 0xEF, 0x3C, 0xFF, 0xEF, 0x3C,
    0xFF, 0xEF, 0x3C, 0xFF, 0xE7, 0x1C, 0xFF, 0xEF, 0x3C, 0xFF, 0xEF, 0x3C, 0xFF, 0xEF, 0x3C, 0xFF,
    0xEF, 0x3C, 0xFF, 0xEF, 0x3D, 0xFF, 0xEF, 0x3D, 0xFF, 0xEF, 0x3C, 0xFF, 0xEF, 0x3C, 0xFF, 0xEF,
    0x3C, 0xFF, 0xF7, 0x5D, 0xFF, 0xFF, 0x9E, 0xFF, 0xFF, 0xDE, 0xFF, 0xFF, 0xDE, 0xFF, 0xF7, 0x9D,
    0xFF, 0xEF, 0x3C, 0xFF, 0xEF, 0x3C, 0xFF, 0xEF, 0x3C, 0xFF, 0xEF, 0x3C, 0xFF, 0xEF, 0x3C, 0xFF,
    0xEF, 0x3D, 0xFF, 0xEF, 0x5D, 0xFF, 0xEF, 0x5D, 0xFF, 0xEF, 0x5D, 0xFF, 0xF7, 0x7D, 0xFF, 0xE7,
    0x1C, 0xFF, 0xC5, 0xF8, 0xFF, 0xE6, 0xDB, 0xFF, 0xEF, 0x5D, 0xFF, 0xEF, 0x3C, 0xFF, 0xEF, 0x3C,
    0xFF, 0xEF, 0x3C, 0xFF, 0xEF, 0x1C, 0xFF, 0xEF, 0x1C, 0xFF, 0xE6, 0xFB, 0xFF, 0xFF, 0x9E, 0xFF,
    0xDE, 0x9A, 0xFF, 0x8C, 0x31, 0xFF, 0xB5, 0x55, 0xFF, 0xFF, 0xDF, 0xFF, 0xF7, 0x7D, 0xFF, 0xF7,
    0x7D, 0xFF, 0xFF, 0xDE, 0xFF, 0xCE, 0x39, 0xFF, 0xBD, 0xB6, 0xFF, 0xEF, 0x3C, 0xFF, 0xFF, 0xBE,
    0xFF, 0xEF, 0x3C, 0xFF, 0xEF, 0x3C, 0xFF, 0xEF, 0x3C, 0xFF, 0xEF, 0x3C, 0xFF, 0xEF, 0x3C, 0xFF,
    0xEF, 0x3C, 0xFF, 0xEF, 0x1C, 0xFF, 0xEF, 0x1C, 0xFF, 0xEF, 0x1C, 0xFF, 0xEF, 0x5C, 0xFF, 0xEF,
    0x3D, 0xFF, 0xB5, 0x55, 0xFF, 0xAD, 0x35, 0xFF, 0xEF, 0x3C, 0xFF, 0xFF, 0xDF, 0xFF, 0xFF, 0xFF,
    0xFF, 0xEF, 0x5D, 0xFF, 0x84, 0x30, 0xFF, 0x62, 0xEB, 0xFF, 0x7B, 0x6C, 0xFF, 0x83, 0xCD, 0xFF,
    0x7B, 0x8B, 0xFF, 0x7B, 0x48, 0xFF, 0xAC, 0xAC, 0xFF, 0xCD, 0x90, 0xFF, 0xC5, 0x2F, 0xFF, 0xCD,
    0x50, 0xFF, 0xA4, 0x6D, 0xFF, 0x49, 0xE5, 0xFF, 0x49, 0xC5, 0xFF, 0xB5, 0x10, 0xFF, 0xC5, 0xD3,
    0xFF, 0x49, 0xE6, 0xFF, 0xD6, 0x58, 0xFF, 0xAD, 0x33, 0xFF, 0x94, 0x4E, 0xFF, 0xD6, 0x35, 0xFF,
    0xF7, 0x18, 0xFF, 0xE6, 0x75, 0xFF, 0x73, 0x6A, 0xFF, 0x00, 0x00, 0xFF, 0x31, 0x64, 0xFF, 0xA5,
    0x0F, 0xFF, 0xF7, 0x57, 0xFF, 0xDE, 0x75, 0xFF, 0x83, 0x69, 0xFF, 0xBD, 0x50, 0xFF, 0x8C, 0x2B,
    0xFF, 0x6C, 0x0A, 0xFF, 0x84, 0xEC, 0xFF, 0x84, 0xAC, 0xFF, 0xB5, 0xD3, 0xFF, 0xF7, 0xBE, 0xFF,
    0xE7, 0x1C, 0xFF, 0xC5, 0xF7, 0xFF, 0xDE, 0xBA, 0xFF, 0xEF, 0x3C, 0xFF, 0xF7, 0x7D, 0xFA, 0xD6,
    0x9A, 0xC8, 0x6B, 0x4C, 0x42, 0x00, 0x00, 0x01, 0x00, 0x00, 0x00, 0x00, 0x00, 0x01, 0x00, 0x00,
    0x00, 0x00, 0x00, 0x00, 0x00, 0x00, 0x00, 0x00, 0x00, 0x00, 0x00, 0x00, 0x04, 0x00, 0x00, 0x21,
    0x00, 0x00, 0x21, 0x00, 0x00, 0x04, 0x00, 0x00, 0x00, 0x00, 0x00, 0x00, 0x00, 0x00, 0x00, 0x00,
    0x00, 0x00, 0x00, 0x00, 0x00, 0x00, 0x00, 0x00, 0x00, 0x00, 0x00, 0x00, 0x00, 0x00, 0x00, 0x00,
    0x00, 0x00, 0x00, 0x00, 0x00, 0x00, 0x00, 0x00, 0x00, 0x0C, 0x5B, 0x48, 0x67, 0xD7, 0x35, 0xDB,
    0xDF, 0x55, 0xFF, 0x74, 0x2A, 0xFF, 0xA5, 0x53, 0xFF, 0xFF, 0xFF, 0xFF, 0xF7, 0x9D, 0xFF, 0xF7,
    0x7D, 0xFF, 0xF7, 0x7D, 0xFF, 0xF7, 0x7D, 0xFF, 0xF7, 0x7D, 0xFF, 0xF7, 0x7D, 0xFF, 0x73, 0x8E,
    0xFF, 0xB5, 0x55, 0xFF, 0xF7, 0x5D, 0xFF, 0xEF, 0x5C, 0xFF, 0xEF, 0x3D, 0xFF, 0xEF, 0x5D, 0xFF,
    0xEF, 0x3C, 0xFF, 0xEF, 0x3C, 0xFF, 0xEF, 0x3C, 0xFF, 0xEF, 0x3C, 0xFF, 0xEF, 0x3C, 0xFF, 0xE7,
    0x1C, 0xFF, 0xEF, 0x3C, 0xFF, 0xEF, 0x3C, 0xFF, 0xEF, 0x3C, 0xFF, 0xEF, 0x3C, 0xFF, 0xEF, 0x3C,
    0xFF, 0xEF, 0x3C, 0xFF, 0xEF, 0x3C, 0xFF, 0xEF, 0x3C, 0xFF, 0xEF, 0x3C, 0xFF, 0xF7, 0x5D, 0xFF,
    0xF7, 0x7D, 0xFF, 0xBD, 0xB7, 0xFF, 0xBD, 0xB7, 0xFF, 0xE7, 0x1C, 0xFF, 0xEF, 0x3C, 0xFF, 0xEF,
    0x3C, 0xFF, 0xEF, 0x3C, 0xFF, 0xEF, 0x3C, 0xFF, 0xEF, 0x3C, 0xFF, 0xEF, 0x3C, 0xFF, 0xEF, 0x3C,
    0xFF, 0xEF, 0x3C, 0xFF, 0xEF, 0x3D, 0xFF, 0xEF, 0x3C, 0xFF, 0xEF, 0x3C, 0xFF, 0xEF, 0x3C, 0xFF,
    0xEF, 0x3C, 0xFF, 0xEF, 0x3C, 0xFF, 0xEF, 0x3C, 0xFF, 0xEF, 0x1C, 0xFF, 0xEF, 0x3C, 0xFF, 0xF7,
    0x7D, 0xFF, 0xCD, 0xF8, 0xFF, 0xA4, 0xD4, 0xFF, 0xBD, 0xD8, 0xFF, 0x8C, 0x31, 0xFF, 0x49, 0xC7,
    0xFF, 0xC5, 0xF7, 0xFF, 0xF7, 0x9E, 0xFF, 0xEF, 0x5D, 0xFF, 0xEF, 0x3C, 0xFF, 0xEF, 0x3D, 0xFF,
    0xEF, 0x3C, 0xFF, 0xEF, 0x3C, 0xFF, 0xEF, 0x5D, 0xFF, 0xEF, 0x3C, 0xFF, 0xE6, 0xFB, 0xFF, 0xEF,
    0x1C, 0xFF, 0xEF, 0x3D, 0xFF, 0xEF, 0x3C, 0xFF, 0xEF, 0x3C, 0xFF, 0xEF, 0x3D, 0xFF, 0xEF, 0x3D,
    0xFF, 0xEF, 0x3D, 0xFF, 0xEF, 0x3D, 0xFF, 0xEF, 0x3D, 0xFF, 0xEF, 0x3C, 0xFF, 0xEF, 0x5D, 0xFF,
    0xF7, 0x9E, 0xFF, 0xF7, 0x9E, 0xFF, 0xEF, 0x3C, 0xFF, 0xEF, 0x3C, 0xFF, 0xEF, 0x3C, 0xFF, 0xEF,
    0x3C, 0xFF, 0xEF, 0x3C, 0xFF, 0xEF, 0x3C, 0xFF, 0xEF, 0x3D, 0xFF, 0xEF, 0x5D, 0xFF, 0xEF, 0x5D,
    0xFF, 0xEF, 0x5D, 0xFF, 0xF7, 0x7D, 0xFF, 0xE7, 0x1C, 0xFF, 0xC5, 0xF8, 0xFF, 0xDE, 0xBA, 0xFF,
    0xEF, 0x5D, 0xFF, 0xEF, 0x3C, 0xFF, 0xEF, 0x3C, 0xFF, 0xEF, 0x1C, 0xFF, 0xEF, 0x1C, 0xFF, 0xEF,
    0x1C, 0xFF, 0xE6, 0xFB, 0xFF, 0xF7, 0x9E, 0xFF, 0xE6, 0xFB, 0xFF, 0x94, 0x72, 0xFF, 0x9C, 0xB3,
    0xFF, 0xF7, 0x7E, 0xFF, 0xF7, 0x7E, 0xFF, 0xF7, 0x7D, 0xFF, 0xF7, 0x9E, 0xFF, 0xEF, 0x3C, 0xFF,
    0xAD, 0x55, 0xFF, 0xD6, 0x9A, 0xFF, 0xFF, 0x9E, 0xFF, 0xEF, 0x3C, 0xFF, 0xEF, 0x3C, 0xFF, 0xEF,
    0x3C, 0xFF, 0xEF, 0x3C, 0xFF, 0xEF, 0x3C, 0xFF, 0xEF, 0x3C, 0xFF, 0xEF, 0x3C, 0xFF, 0xEF, 0x3C,
    0xFF, 0xEF, 0x3C, 0xFF, 0xEF, 0x3C, 0xFF, 0xFF, 0x9E, 0xFF, 0xC6, 0x18, 0xFF, 0xA4, 0xD3, 0xFF,
    0xCE, 0x18, 0xFF, 0xFF, 0xFF, 0xFF, 0xEF, 0x5D, 0xFF, 0x7B, 0xCF, 0xFF, 0x6B, 0x2C, 0xFF, 0xCE,
    0x38, 0xFF, 0xF7, 0x5A, 0xFF, 0xFF, 0xDB, 0xFF, 0xFF, 0xBA, 0xFF, 0xB5, 0x72, 0xFF, 0x6A, 0xC7,
    0xFF, 0x8B, 0x89, 0xFF, 0xC5, 0x2F, 0xFF, 0xC4, 0xEF, 0xFF, 0xBC, 0xAE, 0xFF, 0xAC, 0x6D, 0xFF,
    0x7B, 0x08, 0xFF, 0x72, 0xC8, 0xFF, 0x6A, 0xA8, 0xFF, 0x5A, 0x46, 0xFF, 0x83, 0xCC, 0xFF, 0xC5,
    0xF6, 0xFF, 0x83, 0xAC, 0xFF, 0x94, 0x2D, 0xFF, 0xC5, 0xB2, 0xFF, 0xD5, 0xD2, 0xFF, 0xAC, 0xCD,
    0xFF, 0x31, 0x83, 0xFF, 0x00, 0x00, 0xFF, 0x18, 0xA1, 0xFF, 0x83, 0xCB, 0xFF, 0xF7, 0x37, 0xFF,
    0xA4, 0xAE, 0xFF, 0xA4, 0x8D, 0xFF, 0x7B, 0x8A, 0xFF, 0x4A, 0xC7, 0xFF, 0x74, 0x6B, 0xFF, 0x84,
    0xCC, 0xFF, 0x95, 0x0F, 0xFF, 0xDF, 0x1A, 0xFF, 0xF7, 0x7E, 0xFF, 0xDE, 0xBA, 0xFF, 0xC6, 0x17,
    0xFF, 0xE6, 0xFB, 0xFF, 0xE7, 0x1C, 0xFE, 0xFF, 0xBE, 0xEE, 0x9C, 0xB2, 0x7A, 0x00, 0x00, 0x16,
    0x00, 0x00, 0x00, 0xFF, 0xFF, 0x01, 0x00, 0x00, 0x00, 0x00, 0x00, 0x00, 0x00, 0x00, 0x00, 0x00,
    0x00, 0x00, 0x00, 0x00, 0x04, 0x00, 0x00, 0x21, 0x00, 0x00, 0x21, 0x00, 0x00, 0x04, 0x00, 0x00,
    0x00, 0x00, 0x00, 0x00, 0x00, 0x00, 0x00, 0x00, 0x00, 0x00, 0x00, 0x00, 0x00, 0x00, 0x00, 0x00,
    0x00, 0x00, 0x00, 0x00, 0x00, 0x00, 0x00, 0x00, 0x00, 0x00, 0x00, 0x00, 0x00, 0x00, 0x00, 0x00,
    0x00, 0x11, 0x8D, 0x0E, 0x91, 0xE7, 0x96, 0xEE, 0xAD, 0xEF, 0xFF, 0x84, 0x8E, 0xFE, 0xDE, 0xFA,
    0xFF, 0xFF, 0xFF, 0xFF, 0xEF, 0x5C, 0xFF, 0xF7, 0x7D, 0xFF, 0xF7, 0x7D, 0xFF, 0xF7, 0x9D, 0xFF,
    0xFF, 0xBE, 0xFF, 0xDE, 0xDA, 0xFF, 0x6B, 0x4D, 0xFF, 0xCE, 0x59, 0xFF, 0xF7, 0x7D, 0xFF, 0xEF,
    0x1C, 0xFF, 0xEF, 0x3C, 0xFF, 0xEF, 0x3C, 0xFF, 0xEF, 0x3C, 0xFF, 0xEF, 0x3C, 0xFF, 0xEF, 0x3C,
    0xFF, 0xEF, 0x3C, 0xFF, 0xEF, 0x3C, 0xFF, 0xE7, 0x1C, 0xFF, 0xEF, 0x3C, 0xFF, 0xEF, 0x3C, 0xFF,
    0xEF, 0x3C, 0xFF, 0xEF, 0x3C, 0xFF, 0xEF, 0x3C, 0xFF, 0xEF, 0x3C, 0xFF, 0xEF, 0x3C, 0xFF, 0xEF,
    0x3C, 0xFF, 0xEF, 0x5D, 0xFF, 0xF7, 0x7D, 0xFF, 0xEF, 0x3C, 0xFF, 0xAD, 0x35, 0xFF, 0xCE, 0x59,
    0xFF, 0xE6, 0xDB, 0xFF, 0xEF, 0x3C, 0xFF, 0xEF, 0x3C, 0xFF, 0xEF, 0x3C, 0xFF, 0xEF, 0x3C, 0xFF,
    0xEF, 0x3D, 0xFF, 0xEF, 0x5D, 0xFF, 0xEF, 0x5D, 0xFF, 0xEF, 0x3C, 0xFF, 0xEF, 0x3C, 0xFF, 0xEF,
    0x3C, 0xFF, 0xEF, 0x3C, 0xFF, 0xEF, 0x3C, 0xFF, 0xEF, 0x3C, 0xFF, 0xEF, 0x3C, 0xFF, 0xEF, 0x3C,
    0xFF, 0xE7, 0x1C, 0xFF, 0xF7, 0x7D, 0xFF, 0xEF, 0x3C, 0xFF, 0xB5, 0x56, 0xFF, 0xAD, 0x15, 0xFF,
    0xC6, 0x18, 0xFF, 0x8C, 0x31, 0xFF, 0x72, 0xCA, 0xFF, 0xCD, 0xD6, 0xFF, 0xF7, 0x9E, 0xFF, 0xEF,
    0x7D, 0xFF, 0xEF, 0x3C, 0xFF, 0xEF, 0x3C, 0xFF, 0xEF, 0x3C, 0xFF, 0xEF, 0x3C, 0xFF, 0xEF, 0x3D,
    0xFF, 0xEF, 0x3C, 0xFF, 0xE6, 0xDB, 0xFF, 0xE6, 0xFB, 0xFF, 0xEF, 0x5D, 0xFF, 0xEF, 0x3C, 0xFF,
    0xEF, 0x3C, 0xFF, 0xEF, 0x3C, 0xFF, 0xEF, 0x3C, 0xFF, 0xEF, 0x3C, 0xFF, 0xEF, 0x3C, 0xFF, 0xEF,
    0x3C, 0xFF, 0xEF, 0x3C, 0xFF, 0xEF, 0x3C, 0xFF, 0xEF, 0x3D, 0xFF, 0xEF, 0x5D, 0xFF, 0xEF, 0x3C,
    0xFF, 0xEF, 0x3C, 0xFF, 0xEF, 0x3C, 0xFF, 0xEF, 0x3C, 0xFF, 0xEF, 0x3D, 0xFF, 0xEF, 0x3C, 0xFF,
    0xEF, 0x3C, 0xFF, 0xEF, 0x5D, 0xFF, 0xEF, 0x5D, 0xFF, 0xEF, 0x5D, 0xFF, 0xF7, 0x7D, 0xFF, 0xE7,
    0x1C, 0xFF, 0xC5, 0xD7, 0xFF, 0xD6, 0x79, 0xFF, 0xF7, 0x5D, 0xFF, 0xEF, 0x3C, 0xFF, 0xEF, 0x3C,
    0xFF, 0xEF, 0x3C, 0xFF, 0xEF, 0x1C, 0xFF, 0xEF, 0x3C, 0xFF, 0xE7, 0x1C, 0xFF, 0xF7, 0x9E, 0xFF,
    0xEF, 0x5C, 0xFF, 0xA4, 0xD3, 0xFF, 0x8C, 0x51, 0xFF, 0xE6, 0xFB, 0xFF, 0xF7, 0x9E, 0xFF, 0xF7,
    0x7D, 0xFF, 0xF7, 0x7D, 0xFF, 0xFF, 0xBE, 0xFF, 0xB5, 0x96, 0xFF, 0xBD, 0xB7, 0xFF, 0xEF, 0x3D,
    0xFF, 0xF7, 0x5D, 0xFF, 0xEF, 0x1C, 0xFF, 0xEF, 0x1C, 0xFF, 0xEF, 0x3C, 0xFF, 0xEF, 0x3C, 0xFF,
    0xEF, 0x3C, 0xFF, 0xEF, 0x3C, 0xFF, 0xEF, 0x3C, 0xFF, 0xEF, 0x3C, 0xFF, 0xEF, 0x1C, 0xFF, 0xFF,
    0xBE, 0xFF, 0xDE, 0xDB, 0xFF, 0xA4, 0xD3, 0xFF, 0xB5, 0x96, 0xFF, 0xF7, 0x7E, 0xFF, 0xA5, 0x34,
    0xFF, 0x6B, 0x0C, 0xFF, 0xFF, 0x9D, 0xFF, 0xFF, 0x9C, 0xFF, 0xF7, 0x7B, 0xFF, 0xEF, 0x39, 0xFF,
    0xFF, 0x9A, 0xFF, 0xFF, 0xFC, 0xFF, 0xE6, 0xF7, 0xFF, 0x8B, 0xCB, 0xFF, 0x7B, 0x08, 0xFF, 0xB4,
    0xCE, 0xFF, 0xC5, 0x0F, 0xFF, 0xB4, 0x6D, 0xFF, 0xBC, 0x8D, 0xFF, 0x6A, 0x87, 0xFF, 0x28, 0xC2,
    0xFF, 0x6B, 0x08, 0xFF, 0x5A, 0x67, 0xFF, 0xBD, 0x94, 0xFF, 0x94, 0x4F, 0xFF, 0x7B, 0x6B, 0xFF,
    0xAC, 0xEF, 0xFF, 0xC5, 0x50, 0xFF, 0xCD, 0x4F, 0xFF, 0x94, 0x0A, 0xFF, 0x18, 0xC1, 0xFF, 0x00,
    0x20, 0xFF, 0x08, 0x40, 0xFF, 0x52, 0x67, 0xFF, 0x8C, 0x2C, 0xFF, 0x73, 0x28, 0xFF, 0x21, 0x02,
    0xFF, 0x3A, 0x05, 0xFF, 0x7C, 0x8C, 0xFF, 0x84, 0xEC, 0xFF, 0x84, 0xAC, 0xFF, 0xC6, 0x55, 0xFF,
    0xF7, 0x9E, 0xFF, 0xEF, 0x3C, 0xFF, 0xD6, 0x99, 0xFF, 0xD6, 0x59, 0xFF, 0xE7, 0x1B, 0xFE, 0xFF,
    0xBE, 0xFA, 0xC6, 0x18, 0xB9, 0x62, 0xEB, 0x3A, 0x00, 0x00, 0x00, 0x00, 0x00, 0x00, 0x00, 0x00,
    0x01, 0x00, 0x00, 0x00, 0x00, 0x00, 0x00, 0x00, 0x00, 0x00, 0x00, 0x00, 0x04, 0x00, 0x00, 0x21,
    0x00, 0x00, 0x21, 0x00, 0x00, 0x04, 0x00, 0x00, 0x00, 0x00, 0x00, 0x00, 0x00, 0x00, 0x00, 0x00,
    0x00, 0x00, 0x00, 0x00, 0x00, 0x00, 0x00, 0x00, 0x00, 0x00, 0x00, 0x00, 0x00, 0x00, 0x00, 0x00,
    0x00, 0x00, 0x00, 0x00, 0x00, 0x00, 0x01, 0x00, 0x00, 0x18, 0xAE, 0x31, 0xAF, 0xE7, 0x96, 0xFA,
    0x95, 0x0D, 0xFF, 0xAD, 0x94, 0xFE, 0xFF, 0xBE, 0xFF, 0xFF, 0x9E, 0xFF, 0xEF, 0x7D, 0xFF, 0xF7,
    0x7D, 0xFF, 0xF7, 0x7D, 0xFF, 0xF7, 0x9D, 0xFF, 0xFF, 0xDF, 0xFF, 0xB5, 0x75, 0xFF, 0x73, 0x8E,
    0xFF, 0xE6, 0xDB, 0xFF, 0xF7, 0x7D, 0xFF, 0xE7, 0x1C, 0xFF, 0xEF, 0x3C, 0xFF, 0xEF, 0x3C, 0xFF,
    0xEF, 0x3C, 0xFF, 0xEF, 0x3C, 0xFF, 0xEF, 0x3C, 0xFF, 0xEF, 0x3C, 0xFF, 0xE7, 0x1C, 0xFF, 0xE7,
    0x1C, 0xFF, 0xEF, 0x3C, 0xFF, 0xEF, 0x3C, 0xFF, 0xEF, 0x3C, 0xFF, 0xEF, 0x3C, 0xFF, 0xEF, 0x3C,
    0xFF, 0xEF, 0x3C, 0xFF, 0xEF, 0x3C, 0xFF, 0xEF, 0x3C, 0xFF, 0xF7, 0x5D, 0xFF, 0xF7, 0x7D, 0xFF,
    0xD6, 0x79, 0xFF, 0xAD, 0x35, 0xFF, 0xD6, 0x79, 0xFF, 0xE6, 0xFC, 0xFF, 0xEF, 0x5D, 0xFF, 0xEF,
    0x3C, 0xFF, 0xEF, 0x3C, 0xFF, 0xEF, 0x3C, 0xFF, 0xEF, 0x3C, 0xFF, 0xEF, 0x3C, 0xFF, 0xEF, 0x3C,
    0xFF, 0xEF, 0x3C, 0xFF, 0xEF, 0x3C, 0xFF, 0xEF, 0x3C, 0xFF, 0xEF, 0x3C, 0xFF, 0xEF, 0x3C, 0xFF,
    0xEF, 0x3C, 0xFF, 0xEF, 0x3C, 0xFF, 0xEF, 0x3C, 0xFF, 0xEF, 0x3C, 0xFF, 0xFF, 0xBE, 0xFF, 0xD6,
    0x9A, 0xFF, 0xA4, 0xD4, 0xFF, 0xBD, 0x97, 0xFF, 0xBD, 0xD8, 0xFF, 0x8C, 0x11, 0xFF, 0x9B, 0xAD,
    0xFF, 0xBD, 0x54, 0xFF, 0xEF, 0x7D, 0xFF, 0xEF, 0x7D, 0xFF, 0xEF, 0x3C, 0xFF, 0xEF, 0x3C, 0xFF,
    0xEF, 0x3C, 0xFF, 0xEF, 0x3C, 0xFF, 0xEF, 0x5D, 0xFF, 0xEF, 0x3D, 0xFF, 0xDE, 0xDB, 0xFF, 0xDE,
    0xDB, 0xFF, 0xF7, 0x5D, 0xFF, 0xEF, 0x3C, 0xFF, 0xEF, 0x3C, 0xFF, 0xEF, 0x3C, 0xFF, 0xEF, 0x3C,
    0xFF, 0xEF, 0x3C, 0xFF, 0xEF, 0x3D, 0xFF, 0xEF, 0x3D, 0xFF, 0xEF, 0x3D, 0xFF, 0xEF, 0x3C, 0xFF,
    0xEF, 0x3C, 0xFF, 0xEF, 0x3C, 0xFF, 0xEF, 0x3C, 0xFF, 0xEF, 0x3C, 0xFF, 0xEF, 0x3C, 0xFF, 0xEF,
    0x3C, 0xFF, 0xEF, 0x3C, 0xFF, 0xEF, 0x3D, 0xFF, 0xEF, 0x3D, 0xFF, 0xEF, 0x3D, 0xFF, 0xEF, 0x3D,
    0xFF, 0xEF, 0x3C, 0xFF, 0xF7, 0x7D, 0xFF, 0xEF, 0x1C, 0xFF, 0xC5, 0xD7, 0xFF, 0xCE, 0x59, 0xFF,
    0xF7, 0x5D, 0xFF, 0xEF, 0x3C, 0xFF, 0xEF, 0x3C, 0xFF, 0xEF, 0x3C, 0xFF, 0xEF, 0x3C, 0xFF, 0xEF,
    0x3C, 0xFF, 0xEF, 0x1C, 0xFF, 0xF7, 0x9E, 0xFF, 0xEF, 0x5D, 0xFF, 0x9C, 0xB3, 0xFF, 0x73, 0x6E,
    0xFF, 0xD6, 0x59, 0xFF, 0xF7, 0x7D, 0xFF, 0xF7, 0x9E, 0xFF, 0xF7, 0x7D, 0xFF, 0xFF, 0xBE, 0xFF,
    0xCE, 0x59, 0xFF, 0xAD, 0x14, 0xFF, 0xD6, 0x9A, 0xFF, 0xF7, 0x9E, 0xFF, 0xE6, 0xFC, 0xFF, 0xEF,
    0x1C, 0xFF, 0xEF, 0x1C, 0xFF, 0xEF, 0x3C, 0xFF, 0xEF, 0x3C, 0xFF, 0xEF, 0x3C, 0xFF, 0xEF, 0x3C,
    0xFF, 0xEF, 0x3C, 0xFF, 0xEF, 0x3C, 0xFF, 0xF7, 0x9E, 0xFF, 0xF7, 0x7D, 0xFF, 0xAD, 0x34, 0xFF,
    0xB5, 0x76, 0xFF, 0xC6, 0x19, 0xFF, 0x73, 0x8E, 0xFF, 0xB5, 0x53, 0xFF, 0xFF, 0xFD, 0xFF, 0xF7,
    0x5A, 0xFF, 0xEF, 0x3A, 0xFF, 0xFF, 0x9B, 0xFF, 0xDE, 0xB7, 0xFF, 0xAD, 0x51, 0xFF, 0xAC, 0xF0,
    0xFF, 0xB5, 0x31, 0xFF, 0x94, 0x2C, 0xFF, 0x7B, 0x08, 0xFF, 0x9B, 0xEB, 0xFF, 0xC5, 0x0F, 0xFF,
    0xBC, 0xAD, 0xFF, 0x8B, 0x89, 0xFF, 0x29, 0x03, 0xFF, 0x41, 0xC5, 0xFF, 0x6B, 0x08, 0xFF, 0x8C,
    0x0D, 0xFF, 0xB5, 0x74, 0xFF, 0x73, 0x4B, 0xFF, 0x8B, 0xAB, 0xFF, 0xBD, 0x50, 0xFF, 0xBC, 0xEE,
    0xFF, 0xC5, 0x2E, 0xFF, 0x6A, 0xE7, 0xFF, 0x00, 0x20, 0xFF, 0x00, 0x20, 0xFF, 0x00, 0x00, 0xFF,
    0x08, 0x61, 0xFF, 0x10, 0x81, 0xFF, 0x00, 0x00, 0xFF, 0x3A, 0x26, 0xFF, 0x84, 0xEE, 0xFF, 0x8D,
    0x2E, 0xFF, 0x7C, 0x8B, 0xFF, 0xAD, 0x91, 0xFF, 0xEF, 0x5C, 0xFF, 0xEF, 0x5D, 0xFF, 0xE7, 0x1C,
    0xFF, 0xD6, 0x58, 0xFF, 0xDE, 0xBA, 0xFE, 0xEF, 0x5D, 0xFE, 0xF7, 0x5D, 0xE7, 0x94, 0x72, 0x68,
    0x00, 0x00, 0x0B, 0x00, 0x00, 0x00, 0x00, 0x00, 0x01, 0x00, 0x00, 0x00, 0x00, 0x00, 0x00, 0x00,
    0x00, 0x00, 0x00, 0x00, 0x04, 0x00, 0x00, 0x21, 0x00, 0x00, 0x21, 0x00, 0x00, 0x04, 0x00, 0x00,
    0x00, 0x00, 0x00, 0x00, 0x00, 0x00, 0x00, 0x00, 0x00, 0x00, 0x00, 0x00, 0x00, 0x00, 0x00, 0x00,
    0x00, 0x00, 0x00, 0x00, 0x00, 0x00, 0x00, 0x00, 0x00, 0x00, 0x00, 0x00, 0x00, 0x00, 0x02, 0x00,
    0x00, 0x1F, 0xBE, 0xB3, 0xC4, 0xCF, 0x14, 0xFF, 0x94, 0xEE, 0xFF, 0xCE, 0x98, 0xFE, 0xFF, 0xFF,
    0xFF, 0xE7, 0x1B, 0xFF, 0xEF, 0x5C, 0xFF, 0xF7, 0x9D, 0xFF, 0xF7, 0x9D, 0xFF, 0xFF, 0xBE, 0xFF,
    0xFF, 0xFF, 0xFF, 0x7B, 0xCF, 0xFF, 0x8C, 0x51, 0xFF, 0xEF, 0x3C, 0xFF, 0xF7, 0x5D, 0xFF, 0xE7,
    0x1C, 0xFF, 0xEF, 0x3C, 0xFF, 0xEF, 0x3C, 0xFF, 0xEF, 0x3C, 0xFF, 0xEF, 0x3C, 0xFF, 0xEF, 0x3C,
    0xFF, 0xEF, 0x3C, 0xFF, 0xE7, 0x1C, 0xFF, 0xEF, 0x3C, 0xFF, 0xEF, 0x3C, 0xFF, 0xEF, 0x3C, 0xFF,
    0xEF, 0x3C, 0xFF, 0xEF, 0x3C, 0xFF, 0xEF, 0x5C, 0xFF, 0xEF, 0x5C, 0xFF, 0xEF, 0x5C, 0xFF, 0xEF,
    0x3C, 0xFF, 0xF7, 0x7D, 0xFF, 0xF7, 0x5D, 0xFF, 0xBD, 0x96, 0xFF, 0xB5, 0x55, 0xFF, 0xD6, 0x9A,
    0xFF, 0xEF, 0x3C, 0xFF, 0xEF, 0x5D, 0xFF, 0xEF, 0x3C, 0xFF, 0xEF, 0x3C, 0xFF, 0xEF, 0x3C, 0xFF,
    0xEF, 0x3C, 0xFF, 0xEF, 0x3C, 0xFF, 0xEF, 0x3C, 0xFF, 0xEF, 0x3C, 0xFF, 0xEF, 0x3C, 0xFF, 0xEF,
    0x3C, 0xFF, 0xEF, 0x3C, 0xFF, 0xEF, 0x3C, 0xFF, 0xEF, 0x3C, 0xFF, 0xEF, 0x3C, 0xFF, 0xEF, 0x3C,
    0xFF, 0xF7, 0x7D, 0xFF, 0xF7, 0x9E, 0xFF, 0xBD, 0xB7, 0xFF, 0xA4, 0xD4, 0xFF, 0xD6, 0x5A, 0xFF,
    0xB5, 0x76, 0xFF, 0x7B, 0x6E, 0xFF, 0xAB, 0xEE, 0xFF, 0xAC, 0xB2, 0xFF, 0xE7, 0x3D, 0xFF, 0xEF,
    0x7D, 0xFF, 0xEF, 0x3C, 0xFF, 0xEF, 0x3C, 0xFF, 0xEF, 0x3C, 0xFF, 0xEF, 0x3C, 0xFF, 0xEF, 0x5D,
    0xFF, 0xEF, 0x5D, 0xFF, 0xE6, 0xDB, 0xFF, 0xDE, 0xBA, 0xFF, 0xEF, 0x5D, 0xFF, 0xEF, 0x3C, 0xFF,
    0xEF, 0x3C, 0xFF, 0xEF, 0x3C, 0xFF, 0xEF, 0x3C, 0xFF, 0xEF, 0x3C, 0xFF, 0xEF, 0x3C, 0xFF, 0xEF,
    0x3C, 0xFF, 0xEF, 0x3C, 0xFF, 0xEF, 0x3C, 0xFF, 0xEF, 0x3C, 0xFF, 0xEF, 0x3C, 0xFF, 0xEF, 0x3C,
    0xFF, 0xEF, 0x3C, 0xFF, 0xEF, 0x3C, 0xFF, 0xEF, 0x3C, 0xFF, 0xEF, 0x3C, 0xFF, 0xEF, 0x3C, 0xFF,
    0xEF, 0x3D, 0xFF, 0xEF, 0x3D, 0xFF, 0xEF, 0x3D, 0xFF, 0xEF, 0x3C, 0xFF, 0xF7, 0x7D, 0xFF, 0xEF,
    0x3C, 0xFF, 0xC5, 0xD8, 0xFF, 0xCE, 0x18, 0xFF, 0xF7, 0x5D, 0xFF, 0xEF, 0x3C, 0xFF, 0xEF, 0x3C,
    0xFF, 0xEF, 0x3C, 0xFF, 0xEF, 0x3C, 0xFF, 0xEF, 0x3C, 0xFF, 0xEF, 0x1C, 0xFF, 0xF7, 0x9E, 0xFF,
    0xF7, 0x9E, 0xFF, 0x94, 0x72, 0xFF, 0x4A, 0x09, 0xFF, 0xBD, 0xB7, 0xFF, 0xE6, 0xFB, 0xFF, 0xF7,
    0x9E, 0xFF, 0xF7, 0x7D, 0xFF, 0xF7, 0x7D, 0xFF, 0xEF, 0x3D, 0xFF, 0xA4, 0xF3, 0xFF, 0xBD, 0x96,
    0xFF, 0xF7, 0x5D, 0xFF, 0xEF, 0x1C, 0xFF, 0xEF, 0x1C, 0xFF, 0xEF, 0x1C, 0xFF, 0xEF, 0x3C, 0xFF,
    0xEF, 0x3C, 0xFF, 0xEF, 0x3C, 0xFF, 0xEF, 0x3C, 0xFF, 0xEF, 0x3C, 0xFF, 0xEF, 0x5D, 0xFF, 0xEF,
    0x5D, 0xFF, 0xFF, 0xBE, 0xFF, 0xBD, 0xB6, 0xFF, 0xAD, 0x55, 0xFF, 0x9C, 0xB3, 0xFF, 0x6B, 0x0B,
    0xFF, 0xEE, 0xF8, 0xFF, 0xFF, 0x7A, 0xFF, 0xEF, 0x39, 0xFF, 0xFF, 0x9B, 0xFF, 0xCE, 0x15, 0xFF,
    0x42, 0x27, 0xFF, 0x10, 0x81, 0xFF, 0x10, 0x81, 0xFF, 0x21, 0x03, 0xFF, 0x4A, 0x26, 0xFF, 0x73,
    0x29, 0xFF, 0x6A, 0xE8, 0xFF, 0x83, 0x29, 0xFF, 0xC5, 0x0E, 0xFF, 0xAC, 0x6C, 0xFF, 0x52, 0x05,
    0xFF, 0x39, 0x85, 0xFF, 0x7B, 0x6B, 0xFF, 0x5A, 0x47, 0xFF, 0xD6, 0x57, 0xFF, 0x9C, 0x71, 0xFF,
    0x5A, 0x47, 0xFF, 0xAC, 0xAE, 0xFF, 0xBC, 0xEE, 0xFF, 0xBC, 0xED, 0xFF, 0xB4, 0xCD, 0xFF, 0x31,
    0x83, 0xFF, 0x00, 0x00, 0xFF, 0x08, 0x40, 0xFF, 0x00, 0x20, 0xFF, 0x08, 0x40, 0xFF, 0x00, 0x00,
    0xFF, 0x19, 0x02, 0xFF, 0x74, 0x2B, 0xFF, 0x9D, 0xB0, 0xFF, 0x7C, 0x8B, 0xFF, 0x94, 0xEE, 0xFF,
    0xDE, 0xD9, 0xFF, 0xEF, 0x5D, 0xFF, 0xEF, 0x3C, 0xFF, 0xE6, 0xFB, 0xFF, 0xD6, 0x79, 0xFF, 0xE6,
    0xFB, 0xFE, 0xFF, 0xFF, 0xF9, 0xBD, 0xB6, 0xA2, 0x31, 0x65, 0x2D, 0x00, 0x1F, 0x01, 0xFF, 0xFF,
    0x01, 0x00, 0x00, 0x01, 0x00, 0x00, 0x00, 0x00, 0x00, 0x00, 0x00, 0x00, 0x04, 0x00, 0x00, 0x21,
    0x00, 0x00, 0x21, 0x00, 0x00, 0x04, 0x00, 0x00, 0x00, 0x00, 0x00, 0x00, 0x00, 0x00, 0x00, 0x00,
    0x00, 0x00, 0x00, 0x00, 0x00, 0x00, 0x00, 0x00, 0x00, 0x00, 0x00, 0x00, 0x00, 0x00, 0x00, 0x00,
    0x00, 0x00, 0x00, 0x00, 0x00, 0x00, 0x03, 0x00, 0x00, 0x25, 0xBE, 0x92, 0xCB, 0xAE, 0x10, 0xFF,
    0xA5, 0x51, 0xFF, 0xE7, 0x1B, 0xFE, 0xEF, 0x5C, 0xFF, 0xCE, 0x58, 0xFF, 0xE7, 0x1C, 0xFF, 0xF7,
    0x9E, 0xFF, 0xFF, 0xBE, 0xFF, 0xFF, 0xFF, 0xFF, 0xD6, 0x99, 0xFF, 0x52, 0x6A, 0xFF, 0xB5, 0x76,
    0xFF, 0xF7, 0x7D, 0xFF, 0xEF, 0x3C, 0xFF, 0xE7, 0x1C, 0xFF, 0xEF, 0x3C, 0xFF, 0xEF, 0x3C, 0xFF,
    0xEF, 0x3C, 0xFF, 0xEF, 0x3C, 0xFF, 0xEF, 0x3C, 0xFF, 0xEF, 0x3C, 0xFF, 0xE7, 0x1C, 0xFF, 0xEF,
    0x3C, 0xFF, 0xEF, 0x3C, 0xFF, 0xEF, 0x3C, 0xFF, 0xEF, 0x3C, 0xFF, 0xEF, 0x3C, 0xFF, 0xEF, 0x5C,
    0xFF, 0xEF, 0x5D, 0xFF, 0xEF, 0x3C, 0xFF, 0xEF, 0x5D, 0xFF, 0xF7, 0x7D, 0xFF, 0xE6, 0xFB, 0xFF,
    0xA4, 0xF4, 0xFF, 0xBD, 0x97, 0xFF, 0xE6, 0xFB, 0xFF, 0xEF, 0x5D, 0xFF, 0xEF, 0x3C, 0xFF, 0xEF,
    0x3C, 0xFF, 0xEF, 0x3C, 0xFF, 0xEF, 0x3C, 0xFF, 0xEF, 0x3C, 0xFF, 0xEF, 0x3C, 0xFF, 0xEF, 0x3C,
    0xFF, 0xEF, 0x3C, 0xFF, 0xEF, 0x3C, 0xFF, 0xEF, 0x3C, 0xFF, 0xEF, 0x3C, 0xFF, 0xEF, 0x3C, 0xFF,
    0xEF, 0x3C, 0xFF, 0xEF, 0x3D, 0xFF, 0xEF, 0x1C, 0xFF, 0xFF, 0xBE, 0xFF, 0xE6, 0xDB, 0xFF, 0xAD,
    0x15, 0xFF, 0xBD, 0x97, 0xFF, 0xDE, 0xBB, 0xFF, 0xA4, 0xF4, 0xFF, 0x73, 0x0C, 0xFF, 0xC4, 0xB0,
    0xFF, 0xA4, 0x50, 0xFF, 0xDE, 0xFB, 0xFF, 0xF7, 0x7D, 0xFF, 0xEF, 0x3C, 0xFF, 0xEF, 0x3C, 0xFF,
    0xEF, 0x3C, 0xFF, 0xEF, 0x3C, 0xFF, 0xEF, 0x3D, 0xFF, 0xEF, 0x5D, 0xFF, 0xE6, 0xFB, 0xFF, 0xD6,
    0x7A, 0xFF, 0xEF, 0x3C, 0xFF, 0xEF, 0x3C, 0xFF, 0xEF, 0x3C, 0xFF, 0xEF, 0x3C, 0xFF, 0xEF, 0x3C,
    0xFF, 0xEF, 0x3C, 0xFF, 0xEF, 0x3C, 0xFF, 0xEF, 0x3C, 0xFF, 0xEF, 0x3C, 0xFF, 0xEF, 0x3C, 0xFF,
    0xEF, 0x3C, 0xFF, 0xEF, 0x3C, 0xFF, 0xEF, 0x3C, 0xFF, 0xEF, 0x3C, 0xFF, 0xEF, 0x3C, 0xFF, 0xEF,
    0x3C, 0xFF, 0xEF, 0x3C, 0xFF, 0xEF, 0x3C, 0xFF, 0xEF, 0x3C, 0xFF, 0xEF, 0x3D, 0xFF, 0xEF, 0x3D,
    0xFF, 0xEF, 0x3C, 0xFF, 0xF7, 0x7D, 0xFF, 0xEF, 0x3D, 0xFF, 0xC5, 0xF8, 0xFF, 0xC5, 0xF7, 0xFF,
    0xF7, 0x5D, 0xFF, 0xEF, 0x3C, 0xFF, 0xEF, 0x3C, 0xFF, 0xEF, 0x3C, 0xFF, 0xEF, 0x3C, 0xFF, 0xEF,
    0x3C, 0xFF, 0xEF, 0x3C, 0xFF, 0xF7, 0x7E, 0xFF, 0xF7, 0x9E, 0xFF, 0x9C, 0xB2, 0xFF, 0x39, 0xA7,
    0xFF, 0x9C, 0xB2, 0xFF, 0xD6, 0x79, 0xFF, 0xF7, 0x7D, 0xFF, 0xF7, 0x7D, 0xFF, 0xEF, 0x5D, 0xFF,
    0xF7, 0xBE, 0xFF, 0xB5, 0x76, 0xFF, 0x9C, 0xB2, 0xFF, 0xDE, 0x9A, 0xFF, 0xF7, 0x5D, 0xFF, 0xE6,
    0xFB, 0xFF, 0xEF, 0x1C, 0xFF, 0xEF, 0x3C, 0xFF, 0xEF, 0x3C, 0xFF, 0xEF, 0x3C, 0xFF, 0xEF, 0x3C,
    0xFF, 0xEF, 0x5D, 0xFF, 0xEF, 0x5D, 0xFF, 0xEF, 0x5D, 0xFF, 0xFF, 0xBE, 0xFF, 0xD6, 0x79, 0xFF,
    0xA5, 0x14, 0xFF, 0x73, 0x8E, 0xFF, 0x83, 0xAC, 0xFF, 0xFF, 0x7A, 0xFF, 0xEF, 0x18, 0xFF, 0xF7,
    0x38, 0xFF, 0xF7, 0x7A, 0xFF, 0x62, 0xEA, 0xFF, 0x00, 0x00, 0xFF, 0x00, 0x00, 0xFF, 0x08, 0x40,
    0xFF, 0x00, 0x00, 0xFF, 0x00, 0x00, 0xFF, 0x29, 0x44, 0xFF, 0x83, 0xCB, 0xFF, 0x7B, 0x49, 0xFF,
    0x72, 0xE7, 0xFF, 0xB4, 0xEE, 0xFF, 0x94, 0x0B, 0xFF, 0x62, 0xA8, 0xFF, 0xC5, 0xB3, 0xFF, 0x83,
    0xCB, 0xFF, 0xA4, 0xD1, 0xFF, 0xD6, 0x79, 0xFF, 0x62, 0xAA, 0xFF, 0x5A, 0x46, 0xFF, 0xBD, 0x50,
    0xFF, 0xB4, 0xAC, 0xFF, 0xBD, 0x0D, 0xFF, 0x8C, 0x0B, 0xFF, 0x10, 0xA1, 0xFF, 0x08, 0x60, 0xFF,
    0x10, 0xC1, 0xFF, 0x10, 0xA1, 0xFF, 0x10, 0xA1, 0xFF, 0x00, 0x00, 0xFF, 0x3A, 0x66, 0xFF, 0x95,
    0x6F, 0xFF, 0x95, 0x2E, 0xFF, 0x84, 0x8C, 0xFF, 0xC6, 0x35, 0xFF, 0xF7, 0x7D, 0xFF, 0xEF, 0x3C,
    0xFF, 0xEF, 0x3C, 0xFF, 0xDE, 0xBA, 0xFF, 0xDE, 0xBA, 0xFE, 0xF7, 0x9E, 0xFD, 0xE6, 0xFB, 0xD6,
    0x8C, 0x30, 0x53, 0x00, 0x00, 0x00, 0x00, 0x20, 0x00, 0x00, 0x00, 0x01, 0x00, 0x00, 0x00, 0x00,
    0x00, 0x00, 0x00, 0x00, 0x04, 0x00, 0x00, 0x21, 0x00, 0x00, 0x21, 0x00, 0x00, 0x04, 0x00, 0x00,
    0x00, 0x00, 0x00, 0x00, 0x00, 0x00, 0x00, 0x00, 0x00, 0x00, 0x00, 0x00, 0x00, 0x00, 0x00, 0x00,
    0x00, 0x00, 0x00, 0x00, 0x00, 0x00, 0x00, 0x00, 0x00, 0x00, 0x00, 0x00, 0x00, 0x00, 0x05, 0x10,
    0xE2, 0x36, 0xB6, 0x71, 0xD0, 0x95, 0x4E, 0xFF, 0xB5, 0xD4, 0xFF, 0xE7, 0x3B, 0xFF, 0xD6, 0x98,
    0xFF, 0xCE, 0x38, 0xFF, 0xEF, 0x3C, 0xFF, 0xFF, 0xDF, 0xFF, 0xFF, 0xFF, 0xFF, 0xE6, 0xFB, 0xFF,
    0xA4, 0xF3, 0xFF, 0x62, 0xEB, 0xFF, 0xDE, 0x7A, 0xFF, 0xF7, 0x7D, 0xFF, 0xEF, 0x1C, 0xFF, 0xEF,
    0x1C, 0xFF, 0xEF, 0x3C, 0xFF, 0xEF, 0x3C, 0xFF, 0xEF, 0x3C, 0xFF, 0xEF, 0x3C, 0xFF, 0xEF, 0x3C,
    0xFF, 0xEF, 0x1C, 0xFF, 0xEF, 0x1C, 0xFF, 0xEF, 0x3C, 0xFF, 0xEF, 0x3C, 0xFF, 0xEF, 0x3C, 0xFF,
    0xEF, 0x3C, 0xFF, 0xEF, 0x3C, 0xFF, 0xEF, 0x3D, 0xFF, 0xEF, 0x5D, 0xFF, 0xEF, 0x3C, 0xFF, 0xF7,
    0x7D, 0xFF, 0xF7, 0x7E, 0xFF, 0xCE, 0x18, 0xFF, 0x9C, 0x93, 0xFF, 0xCE, 0x19, 0xFF, 0xEF, 0x5D,
    0xFF, 0xEF, 0x5D, 0xFF, 0xEF, 0x3C, 0xFF, 0xEF, 0x3C, 0xFF, 0xEF, 0x3C, 0xFF, 0xEF, 0x3C, 0xFF,
    0xEF, 0x3C, 0xFF, 0xEF, 0x3C, 0xFF, 0xEF, 0x3C, 0xFF, 0xEF, 0x3C, 0xFF, 0xEF, 0x3C, 0xFF, 0xEF,
    0x3C, 0xFF, 0xEF, 0x3C, 0xFF, 0xEF, 0x3C, 0xFF, 0xEF, 0x3D, 0xFF, 0xEF, 0x3D, 0xFF, 0xEF, 0x5D,
    0xFF, 0xFF, 0xDF, 0xFF, 0xC5, 0xF8, 0xFF, 0xA4, 0xF4, 0xFF, 0xDE, 0x9A, 0xFF, 0xD6, 0x9A, 0xFF,
    0x94, 0x72, 0xFF, 0x7B, 0x4C, 0xFF, 0xDD, 0x93, 0xFF, 0x9B, 0xEF, 0xFF, 0xD6, 0x79, 0xFF, 0xF7,
    0x7D, 0xFF, 0xEF, 0x3C, 0xFF, 0xEF, 0x1C, 0xFF, 0xEF, 0x3C, 0xFF, 0xEF, 0x3C, 0xFF, 0xEF, 0x5D,
    0xFF, 0xEF, 0x5D, 0xFF, 0xE6, 0xFC, 0xFF, 0xD6, 0x79, 0xFF, 0xEF, 0x1C, 0xFF, 0xEF, 0x5D, 0xFF,
    0xEF, 0x3C, 0xFF, 0xEF, 0x3C, 0xFF, 0xEF, 0x3C, 0xFF, 0xEF, 0x3C, 0xFF, 0xEF, 0x3C, 0xFF, 0xEF,
    0x3C, 0xFF, 0xEF, 0x3C, 0xFF, 0xEF, 0x3C, 0xFF, 0xEF, 0x3C, 0xFF, 0xEF, 0x3C, 0xFF, 0xEF, 0x3C,
    0xFF, 0xEF, 0x3C, 0xFF, 0xEF, 0x3C, 0xFF, 0xEF, 0x3C, 0xFF, 0xEF, 0x3C, 0xFF, 0xEF, 0x3C, 0xFF,
    0xEF, 0x3C, 0xFF, 0xEF, 0x3C, 0xFF, 0xEF, 0x3C, 0xFF, 0xEF, 0x3C, 0xFF, 0xF7, 0x5D, 0xFF, 0xEF,
    0x5D, 0xFF, 0xC6, 0x18, 0xFF, 0xBD, 0xB7, 0xFF, 0xEF, 0x5D, 0xFF, 0xEF, 0x3D, 0xFF, 0xEF, 0x3C,
    0xFF, 0xEF, 0x3C, 0xFF, 0xEF, 0x3C, 0xFF, 0xEF, 0x3C, 0xFF, 0xEF, 0x3C, 0xFF, 0xF7, 0x9E, 0xFF,
    0xF7, 0x7D, 0xFF, 0xAD, 0x34, 0xFF, 0x6A, 0xEB, 0xFF, 0x7B, 0xAE, 0xFF, 0xC5, 0xD7, 0xFF, 0xE6,
    0xFB, 0xFF, 0xF7, 0x5D, 0xFF, 0xEF, 0x3C, 0xFF, 0xF7, 0x7E, 0xFF, 0xD6, 0x9A, 0xFF, 0x94, 0x51,
    0xFF, 0xB5, 0x75, 0xFF, 0xF7, 0x7D, 0xFF, 0xE7, 0x1C, 0xFF, 0xEF, 0x1C, 0xFF, 0xEF, 0x3C, 0xFF,
    0xEF, 0x3C, 0xFF, 0xEF, 0x3C, 0xFF, 0xEF, 0x5D, 0xFF, 0xEF, 0x5D, 0xFF, 0xEF, 0x5D, 0xFF, 0xEF,
    0x5D, 0xFF, 0xF7, 0x9E, 0xFF, 0xEF, 0x3C, 0xFF, 0xA4, 0xF4, 0xFF, 0x5A, 0xAB, 0xFF, 0x94, 0x4E,
    0xFF, 0xFF, 0xFA, 0xFF, 0xF7, 0x38, 0xFF, 0xF7, 0x59, 0xFF, 0xDE, 0xB7, 0xFF, 0x31, 0x85, 0xFF,
    0x00, 0x00, 0xFF, 0x10, 0x81, 0xFF, 0x10, 0x60, 0xFF, 0x4A, 0x26, 0xFF, 0x73, 0x8B, 0xFF, 0x39,
    0xC5, 0xFF, 0x62, 0xC8, 0xFF, 0xBD, 0xB1, 0xFF, 0x5A, 0x87, 0xFF, 0x5A, 0x46, 0xFF, 0xA4, 0xAD,
    0xFF, 0xAC, 0xCD, 0xFF, 0xC5, 0xB1, 0xFF, 0x6B, 0x29, 0xFF, 0x41, 0xE6, 0xFF, 0xDE, 0xDA, 0xFF,
    0xC5, 0xD7, 0xFF, 0x31, 0x44, 0xFF, 0x7B, 0x29, 0xFF, 0xC5, 0x4F, 0xFF, 0xB4, 0x8B, 0xFF, 0xB5,
    0x0D, 0xFF, 0x73, 0x49, 0xFF, 0x08, 0x60, 0xFF, 0x10, 0xC1, 0xFF, 0x19, 0x02, 0xFF, 0x19, 0x22,
    0xFF, 0x08, 0x80, 0xFF, 0x08, 0xA1, 0xFF, 0x6B, 0xEB, 0xFF, 0xA5, 0xF0, 0xFF, 0x84, 0xAC, 0xFF,
    0xAD, 0x72, 0xFF, 0xEF, 0x7C, 0xFF, 0xEF, 0x3D, 0xFF, 0xEF, 0x3C, 0xFF, 0xEF, 0x1C, 0xFF, 0xDE,
    0xBA, 0xFE, 0xE6, 0xFB, 0xFE, 0xFF, 0xDE, 0xF4, 0xB5, 0x96, 0x83, 0x00, 0x00, 0x16, 0x00, 0x00,
    0x00, 0x00, 0x00, 0x01, 0x00, 0x00, 0x01, 0x00, 0x00, 0x00, 0x00, 0x00, 0x04, 0x00, 0x00, 0x21,
    0x00, 0x00, 0x21, 0x00, 0x00, 0x04, 0x00, 0x00, 0x00, 0x00, 0x00, 0x00, 0x00, 0x00, 0x00, 0x00,
    0x00, 0x00, 0x00, 0x00, 0x00, 0x00, 0x00, 0x00, 0x00, 0x00, 0x00, 0x00, 0x00, 0x00, 0x00, 0x00,
    0x00, 0x00, 0x00, 0x00, 0x10, 0x02, 0x0B, 0x42, 0xA6, 0x53, 0x9D, 0xAE, 0xD9, 0x8C, 0xEE, 0xFF,
    0xC6, 0x37, 0xFF, 0xDE, 0xDA, 0xFF, 0xC6, 0x17, 0xFF, 0xD6, 0x99, 0xFF, 0xFF, 0xBE, 0xFF, 0xFF,
    0xFF, 0xFF, 0xE7, 0x1C, 0xFF, 0xC5, 0xD7, 0xFF, 0x9C, 0xD3, 0xFF, 0x7B, 0xAF, 0xFF, 0xEF, 0x1C,
    0xFF, 0xF7, 0x7D, 0xFF, 0xE7, 0x1C, 0xFF, 0xEF, 0x1C, 0xFF, 0xEF, 0x3C, 0xFF, 0xEF, 0x3C, 0xFF,
    0xEF, 0x3C, 0xFF, 0xEF, 0x3C, 0xFF, 0xEF, 0x3C, 0xFF, 0xEF, 0x1C, 0xFF, 0xEF, 0x1C, 0xFF, 0xEF,
    0x3C, 0xFF, 0xEF, 0x3C, 0xFF, 0xEF, 0x3C, 0xFF, 0xEF, 0x3C, 0xFF, 0xEF, 0x5D, 0xFF, 0xEF, 0x5D,
    0xFF, 0xEF, 0x5D, 0xFF, 0xEF, 0x3C, 0xFF, 0xF7, 0x9E, 0xFF, 0xEF, 0x3C, 0xFF, 0xAD, 0x15, 0xFF,
    0xA4, 0xD4, 0xFF, 0xDE, 0xDB, 0xFF, 0xF7, 0x5D, 0xFF, 0xEF, 0x3C, 0xFF, 0xEF, 0x3C, 0xFF, 0xEF,
    0x3C, 0xFF, 0xEF, 0x3C, 0xFF, 0xEF, 0x3C, 0xFF, 0xEF, 0x3C, 0xFF, 0xEF, 0x3C, 0xFF, 0xEF, 0x3C,
    0xFF, 0xEF, 0x3C, 0xFF, 0xEF, 0x3C, 0xFF, 0xEF, 0x3C, 0xFF, 0xEF, 0x3C, 0xFF, 0xEF, 0x3C, 0xFF,
    0xEF, 0x5D, 0xFF, 0xEF, 0x3C, 0xFF, 0xFF, 0xBE, 0xFF, 0xEF, 0x5D, 0xFF, 0xAD, 0x35, 0xFF, 0xB5,
    0x96, 0xFF, 0xF7, 0x7D, 0xFF, 0xCE, 0x59, 0xFF, 0x8C, 0x10, 0xFF, 0x93, 0xAE, 0xFF, 0xEE, 0x36,
    0xFF, 0x93, 0xCE, 0xFF, 0xC5, 0xD7, 0xFF, 0xEF, 0x5D, 0xFF, 0xEF, 0x3C, 0xFF, 0xEF, 0x1C, 0xFF,
    0xEF, 0x3C, 0xFF, 0xEF, 0x3C, 0xFF, 0xEF, 0x3C, 0xFF, 0xF7, 0x5D, 0xFF, 0xE7, 0x1C, 0xFF, 0xD6,
    0x59, 0xFF, 0xE6, 0xFB, 0xFF, 0xEF, 0x5D, 0xFF, 0xEF, 0x3C, 0xFF, 0xEF, 0x3C, 0xFF, 0xEF, 0x3C,
    0xFF, 0xEF, 0x3C, 0xFF, 0xEF, 0x3C, 0xFF, 0xEF, 0x3C, 0xFF, 0xEF, 0x3C, 0xFF, 0xEF, 0x3C, 0xFF,
    0xEF, 0x3C, 0xFF, 0xEF, 0x3C, 0xFF, 0xEF, 0x3C, 0xFF, 0xEF, 0x3C, 0xFF, 0xEF, 0x3C, 0xFF, 0xEF,
    0x3C, 0xFF, 0xEF, 0x3C, 0xFF, 0xEF, 0x3C, 0xFF, 0xEF, 0x3C, 0xFF, 0xEF, 0x3C, 0xFF, 0xEF, 0x3C,
    0xFF, 0xEF, 0x3C, 0xFF, 0xF7, 0x5D, 0xFF, 0xF7, 0x5D, 0xFF, 0xCE, 0x18, 0xFF, 0xB5, 0x76, 0xFF,
    0xEF, 0x3C, 0xFF, 0xEF, 0x3C, 0xFF, 0xEF, 0x3C, 0xFF, 0xEF, 0x3C, 0xFF, 0xEF, 0x3C, 0xFF, 0xEF,
    0x3D, 0xFF, 0xEF, 0x3C, 0xFF, 0xFF, 0xBE, 0xFF, 0xEF, 0x5D, 0xFF, 0xB5, 0x75, 0xFF, 0x9C, 0x2F,
    0xFF, 0x83, 0x4D, 0xFF, 0x9C, 0xB3, 0xFF, 0xD6, 0x9A, 0xFF, 0xEF, 0x3C, 0xFF, 0xEF, 0x3C, 0xFF,
    0xEF, 0x3C, 0xFF, 0xF7, 0x5D, 0xFF, 0xA4, 0xF3, 0xFF, 0x94, 0x51, 0xFF, 0xDE, 0xBA, 0xFF, 0xF7,
    0x5D, 0xFF, 0xEF, 0x1C, 0xFF, 0xEF, 0x3C, 0xFF, 0xEF, 0x3C, 0xFF, 0xEF, 0x5D, 0xFF, 0xEF, 0x5D,
    0xFF, 0xEF, 0x5D, 0xFF, 0xEF, 0x5D, 0xFF, 0xEF, 0x5D, 0xFF, 0xF7, 0x5D, 0xFF, 0xF7, 0x9D, 0xFF,
    0xAD, 0x55, 0xFF, 0x4A, 0x49, 0xFF, 0x83, 0xAB, 0xFF, 0xEE, 0xF6, 0xFF, 0xEE, 0xF7, 0xFF, 0xF7,
    0x38, 0xFF, 0xCE, 0x35, 0xFF, 0x29, 0x44, 0xFF, 0x08, 0x40, 0xFF, 0x00, 0x20, 0xFF, 0x31, 0x84,
    0xFF, 0xB5, 0x50, 0xFF, 0xF7, 0x99, 0xFF, 0xA4, 0xCF, 0xFF, 0x5A, 0x87, 0xFF, 0xD6, 0x53, 0xFF,
    0xB5, 0x50, 0xFF, 0x18, 0xC1, 0xFF, 0x52, 0x87, 0xFF, 0xD6, 0x52, 0xFF, 0xC5, 0x6F, 0xFF, 0x41,
    0xC4, 0xFF, 0x10, 0x20, 0xFF, 0xAD, 0x34, 0xFF, 0xFF, 0xFF, 0xFF, 0x7B, 0xAE, 0xFF, 0x28, 0xC2,
    0xFF, 0x9C, 0x0B, 0xFF, 0xC5, 0x0D, 0xFF, 0xB4, 0xAC, 0xFF, 0xB5, 0x0D, 0xFF, 0x5A, 0xA7, 0xFF,
    0x10, 0xA1, 0xFF, 0x21, 0x42, 0xFF, 0x29, 0x82, 0xFF, 0x29, 0x62, 0xFF, 0x00, 0x60, 0xFF, 0x31,
    0xE5, 0xFF, 0x95, 0x4E, 0xFF, 0x95, 0x6E, 0xFF, 0x94, 0xEF, 0xFF, 0xE7, 0x1B, 0xFF, 0xEF, 0x7D,
    0xFF, 0xEF, 0x3C, 0xFF, 0xEF, 0x3C, 0xFF, 0xE6, 0xDB, 0xFF, 0xD6, 0x99, 0xFD, 0xFF, 0xDE, 0xFD,
    0xCE, 0x59, 0xB8, 0x4A, 0x49, 0x3F, 0x00, 0x00, 0x00, 0xFF, 0xFF, 0x01, 0x00, 0x00, 0x01, 0x00,
    0x00, 0x00, 0x00, 0x00, 0x04, 0x00, 0x00, 0x21, 0x00, 0x00, 0x21, 0x00, 0x00, 0x04, 0x00, 0x00,
    0x00, 0x00, 0x00, 0x00, 0x00, 0x00, 0x00, 0x00, 0x00, 0x00, 0x00, 0x00, 0x00, 0x00, 0x00, 0x00,
    0x00, 0x00, 0x00, 0x00, 0x00, 0x00, 0x00, 0x00, 0x00, 0x00, 0x00, 0x00, 0x08, 0xE1, 0x10, 0x63,
    0xC9, 0x71, 0x7C, 0x6A, 0xE2, 0x8C, 0xAE, 0xFF, 0xC6, 0x37, 0xFF, 0xD6, 0x59, 0xFF, 0xC5, 0xD7,
    0xFF, 0xE7, 0x1B, 0xFF, 0xFF, 0xFF, 0xFF, 0xE7, 0x3C, 0xFF, 0xC5, 0xF8, 0xFF, 0xC5, 0xF8, 0xFF,
    0x6B, 0x2D, 0xFF, 0x83, 0xF0, 0xFF, 0xF7, 0x7E, 0xFF, 0xF7, 0x5D, 0xFF, 0xE7, 0x1C, 0xFF, 0xEF,
    0x3C, 0xFF, 0xEF, 0x3C, 0xFF, 0xEF, 0x3C, 0xFF, 0xEF, 0x3C, 0xFF, 0xEF, 0x3C, 0xFF, 0xEF, 0x3C,
    0xFF, 0xE7, 0x1C, 0xFF, 0xEF, 0x3C, 0xFF, 0xEF, 0x3C, 0xFF, 0xEF, 0x3C, 0xFF, 0xEF, 0x3C, 0xFF,
    0xEF, 0x3C, 0xFF, 0xEF, 0x5D, 0xFF, 0xEF, 0x5D, 0xFF, 0xEF, 0x3C, 0xFF, 0xEF, 0x5D, 0xFF, 0xFF,
    0x9E, 0xFF, 0xD6, 0x59, 0xFF, 0x94, 0x72, 0xFF, 0xBD, 0xB7, 0xFF, 0xF7, 0x5D, 0xFF, 0xEF, 0x3C,
    0xFF, 0xEF, 0x3C, 0xFF, 0xEF, 0x3C, 0xFF, 0xEF, 0x3C, 0xFF, 0xEF, 0x3C, 0xFF, 0xEF, 0x3C, 0xFF,
    0xEF, 0x3C, 0xFF, 0xEF, 0x3C, 0xFF, 0xEF, 0x3C, 0xFF, 0xEF, 0x3C, 0xFF, 0xEF, 0x3C, 0xFF, 0xEF,
    0x3C, 0xFF, 0xEF, 0x3C, 0xFF, 0xEF, 0x3C, 0xFF, 0xEF, 0x5C, 0xFF, 0xEF, 0x3C, 0xFF, 0xFF, 0xFF,
    0xFF, 0xCE, 0x38, 0xFF, 0xA4, 0xF4, 0xFF, 0xDE, 0xDB, 0xFF, 0xFF, 0xDE, 0xFF, 0xC5, 0xF8, 0xFF,
    0x83, 0x8E, 0xFF, 0xAC, 0x2F, 0xFF, 0xF6, 0x98, 0xFF, 0x93, 0xCE, 0xFF, 0xAD, 0x34, 0xFF, 0xEF,
    0x5D, 0xFF, 0xEF, 0x5D, 0xFF, 0xEF, 0x1C, 0xFF, 0xEF, 0x3C, 0xFF, 0xEF, 0x3C, 0xFF, 0xEF, 0x3C,
    0xFF, 0xF7, 0x7D, 0xFF, 0xEF, 0x3C, 0xFF, 0xD6, 0x59, 0xFF, 0xDE, 0xBA, 0xFF, 0xF7, 0x5D, 0xFF,
    0xEF, 0x3C, 0xFF, 0xEF, 0x3C, 0xFF, 0xEF, 0x3C, 0xFF, 0xEF, 0x3C, 0xFF, 0xEF, 0x3C, 0xFF, 0xEF,
    0x3C, 0xFF, 0xEF, 0x3C, 0xFF, 0xEF, 0x3C, 0xFF, 0xEF, 0x3C, 0xFF, 0xEF, 0x3C, 0xFF, 0xEF, 0x3C,
    0xFF, 0xEF, 0x3C, 0xFF, 0xEF, 0x3C, 0xFF, 0xEF, 0x3C, 0xFF, 0xEF, 0x3C, 0xFF, 0xEF, 0x3C, 0xFF,
    0xEF, 0x3C, 0xFF, 0xEF, 0x3C, 0xFF, 0xEF, 0x3C, 0xFF, 0xEF, 0x3C, 0xFF, 0xF7, 0x5D, 0xFF, 0xF7,
    0x5D, 0xFF, 0xCE, 0x39, 0xFF, 0xB5, 0x55, 0xFF, 0xEF, 0x3C, 0xFF, 0xEF, 0x3C, 0xFF, 0xEF, 0x3C,
    0xFF, 0xEF, 0x3C, 0xFF, 0xEF, 0x3C, 0xFF, 0xEF, 0x5D, 0xFF, 0xEF, 0x3C, 0xFF, 0xFF, 0xBE, 0xFF,
    0xEF, 0x5D, 0xFF, 0xB5, 0x55, 0xFF, 0xB4, 0x90, 0xFF, 0xAC, 0x4F, 0xFF, 0x7B, 0x6D, 0xFF, 0xC6,
    0x18, 0xFF, 0xE6, 0xDB, 0xFF, 0xEF, 0x3C, 0xFF, 0xE7, 0x1C, 0xFF, 0xF7, 0x7D, 0xFF, 0xC5, 0xF7,
    0xFF, 0x83, 0xF0, 0xFF, 0xAD, 0x55, 0xFF, 0xEF, 0x5D, 0xFF, 0xF7, 0x5D, 0xFF, 0xEF, 0x3C, 0xFF,
    0xEF, 0x5D, 0xFF, 0xEF, 0x5D, 0xFF, 0xEF, 0x5D, 0xFF, 0xEF, 0x5D, 0xFF, 0xEF, 0x5D, 0xFF, 0xEF,
    0x5D, 0xFF, 0xEF, 0x3C, 0xFF, 0xF7, 0x9D, 0xFF, 0xBD, 0xF7, 0xFF, 0x52, 0x8B, 0xFF, 0x62, 0x88,
    0xFF, 0xC5, 0x4E, 0xFF, 0xB5, 0x0E, 0xFF, 0xB5, 0x2F, 0xFF, 0xB5, 0x70, 0xFF, 0x31, 0x84, 0xFF,
    0x08, 0x61, 0xFF, 0x00, 0x00, 0xFF, 0x41, 0xE5, 0xFF, 0xD6, 0x53, 0xFF, 0xFF, 0xFB, 0xFF, 0xCD,
    0xD2, 0xFF, 0x94, 0x0B, 0xFF, 0xE6, 0xB4, 0xFF, 0xEF, 0x15, 0xFF, 0x29, 0x43, 0xFF, 0x10, 0xA1,
    0xFF, 0x9C, 0x8C, 0xFF, 0xDE, 0x72, 0xFF, 0x62, 0xA7, 0xFF, 0x08, 0x00, 0xFF, 0x83, 0xCE, 0xFF,
    0xFF, 0xFF, 0xFF, 0xE6, 0xFB, 0xFF, 0x4A, 0x08, 0xFF, 0x31, 0x02, 0xFF, 0xA4, 0x4C, 0xFF, 0xBC,
    0xED, 0xFF, 0xB4, 0xAC, 0xFF, 0xB4, 0xCD, 0xFF, 0x52, 0x66, 0xFF, 0x10, 0xE1, 0xFF, 0x29, 0x82,
    0xFF, 0x31, 0xE3, 0xFF, 0x21, 0x41, 0xFF, 0x10, 0xE1, 0xFF, 0x5B, 0x68, 0xFF, 0x9D, 0xAF, 0xFF,
    0x8C, 0xCD, 0xFF, 0xCE, 0x57, 0xFF, 0xF7, 0x7D, 0xFF, 0xEF, 0x3C, 0xFF, 0xEF, 0x3C, 0xFF, 0xE7,
    0x1C, 0xFF, 0xDE, 0x9A, 0xFD, 0xEF, 0x3C, 0xFD, 0xEF, 0x3C, 0xE4, 0xA5, 0x14, 0x6A, 0x00, 0x00,
    0x05, 0xFF, 0xFF, 0x01, 0x00, 0x00, 0x01, 0x00, 0x00, 0x00, 0x00, 0x00, 0x04, 0x00, 0x00, 0x21,
    0x00, 0x00, 0x21, 0x00, 0x00, 0x04, 0x00, 0x00, 0x00, 0x00, 0x00, 0x00, 0x00, 0x00, 0x00, 0x00,
    0x00, 0x00, 0x00, 0x00, 0x00, 0x00, 0x00, 0x00, 0x00, 0x00, 0x00, 0x00, 0x00, 0x00, 0x00, 0x00,
    0x00, 0x00, 0x00, 0x00, 0x19, 0x03, 0x1D, 0x8D, 0x0E, 0xA2, 0x63, 0xA8, 0xF3, 0x84, 0x6D, 0xFF,
    0xC6, 0x16, 0xFF, 0xC5, 0xF7, 0xFF, 0xC6, 0x18, 0xFF, 0xEF, 0x7D, 0xFF, 0xEF, 0x5D, 0xFF, 0xC5,
    0xF7, 0xFF, 0xC5, 0xF8, 0xFF, 0x94, 0xB3, 0xFF, 0x21, 0x05, 0xFF, 0x9C, 0xB2, 0xFF, 0xFF, 0xBE,
    0xFF, 0xF7, 0x5D, 0xFF, 0xEF, 0x1C, 0xFF, 0xEF, 0x3C, 0xFF, 0xEF, 0x3C, 0xFF, 0xEF, 0x3C, 0xFF,
    0xEF, 0x3C, 0xFF, 0xEF, 0x3C, 0xFF, 0xEF, 0x3C, 0xFF, 0xE7, 0x1C, 0xFF, 0xEF, 0x3C, 0xFF, 0xEF,
    0x5C, 0xFF, 0xEF, 0x3C, 0xFF, 0xEF, 0x5C, 0xFF, 0xEF, 0x5D, 0xFF, 0xEF, 0x5D, 0xFF, 0xEF, 0x5D,
    0xFF, 0xEF, 0x3C, 0xFF, 0xF7, 0x9E, 0xFF, 0xEF, 0x5D, 0xFF, 0xAD, 0x35, 0xFF, 0x94, 0x73, 0xFF,
    0xDE, 0xBB, 0xFF, 0xF7, 0x5D, 0xFF, 0xEF, 0x3C, 0xFF, 0xEF, 0x3C, 0xFF, 0xEF, 0x3C, 0xFF, 0xEF,
    0x3C, 0xFF, 0xEF, 0x3C, 0xFF, 0xEF, 0x3C, 0xFF, 0xEF, 0x3C, 0xFF, 0xEF, 0x3C, 0xFF, 0xEF, 0x3C,
    0xFF, 0xEF, 0x3C, 0xFF, 0xEF, 0x3C, 0xFF, 0xEF, 0x3C, 0xFF, 0xEF, 0x3C, 0xFF, 0xEF, 0x5D, 0xFF,
    0xEF, 0x3C, 0xFF, 0xF7, 0x9E, 0xFF, 0xF7, 0x9D, 0xFF, 0xA5, 0x14, 0xFF, 0xB5, 0x96, 0xFF, 0xFF,
    0xDF, 0xFF, 0xF7, 0xBE, 0xFF, 0xB5, 0xB6, 0xFF, 0x73, 0x0C, 0xFF, 0xC4, 0xB1, 0xFF, 0xFF, 0x3A,
    0xFF, 0xA4, 0x50, 0xFF, 0x94, 0x72, 0xFF, 0xEF, 0x1C, 0xFF, 0xF7, 0x5D, 0xFF, 0xEF, 0x1C, 0xFF,
    0xEF, 0x5D, 0xFF, 0xEF, 0x5D, 0xFF, 0xEF, 0x5D, 0xFF, 0xF7, 0x7D, 0xFF, 0xEF, 0x5D, 0xFF, 0xD6,
    0x7A, 0xFF, 0xD6, 0x79, 0xFF, 0xF7, 0x5D, 0xFF, 0xEF, 0x3C, 0xFF, 0xEF, 0x3C, 0xFF, 0xEF, 0x3C,
    0xFF, 0xEF, 0x3C, 0xFF, 0xEF, 0x3C, 0xFF, 0xEF, 0x3C, 0xFF, 0xEF, 0x3C, 0xFF, 0xEF, 0x3C, 0xFF,
    0xEF, 0x3C, 0xFF, 0xEF, 0x3C, 0xFF, 0xEF, 0x3C, 0xFF, 0xEF, 0x3C, 0xFF, 0xEF, 0x3C, 0xFF, 0xEF,
    0x3C, 0xFF, 0xEF, 0x3C, 0xFF, 0xEF, 0x3C, 0xFF, 0xEF, 0x3C, 0xFF, 0xEF, 0x3C, 0xFF, 0xEF, 0x3C,
    0xFF, 0xEF, 0x3C, 0xFF, 0xEF, 0x5D, 0xFF, 0xF7, 0x5D, 0xFF, 0xD6, 0x59, 0xFF, 0xAD, 0x35, 0xFF,
    0xEF, 0x1C, 0xFF, 0xEF, 0x5D, 0xFF, 0xEF, 0x3C, 0xFF, 0xEF, 0x3C, 0xFF, 0xEF, 0x5C, 0xFF, 0xEF,
    0x5D, 0xFF, 0xEF, 0x5C, 0xFF, 0xFF, 0xBE, 0xFF, 0xEF, 0x5D, 0xFF, 0xAD, 0x14, 0xFF, 0xBC, 0xD1,
    0xFF, 0xEE, 0x56, 0xFF, 0x7A, 0xEB, 0xFF, 0xA4, 0xD3, 0xFF, 0xCE, 0x38, 0xFF, 0xEF, 0x1C, 0xFF,
    0xEF, 0x3C, 0xFF, 0xF7, 0x7D, 0xFF, 0xEF, 0x3C, 0xFF, 0xA4, 0xD3, 0xFF, 0x8C, 0x31, 0xFF, 0xD6,
    0x9A, 0xFF, 0xF7, 0x5D, 0xFF, 0xF7, 0x5D, 0xFF, 0xEF, 0x5D, 0xFF, 0xEF, 0x5D, 0xFF, 0xEF, 0x5D,
    0xFF, 0xEF, 0x5D, 0xFF, 0xEF, 0x5D, 0xFF, 0xEF, 0x5D, 0xFF, 0xEF, 0x3C, 0xFF, 0xF7, 0x7D, 0xFF,
    0xD6, 0xBA, 0xFF, 0x6B, 0x6E, 0xFF, 0x4A, 0x07, 0xFF, 0xAC, 0xAB, 0xFF, 0xA4, 0x49, 0xFF, 0x93,
    0xC8, 0xFF, 0xAC, 0xCC, 0xFF, 0x52, 0x66, 0xFF, 0x08, 0x60, 0xFF, 0x10, 0x61, 0xFF, 0x10, 0x81,
    0xFF, 0x7B, 0xAB, 0xFF, 0xE7, 0x15, 0xFF, 0xE6, 0x93, 0xFF, 0xE6, 0x72, 0xFF, 0xFF, 0xB6, 0xFF,
    0xAD, 0x0E, 0xFF, 0x20, 0xE2, 0xFF, 0x18, 0xE1, 0xFF, 0x31, 0xA3, 0xFF, 0x73, 0xAA, 0xFF, 0x4A,
    0x46, 0xFF, 0x21, 0x01, 0xFF, 0x73, 0x4A, 0xFF, 0xDE, 0xDA, 0xFF, 0xFF, 0xFF, 0xFF, 0xB5, 0x55,
    0xFF, 0x29, 0x04, 0xFF, 0x49, 0xC5, 0xFF, 0xA4, 0x4B, 0xFF, 0xB4, 0xCC, 0xFF, 0xB4, 0xCC, 0xFF,
    0xAC, 0xCD, 0xFF, 0x42, 0x25, 0xFF, 0x21, 0x22, 0xFF, 0x32, 0x04, 0xFF, 0x3A, 0x64, 0xFF, 0x19,
    0x21, 0xFF, 0x29, 0xC3, 0xFF, 0x7C, 0x8B, 0xFF, 0x9D, 0x4E, 0xFF, 0xAD, 0x92, 0xFF, 0xF7, 0x5D,
    0xFF, 0xEF, 0x3C, 0xFF, 0xEF, 0x3C, 0xFF, 0xEF, 0x1C, 0xFF, 0xE6, 0xDB, 0xFE, 0xDE, 0xBA, 0xFE,
    0xF7, 0xBE, 0xFB, 0xCE, 0x38, 0x97, 0x08, 0x41, 0x1F, 0xFF, 0xFF, 0x02, 0x7B, 0xEF, 0x02, 0x00,
    0x00, 0x00, 0x00, 0x00, 0x04, 0x00, 0x00, 0x21, 0x00, 0x00, 0x21, 0x00, 0x00, 0x04, 0x00, 0x00,
    0x00, 0x00, 0x00, 0x00, 0x00, 0x00, 0x00, 0x00, 0x00, 0x00, 0x00, 0x00, 0x00, 0x00, 0x00, 0x00,
    0x00, 0x00, 0x00, 0x00, 0x00, 0x00, 0x00, 0x00, 0x00, 0x00, 0x00, 0x00, 0x19, 0x23, 0x28, 0xAD,
    0xF2, 0xC6, 0x6B, 0xEA, 0xFF, 0x84, 0x6D, 0xFF, 0xBD, 0xD6, 0xFE, 0xBD, 0xB6, 0xFF, 0xCE, 0x59,
    0xFF, 0xDE, 0xFB, 0xFF, 0xBD, 0xD7, 0xFF, 0xB5, 0x76, 0xFF, 0xAD, 0x55, 0xFF, 0x62, 0xEC, 0xFF,
    0x4A, 0x49, 0xFF, 0xBD, 0xF7, 0xFF, 0xFF, 0xDE, 0xFF, 0xF7, 0x7D, 0xFF, 0xEF, 0x3C, 0xFF, 0xEF,
    0x3C, 0xFF, 0xEF, 0x3C, 0xFF, 0xEF, 0x3C, 0xFF, 0xEF, 0x3C, 0xFF, 0xEF, 0x3C, 0xFF, 0xEF, 0x3C,
    0xFF, 0xE7, 0x1C, 0xFF, 0xEF, 0x3C, 0xFF, 0xEF, 0x3C, 0xFF, 0xEF, 0x3C, 0xFF, 0xEF, 0x5D, 0xFF,
    0xEF, 0x5D, 0xFF, 0xEF, 0x5D, 0xFF, 0xEF, 0x3D, 0xFF, 0xEF, 0x5D, 0xFF, 0xFF, 0xBE, 0xFF, 0xD6,
    0x7A, 0xFF, 0x94, 0x52, 0xFF, 0xAD, 0x35, 0xFF, 0xF7, 0x5D, 0xFF, 0xEF, 0x3C, 0xFF, 0xEF, 0x3C,
    0xFF, 0xEF, 0x3C, 0xFF, 0xEF, 0x3C, 0xFF, 0xEF, 0x3C, 0xFF, 0xEF, 0x3C, 0xFF, 0xEF, 0x3C, 0xFF,
    0xEF, 0x3C, 0xFF, 0xEF, 0x3C, 0xFF, 0xEF, 0x3C, 0xFF, 0xEF, 0x3C, 0xFF, 0xEF, 0x3C, 0xFF, 0xEF,
    0x3C, 0xFF, 0xEF, 0x3C, 0xFF, 0xEF, 0x5D, 0xFF, 0xEF, 0x1C, 0xFF, 0xFF, 0xFF, 0xFF, 0xC6, 0x18,
    0xFF, 0x9C, 0xD3, 0xFF, 0xDE, 0xDB, 0xFF, 0xFF, 0xFF, 0xFF, 0xF7, 0x7D, 0xFF, 0xAD, 0x34, 0xFF,
    0x72, 0xAB, 0xFF, 0xDD, 0x73, 0xFF, 0xFF, 0xBC, 0xFF, 0xBD, 0x74, 0xFF, 0x83, 0xCF, 0xFF, 0xDE,
    0xDB, 0xFF, 0xF7, 0x7D, 0xFF, 0xEF, 0x3C, 0xFF, 0xEF, 0x5D, 0xFF, 0xEF, 0x5D, 0xFF, 0xEF, 0x5D,
    0xFF, 0xF7, 0x7D, 0xFF, 0xF7, 0x7D, 0xFF, 0xDE, 0x9A, 0xFF, 0xCE, 0x39, 0xFF, 0xEF, 0x5D, 0xFF,
    0xEF, 0x3C, 0xFF, 0xEF, 0x3C, 0xFF, 0xEF, 0x3C, 0xFF, 0xEF, 0x3C, 0xFF, 0xEF, 0x3C, 0xFF, 0xEF,
    0x3C, 0xFF, 0xEF, 0x3C, 0xFF, 0xEF, 0x3C, 0xFF, 0xEF, 0x3C, 0xFF, 0xEF, 0x3C, 0xFF, 0xEF, 0x3C,
    0xFF, 0xEF, 0x3C, 0xFF, 0xEF, 0x3C, 0xFF, 0xEF, 0x3C, 0xFF, 0xEF, 0x3C, 0xFF, 0xEF, 0x3C, 0xFF,
    0xEF, 0x3C, 0xFF, 0xEF, 0x3D, 0xFF, 0xEF, 0x3D, 0xFF, 0xEF, 0x3C, 0xFF, 0xEF, 0x5D, 0xFF, 0xF7,
    0x7D, 0xFF, 0xD6, 0x59, 0xFF, 0xAD, 0x15, 0xFF, 0xE6, 0xFB, 0xFF, 0xEF, 0x5D, 0xFF, 0xEF, 0x3C,
    0xFF, 0xEF, 0x3C, 0xFF, 0xEF, 0x5C, 0xFF, 0xEF, 0x5D, 0xFF, 0xEF, 0x5C, 0xFF, 0xFF, 0xDF, 0xFF,
    0xEF, 0x5D, 0xFF, 0xA4, 0xF3, 0xFF, 0xB4, 0xF2, 0xFF, 0xEE, 0xB7, 0xFF, 0x83, 0x2C, 0xFF, 0x73,
    0x4D, 0xFF, 0xAD, 0x14, 0xFF, 0xCE, 0x18, 0xFF, 0xE6, 0xDB, 0xFF, 0xE6, 0xFB, 0xFF, 0xF7, 0x7D,
    0xFF, 0xC5, 0xD7, 0xFF, 0x84, 0x10, 0xFF, 0xB5, 0x76, 0xFF, 0xE6, 0xFC, 0xFF, 0xF7, 0x9E, 0xFF,
    0xF7, 0x7D, 0xFF, 0xF7, 0x7D, 0xFF, 0xEF, 0x5D, 0xFF, 0xEF, 0x5D, 0xFF, 0xEF, 0x5D, 0xFF, 0xEF,
    0x5D, 0xFF, 0xEF, 0x3C, 0xFF, 0xF7, 0x5D, 0xFF, 0xEF, 0x3C, 0xFF, 0x94, 0xB3, 0xFF, 0x42, 0x08,
    0xFF, 0x7B, 0x48, 0xFF, 0xCD, 0x6D, 0xFF, 0xAC, 0xAB, 0xFF, 0xB5, 0x0D, 0xFF, 0x8B, 0xEA, 0xFF,
    0x10, 0x81, 0xFF, 0x08, 0x61, 0xFF, 0x08, 0x81, 0xFF, 0x18, 0xE1, 0xFF, 0x6B, 0x49, 0xFF, 0xB5,
    0x2F, 0xFF, 0xBD, 0xB0, 0xFF, 0x9C, 0xAD, 0xFF, 0x39, 0xA4, 0xFF, 0x10, 0xA1, 0xFF, 0x29, 0x63,
    0xFF, 0x19, 0x01, 0xFF, 0x00, 0x60, 0xFF, 0x10, 0xC0, 0xFF, 0x42, 0x65, 0xFF, 0x5A, 0xA7, 0xFF,
    0xB5, 0x53, 0xFF, 0xFF, 0xFF, 0xFF, 0xE6, 0xFB, 0xFF, 0x83, 0xCF, 0xFF, 0x31, 0x45, 0xFF, 0x4A,
    0x05, 0xFF, 0xA4, 0x6C, 0xFF, 0xAC, 0x8C, 0xFF, 0xB4, 0xED, 0xFF, 0xA4, 0x8C, 0xFF, 0x52, 0x86,
    0xFF, 0x32, 0x24, 0xFF, 0x4A, 0xC6, 0xFF, 0x42, 0x84, 0xFF, 0x19, 0x61, 0xFF, 0x42, 0xC5, 0xFF,
    0x95, 0x2C, 0xFF, 0x9D, 0x2F, 0xFF, 0xE6, 0xFA, 0xFF, 0xEF, 0x5C, 0xFF, 0xEF, 0x1C, 0xFF, 0xEF,
    0x1C, 0xFF, 0xE7, 0x1C, 0xFE, 0xDE, 0x9A, 0xFD, 0xF7, 0x9E, 0xFF, 0xD6, 0xBA, 0xC1, 0x4A, 0x69,
    0x48, 0x00, 0x00, 0x01, 0xFF, 0xFF, 0x02, 0x00, 0x00, 0x00, 0x00, 0x00, 0x04, 0x00, 0x00, 0x21,
    0x00, 0x00, 0x21, 0x00, 0x00, 0x04, 0x00, 0x00, 0x00, 0x00, 0x00, 0x00, 0x00, 0x00, 0x00, 0x00,
    0x00, 0x00, 0x00, 0x00, 0x00, 0x00, 0x00, 0x00, 0x00, 0x00, 0x00, 0x00, 0x00, 0x00, 0x00, 0x00,
    0x00, 0x00, 0x00, 0x01, 0x21, 0x23, 0x20, 0xBE, 0x73, 0xB5, 0x7C, 0x4B, 0xF7, 0x8C, 0xAE, 0xFF,
    0xB5, 0x95, 0xFF, 0xBD, 0xD6, 0xFF, 0xCE, 0x38, 0xFF, 0xBD, 0xB7, 0xFF, 0xB5, 0x56, 0xFF, 0xAD,
    0x55, 0xFF, 0x7B, 0xCF, 0xFF, 0x9C, 0x92, 0xFF, 0x84, 0x10, 0xFF, 0xCE, 0x79, 0xFF, 0xFF, 0xDF,
    0xFF, 0xF7, 0x5D, 0xFF, 0xEF, 0x3C, 0xFF, 0xEF, 0x5D, 0xFF, 0xEF, 0x3C, 0xFF, 0xEF, 0x3C, 0xFF,
    0xEF, 0x3C, 0xFF, 0xEF, 0x3C, 0xFF, 0xEF, 0x3C, 0xFF, 0xEF, 0x1C, 0xFF, 0xEF, 0x3C, 0xFF, 0xEF,
    0x5D, 0xFF, 0xEF, 0x5D, 0xFF, 0xEF, 0x5D, 0xFF, 0xEF, 0x5D, 0xFF, 0xEF, 0x5D, 0xFF, 0xEF, 0x3D,
    0xFF, 0xF7, 0x7E, 0xFF, 0xEF, 0x5D, 0xFF, 0xAD, 0x55, 0xFF, 0x8C, 0x11, 0xFF, 0xCE, 0x59, 0xFF,
    0xFF, 0x9E, 0xFF, 0xEF, 0x3C, 0xFF, 0xEF, 0x3C, 0xFF, 0xEF, 0x3C, 0xFF, 0xEF, 0x3C, 0xFF, 0xEF,
    0x3C, 0xFF, 0xEF, 0x3C, 0xFF, 0xEF, 0x3C, 0xFF, 0xEF, 0x3C, 0xFF, 0xEF, 0x3C, 0xFF, 0xEF, 0x3C,
    0xFF, 0xEF, 0x3C, 0xFF, 0xEF, 0x3C, 0xFF, 0xEF, 0x3C, 0xFF, 0xEF, 0x3C, 0xFF, 0xEF, 0x3C, 0xFF,
    0xF7, 0x7D, 0xFF, 0xF7, 0x7E, 0xFF, 0x9C, 0xB3, 0xFF, 0xB5, 0x96, 0xFF, 0xFF, 0xBE, 0xFF, 0xFF,
    0xFF, 0xFF, 0xEF, 0x3C, 0xFF, 0x94, 0x52, 0xFF, 0x7A, 0xCB, 0xFF, 0xEE, 0x36, 0xFF, 0xFF, 0xFD,
    0xFF, 0xDE, 0x78, 0xFF, 0x7B, 0x8E, 0xFF, 0xCE, 0x39, 0xFF, 0xF7, 0x9E, 0xFF, 0xEF, 0x5D, 0xFF,
    0xEF, 0x3D, 0xFF, 0xEF, 0x5D, 0xFF, 0xEF, 0x5D, 0xFF, 0xF7, 0x7D, 0xFF, 0xF7, 0x7D, 0xFF, 0xDE,
    0xDB, 0xFF, 0xC5, 0xF8, 0xFF, 0xEF, 0x1C, 0xFF, 0xEF, 0x5D, 0xFF, 0xEF, 0x3C, 0xFF, 0xEF, 0x3C,
    0xFF, 0xEF, 0x3C, 0xFF, 0xEF, 0x3C, 0xFF, 0xEF, 0x3C, 0xFF, 0xEF, 0x3C, 0xFF, 0xEF, 0x3C, 0xFF,
    0xEF, 0x3C, 0xFF, 0xEF, 0x3C, 0xFF, 0xEF, 0x3C, 0xFF, 0xEF, 0x3C, 0xFF, 0xEF, 0x3C, 0xFF, 0xEF,
    0x3C, 0xFF, 0xEF, 0x3C, 0xFF, 0xEF, 0x3C, 0xFF, 0xEF, 0x3C, 0xFF, 0xEF, 0x3D, 0xFF, 0xEF, 0x3D,
    0xFF, 0xEF, 0x3C, 0xFF, 0xEF, 0x5D, 0xFF, 0xF7, 0x7D, 0xFF, 0xD6, 0x59, 0xFF, 0xA4, 0xF4, 0xFF,
    0xDE, 0xBB, 0xFF, 0xEF, 0x5D, 0xFF, 0xEF, 0x3C, 0xFF, 0xEF, 0x3C, 0xFF, 0xEF, 0x5D, 0xFF, 0xEF,
    0x5D, 0xFF, 0xEF, 0x5D, 0xFF, 0xFF, 0xFF, 0xFF, 0xE7, 0x1C, 0xFF, 0x94, 0x92, 0xFF, 0x94, 0x30,
    0xFF, 0xAC, 0xD3, 0xFF, 0x9C, 0x30, 0xFF, 0x62, 0x8A, 0xFF, 0x94, 0x31, 0xFF, 0xA4, 0xD3, 0xFF,
    0xBD, 0x96, 0xFF, 0xBD, 0x96, 0xFF, 0xC5, 0xD7, 0xFF, 0xBD, 0xB6, 0xFF, 0x8C, 0x31, 0xFF, 0x94,
    0x72, 0xFF, 0xCE, 0x79, 0xFF, 0xE7, 0x1C, 0xFF, 0xFF, 0x9E, 0xFF, 0xFF, 0xBE, 0xFF, 0xF7, 0x9E,
    0xFF, 0xF7, 0x7D, 0xFF, 0xEF, 0x5D, 0xFF, 0xEF, 0x5D, 0xFF, 0xEF, 0x3C, 0xFF, 0xEF, 0x5C, 0xFF,
    0xEF, 0x3C, 0xFF, 0xBD, 0xD8, 0xFF, 0x5A, 0xED, 0xFF, 0x41, 0xA5, 0xFF, 0xB4, 0xEC, 0xFF, 0xBD,
    0x0C, 0xFF, 0xBC, 0xED, 0xFF, 0xC5, 0x6F, 0xFF, 0x4A, 0x05, 0xFF, 0x00, 0x20, 0xFF, 0x10, 0xC2,
    0xFF, 0x10, 0xC1, 0xFF, 0x08, 0x60, 0xFF, 0x18, 0xC1, 0xFF, 0x21, 0x02, 0xFF, 0x10, 0xA1, 0xFF,
    0x10, 0xA0, 0xFF, 0x29, 0x63, 0xFF, 0x21, 0x42, 0xFF, 0x29, 0x83, 0xFF, 0x29, 0xA3, 0xFF, 0x21,
    0x62, 0xFF, 0x4A, 0x86, 0xFF, 0x42, 0x04, 0xFF, 0x8C, 0x0E, 0xFF, 0xF7, 0x7D, 0xFF, 0xF7, 0x7E,
    0xFF, 0xBD, 0xB6, 0xFF, 0x6B, 0x2C, 0xFF, 0x39, 0xC7, 0xFF, 0x52, 0x06, 0xFF, 0xAC, 0x8C, 0xFF,
    0xAC, 0x6B, 0xFF, 0xB4, 0xED, 0xFF, 0xAC, 0xED, 0xFF, 0x63, 0x08, 0xFF, 0x42, 0x66, 0xFF, 0x53,
    0x27, 0xFF, 0x3A, 0x64, 0xFF, 0x21, 0xC2, 0xFF, 0x5B, 0x87, 0xFF, 0x95, 0x0D, 0xFF, 0xD6, 0x98,
    0xFF, 0xEF, 0x5D, 0xFF, 0xEF, 0x1C, 0xFF, 0xEF, 0x1C, 0xFF, 0xEF, 0x1C, 0xFF, 0xDE, 0xDB, 0xFE,
    0xEF, 0x5D, 0xFE, 0xE7, 0x1C, 0xE4, 0xA5, 0x14, 0x70, 0x00, 0x00, 0x06, 0xFF, 0xFF, 0x02, 0x00,
    0x00, 0x00, 0x00, 0x00, 0x04, 0x00, 0x00, 0x21, 0x00, 0x00, 0x21, 0x00, 0x00, 0x04, 0x00, 0x00,
    0x00, 0x00, 0x00, 0x00, 0x00, 0x00, 0x00, 0x00, 0x00, 0x00, 0x00, 0x00, 0x00, 0x00, 0x00, 0x00,
    0x00, 0x00, 0x00, 0x00, 0x00, 0x00, 0x00, 0x00, 0x00, 0x00, 0x00, 0x00, 0x10, 0xE2, 0x1A, 0xB5,
    0xF2, 0xA7, 0x8C, 0xCC, 0xF4, 0x8C, 0xCE, 0xFF, 0xA5, 0x53, 0xFF, 0xBD, 0xD6, 0xFF, 0xB5, 0x75,
    0xFF, 0xAD, 0x35, 0xFF, 0xB5, 0x55, 0xFF, 0x8C, 0x31, 0xFF, 0x8C, 0x31, 0xFF, 0xD6, 0xBA, 0xFF,
    0x6B, 0x4D, 0xFF, 0xD6, 0xBB, 0xFF, 0xFF, 0xBE, 0xFF, 0xF7, 0x5D, 0xFF, 0xEF, 0x3C, 0xFF, 0xEF,
    0x5C, 0xFF, 0xEF, 0x3C, 0xFF, 0xEF, 0x3C, 0xFF, 0xEF, 0x3C, 0xFF, 0xEF, 0x3C, 0xFF, 0xEF, 0x3C,
    0xFF, 0xEF, 0x1C, 0xFF, 0xEF, 0x3D, 0xFF, 0xEF, 0x5D, 0xFF, 0xEF, 0x5D, 0xFF, 0xEF, 0x5D, 0xFF,
    0xEF, 0x5D, 0xFF, 0xEF, 0x5D, 0xFF, 0xEF, 0x5D, 0xFF, 0xF7, 0x9E, 0xFF, 0xD6, 0x7A, 0xFF, 0x94,
    0x31, 0xFF, 0x9C, 0xB3, 0xFF, 0xEF, 0x5D, 0xFF, 0xF7, 0x5D, 0xFF, 0xEF, 0x3C, 0xFF, 0xEF, 0x3C,
    0xFF, 0xEF, 0x3C, 0xFF, 0xEF, 0x3C, 0xFF, 0xEF, 0x3C, 0xFF, 0xEF, 0x3C, 0xFF, 0xEF, 0x3C, 0xFF,
    0xEF, 0x3C, 0xFF, 0xEF, 0x3C, 0xFF, 0xEF, 0x3C, 0xFF, 0xEF, 0x3C, 0xFF, 0xEF, 0x3C, 0xFF, 0xEF,
    0x3C, 0xFF, 0xEF, 0x3C, 0xFF, 0xEF, 0x1C, 0xFF, 0xFF, 0xDF, 0xFF, 0xC5, 0xF8, 0xFF, 0x9C, 0x92,
    0xFF, 0xDE, 0xBA, 0xFF, 0xFF, 0xDF, 0xFF, 0xFF, 0xBE, 0xFF, 0xDE, 0xBB, 0xFF, 0x7B, 0x6F, 0xFF,
    0x9B, 0x6D, 0xFF, 0xFF, 0x18, 0xFF, 0xFF, 0xFD, 0xFF, 0xF7, 0x5B, 0xFF, 0x8B, 0xEF, 0xFF, 0xBD,
    0x96, 0xFF, 0xF7, 0x9E, 0xFF, 0xF7, 0x7D, 0xFF, 0xEF, 0x5D, 0xFF, 0xF7, 0x5D, 0xFF, 0xF7, 0x5D,
    0xFF, 0xF7, 0x7D, 0xFF, 0xF7, 0x7E, 0xFF, 0xE6, 0xFC, 0xFF, 0xC5, 0xF8, 0xFF, 0xDE, 0xDB, 0xFF,
    0xEF, 0x5D, 0xFF, 0xEF, 0x3C, 0xFF, 0xEF, 0x3C, 0xFF, 0xEF, 0x3C, 0xFF, 0xEF, 0x3C, 0xFF, 0xEF,
    0x3C, 0xFF, 0xEF, 0x3C, 0xFF, 0xEF, 0x3C, 0xFF, 0xEF, 0x3C, 0xFF, 0xEF, 0x3C, 0xFF, 0xEF, 0x3C,
    0xFF, 0xEF, 0x3C, 0xFF, 0xEF, 0x3C, 0xFF, 0xEF, 0x3C, 0xFF, 0xEF, 0x3C, 0xFF, 0xEF, 0x3C, 0xFF,
    0xEF, 0x3C, 0xFF, 0xEF, 0x5C, 0xFF, 0xEF, 0x5C, 0xFF, 0xEF, 0x3C, 0xFF, 0xEF, 0x5D, 0xFF, 0xF7,
    0x7D, 0xFF, 0xD6, 0x9A, 0xFF, 0xA4, 0xD4, 0xFF, 0xD6, 0x7A, 0xFF, 0xF7, 0x5D, 0xFF, 0xEF, 0x3C,
    0xFF, 0xEF, 0x3C, 0xFF, 0xEF, 0x5D, 0xFF, 0xEF, 0x5D, 0xFF, 0xF7, 0x7D, 0xFF, 0xF7, 0x7D, 0xFF,
    0xCE, 0x38, 0xFF, 0x8C, 0x30, 0xFF, 0x83, 0xF0, 0xFF, 0xA4, 0xD3, 0xFF, 0xBD, 0x54, 0xFF, 0x73,
    0x0C, 0xFF, 0x73, 0x0C, 0xFF, 0xA4, 0xD3, 0xFF, 0xAD, 0x14, 0xFF, 0xB5, 0x55, 0xFF, 0xB5, 0x55,
    0xFF, 0xBD, 0x75, 0xFF, 0x9C, 0x92, 0xFF, 0x7B, 0xCF, 0xFF, 0xB5, 0x95, 0xFF, 0xBD, 0xB7, 0xFF,
    0xCE, 0x59, 0xFF, 0xEF, 0x1C, 0xFF, 0xF7, 0x9D, 0xFF, 0xFF, 0xBE, 0xFF, 0xF7, 0x9E, 0xFF, 0xF7,
    0x5D, 0xFF, 0xEF, 0x3C, 0xFF, 0xEF, 0x3C, 0xFF, 0xEF, 0x3C, 0xFF, 0xD6, 0x59, 0xFF, 0x8C, 0x31,
    0xFF, 0x52, 0x49, 0xFF, 0x73, 0x07, 0xFF, 0xCD, 0x6E, 0xFF, 0xBC, 0xED, 0xFF, 0xCD, 0x8F, 0xFF,
    0xAC, 0xCE, 0xFF, 0x29, 0x43, 0xFF, 0x00, 0x20, 0xFF, 0x19, 0x02, 0xFF, 0x21, 0x22, 0xFF, 0x18,
    0xE1, 0xFF, 0x18, 0xE1, 0xFF, 0x21, 0x22, 0xFF, 0x29, 0x62, 0xFF, 0x21, 0x62, 0xFF, 0x21, 0x62,
    0xFF, 0x21, 0x42, 0xFF, 0x21, 0x42, 0xFF, 0x19, 0x01, 0xFF, 0x42, 0x65, 0xFF, 0x42, 0x65, 0xFF,
    0x5A, 0xC9, 0xFF, 0xC5, 0xF7, 0xFF, 0xFF, 0xFF, 0xFF, 0xDE, 0xBB, 0xFF, 0x9C, 0x92, 0xFF, 0x73,
    0x8E, 0xFF, 0x31, 0x86, 0xFF, 0x52, 0x26, 0xFF, 0xAC, 0x8C, 0xFF, 0xAC, 0x6B, 0xFF, 0xB4, 0xCC,
    0xFF, 0xAC, 0xAD, 0xFF, 0x5A, 0xA7, 0xFF, 0x3A, 0x25, 0xFF, 0x53, 0x47, 0xFF, 0x3A, 0x85, 0xFF,
    0x29, 0xC2, 0xFF, 0x63, 0xA8, 0xFF, 0xCE, 0x56, 0xFF, 0xF7, 0x5D, 0xFF, 0xEF, 0x3C, 0xFF, 0xEF,
    0x3C, 0xFF, 0xEF, 0x3C, 0xFF, 0xEF, 0x3C, 0xFE, 0xE7, 0x1B, 0xFF, 0xF7, 0x7D, 0xFA, 0xCE, 0x59,
    0x9D, 0x00, 0x20, 0x21, 0xFF, 0xFF, 0x02, 0x00, 0x00, 0x00, 0x00, 0x00, 0x04, 0x00, 0x00, 0x21,
    0x00, 0x00, 0x21, 0x00, 0x00, 0x04, 0x00, 0x00, 0x00, 0x00, 0x00, 0x00, 0x00, 0x00, 0x00, 0x00,
    0x00, 0x00, 0x00, 0x00, 0x00, 0x00, 0x00, 0x00, 0x00, 0x00, 0x00, 0x00, 0x00, 0x00, 0x00, 0x00,
    0x00, 0x00, 0x00, 0x00, 0x00, 0x60, 0x15, 0x95, 0x0E, 0x90, 0x9D, 0x6E, 0xED, 0x8C, 0xCE, 0xFF,
    0x9D, 0x12, 0xFF, 0xB5, 0x95, 0xFF, 0xA4, 0xF3, 0xFF, 0xAD, 0x55, 0xFF, 0x94, 0x92, 0xFF, 0x73,
    0x8F, 0xFF, 0xD6, 0xBA, 0xFF, 0xD6, 0x79, 0xFF, 0x6B, 0x2D, 0xFF, 0xE7, 0x1C, 0xFF, 0xFF, 0xBE,
    0xFF, 0xF7, 0x5D, 0xFF, 0xEF, 0x3D, 0xFF, 0xEF, 0x5C, 0xFF, 0xEF, 0x5C, 0xFF, 0xEF, 0x3C, 0xFF,
    0xEF, 0x3C, 0xFF, 0xEF, 0x3C, 0xFF, 0xEF, 0x1C, 0xFF, 0xEF, 0x1C, 0xFF, 0xEF, 0x3C, 0xFF, 0xEF,
    0x5C, 0xFF, 0xEF, 0x5D, 0xFF, 0xEF, 0x5D, 0xFF, 0xEF, 0x5D, 0xFF, 0xEF, 0x5D, 0xFF, 0xF7, 0x9D,
    0xFF, 0xEF, 0x5D, 0xFF, 0xAD, 0x35, 0xFF, 0x83, 0xF0, 0xFF, 0xC5, 0xF8, 0xFF, 0xFF, 0xBE, 0xFF,
    0xEF, 0x3C, 0xFF, 0xEF, 0x3C, 0xFF, 0xEF, 0x3C, 0xFF, 0xEF, 0x3C, 0xFF, 0xEF, 0x3C, 0xFF, 0xEF,
    0x3C, 0xFF, 0xEF, 0x3C, 0xFF, 0xEF, 0x3C, 0xFF, 0xEF, 0x3C, 0xFF, 0xEF, 0x3C, 0xFF, 0xEF, 0x3C,
    0xFF, 0xEF, 0x3C, 0xFF, 0xEF, 0x3C, 0xFF, 0xEF, 0x3C, 0xFF, 0xEF, 0x3C, 0xFF, 0xF7, 0x5D, 0xFF,
    0xF7, 0x5D, 0xFF, 0x94, 0x72, 0xFF, 0xBD, 0x96, 0xFF, 0xF7, 0x9D, 0xFF, 0xF7, 0x7D, 0xFF, 0xFF,
    0xBE, 0xFF, 0xC5, 0xF8, 0xFF, 0x72, 0xCC, 0xFF, 0xBC, 0x91, 0xFF, 0xFF, 0x9B, 0xFF, 0xFF, 0xDC,
    0xFF, 0xFF, 0xFE, 0xFF, 0xA4, 0xB2, 0xFF, 0xA4, 0xD3, 0xFF, 0xEF, 0x5D, 0xFF, 0xFF, 0xBE, 0xFF,
    0xEF, 0x5D, 0xFF, 0xF7, 0x7D, 0xFF, 0xF7, 0x7D, 0xFF, 0xF7, 0x7D, 0xFF, 0xF7, 0x9E, 0xFF, 0xEF,
    0x3C, 0xFF, 0xC5, 0xF8, 0xFF, 0xD6, 0x79, 0xFF, 0xEF, 0x5C, 0xFF, 0xEF, 0x3C, 0xFF, 0xEF, 0x3C,
    0xFF, 0xEF, 0x3C, 0xFF, 0xEF, 0x3C, 0xFF, 0xEF, 0x3C, 0xFF, 0xEF, 0x3C, 0xFF, 0xEF, 0x3C, 0xFF,
    0xEF, 0x3C, 0xFF, 0xEF, 0x3C, 0xFF, 0xEF, 0x3C, 0xFF, 0xEF, 0x3C, 0xFF, 0xEF, 0x3C, 0xFF, 0xEF,
    0x3C, 0xFF, 0xEF, 0x3C, 0xFF, 0xEF, 0x3C, 0xFF, 0xEF, 0x3D, 0xFF, 0xEF, 0x5D, 0xFF, 0xEF, 0x5D,
    0xFF, 0xEF, 0x3C, 0xFF, 0xEF, 0x3D, 0xFF, 0xF7, 0x7D, 0xFF, 0xDE, 0xBB, 0xFF, 0xA4, 0xD4, 0xFF,
    0xCE, 0x39, 0xFF, 0xEF, 0x5D, 0xFF, 0xEF, 0x5D, 0xFF, 0xEF, 0x3D, 0xFF, 0xEF, 0x3C, 0xFF, 0xEF,
    0x5D, 0xFF, 0xF7, 0x7D, 0xFF, 0xD6, 0x9A, 0xFF, 0xA4, 0xF4, 0xFF, 0x94, 0x51, 0xFF, 0x9C, 0x92,
    0xFF, 0xB5, 0x55, 0xFF, 0xBD, 0x96, 0xFF, 0xC5, 0x95, 0xFF, 0x62, 0x69, 0xFF, 0x9C, 0x71, 0xFF,
    0xC5, 0xD7, 0xFF, 0xE6, 0xFB, 0xFF, 0xF7, 0x9D, 0xFF, 0xFF, 0xBE, 0xFF, 0xCE, 0x59, 0xFF, 0x7B,
    0xCF, 0xFF, 0x8C, 0x10, 0xFF, 0xB5, 0x55, 0xFF, 0xA4, 0xF4, 0xFF, 0xA4, 0xF4, 0xFF, 0xB5, 0x76,
    0xFF, 0xD6, 0x9A, 0xFF, 0xF7, 0x7D, 0xFF, 0xFF, 0xBE, 0xFF, 0xF7, 0x5D, 0xFF, 0xEF, 0x1C, 0xFF,
    0xF7, 0x5C, 0xFF, 0xD6, 0x7A, 0xFF, 0xA4, 0xF4, 0xFF, 0x8B, 0xF0, 0xFF, 0x41, 0xA4, 0xFF, 0xB4,
    0xAC, 0xFF, 0xCD, 0x6E, 0xFF, 0xBD, 0x0E, 0xFF, 0xD5, 0xF1, 0xFF, 0x94, 0x2C, 0xFF, 0x18, 0xC2,
    0xFF, 0x00, 0x60, 0xFF, 0x21, 0x42, 0xFF, 0x21, 0x22, 0xFF, 0x21, 0x42, 0xFF, 0x21, 0x22, 0xFF,
    0x21, 0x42, 0xFF, 0x21, 0x42, 0xFF, 0x21, 0x62, 0xFF, 0x21, 0x42, 0xFF, 0x21, 0x62, 0xFF, 0x19,
    0x01, 0xFF, 0x3A, 0x45, 0xFF, 0x52, 0xE6, 0xFF, 0x42, 0x05, 0xFF, 0x94, 0x71, 0xFF, 0xFF, 0xDF,
    0xFF, 0xF7, 0x5D, 0xFF, 0xCE, 0x39, 0xFF, 0x83, 0xD0, 0xFF, 0x7B, 0xAF, 0xFF, 0x18, 0xE4, 0xFF,
    0x52, 0x26, 0xFF, 0xAC, 0x8C, 0xFF, 0xAC, 0x6C, 0xFF, 0xB4, 0xAC, 0xFF, 0xAC, 0xAC, 0xFF, 0x5A,
    0xA7, 0xFF, 0x3A, 0x05, 0xFF, 0x5B, 0x68, 0xFF, 0x3A, 0x85, 0xFF, 0x29, 0xE2, 0xFF, 0xA5, 0x31,
    0xFF, 0xF7, 0x9D, 0xFF, 0xEF, 0x3C, 0xFF, 0xEF, 0x3C, 0xFF, 0xEF, 0x5D, 0xFF, 0xEF, 0x5D, 0xFE,
    0xE6, 0xFB, 0xFE, 0xF7, 0x9E, 0xFF, 0xDE, 0xDB, 0xC7, 0x52, 0xAA, 0x4F, 0x00, 0x00, 0x04, 0x00,
    0x00, 0x00, 0x00, 0x00, 0x04, 0x00, 0x00, 0x21, 0x00, 0x00, 0x21, 0x00, 0x00, 0x04, 0x00, 0x00,
    0x00, 0x00, 0x00, 0x00, 0x00, 0x00, 0x00, 0x00, 0x00, 0x00, 0x00, 0x00, 0x00, 0x00, 0x00, 0x00,
    0x00, 0x00, 0x00, 0x00, 0x00, 0x00, 0x00, 0x00, 0x00, 0x00, 0x00, 0x00, 0x00, 0x00, 0x0F, 0x6B,
    0xAA, 0x72, 0xA5, 0xAF, 0xE3, 0x8C, 0xEE, 0xFF, 0xA5, 0x32, 0xFF, 0xA5, 0x13, 0xFF, 0xAD, 0x34,
    0xFF, 0x9C, 0xD3, 0xFF, 0x73, 0x6E, 0xFF, 0xAD, 0x35, 0xFF, 0xFF, 0xFF, 0xFF, 0xBD, 0xD7, 0xFF,
    0x7B, 0xAE, 0xFF, 0xF7, 0x7E, 0xFF, 0xFF, 0x9E, 0xFF, 0xEF, 0x5D, 0xFF, 0xEF, 0x5D, 0xFF, 0xEF,
    0x5C, 0xFF, 0xEF, 0x3C, 0xFF, 0xEF, 0x3C, 0xFF, 0xEF, 0x3C, 0xFF, 0xEF, 0x3C, 0xFF, 0xEF, 0x1C,
    0xFF, 0xEF, 0x3C, 0xFF, 0xEF, 0x3C, 0xFF, 0xEF, 0x5C, 0xFF, 0xEF, 0x5D, 0xFF, 0xEF, 0x5D, 0xFF,
    0xEF, 0x5D, 0xFF, 0xEF, 0x5D, 0xFF, 0xF7, 0x9E, 0xFF, 0xD6, 0x9A, 0xFF, 0x8C, 0x31, 0xFF, 0x94,
    0x92, 0xFF, 0xEF, 0x3D, 0xFF, 0xF7, 0x7D, 0xFF, 0xEF, 0x1C, 0xFF, 0xEF, 0x3C, 0xFF, 0xEF, 0x3C,
    0xFF, 0xEF, 0x3C, 0xFF, 0xEF, 0x3C, 0xFF, 0xEF, 0x3C, 0xFF, 0xEF, 0x3C, 0xFF, 0xEF, 0x3C, 0xFF,
    0xEF, 0x3C, 0xFF, 0xEF, 0x3C, 0xFF, 0xEF, 0x3C, 0xFF, 0xEF, 0x3C, 0xFF, 0xEF, 0x3C, 0xFF, 0xEF,
    0x3C, 0xFF, 0xEF, 0x3C, 0xFF, 0xFF, 0xBF, 0xFF, 0xBD, 0x97, 0xFF, 0x94, 0x72, 0xFF, 0xDE, 0xDB,
    0xFF, 0xFF, 0x9E, 0xFF, 0xF7, 0x5C, 0xFF, 0xF7, 0x7D, 0xFF, 0xA4, 0xD4, 0xFF, 0x7B, 0x0C, 0xFF,
    0xE6, 0x78, 0xFF, 0xFF, 0xFF, 0xFF, 0xFF, 0xFE, 0xFF, 0xFF, 0xFF, 0xFF, 0xC5, 0xB6, 0xFF, 0x94,
    0x51, 0xFF, 0xE7, 0x1C, 0xFF, 0xFF, 0xFF, 0xFF, 0xF7, 0x9E, 0xFF, 0xF7, 0x9E, 0xFF, 0xF7, 0x7D,
    0xFF, 0xF7, 0x7E, 0xFF, 0xF7, 0x9E, 0xFF, 0xEF, 0x5D, 0xFF, 0xCE, 0x38, 0xFF, 0xCE, 0x18, 0xFF,
    0xEF, 0x3C, 0xFF, 0xEF, 0x3C, 0xFF, 0xEF, 0x3C, 0xFF, 0xEF, 0x3C, 0xFF, 0xEF, 0x3C, 0xFF, 0xEF,
    0x3C, 0xFF, 0xEF, 0x3C, 0xFF, 0xEF, 0x3C, 0xFF, 0xEF, 0x3C, 0xFF, 0xEF, 0x3C, 0xFF, 0xEF, 0x3C,
    0xFF, 0xEF, 0x3C, 0xFF, 0xEF, 0x3C, 0xFF, 0xEF, 0x3C, 0xFF, 0xEF, 0x3C, 0xFF, 0xEF, 0x3D, 0xFF,
    0xEF, 0x3D, 0xFF, 0xEF, 0x3D, 0xFF, 0xEF, 0x3D, 0xFF, 0xEF, 0x3C, 0xFF, 0xEF, 0x3C, 0xFF, 0xF7,
    0x7D, 0xFF, 0xE6, 0xDB, 0xFF, 0xA4, 0xD4, 0xFF, 0xC5, 0xF8, 0xFF, 0xEF, 0x3C, 0xFF, 0xEF, 0x5D,
    0xFF, 0xEF, 0x3C, 0xFF, 0xEF, 0x3D, 0xFF, 0xF7, 0x7D, 0xFF, 0xE7, 0x1C, 0xFF, 0xDE, 0xBB, 0xFF,
    0xB5, 0x76, 0xFF, 0x8C, 0x30, 0xFF, 0xCE, 0x17, 0xFF, 0xF7, 0x9D, 0xFF, 0xFF, 0xBD, 0xFF, 0xFF,
    0xFE, 0xFF, 0xAC, 0xF2, 0xFF, 0x6A, 0xAA, 0xFF, 0xAC, 0xF4, 0xFF, 0xD6, 0x59, 0xFF, 0xE6, 0xFB,
    0xFF, 0xFF, 0xBE, 0xFF, 0xFF, 0xBE, 0xFF, 0xB5, 0x55, 0xFF, 0x6B, 0x0C, 0xFF, 0xBD, 0x96, 0xFF,
    0xC5, 0xB7, 0xFF, 0xBD, 0xB6, 0xFF, 0xA4, 0xD3, 0xFF, 0x94, 0x31, 0xFF, 0xA4, 0xF3, 0xFF, 0xDE,
    0x9A, 0xFF, 0xF7, 0x9D, 0xFF, 0xF7, 0x7D, 0xFF, 0xF7, 0x7D, 0xFF, 0xDE, 0xDB, 0xFF, 0xB5, 0x56,
    0xFF, 0xAC, 0xF4, 0xFF, 0x73, 0x4D, 0xFF, 0x5A, 0x25, 0xFF, 0xCD, 0x6F, 0xFF, 0xC5, 0x4F, 0xFF,
    0xBD, 0x0E, 0xFF, 0xE6, 0x73, 0xFF, 0x83, 0xCB, 0xFF, 0x10, 0x81, 0xFF, 0x08, 0xA0, 0xFF, 0x21,
    0x42, 0xFF, 0x19, 0x01, 0xFF, 0x19, 0x22, 0xFF, 0x21, 0x22, 0xFF, 0x21, 0x42, 0xFF, 0x21, 0x42,
    0xFF, 0x21, 0x42, 0xFF, 0x21, 0x42, 0xFF, 0x18, 0xE1, 0xFF, 0x3A, 0x24, 0xFF, 0x5B, 0x48, 0xFF,
    0x3A, 0x24, 0xFF, 0x6B, 0x4B, 0xFF, 0xDE, 0xDB, 0xFF, 0xFF, 0xDF, 0xFF, 0xEF, 0x3C, 0xFF, 0xAD,
    0x35, 0xFF, 0x84, 0x11, 0xFF, 0x6B, 0x4C, 0xFF, 0x10, 0x82, 0xFF, 0x41, 0xC5, 0xFF, 0xAC, 0x8C,
    0xFF, 0xAC, 0x8B, 0xFF, 0xAC, 0x8B, 0xFF, 0xB4, 0xCC, 0xFF, 0x6B, 0x08, 0xFF, 0x3A, 0x25, 0xFF,
    0x5B, 0x88, 0xFF, 0x3A, 0xA5, 0xFF, 0x4A, 0xA7, 0xFF, 0xE7, 0x3B, 0xFF, 0xF7, 0x9E, 0xFF, 0xEF,
    0x5D, 0xFF, 0xEF, 0x5D, 0xFF, 0xF7, 0x5D, 0xFF, 0xE7, 0x1C, 0xFE, 0xF7, 0x7D, 0xFF, 0xEF, 0x3C,
    0xEA, 0xB5, 0x75, 0x7D, 0x00, 0x00, 0x09, 0x00, 0x20, 0x00, 0x00, 0x00, 0x04, 0x00, 0x00, 0x21,
    0x00, 0x00, 0x21, 0x00, 0x00, 0x04, 0x00, 0x00, 0x00, 0x00, 0x00, 0x00, 0x00, 0x00, 0x00, 0x00,
    0x00, 0x00, 0x00, 0x00, 0x00, 0x00, 0x00, 0x00, 0x00, 0x00, 0x00, 0x00, 0x00, 0x00, 0x00, 0x00,
    0x00, 0x00, 0x00, 0x00, 0x10, 0xA2, 0x0C, 0x5B, 0x09, 0x65, 0xAD, 0xF0, 0xDE, 0x95, 0x2E, 0xFF,
    0x9D, 0x11, 0xFF, 0x9C, 0xF3, 0xFF, 0xAD, 0x34, 0xFF, 0x7B, 0xAF, 0xFF, 0x7B, 0xAF, 0xFF, 0xF7,
    0x9E, 0xFF, 0xF7, 0xBE, 0xFF, 0xA5, 0x13, 0xFF, 0x8C, 0x30, 0xFF, 0xFF, 0xDE, 0xFF, 0xF7, 0x7D,
    0xFF, 0xEF, 0x5C, 0xFF, 0xEF, 0x5D, 0xFF, 0xEF, 0x5D, 0xFF, 0xEF, 0x3D, 0xFF, 0xEF, 0x3C, 0xFF,
    0xEF, 0x3C, 0xFF, 0xEF, 0x3C, 0xFF, 0xEF, 0x1C, 0xFF, 0xEF, 0x3C, 0xFF, 0xEF, 0x5D, 0xFF, 0xEF,
    0x3C, 0xFF, 0xEF, 0x5D, 0xFF, 0xEF, 0x5D, 0xFF, 0xEF, 0x5D, 0xFF, 0xF7, 0x7D, 0xFF, 0xF7, 0x5D,
    0xFF, 0xB5, 0x55, 0xFF, 0x83, 0xF0, 0xFF, 0xC6, 0x18, 0xFF, 0xFF, 0xBE, 0xFF, 0xEF, 0x1C, 0xFF,
    0xEF, 0x3C, 0xFF, 0xEF, 0x3C, 0xFF, 0xEF, 0x3C, 0xFF, 0xEF, 0x3D, 0xFF, 0xEF, 0x3D, 0xFF, 0xEF,
    0x3C, 0xFF, 0xEF, 0x3D, 0xFF, 0xEF, 0x3D, 0xFF, 0xEF, 0x3C, 0xFF, 0xEF, 0x3C, 0xFF, 0xEF, 0x5C,
    0xFF, 0xEF, 0x3C, 0xFF, 0xEF, 0x3C, 0xFF, 0xEF, 0x3C, 0xFF, 0xF7, 0x7D, 0xFF, 0xEE, 0xFC, 0xFF,
    0x8C, 0x10, 0xFF, 0xBD, 0xB7, 0xFF, 0xF7, 0x9D, 0xFF, 0xEF, 0x3C, 0xFF, 0xFF, 0x9E, 0xFF, 0xEF,
    0x1C, 0xFF, 0x8B, 0xD0, 0xFF, 0x8B, 0x8E, 0xFF, 0xF7, 0x1A, 0xFF, 0xD6, 0x58, 0xFF, 0xCE, 0x17,
    0xFF, 0xCE, 0x58, 0xFF, 0xAD, 0x34, 0xFF, 0x83, 0xEF, 0xFF, 0xD6, 0x99, 0xFF, 0xE6, 0xFB, 0xFF,
    0xDE, 0xBA, 0xFF, 0xF7, 0x9D, 0xFF, 0xFF, 0xBE, 0xFF, 0xF7, 0x7D, 0xFF, 0xF7, 0x9E, 0xFF, 0xF7,
    0x5D, 0xFF, 0xD6, 0x59, 0xFF, 0xBD, 0xD7, 0xFF, 0xE6, 0xFB, 0xFF, 0xEF, 0x3C, 0xFF, 0xEF, 0x3C,
    0xFF, 0xEF, 0x1C, 0xFF, 0xEF, 0x3C, 0xFF, 0xEF, 0x3C, 0xFF, 0xEF, 0x3C, 0xFF, 0xEF, 0x3C, 0xFF,
    0xEF, 0x3C, 0xFF, 0xEF, 0x3C, 0xFF, 0xEF, 0x3C, 0xFF, 0xEF, 0x3C, 0xFF, 0xEF, 0x3C, 0xFF, 0xEF,
    0x3C, 0xFF, 0xEF, 0x3C, 0xFF, 0xEF, 0x3C, 0xFF, 0xEF, 0x3D, 0xFF, 0xEF, 0x5D, 0xFF, 0xEF, 0x5C,
    0xFF, 0xEF, 0x5C, 0xFF, 0xEF, 0x3D, 0xFF, 0xF7, 0x7D, 0xFF, 0xE7, 0x1C, 0xFF, 0xA4, 0xF4, 0xFF,
    0xBD, 0xB7, 0xFF, 0xEF, 0x3C, 0xFF, 0xEF, 0x5D, 0xFF, 0xEF, 0x3C, 0xFF, 0xEF, 0x3D, 0xFF, 0xEF,
    0x5D, 0xFF, 0xEF, 0x3C, 0xFF, 0xE7, 0x3C, 0xFF, 0xB5, 0x55, 0xFF, 0x8C, 0x10, 0xFF, 0xEF, 0x1A,
    0xFF, 0xFF, 0xFE, 0xFF, 0xFF, 0x9C, 0xFF, 0xFF, 0xBC, 0xFF, 0xFF, 0x9B, 0xFF, 0x72, 0xEB, 0xFF,
    0x83, 0x8E, 0xFF, 0xBD, 0xB6, 0xFF, 0xDE, 0xBA, 0xFF, 0xEF, 0x3C, 0xFF, 0xFF, 0xFF, 0xFF, 0xDE,
    0xBB, 0xFF, 0x73, 0x4D, 0xFF, 0x9C, 0xD2, 0xFF, 0xEF, 0x1C, 0xFF, 0xDE, 0xBA, 0xFF, 0xE6, 0xDA,
    0xFF, 0xCE, 0x18, 0xFF, 0x9C, 0xB2, 0xFF, 0x8C, 0x10, 0xFF, 0xA4, 0xD3, 0xFF, 0xD6, 0x59, 0xFF,
    0xF7, 0x7D, 0xFF, 0xF7, 0x9D, 0xFF, 0xC5, 0xD8, 0xFF, 0xA4, 0xB4, 0xFF, 0xC5, 0xD7, 0xFF, 0x52,
    0x49, 0xFF, 0x6A, 0xE8, 0xFF, 0xCD, 0x90, 0xFF, 0xC5, 0x4F, 0xFF, 0xC5, 0x50, 0xFF, 0xE6, 0x74,
    0xFF, 0x7B, 0x6A, 0xFF, 0x00, 0x40, 0xFF, 0x08, 0xA1, 0xFF, 0x19, 0x22, 0xFF, 0x10, 0xE1, 0xFF,
    0x19, 0x02, 0xFF, 0x19, 0x22, 0xFF, 0x21, 0x42, 0xFF, 0x21, 0x42, 0xFF, 0x21, 0x42, 0xFF, 0x10,
    0xE1, 0xFF, 0x3A, 0x24, 0xFF, 0x5B, 0x88, 0xFF, 0x52, 0xE7, 0xFF, 0x5A, 0xC8, 0xFF, 0xB5, 0x75,
    0xFF, 0xFF, 0xFF, 0xFF, 0xEF, 0x3C, 0xFF, 0xE7, 0x1C, 0xFF, 0xA4, 0xF4, 0xFF, 0x7B, 0xAF, 0xFF,
    0x5A, 0xAA, 0xFF, 0x10, 0xA2, 0xFF, 0x29, 0x43, 0xFF, 0x94, 0x0A, 0xFF, 0xB4, 0xAB, 0xFF, 0xA4,
    0x4A, 0xFF, 0xB4, 0xCC, 0xFF, 0x8B, 0xEA, 0xFF, 0x4A, 0x86, 0xFF, 0x42, 0xA5, 0xFF, 0x19, 0x62,
    0xFF, 0x8C, 0xB0, 0xFF, 0xFF, 0xDF, 0xFF, 0xF7, 0x9E, 0xFF, 0xEF, 0x5D, 0xFF, 0xF7, 0x7D, 0xFF,
    0xEF, 0x5D, 0xFE, 0xEF, 0x3C, 0xFE, 0xF7, 0x7D, 0xFD, 0xDE, 0xBA, 0xA5, 0x00, 0x00, 0x1E, 0xFF,
    0xFF, 0x01, 0x00, 0x00, 0x04, 0x00, 0x00, 0x21, 0x00, 0x00, 0x21, 0x00, 0x00, 0x04, 0x00, 0x00,
    0x00, 0x00, 0x00, 0x00, 0x00, 0x00, 0x00, 0x00, 0x00, 0x00, 0x00, 0x00, 0x00, 0x00, 0x00, 0x00,
    0x00, 0x00, 0x00, 0x00, 0x00, 0x00, 0x00, 0x00, 0x00, 0x00, 0x00, 0x00, 0x21, 0x04, 0x0F, 0x6B,
    0xCB, 0x72, 0xA5, 0xAF, 0xE3, 0x9D, 0x6F, 0xFF, 0x94, 0xF0, 0xFF, 0xA5, 0x54, 0xFF, 0x84, 0x30,
    0xFF, 0x73, 0x4E, 0xFF, 0xBD, 0xB7, 0xFF, 0xFF, 0xFF, 0xFF, 0xE7, 0x1C, 0xFF, 0x73, 0xAF, 0xFF,
    0x94, 0x92, 0xFF, 0xF7, 0x9D, 0xFF, 0xEF, 0x7D, 0xFF, 0xEF, 0x5D, 0xFF, 0xEF, 0x5D, 0xFF, 0xEF,
    0x5D, 0xFF, 0xEF, 0x5C, 0xFF, 0xEF, 0x3C, 0xFF, 0xEF, 0x3C, 0xFF, 0xEF, 0x3C, 0xFF, 0xE7, 0x1C,
    0xFF, 0xEF, 0x3C, 0xFF, 0xEF, 0x3C, 0xFF, 0xEF, 0x3C, 0xFF, 0xEF, 0x5D, 0xFF, 0xEF, 0x5D, 0xFF,
    0xEF, 0x5D, 0xFF, 0xF7, 0x7D, 0xFF, 0xDE, 0x9A, 0xFF, 0x8C, 0x31, 0xFF, 0x9C, 0xD3, 0xFF, 0xF7,
    0x7D, 0xFF, 0xF7, 0x5D, 0xFF, 0xE7, 0x1C, 0xFF, 0xEF, 0x3C, 0xFF, 0xEF, 0x3C, 0xFF, 0xEF, 0x3C,
    0xFF, 0xEF, 0x3C, 0xFF, 0xEF, 0x3C, 0xFF, 0xEF, 0x3D, 0xFF, 0xEF, 0x3D, 0xFF, 0xEF, 0x3D, 0xFF,
    0xEF, 0x5D, 0xFF, 0xEF, 0x5D, 0xFF, 0xEF, 0x5D, 0xFF, 0xEF, 0x5D, 0xFF, 0xEF, 0x3C, 0xFF, 0xEF,
    0x3C, 0xFF, 0xFF, 0xBE, 0xFF, 0xAC, 0xF4, 0xFF, 0x94, 0x72, 0xFF, 0xEF, 0x1C, 0xFF, 0xFF, 0xBE,
    0xFF, 0xF7, 0x7D, 0xFF, 0xFF, 0xDF, 0xFF, 0xC5, 0xF7, 0xFF, 0x6A, 0xEC, 0xFF, 0x83, 0x4D, 0xFF,
    0xAC, 0xF2, 0xFF, 0x9C, 0x91, 0xFF, 0xA4, 0xF4, 0xFF, 0xAD, 0x34, 0xFF, 0xAD, 0x34, 0xFF, 0x8C,
    0x10, 0xFF, 0x9C, 0xD3, 0xFF, 0xAD, 0x14, 0xFF, 0xA4, 0xF4, 0xFF, 0xD6, 0x7A, 0xFF, 0xFF, 0xBE,
    0xFF, 0xF7, 0x7D, 0xFF, 0xF7, 0x7D, 0xFF, 0xF7, 0x7D, 0xFF, 0xDE, 0x9A, 0xFF, 0xBD, 0x96, 0xFF,
    0xDE, 0x9A, 0xFF, 0xEF, 0x5C, 0xFF, 0xEF, 0x3C, 0xFF, 0xEF, 0x1C, 0xFF, 0xEF, 0x3C, 0xFF, 0xEF,
    0x3C, 0xFF, 0xEF, 0x3C, 0xFF, 0xEF, 0x3C, 0xFF, 0xEF, 0x3C, 0xFF, 0xEF, 0x3C, 0xFF, 0xEF, 0x3C,
    0xFF, 0xEF, 0x3C, 0xFF, 0xEF, 0x3C, 0xFF, 0xEF, 0x3C, 0xFF, 0xEF, 0x3C, 0xFF, 0xEF, 0x3C, 0xFF,
    0xEF, 0x3C, 0xFF, 0xEF, 0x3D, 0xFF, 0xEF, 0x3D, 0xFF, 0xEF, 0x3C, 0xFF, 0xEF, 0x3C, 0xFF, 0xF7,
    0x7D, 0xFF, 0xEF, 0x1C, 0xFF, 0xA5, 0x14, 0xFF, 0xB5, 0x56, 0xFF, 0xEF, 0x1C, 0xFF, 0xEF, 0x3C,
    0xFF, 0xEF, 0x3C, 0xFF, 0xEF, 0x3C, 0xFF, 0xEF, 0x3C, 0xFF, 0xF7, 0x5D, 0xFF, 0xE6, 0xFB, 0xFF,
    0xA4, 0xD3, 0xFF, 0x94, 0x0F, 0xFF, 0xEF, 0x1A, 0xFF, 0xFF, 0xDD, 0xFF, 0xFF, 0x7B, 0xFF, 0xFF,
    0x7B, 0xFF, 0xFF, 0xFD, 0xFF, 0xD6, 0x78, 0xFF, 0x6A, 0xCA, 0xFF, 0x9C, 0x92, 0xFF, 0xD6, 0x59,
    0xFF, 0xDE, 0x9A, 0xFF, 0xFF, 0xDF, 0xFF, 0xFF, 0xDF, 0xFF, 0xA4, 0xF3, 0xFF, 0x4A, 0x08, 0xFF,
    0xAD, 0x14, 0xFF, 0xDE, 0x79, 0xFF, 0xDE, 0xBA, 0xFF, 0xEF, 0x1C, 0xFF, 0xEF, 0x1B, 0xFF, 0xCE,
    0x18, 0xFF, 0xA4, 0xB3, 0xFF, 0x8B, 0xEF, 0xFF, 0x9C, 0xB2, 0xFF, 0xDE, 0xBA, 0xFF, 0xDE, 0xBA,
    0xFF, 0x9C, 0xB3, 0xFF, 0xC5, 0xF8, 0xFF, 0xBD, 0x96, 0xFF, 0x41, 0xE7, 0xFF, 0x7B, 0x49, 0xFF,
    0xD5, 0xB1, 0xFF, 0xC5, 0x4F, 0xFF, 0xCD, 0x70, 0xFF, 0xE6, 0x53, 0xFF, 0x73, 0x6A, 0xFF, 0x08,
    0x60, 0xFF, 0x10, 0xC0, 0xFF, 0x19, 0x01, 0xFF, 0x10, 0xC1, 0xFF, 0x10, 0xE1, 0xFF, 0x19, 0x01,
    0xFF, 0x19, 0x22, 0xFF, 0x21, 0x42, 0xFF, 0x10, 0xE1, 0xFF, 0x3A, 0x65, 0xFF, 0x63, 0xA8, 0xFF,
    0x63, 0xA9, 0xFF, 0x63, 0x28, 0xFF, 0x94, 0x90, 0xFF, 0xEF, 0x5D, 0xFF, 0xEF, 0x3C, 0xFF, 0xF7,
    0x5D, 0xFF, 0xDE, 0xDB, 0xFF, 0xA4, 0xD4, 0xFF, 0x6B, 0x0C, 0xFF, 0x5A, 0xCA, 0xFF, 0x29, 0x65,
    0xFF, 0x20, 0xE2, 0xFF, 0x6B, 0x08, 0xFF, 0xA4, 0x8B, 0xFF, 0xA4, 0x4A, 0xFF, 0xAC, 0xAB, 0xFF,
    0xA4, 0xCC, 0xFF, 0x6B, 0x68, 0xFF, 0x29, 0x62, 0xFF, 0x19, 0x02, 0xFF, 0xCE, 0x38, 0xFF, 0xFF,
    0xDF, 0xFF, 0xF7, 0x9E, 0xFF, 0xEF, 0x7D, 0xFF, 0xF7, 0x9D, 0xFE, 0xE7, 0x3C, 0xFE, 0xFF, 0xBE,
    0xFF, 0xE7, 0x1C, 0xC7, 0x42, 0x28, 0x49, 0x00, 0x00, 0x04, 0x31, 0x86, 0x05, 0x00, 0x20, 0x21,
    0x00, 0x00, 0x21, 0x00, 0x00, 0x04, 0x00, 0x00, 0x00, 0x00, 0x00, 0x00, 0x00, 0x00, 0x00, 0x00,
    0x00, 0x00, 0x00, 0x00, 0x00, 0x00, 0x00, 0x00, 0x00, 0x00, 0x00, 0x00, 0x00, 0x00, 0x00, 0x00,
    0x00, 0x00, 0x00, 0x00, 0x18, 0xC3, 0x13, 0x8C, 0xAE, 0x88, 0x8D, 0x0D, 0xEA, 0xA5, 0xB0, 0xFF,
    0x9D, 0x2F, 0xFF, 0x9D, 0x12, 0xFF, 0x6B, 0x2D, 0xFF, 0x94, 0x32, 0xFF, 0xFF, 0x9E, 0xFF, 0xFF,
    0xDE, 0xFF, 0xDE, 0xDB, 0xFF, 0x5A, 0xCB, 0xFF, 0x9C, 0xB3, 0xFF, 0xF7, 0x7D, 0xFF, 0xF7, 0x7D,
    0xFF, 0xEF, 0x5D, 0xFF, 0xEF, 0x5D, 0xFF, 0xEF, 0x5D, 0xFF, 0xEF, 0x5C, 0xFF, 0xEF, 0x3C, 0xFF,
    0xEF, 0x3C, 0xFF, 0xEF, 0x3C, 0xFF, 0xE7, 0x1C, 0xFF, 0xEF, 0x3C, 0xFF, 0xEF, 0x5C, 0xFF, 0xEF,
    0x5D, 0xFF, 0xEF, 0x3D, 0xFF, 0xEF, 0x3D, 0xFF, 0xEF, 0x5D, 0xFF, 0xF7, 0x5D, 0xFF, 0xAD, 0x35,
    0xFF, 0x84, 0x10, 0xFF, 0xD6, 0x59, 0xFF, 0xFF, 0xBE, 0xFF, 0xE7, 0x1C, 0xFF, 0xEF, 0x3C, 0xFF,
    0xEF, 0x3C, 0xFF, 0xEF, 0x3D, 0xFF, 0xEF, 0x3C, 0xFF, 0xEF, 0x3C, 0xFF, 0xEF, 0x3C, 0xFF, 0xEF,
    0x3D, 0xFF, 0xEF, 0x3C, 0xFF, 0xEF, 0x3C, 0xFF, 0xEF, 0x3D, 0xFF, 0xEF, 0x5D, 0xFF, 0xEF, 0x5D,
    0xFF, 0xEF, 0x5D, 0xFF, 0xEF, 0x5D, 0xFF, 0xF7, 0x9E, 0xFF, 0xDE, 0xBA, 0xFF, 0x7B, 0xAF, 0xFF,
    0xD6, 0x9A, 0xFF, 0xFF, 0xFF, 0xFF, 0xF7, 0x9D, 0xFF, 0xD6, 0xBA, 0xFF, 0xC6, 0x38, 0xFF, 0x8C,
    0x11, 0xFF, 0x62, 0x8A, 0xFF, 0x93, 0xCE, 0xFF, 0x9C, 0x71, 0xFF, 0x9C, 0x92, 0xFF, 0xA4, 0xF3,
    0xFF, 0xA4, 0xF3, 0xFF, 0xAD, 0x34, 0xFF, 0x8C, 0x10, 0xFF, 0x94, 0x51, 0xFF, 0xB5, 0x55, 0xFF,
    0xA4, 0xF4, 0xFF, 0x9C, 0xB3, 0xFF, 0xD6, 0x59, 0xFF, 0xF7, 0x9E, 0xFF, 0xF7, 0x5D, 0xFF, 0xF7,
    0x7D, 0xFF, 0xDE, 0xDB, 0xFF, 0xBD, 0x96, 0xFF, 0xCE, 0x39, 0xFF, 0xEF, 0x3C, 0xFF, 0xEF, 0x3C,
    0xFF, 0xEF, 0x1C, 0xFF, 0xEF, 0x3C, 0xFF, 0xEF, 0x3C, 0xFF, 0xEF, 0x3C, 0xFF, 0xEF, 0x3C, 0xFF,
    0xEF, 0x3C, 0xFF, 0xEF, 0x3C, 0xFF, 0xEF, 0x3C, 0xFF, 0xEF, 0x3C, 0xFF, 0xEF, 0x3C, 0xFF, 0xEF,
    0x3C, 0xFF, 0xEF, 0x3C, 0xFF, 0xEF, 0x3C, 0xFF, 0xEF, 0x3C, 0xFF, 0xEF, 0x3D, 0xFF, 0xEF, 0x3D,
    0xFF, 0xEF, 0x3D, 0xFF, 0xEF, 0x3C, 0xFF, 0xF7, 0x7D, 0xFF, 0xEF, 0x3C, 0xFF, 0xAD, 0x15, 0xFF,
    0xAD, 0x15, 0xFF, 0xE6, 0xDB, 0xFF, 0xEF, 0x3C, 0xFF, 0xEF, 0x1C, 0xFF, 0xEF, 0x3C, 0xFF, 0xEF,
    0x3C, 0xFF, 0xE7, 0x1C, 0xFF, 0xD6, 0x79, 0xFF, 0x9C, 0x72, 0xFF, 0x94, 0x30, 0xFF, 0xF7, 0x7B,
    0xFF, 0xFF, 0xBC, 0xFF, 0xFF, 0x7B, 0xFF, 0xFF, 0x7B, 0xFF, 0xFF, 0x9B, 0xFF, 0xFF, 0xFF, 0xFF,
    0xAD, 0x13, 0xFF, 0x73, 0x2C, 0xFF, 0xB5, 0x54, 0xFF, 0xDE, 0x9A, 0xFF, 0xE6, 0xDB, 0xFF, 0xFF,
    0xFF, 0xFF, 0xE7, 0x1B, 0xFF, 0x62, 0xCB, 0xFF, 0x62, 0xAB, 0xFF, 0xAD, 0x14, 0xFF, 0xCE, 0x18,
    0xFF, 0xD6, 0x59, 0xFF, 0xEE, 0xFB, 0xFF, 0xEF, 0x3C, 0xFF, 0xE6, 0xFB, 0xFF, 0xCE, 0x38, 0xFF,
    0xA4, 0xD3, 0xFF, 0xA4, 0xB3, 0xFF, 0xBD, 0x76, 0xFF, 0xA4, 0xF3, 0xFF, 0xB5, 0x55, 0xFF, 0xD6,
    0x59, 0xFF, 0xAD, 0x35, 0xFF, 0x41, 0xE7, 0xFF, 0x7B, 0x6A, 0xFF, 0xD5, 0xD1, 0xFF, 0xBD, 0x0F,
    0xFF, 0xCD, 0x70, 0xFF, 0xE6, 0x53, 0xFF, 0x83, 0xAB, 0xFF, 0x19, 0x01, 0xFF, 0x31, 0xE3, 0xFF,
    0x3A, 0x23, 0xFF, 0x29, 0xA2, 0xFF, 0x21, 0x82, 0xFF, 0x21, 0x62, 0xFF, 0x21, 0x62, 0xFF, 0x19,
    0x21, 0xFF, 0x42, 0x85, 0xFF, 0x63, 0xE8, 0xFF, 0x63, 0xE8, 0xFF, 0x73, 0xC9, 0xFF, 0x94, 0x6F,
    0xFF, 0xC5, 0xD7, 0xFF, 0xEF, 0x5D, 0xFF, 0xEF, 0x1C, 0xFF, 0xEF, 0x1C, 0xFF, 0xDE, 0x9A, 0xFF,
    0x94, 0x52, 0xFF, 0x5A, 0x89, 0xFF, 0x6B, 0x2B, 0xFF, 0x4A, 0x69, 0xFF, 0x18, 0xC2, 0xFF, 0x4A,
    0x25, 0xFF, 0xA4, 0x8B, 0xFF, 0xAC, 0x8A, 0xFF, 0x9C, 0x2A, 0xFF, 0xAC, 0xED, 0xFF, 0xAD, 0x2E,
    0xFF, 0x4A, 0x67, 0xFF, 0x6B, 0x4C, 0xFF, 0xF7, 0x9E, 0xFF, 0xFF, 0xDF, 0xFF, 0xEF, 0x7D, 0xFF,
    0xF7, 0x9E, 0xFF, 0xEF, 0x3C, 0xFE, 0xFF, 0xBE, 0xFF, 0xEF, 0x5D, 0xE4, 0x9C, 0xD3, 0x7A, 0x00,
    0x00, 0x09, 0x9C, 0xD3, 0x05, 0x00, 0x20, 0x21, 0x00, 0x00, 0x21, 0x00, 0x00, 0x04, 0x00, 0x00,
    0x00, 0x00, 0x00, 0x00, 0x00, 0x00, 0x00, 0x00, 0x00, 0x00, 0x00, 0x00, 0x00, 0x00, 0x00, 0x00,
    0x00, 0x00, 0x00, 0x00, 0x00, 0x00, 0x00, 0x00, 0x00, 0x00, 0x00, 0x00, 0x08, 0xA1, 0x16, 0xA5,
    0x91, 0x99, 0x84, 0x8C, 0xF0, 0x95, 0x2D, 0xFF, 0xA5, 0xD1, 0xFF, 0x7C, 0x2E, 0xFF, 0x6B, 0x4E,
    0xFF, 0xCE, 0x18, 0xFF, 0xFF, 0xDE, 0xFF, 0xF7, 0x9D, 0xFF, 0xDE, 0xDA, 0xFF, 0x4A, 0x48, 0xFF,
    0xB5, 0x75, 0xFF, 0xFF, 0xBE, 0xFF, 0xF7, 0x5D, 0xFF, 0xEF, 0x5D, 0xFF, 0xEF, 0x5D, 0xFF, 0xEF,
    0x5D, 0xFF, 0xEF, 0x3C, 0xFF, 0xEF, 0x3C, 0xFF, 0xEF, 0x3C, 0xFF, 0xEF, 0x3C, 0xFF, 0xE7, 0x1C,
    0xFF, 0xEF, 0x3C, 0xFF, 0xEF, 0x3D, 0xFF, 0xEF, 0x3D, 0xFF, 0xEF, 0x5C, 0xFF, 0xEF, 0x3C, 0xFF,
    0xF7, 0x7D, 0xFF, 0xD6, 0x7A, 0xFF, 0x83, 0xF0, 0xFF, 0xAD, 0x14, 0xFF, 0xF7, 0x9E, 0xFF, 0xEF,
    0x5D, 0xFF, 0xE7, 0x1C, 0xFF, 0xEF, 0x3C, 0xFF, 0xEF, 0x3C, 0xFF, 0xEF, 0x3C, 0xFF, 0xEF, 0x3C,
    0xFF, 0xEF, 0x3C, 0xFF, 0xEF, 0x3C, 0xFF, 0xEF, 0x3C, 0xFF, 0xEF, 0x3C, 0xFF, 0xEF, 0x5D, 0xFF,
    0xEF, 0x5D, 0xFF, 0xEF, 0x3D, 0xFF, 0xEF, 0x5D, 0xFF, 0xEF, 0x3C, 0xFF, 0xF7, 0x7D, 0xFF, 0xFF,
    0xBE, 0xFF, 0x94, 0x72, 0xFF, 0xAD, 0x35, 0xFF, 0xFF, 0xDF, 0xFF, 0xDE, 0xBB, 0xFF, 0xAD, 0x14,
    0xFF, 0xAD, 0x15, 0xFF, 0xBD, 0x97, 0xFF, 0x83, 0xAF, 0xFF, 0x6A, 0x89, 0xFF, 0xB4, 0xD2, 0xFF,
    0xBD, 0xB6, 0xFF, 0xCE, 0x38, 0xFF, 0xD6, 0x79, 0xFF, 0xDE, 0xBA, 0xFF, 0xE6, 0xFB, 0xFF, 0xB5,
    0x54, 0xFF, 0x94, 0x30, 0xFF, 0xCE, 0x38, 0xFF, 0xE6, 0xDB, 0xFF, 0xC5, 0xF8, 0xFF, 0xD6, 0x7A,
    0xFF, 0xF7, 0x5D, 0xFF, 0xF7, 0x5D, 0xFF, 0xF7, 0x5D, 0xFF, 0xE6, 0xFC, 0xFF, 0xBD, 0xB7, 0xFF,
    0xC5, 0xD7, 0xFF, 0xEF, 0x1C, 0xFF, 0xEF, 0x3C, 0xFF, 0xEF, 0x1C, 0xFF, 0xEF, 0x1C, 0xFF, 0xEF,
    0x3C, 0xFF, 0xEF, 0x3C, 0xFF, 0xEF, 0x3C, 0xFF, 0xEF, 0x3C, 0xFF, 0xEF, 0x3C, 0xFF, 0xEF, 0x3C,
    0xFF, 0xEF, 0x3C, 0xFF, 0xEF, 0x3C, 0xFF, 0xEF, 0x3C, 0xFF, 0xEF, 0x3C, 0xFF, 0xEF, 0x3C, 0xFF,
    0xEF, 0x3C, 0xFF, 0xEF, 0x3D, 0xFF, 0xEF, 0x3C, 0xFF, 0xEF, 0x5C, 0xFF, 0xEF, 0x3C, 0xFF, 0xF7,
    0x7D, 0xFF, 0xEF, 0x5D, 0xFF, 0xAD, 0x35, 0xFF, 0xA4, 0xF4, 0xFF, 0xDE, 0xBB, 0xFF, 0xEF, 0x3C,
    0xFF, 0xEF, 0x1C, 0xFF, 0xEF, 0x1C, 0xFF, 0xEF, 0x3C, 0xFF, 0xDE, 0xDB, 0xFF, 0xC5, 0xF8, 0xFF,
    0x94, 0x51, 0xFF, 0x9C, 0x70, 0xFF, 0xFF, 0xBC, 0xFF, 0xFF, 0x9C, 0xFF, 0xFF, 0x7B, 0xFF, 0xFF,
    0x7B, 0xFF, 0xFF, 0x7C, 0xFF, 0xFF, 0xBD, 0xFF, 0xF7, 0xBE, 0xFF, 0x8C, 0x0F, 0xFF, 0x7B, 0x6D,
    0xFF, 0xC5, 0xF7, 0xFF, 0xD6, 0x79, 0xFF, 0xEF, 0x1C, 0xFF, 0xFF, 0xDF, 0xFF, 0xBD, 0xB6, 0xFF,
    0x6A, 0xEB, 0xFF, 0x83, 0xAF, 0xFF, 0xB5, 0x35, 0xFF, 0xC5, 0xF7, 0xFF, 0xCD, 0xF8, 0xFF, 0xDE,
    0x9A, 0xFF, 0xEF, 0x1C, 0xFF, 0xF7, 0x7D, 0xFF, 0xEF, 0x1B, 0xFF, 0xDE, 0x79, 0xFF, 0xC5, 0xF8,
    0xFF, 0xAD, 0x14, 0xFF, 0xA4, 0xF4, 0xFF, 0xBD, 0xD7, 0xFF, 0xCE, 0x19, 0xFF, 0xA4, 0xF4, 0xFF,
    0x4A, 0x07, 0xFF, 0x7B, 0x29, 0xFF, 0xCD, 0x90, 0xFF, 0xBD, 0x0E, 0xFF, 0xC5, 0x2F, 0xFF, 0xDE,
    0x12, 0xFF, 0x83, 0xCA, 0xFF, 0x29, 0x82, 0xFF, 0x42, 0x84, 0xFF, 0x53, 0x25, 0xFF, 0x42, 0xC4,
    0xFF, 0x42, 0xA4, 0xFF, 0x42, 0xA4, 0xFF, 0x3A, 0x84, 0xFF, 0x4A, 0xE5, 0xFF, 0x63, 0xE8, 0xFF,
    0x5B, 0xA7, 0xFF, 0x73, 0xE9, 0xFF, 0x94, 0x6F, 0xFF, 0xAC, 0xF3, 0xFF, 0xE7, 0x1C, 0xFF, 0xD6,
    0x59, 0xFF, 0xEF, 0x1C, 0xFF, 0xDE, 0xBB, 0xFF, 0xD6, 0x7A, 0xFF, 0x6B, 0x2D, 0xFF, 0x4A, 0x07,
    0xFF, 0x83, 0xEE, 0xFF, 0x7B, 0xCD, 0xFF, 0x29, 0x45, 0xFF, 0x39, 0xA4, 0xFF, 0x9C, 0x4A, 0xFF,
    0xAC, 0xAB, 0xFF, 0x94, 0x2A, 0xFF, 0xB5, 0x2D, 0xFF, 0xCD, 0xF1, 0xFF, 0x7B, 0xAB, 0xFF, 0xCE,
    0x58, 0xFF, 0xFF, 0xFF, 0xFF, 0xF7, 0x9E, 0xFF, 0xF7, 0x7D, 0xFF, 0xEF, 0x7D, 0xFE, 0xF7, 0x7D,
    0xFF, 0xF7, 0x9E, 0xF9, 0xCE, 0x79, 0xA5, 0x00, 0x00, 0x19, 0x7B, 0xEF, 0x06, 0x00, 0x20, 0x21,
    0x00, 0x00, 0x21, 0x00, 0x00, 0x04, 0x00, 0x00, 0x00, 0x00, 0x00, 0x00, 0x00, 0x00, 0x00, 0x00,
    0x00, 0x00, 0x00, 0x00, 0x01, 0x00, 0x00, 0x01, 0xFF, 0xFF, 0x01, 0xFF, 0xFF, 0x01, 0xFF, 0xFF,
    0x01, 0x07, 0xE0, 0x01, 0x08, 0xA1, 0x18, 0xA5, 0x71, 0x9E, 0x9D, 0x50, 0xF1, 0x74, 0x0A, 0xFF,
    0xA5, 0xD0, 0xFF, 0x73, 0xCC, 0xFF, 0x84, 0x10, 0xFF, 0xEF, 0x3D, 0xFF, 0xF7, 0x9D, 0xFF, 0xFF,
    0xBE, 0xFF, 0xB5, 0xB6, 0xFF, 0x31, 0xC6, 0xFF, 0xCE, 0x58, 0xFF, 0xF7, 0x9E, 0xFF, 0xEF, 0x5C,
    0xFF, 0xEF, 0x5C, 0xFF, 0xEF, 0x5D, 0xFF, 0xEF, 0x5D, 0xFF, 0xEF, 0x3D, 0xFF, 0xEF, 0x5D, 0xFF,
    0xEF, 0x5D, 0xFF, 0xEF, 0x3C, 0xFF, 0xEF, 0x1C, 0xFF, 0xEF, 0x3D, 0xFF, 0xEF, 0x3D, 0xFF, 0xEF,
    0x3C, 0xFF, 0xEF, 0x3C, 0xFF, 0xEF, 0x3C, 0xFF, 0xF7, 0x5D, 0xFF, 0xA4, 0xD3, 0xFF, 0x8C, 0x10,
    0xFF, 0xDE, 0xBB, 0xFF, 0xFF, 0xBF, 0xFF, 0xE7, 0x1C, 0xFF, 0xEF, 0x3C, 0xFF, 0xEF, 0x3C, 0xFF,
    0xEF, 0x3C, 0xFF, 0xEF, 0x3C, 0xFF, 0xEF, 0x3C, 0xFF, 0xEF, 0x3C, 0xFF, 0xEF, 0x3C, 0xFF, 0xEF,
    0x3C, 0xFF, 0xEF, 0x5C, 0xFF, 0xEF, 0x5D, 0xFF, 0xEF, 0x5D, 0xFF, 0xEF, 0x5D, 0xFF, 0xEF, 0x3C,
    0xFF, 0xF7, 0x7D, 0xFF, 0xFF, 0xDF, 0xFF, 0xBD, 0xB7, 0xFF, 0x83, 0xCF, 0xFF, 0xE6, 0xFC, 0xFF,
    0xCE, 0x39, 0xFF, 0xA4, 0xF4, 0xFF, 0xA4, 0xF4, 0xFF, 0xCE, 0x19, 0xFF, 0xB5, 0x15, 0xFF, 0x83,
    0x2C, 0xFF, 0xAC, 0xD2, 0xFF, 0xEF, 0x3C, 0xFF, 0xEF, 0x5C, 0xFF, 0xFF, 0xBD, 0xFF, 0xFF, 0xDE,
    0xFF, 0xFF, 0xFE, 0xFF, 0xFF, 0xFF, 0xFF, 0xEF, 0x3C, 0xFF, 0x8C, 0x0F, 0xFF, 0xBD, 0x96, 0xFF,
    0xFF, 0xBE, 0xFF, 0xF7, 0x7D, 0xFF, 0xEF, 0x3C, 0xFF, 0xEF, 0x3C, 0xFF, 0xEF, 0x3C, 0xFF, 0xEF,
    0x3C, 0xFF, 0xEE, 0xFC, 0xFF, 0xC5, 0xF8, 0xFF, 0xBD, 0x96, 0xFF, 0xDE, 0xBB, 0xFF, 0xEF, 0x3D,
    0xFF, 0xEF, 0x3C, 0xFF, 0xEF, 0x1C, 0xFF, 0xEF, 0x3C, 0xFF, 0xEF, 0x3C, 0xFF, 0xEF, 0x3C, 0xFF,
    0xEF, 0x3C, 0xFF, 0xEF, 0x3C, 0xFF, 0xEF, 0x3C, 0xFF, 0xEF, 0x3C, 0xFF, 0xEF, 0x3C, 0xFF, 0xEF,
    0x3C, 0xFF, 0xEF, 0x3C, 0xFF, 0xEF, 0x3C, 0xFF, 0xEF, 0x3D, 0xFF, 0xEF, 0x3C, 0xFF, 0xEF, 0x3C,
    0xFF, 0xEF, 0x5D, 0xFF, 0xEF, 0x3C, 0xFF, 0xF7, 0x7D, 0xFF, 0xF7, 0x7D, 0xFF, 0xB5, 0x96, 0xFF,
    0x9C, 0xB3, 0xFF, 0xDE, 0x9A, 0xFF, 0xEF, 0x3C, 0xFF, 0xEF, 0x1C, 0xFF, 0xEF, 0x1C, 0xFF, 0xEF,
    0x1C, 0xFF, 0xDE, 0x9A, 0xFF, 0xBD, 0xB7, 0xFF, 0x8C, 0x30, 0xFF, 0xA4, 0xD2, 0xFF, 0xFF, 0xDD,
    0xFF, 0xFF, 0x7B, 0xFF, 0xFF, 0x9B, 0xFF, 0xFF, 0x9C, 0xFF, 0xFF, 0x9D, 0xFF, 0xF7, 0x7C, 0xFF,
    0xFF, 0xFF, 0xFF, 0xE7, 0x1B, 0xFF, 0x7B, 0x6D, 0xFF, 0x8B, 0xEF, 0xFF, 0xD6, 0x79, 0xFF, 0xD6,
    0x39, 0xFF, 0xEF, 0x1C, 0xFF, 0xF7, 0x7D, 0xFF, 0xA4, 0x91, 0xFF, 0x8B, 0xCF, 0xFF, 0x83, 0x8E,
    0xFF, 0xBD, 0x75, 0xFF, 0xC5, 0xF7, 0xFF, 0xC5, 0xB7, 0xFF, 0xCE, 0x18, 0xFF, 0xDE, 0x9A, 0xFF,
    0xEF, 0x3C, 0xFF, 0xFF, 0xBE, 0xFF, 0xF7, 0x7D, 0xFF, 0xCE, 0x38, 0xFF, 0xA4, 0xD3, 0xFF, 0xBD,
    0x96, 0xFF, 0xB5, 0x76, 0xFF, 0xCE, 0x39, 0xFF, 0xAD, 0x35, 0xFF, 0x52, 0x49, 0xFF, 0x72, 0xE9,
    0xFF, 0xC5, 0x70, 0xFF, 0xBD, 0x0E, 0xFF, 0xBC, 0xCD, 0xFF, 0xD5, 0xB0, 0xFF, 0x83, 0xEA, 0xFF,
    0x29, 0xC3, 0xFF, 0x32, 0x63, 0xFF, 0x5B, 0x86, 0xFF, 0x5B, 0x86, 0xFF, 0x53, 0x65, 0xFF, 0x5B,
    0x86, 0xFF, 0x5B, 0x86, 0xFF, 0x63, 0xC7, 0xFF, 0x5B, 0xA6, 0xFF, 0x63, 0xC8, 0xFF, 0x84, 0x2D,
    0xFF, 0xA4, 0xD1, 0xFF, 0xD6, 0x79, 0xFF, 0xBD, 0xB7, 0xFF, 0xE6, 0xDB, 0xFF, 0xDE, 0x9B, 0xFF,
    0xE6, 0xDB, 0xFF, 0xC5, 0xD7, 0xFF, 0x4A, 0x28, 0xFF, 0x4A, 0x48, 0xFF, 0xA5, 0x12, 0xFF, 0x94,
    0x90, 0xFF, 0x31, 0xC6, 0xFF, 0x31, 0x63, 0xFF, 0x7B, 0x88, 0xFF, 0x9C, 0x4B, 0xFF, 0xAC, 0xAB,
    0xFF, 0xCD, 0x8F, 0xFF, 0xBD, 0x0E, 0xFF, 0x8B, 0xED, 0xFF, 0xE6, 0xFB, 0xFF, 0xFF, 0xFF, 0xFF,
    0xF7, 0x7D, 0xFF, 0xEF, 0x7D, 0xFE, 0xEF, 0x5D, 0xFF, 0xFF, 0xDF, 0xFF, 0xE7, 0x3C, 0xC2, 0x18,
    0xC3, 0x38, 0x39, 0xC7, 0x09, 0x00, 0x20, 0x21, 0x00, 0x00, 0x21, 0x00, 0x00, 0x04, 0x00, 0x00,
    0x00, 0x00, 0x00, 0x00, 0x00, 0x00, 0x01, 0xFF, 0xE0, 0x01, 0x00, 0x00, 0x00, 0x00, 0x00, 0x00,
    0x00, 0x00, 0x00, 0x00, 0x00, 0x00, 0x00, 0x00, 0x00, 0x00, 0x00, 0x00, 0x10, 0xA1, 0x17, 0xA5,
    0x71, 0x9E, 0xC6, 0x94, 0xF2, 0x74, 0x2B, 0xFF, 0x84, 0xAC, 0xFF, 0x6B, 0x8B, 0xFF, 0xA5, 0x14,
    0xFF, 0xF7, 0x7E, 0xFF, 0xFF, 0xBE, 0xFF, 0xEF, 0x7C, 0xFF, 0x63, 0x2B, 0xFF, 0x29, 0x85, 0xFF,
    0xE7, 0x1B, 0xFF, 0xF7, 0x5D, 0xFF, 0xEF, 0x3C, 0xFF, 0xEF, 0x3C, 0xFF, 0xEF, 0x3C, 0xFF, 0xEF,
    0x5D, 0xFF, 0xEF, 0x5D, 0xFF, 0xEF, 0x5D, 0xFF, 0xEF, 0x5D, 0xFF, 0xEF, 0x3C, 0xFF, 0xEF, 0x1C,
    0xFF, 0xEF, 0x5D, 0xFF, 0xEF, 0x3D, 0xFF, 0xEF, 0x3C, 0xFF, 0xEF, 0x3C, 0xFF, 0xF7, 0x7D, 0xFF,
    0xCE, 0x39, 0xFF, 0x73, 0x6E, 0xFF, 0xB5, 0x76, 0xFF, 0xFF, 0xBE, 0xFF, 0xEF, 0x5D, 0xFF, 0xEF,
    0x1C, 0xFF, 0xEF, 0x3D, 0xFF, 0xEF, 0x3C, 0xFF, 0xEF, 0x3C, 0xFF, 0xEF, 0x3C, 0xFF, 0xEF, 0x3C,
    0xFF, 0xEF, 0x3C, 0xFF, 0xEF, 0x3C, 0xFF, 0xEF, 0x3C, 0xFF, 0xEF, 0x5C, 0xFF, 0xEF, 0x5C, 0xFF,
    0xEF, 0x5D, 0xFF, 0xEF, 0x3C, 0xFF, 0xEF, 0x5D, 0xFF, 0xFF, 0xDF, 0xFF, 0xDE, 0xDB, 0xFF, 0x73,
    0x6E, 0xFF, 0xC5, 0xF7, 0xFF, 0xE7, 0x1C, 0xFF, 0xBD, 0xD7, 0xFF, 0xC6, 0x18, 0xFF, 0xE7, 0x1C,
    0xFF, 0xF7, 0x5D, 0xFF, 0x93, 0xF0, 0xFF, 0x83, 0x4C, 0xFF, 0xF7, 0x5C, 0xFF, 0xFF, 0xFF, 0xFF,
    0xFF, 0xBD, 0xFF, 0xFF, 0xDE, 0xFF, 0xFF, 0xDE, 0xFF, 0xFF, 0xDE, 0xFF, 0xFF, 0xDF, 0xFF, 0xFF,
    0xFF, 0xFF, 0x9C, 0x71, 0xFF, 0x94, 0x51, 0xFF, 0xE7, 0x1C, 0xFF, 0xFF, 0x9E, 0xFF, 0xEF, 0x1C,
    0xFF, 0xEF, 0x1C, 0xFF, 0xEF, 0x1C, 0xFF, 0xEF, 0x3C, 0xFF, 0xEF, 0x1C, 0xFF, 0xCE, 0x39, 0xFF,
    0xBD, 0x76, 0xFF, 0xD6, 0x59, 0xFF, 0xEF, 0x3C, 0xFF, 0xEF, 0x5D, 0xFF, 0xEF, 0x3C, 0xFF, 0xEF,
    0x3C, 0xFF, 0xEF, 0x3C, 0xFF, 0xEF, 0x3C, 0xFF, 0xEF, 0x3C, 0xFF, 0xEF, 0x3C, 0xFF, 0xEF, 0x3C,
    0xFF, 0xEF, 0x3C, 0xFF, 0xEF, 0x3C, 0xFF, 0xEF, 0x3C, 0xFF, 0xEF, 0x3C, 0xFF, 0xEF, 0x3C, 0xFF,
    0xEF, 0x3C, 0xFF, 0xEF, 0x3C, 0xFF, 0xEF, 0x3C, 0xFF, 0xEF, 0x5D, 0xFF, 0xEF, 0x3C, 0xFF, 0xF7,
    0x7D, 0xFF, 0xF7, 0x9D, 0xFF, 0xC5, 0xF8, 0xFF, 0x9C, 0x93, 0xFF, 0xD6, 0x79, 0xFF, 0xEF, 0x3C,
    0xFF, 0xEF, 0x1C, 0xFF, 0xEF, 0x1C, 0xFF, 0xE6, 0xDB, 0xFF, 0xD6, 0x79, 0xFF, 0xB5, 0x56, 0xFF,
    0x8B, 0xEF, 0xFF, 0xB5, 0x53, 0xFF, 0xFF, 0xFD, 0xFF, 0xFF, 0x5B, 0xFF, 0xFF, 0x9B, 0xFF, 0xFF,
    0x9C, 0xFF, 0xFF, 0x9C, 0xFF, 0xFF, 0xBD, 0xFF, 0xFF, 0x9D, 0xFF, 0xFF, 0xFF, 0xFF, 0xD6, 0x58,
    0xFF, 0x7B, 0x2C, 0xFF, 0x9C, 0x71, 0xFF, 0xDE, 0x9A, 0xFF, 0xD6, 0x38, 0xFF, 0xE6, 0xFB, 0xFF,
    0xD6, 0x38, 0xFF, 0x9C, 0x4F, 0xFF, 0x93, 0xEF, 0xFF, 0x7B, 0x4C, 0xFF, 0xB5, 0x55, 0xFF, 0xCD,
    0xF8, 0xFF, 0xC5, 0xB7, 0xFF, 0xC5, 0xD8, 0xFF, 0xCE, 0x38, 0xFF, 0xDE, 0x9A, 0xFF, 0xEF, 0x1C,
    0xFF, 0xDE, 0xBA, 0xFF, 0xAD, 0x35, 0xFF, 0xB5, 0x76, 0xFF, 0xBD, 0x96, 0xFF, 0xB5, 0x76, 0xFF,
    0xDE, 0x9B, 0xFF, 0xB5, 0x76, 0xFF, 0x4A, 0x28, 0xFF, 0x62, 0xA8, 0xFF, 0xBD, 0x30, 0xFF, 0xC5,
    0x0E, 0xFF, 0xBC, 0xCD, 0xFF, 0xCD, 0xB0, 0xFF, 0x94, 0x2B, 0xFF, 0x3A, 0x24, 0xFF, 0x32, 0x02,
    0xFF, 0x53, 0x65, 0xFF, 0x64, 0x07, 0xFF, 0x63, 0xC6, 0xFF, 0x5B, 0xA6, 0xFF, 0x5B, 0xA7, 0xFF,
    0x63, 0xC7, 0xFF, 0x5B, 0xA7, 0xFF, 0x73, 0xEA, 0xFF, 0xA4, 0xD1, 0xFF, 0xBD, 0x95, 0xFF, 0xCE,
    0x18, 0xFF, 0xC5, 0xD7, 0xFF, 0xEE, 0xFC, 0xFF, 0xDE, 0x7A, 0xFF, 0xE6, 0xFC, 0xFF, 0xAD, 0x14,
    0xFF, 0x39, 0xC7, 0xFF, 0x5A, 0xCA, 0xFF, 0xB5, 0x94, 0xFF, 0x8C, 0x70, 0xFF, 0x39, 0xE6, 0xFF,
    0x31, 0xA4, 0xFF, 0x62, 0xC7, 0xFF, 0x8B, 0xEA, 0xFF, 0xB5, 0x0D, 0xFF, 0xDD, 0xD1, 0xFF, 0x93,
    0xCB, 0xFF, 0x8B, 0xEE, 0xFF, 0xEF, 0x3D, 0xFF, 0xFF, 0xFF, 0xFF, 0xEF, 0x7D, 0xFF, 0xEF, 0x5D,
    0xFE, 0xFF, 0xDF, 0xFF, 0xEF, 0x7D, 0xD7, 0x63, 0x0C, 0x5F, 0x00, 0x00, 0x0D, 0x08, 0x61, 0x21,
    0x00, 0x00, 0x21, 0x00, 0x00, 0x04, 0x00, 0x00, 0x00, 0x00, 0x00, 0x00, 0x00, 0x00, 0x00, 0x00,
    0x00, 0x00, 0x00, 0x00, 0x00, 0x00, 0x00, 0x0D, 0x10, 0x42, 0x1D, 0x21, 0x44, 0x24, 0x21, 0x43,
    0x23, 0x00, 0x00, 0x15, 0x00, 0x00, 0x17, 0x8C, 0xAF, 0x81, 0xD7, 0x16, 0xEB, 0x95, 0x4F, 0xFF,
    0x63, 0xE9, 0xFF, 0x63, 0x6A, 0xFF, 0xBD, 0xB6, 0xFF, 0xFF, 0xDF, 0xFF, 0xF7, 0xBE, 0xFF, 0xB5,
    0x95, 0xFF, 0x21, 0x22, 0xFF, 0x6B, 0x8C, 0xFF, 0xF7, 0x9D, 0xFF, 0xEF, 0x3C, 0xFF, 0xEF, 0x1C,
    0xFF, 0xEF, 0x3C, 0xFF, 0xEF, 0x3C, 0xFF, 0xEF, 0x5D, 0xFF, 0xEF, 0x5D, 0xFF, 0xEF, 0x5D, 0xFF,
    0xEF, 0x5D, 0xFF, 0xE7, 0x1C, 0xFF, 0xE6, 0xFC, 0xFF, 0xF7, 0x5D, 0xFF, 0xEF, 0x5D, 0xFF, 0xEF,
    0x3C, 0xFF, 0xEF, 0x5D, 0xFF, 0xF7, 0x5D, 0xFF, 0x83, 0xF0, 0xFF, 0x84, 0x11, 0xFF, 0xE6, 0xFC,
    0xFF, 0xFF, 0x9E, 0xFF, 0xE6, 0xFC, 0xFF, 0xEF, 0x3C, 0xFF, 0xEF, 0x3C, 0xFF, 0xEF, 0x3C, 0xFF,
    0xEF, 0x3C, 0xFF, 0xEF, 0x3C, 0xFF, 0xEF, 0x3C, 0xFF, 0xEF, 0x3C, 0xFF, 0xEF, 0x3C, 0xFF, 0xEF,
    0x3C, 0xFF, 0xEF, 0x5C, 0xFF, 0xEF, 0x5C, 0xFF, 0xEF, 0x5D, 0xFF, 0xEF, 0x3C, 0xFF, 0xFF, 0xBE,
    0xFF, 0xEF, 0x3D, 0xFF, 0x8C, 0x31, 0xFF, 0x94, 0x72, 0xFF, 0xFF, 0xDF, 0xFF, 0xEF, 0x3C, 0xFF,
    0xEF, 0x5D, 0xFF, 0xF7, 0x7D, 0xFF, 0xFF, 0xFF, 0xFF, 0xDE, 0xBA, 0xFF, 0x83, 0x0C, 0xFF, 0xA4,
    0x71, 0xFF, 0xFF, 0xFF, 0xFF, 0xF7, 0x9D, 0xFF, 0xF7, 0x9C, 0xFF, 0xFF, 0x9D, 0xFF, 0xFF, 0x9D,
    0xFF, 0xFF, 0xBD, 0xFF, 0xF7, 0x9E, 0xFF, 0xFF, 0xFF, 0xFF, 0xBD, 0x95, 0xFF, 0x83, 0xAE, 0xFF,
    0xC5, 0xD7, 0xFF, 0xF7, 0x7E, 0xFF, 0xE6, 0xFC, 0xFF, 0xEF, 0x1C, 0xFF, 0xEF, 0x1C, 0xFF, 0xEF,
    0x1C, 0xFF, 0xEF, 0x3C, 0xFF, 0xD6, 0x7A, 0xFF, 0xBD, 0x96, 0xFF, 0xC5, 0xD7, 0xFF, 0xE6, 0xFC,
    0xFF, 0xEF, 0x5D, 0xFF, 0xEF, 0x3C, 0xFF, 0xEF, 0x3C, 0xFF, 0xEF, 0x3C, 0xFF, 0xEF, 0x3C, 0xFF,
    0xEF, 0x3C, 0xFF, 0xEF, 0x3C, 0xFF, 0xEF, 0x3C, 0xFF, 0xEF, 0x3C, 0xFF, 0xEF, 0x3C, 0xFF, 0xEF,
    0x3C, 0xFF, 0xEF, 0x3C, 0xFF, 0xEF, 0x3C, 0xFF, 0xEF, 0x3C, 0xFF, 0xEF, 0x3C, 0xFF, 0xEF, 0x3C,
    0xFF, 0xEF, 0x5D, 0xFF, 0xEF, 0x3C, 0xFF, 0xF7, 0x5D, 0xFF, 0xF7, 0x9E, 0xFF, 0xCE, 0x39, 0xFF,
    0x9C, 0x93, 0xFF, 0xCE, 0x39, 0xFF, 0xEF, 0x3C, 0xFF, 0xEF, 0x3C, 0xFF, 0xEF, 0x3C, 0xFF, 0xDE,
    0x9A, 0xFF, 0xCE, 0x39, 0xFF, 0xAC, 0xF4, 0xFF, 0x8B, 0xEF, 0xFF, 0xCD, 0xF5, 0xFF, 0xFF, 0xFD,
    0xFF, 0xFF, 0x5B, 0xFF, 0xFF, 0x9B, 0xFF, 0xFF, 0x9C, 0xFF, 0xFF, 0xBD, 0xFF, 0xFF, 0xBD, 0xFF,
    0xFF, 0xBD, 0xFF, 0xFF, 0xBE, 0xFF, 0xFF, 0xFF, 0xFF, 0xC5, 0xD6, 0xFF, 0x73, 0x0C, 0xFF, 0xA4,
    0xD3, 0xFF, 0xDE, 0x79, 0xFF, 0xCE, 0x38, 0xFF, 0xE6, 0xDA, 0xFF, 0xB5, 0x13, 0xFF, 0xB5, 0x13,
    0xFF, 0x8B, 0xAE, 0xFF, 0x7B, 0x6D, 0xFF, 0xBD, 0x96, 0xFF, 0xCE, 0x38, 0xFF, 0xC5, 0xB7, 0xFF,
    0xC5, 0xF7, 0xFF, 0xC5, 0xF8, 0xFF, 0xCE, 0x18, 0xFF, 0xD6, 0x59, 0xFF, 0xBD, 0xB7, 0xFF, 0xAD,
    0x35, 0xFF, 0xBD, 0xD7, 0xFF, 0xB5, 0x76, 0xFF, 0xBD, 0xB7, 0xFF, 0xDE, 0xBB, 0xFF, 0xAD, 0x35,
    0xFF, 0x41, 0xC7, 0xFF, 0x52, 0x47, 0xFF, 0xB4, 0xEF, 0xFF, 0xC5, 0x2E, 0xFF, 0xBC, 0xCC, 0xFF,
    0xD5, 0xAF, 0xFF, 0xAC, 0xAE, 0xFF, 0x5A, 0xE7, 0xFF, 0x3A, 0x23, 0xFF, 0x4B, 0x25, 0xFF, 0x6C,
    0x27, 0xFF, 0x6C, 0x07, 0xFF, 0x5B, 0xA6, 0xFF, 0x63, 0xE7, 0xFF, 0x53, 0x86, 0xFF, 0x6B, 0xA9,
    0xFF, 0x9C, 0xB0, 0xFF, 0x9C, 0xB1, 0xFF, 0xDE, 0xFB, 0xFF, 0xAD, 0x34, 0xFF, 0xE6, 0xDB, 0xFF,
    0xE6, 0xDB, 0xFF, 0xDE, 0x9A, 0xFF, 0xEF, 0x1C, 0xFF, 0x94, 0x71, 0xFF, 0x39, 0xC7, 0xFF, 0x7B,
    0xCE, 0xFF, 0xB5, 0x94, 0xFF, 0x9C, 0xB1, 0xFF, 0x94, 0xB2, 0xFF, 0x73, 0xAD, 0xFF, 0x52, 0x67,
    0xFF, 0x7B, 0x69, 0xFF, 0xB4, 0xCE, 0xFF, 0xDD, 0xF2, 0xFF, 0x8B, 0x8B, 0xFF, 0xA4, 0xD2, 0xFF,
    0xF7, 0x9E, 0xFF, 0xFF, 0xDE, 0xFF, 0xEF, 0x3C, 0xFE, 0xFF, 0xBE, 0xFF, 0xEF, 0x7D, 0xEC, 0xAD,
    0x75, 0x89, 0x00, 0x00, 0x11, 0x08, 0x61, 0x21, 0x00, 0x00, 0x21, 0x00, 0x00, 0x04, 0x00, 0x00,
    0x00, 0x00, 0x00, 0x00, 0x00, 0x00, 0x03, 0x00, 0x41, 0x16, 0x3A, 0x87, 0x31, 0x5B, 0xC9, 0x5D,
    0x63, 0xEA, 0x8D, 0x6C, 0x2A, 0x97, 0x6C, 0x2A, 0x8E, 0x63, 0xE9, 0x61, 0x32, 0x25, 0x39, 0x29,
    0xA4, 0x53, 0xAD, 0xD2, 0xD4, 0xA5, 0xD0, 0xFF, 0x64, 0x09, 0xFF, 0x63, 0x8A, 0xFF, 0xBD, 0xD7,
    0xFF, 0xFF, 0xDF, 0xFF, 0xE7, 0x1C, 0xFF, 0x7B, 0xAD, 0xFF, 0x3A, 0x25, 0xFF, 0xD6, 0x97, 0xFF,
    0xEF, 0x5C, 0xFF, 0xEF, 0x1C, 0xFF, 0xEF, 0x1C, 0xFF, 0xEF, 0x3C, 0xFF, 0xEF, 0x3C, 0xFF, 0xEF,
    0x5D, 0xFF, 0xEF, 0x5D, 0xFF, 0xF7, 0x7D, 0xFF, 0xEF, 0x5D, 0xFF, 0xE7, 0x1C, 0xFF, 0xE6, 0xFC,
    0xFF, 0xF7, 0x5D, 0xFF, 0xEF, 0x5D, 0xFF, 0xEF, 0x3C, 0xFF, 0xFF, 0x9E, 0xFF, 0xB5, 0x55, 0xFF,
    0x62, 0xEC, 0xFF, 0xC6, 0x18, 0xFF, 0xFF, 0xBE, 0xFF, 0xEF, 0x1C, 0xFF, 0xEF, 0x1C, 0xFF, 0xEF,
    0x3C, 0xFF, 0xEF, 0x3C, 0xFF, 0xEF, 0x3C, 0xFF, 0xEF, 0x3C, 0xFF, 0xEF, 0x3C, 0xFF, 0xEF, 0x3C,
    0xFF, 0xEF, 0x3C, 0xFF, 0xEF, 0x3C, 0xFF, 0xEF, 0x3C, 0xFF, 0xEF, 0x5C, 0xFF, 0xEF, 0x5D, 0xFF,
    0xEF, 0x3C, 0xFF, 0xF7, 0x9E, 0xFF, 0xF7, 0x7D, 0xFF, 0xA5, 0x14, 0xFF, 0x73, 0x6E, 0xFF, 0xE7,
    0x1C, 0xFF, 0xFF, 0xDF, 0xFF, 0xF7, 0x9E, 0xFF, 0xF7, 0x9E, 0xFF, 0xEF, 0x3D, 0xFF, 0xFF, 0xBE,
    0xFF, 0xA4, 0xF3, 0xFF, 0x7B, 0x0C, 0xFF, 0xD6, 0x37, 0xFF, 0xFF, 0xFF, 0xFF, 0xF7, 0x7C, 0xFF,
    0xFF, 0xBD, 0xFF, 0xFF, 0xBD, 0xFF, 0xFF, 0xBD, 0xFF, 0xFF, 0xBE, 0xFF, 0xFF, 0x9D, 0xFF, 0xFF,
    0xFF, 0xFF, 0xE7, 0x1B, 0xFF, 0x83, 0xCF, 0xFF, 0xA4, 0xB3, 0xFF, 0xEF, 0x3C, 0xFF, 0xEF, 0x3C,
    0xFF, 0xE6, 0xFC, 0xFF, 0xEF, 0x1C, 0xFF, 0xEF, 0x1C, 0xFF, 0xEF, 0x5C, 0xFF, 0xDE, 0xBB, 0xFF,
    0xBD, 0xB7, 0xFF, 0xBD, 0xB6, 0xFF, 0xDE, 0xBA, 0xFF, 0xEF, 0x5D, 0xFF, 0xEF, 0x5C, 0xFF, 0xEF,
    0x3C, 0xFF, 0xEF, 0x3C, 0xFF, 0xEF, 0x3C, 0xFF, 0xEF, 0x3C, 0xFF, 0xEF, 0x3C, 0xFF, 0xEF, 0x3C,
    0xFF, 0xEF, 0x3C, 0xFF, 0xEF, 0x3C, 0xFF, 0xEF, 0x3C, 0xFF, 0xEF, 0x3C, 0xFF, 0xEF, 0x3C, 0xFF,
    0xEF, 0x3C, 0xFF, 0xEF, 0x3C, 0xFF, 0xEF, 0x3C, 0xFF, 0xEF, 0x3C, 0xFF, 0xEF, 0x3C, 0xFF, 0xF7,
    0x5D, 0xFF, 0xF7, 0xBE, 0xFF, 0xD6, 0x59, 0xFF, 0x94, 0x72, 0xFF, 0xC5, 0xF8, 0xFF, 0xEF, 0x1C,
    0xFF, 0xF7, 0x5D, 0xFF, 0xEF, 0x5D, 0xFF, 0xD6, 0x59, 0xFF, 0xCE, 0x39, 0xFF, 0xA4, 0xB3, 0xFF,
    0x8B, 0xEF, 0xFF, 0xE6, 0xB9, 0xFF, 0xFF, 0xBC, 0xFF, 0xFF, 0x5B, 0xFF, 0xFF, 0x9B, 0xFF, 0xFF,
    0x9C, 0xFF, 0xFF, 0x9C, 0xFF, 0xFF, 0xBD, 0xFF, 0xFF, 0xBD, 0xFF, 0xFF, 0x9D, 0xFF, 0xFF, 0xDE,
    0xFF, 0xFF, 0xFF, 0xFF, 0xB5, 0x55, 0xFF, 0x6A, 0xEC, 0xFF, 0xAD, 0x14, 0xFF, 0xD6, 0x79, 0xFF,
    0xDE, 0x79, 0xFF, 0xD6, 0x58, 0xFF, 0xAC, 0xB1, 0xFF, 0xD6, 0x16, 0xFF, 0x8B, 0xEF, 0xFF, 0x83,
    0xCF, 0xFF, 0xC5, 0xB6, 0xFF, 0xCE, 0x38, 0xFF, 0xC5, 0xF7, 0xFF, 0xCE, 0x18, 0xFF, 0xCE, 0x18,
    0xFF, 0xD6, 0x39, 0xFF, 0xC5, 0xF8, 0xFF, 0xA4, 0xF4, 0xFF, 0xBD, 0xB7, 0xFF, 0xB5, 0x56, 0xFF,
    0xC5, 0xF8, 0xFF, 0xC5, 0xB7, 0xFF, 0xD6, 0x79, 0xFF, 0xB5, 0x76, 0xFF, 0x4A, 0x29, 0xFF, 0x41,
    0xC6, 0xFF, 0xA4, 0x6D, 0xFF, 0xBD, 0x0D, 0xFF, 0xBC, 0xAC, 0xFF, 0xCD, 0x90, 0xFF, 0xC5, 0x91,
    0xFF, 0x83, 0xCB, 0xFF, 0x42, 0x85, 0xFF, 0x42, 0xE4, 0xFF, 0x5B, 0xC7, 0xFF, 0x6C, 0x08, 0xFF,
    0x6C, 0x48, 0xFF, 0x53, 0x45, 0xFF, 0x63, 0x68, 0xFF, 0x94, 0x8E, 0xFF, 0x84, 0x0E, 0xFF, 0xD6,
    0x99, 0xFF, 0xBD, 0xB6, 0xFF, 0xCD, 0xF8, 0xFF, 0xEF, 0x1C, 0xFF, 0xE6, 0xDB, 0xFF, 0xE6, 0xFB,
    0xFF, 0xE6, 0xFB, 0xFF, 0x7B, 0xAE, 0xFF, 0x5A, 0xEA, 0xFF, 0x94, 0x70, 0xFF, 0xAD, 0x53, 0xFF,
    0xF7, 0xBE, 0xFF, 0xF7, 0xBE, 0xFF, 0x8C, 0x71, 0xFF, 0x42, 0x06, 0xFF, 0x5A, 0x87, 0xFF, 0xA4,
    0x6E, 0xFF, 0xAC, 0x6E, 0xFF, 0x49, 0xE6, 0xFF, 0xA5, 0x14, 0xFF, 0xFF, 0xFF, 0xFF, 0xEF, 0x5C,
    0xFE, 0xF7, 0x5D, 0xFF, 0xF7, 0x7D, 0xFB, 0xDE, 0xDB, 0xAB, 0x00, 0x00, 0x1B, 0x00, 0x20, 0x22,
    0x00, 0x20, 0x21, 0x02, 0xA0, 0x03, 0x00, 0x00, 0x00, 0x00, 0x00, 0x12, 0x3A, 0x65, 0x32, 0x63,
    0xC9, 0x6D, 0x74, 0x6A, 0xA3, 0x7C, 0xEB, 0xD0, 0x85, 0x0B, 0xF8, 0x85, 0x0C, 0xFB, 0x85, 0x0C,
    0xEE, 0x85, 0x2C, 0xC3, 0x7C, 0xAB, 0x9D, 0x3A, 0x45, 0x80, 0x4A, 0xC7, 0xD9, 0x95, 0x2D, 0xFF,
    0x74, 0x69, 0xFF, 0x63, 0x8A, 0xFE, 0xBD, 0xB6, 0xFF, 0xFF, 0xDF, 0xFF, 0xC6, 0x17, 0xFF, 0x6B,
    0x6A, 0xFF, 0x9C, 0xEF, 0xFF, 0xFF, 0xFC, 0xFF, 0xE7, 0x1B, 0xFF, 0xEF, 0x1C, 0xFF, 0xEF, 0x1C,
    0xFF, 0xEF, 0x3C, 0xFF, 0xEF, 0x3C, 0xFF, 0xEF, 0x5D, 0xFF, 0xEF, 0x5D, 0xFF, 0xF7, 0x7D, 0xFF,
    0xEF, 0x5D, 0xFF, 0xE6, 0xFC, 0xFF, 0xE6, 0xFC, 0xFF, 0xF7, 0x7D, 0xFF, 0xF7, 0x5D, 0xFF, 0xF7,
    0x7E, 0xFF, 0xE6, 0xFC, 0xFF, 0x62, 0xEC, 0xFF, 0x9C, 0xD3, 0xFF, 0xF7, 0x9E, 0xFF, 0xF7, 0x5D,
    0xFF, 0xE7, 0x1B, 0xFF, 0xEF, 0x3C, 0xFF, 0xEF, 0x3C, 0xFF, 0xEF, 0x3C, 0xFF, 0xEF, 0x3C, 0xFF,
    0xEF, 0x3C, 0xFF, 0xEF, 0x3C, 0xFF, 0xEF, 0x3C, 0xFF, 0xEF, 0x3C, 0xFF, 0xEF, 0x3C, 0xFF, 0xEF,
    0x3C, 0xFF, 0xEF, 0x3C, 0xFF, 0xEF, 0x3C, 0xFF, 0xEF, 0x5D, 0xFF, 0xF7, 0x9E, 0xFF, 0xBD, 0xB7,
    0xFF, 0x73, 0x4D, 0xFF, 0xBD, 0xD7, 0xFF, 0xFF, 0xFF, 0xFF, 0xF7, 0x7D, 0xFF, 0xF7, 0x5D, 0xFF,
    0xEF, 0x3D, 0xFF, 0xF7, 0x5D, 0xFF, 0xDE, 0xDB, 0xFF, 0x7B, 0x0C, 0xFF, 0x93, 0xEF, 0xFF, 0xF7,
    0x9D, 0xFF, 0xFF, 0xFD, 0xFF, 0xFF, 0x9C, 0xFF, 0xFF, 0xBD, 0xFF, 0xFF, 0xBD, 0xFF, 0xFF, 0xBD,
    0xFF, 0xFF, 0xBD, 0xFF, 0xFF, 0xBD, 0xFF, 0xFF, 0xBD, 0xFF, 0xFF, 0xDE, 0xFF, 0x9C, 0x92, 0xFF,
    0x8C, 0x10, 0xFF, 0xD6, 0x79, 0xFF, 0xEF, 0x3C, 0xFF, 0xEF, 0x1C, 0xFF, 0xEE, 0xFC, 0xFF, 0xEF,
    0x1C, 0xFF, 0xEF, 0x3C, 0xFF, 0xE6, 0xFC, 0xFF, 0xC5, 0xF8, 0xFF, 0xBD, 0x96, 0xFF, 0xCE, 0x39,
    0xFF, 0xEF, 0x3C, 0xFF, 0xF7, 0x5D, 0xFF, 0xEF, 0x3C, 0xFF, 0xEF, 0x5C, 0xFF, 0xEF, 0x3C, 0xFF,
    0xEF, 0x3C, 0xFF, 0xEF, 0x3C, 0xFF, 0xEF, 0x3C, 0xFF, 0xEF, 0x3C, 0xFF, 0xEF, 0x3C, 0xFF, 0xEF,
    0x3C, 0xFF, 0xEF, 0x3C, 0xFF, 0xEF, 0x3C, 0xFF, 0xEF, 0x3C, 0xFF, 0xEF, 0x3C, 0xFF, 0xEF, 0x3C,
    0xFF, 0xEF, 0x3C, 0xFF, 0xEF, 0x3C, 0xFF, 0xEF, 0x5D, 0xFF, 0xFF, 0xBE, 0xFF, 0xDE, 0x9A, 0xFF,
    0x94, 0x52, 0xFF, 0xBD, 0xB7, 0xFF, 0xE6, 0xFB, 0xFF, 0xF7, 0x7E, 0xFF, 0xEF, 0x3C, 0xFF, 0xCE,
    0x18, 0xFF, 0xC6, 0x18, 0xFF, 0x9C, 0x92, 0xFF, 0x9C, 0x50, 0xFF, 0xF7, 0x7B, 0xFF, 0xFF, 0x7B,
    0xFF, 0xFF, 0x5B, 0xFF, 0xFF, 0x7C, 0xFF, 0xFF, 0x9C, 0xFF, 0xFF, 0x9C, 0xFF, 0xFF, 0x9D, 0xFF,
    0xFF, 0xBD, 0xFF, 0xFF, 0xBD, 0xFF, 0xFF, 0x9C, 0xFF, 0xFF, 0xDD, 0xFF, 0xFF, 0xFE, 0xFF, 0xAD,
    0x34, 0xFF, 0x6A, 0xCC, 0xFF, 0xAD, 0x14, 0xFF, 0xD6, 0x59, 0xFF, 0xE6, 0xBA, 0xFF, 0xB5, 0x13,
    0xFF, 0xBD, 0x33, 0xFF, 0xE6, 0xB9, 0xFF, 0x9C, 0x71, 0xFF, 0x8C, 0x0F, 0xFF, 0xC5, 0xD7, 0xFF,
    0xD6, 0x38, 0xFF, 0xCE, 0x18, 0xFF, 0xCE, 0x18, 0xFF, 0xD6, 0x39, 0xFF, 0xCE, 0x38, 0xFF, 0xA4,
    0xF4, 0xFF, 0xAD, 0x15, 0xFF, 0xB5, 0x36, 0xFF, 0xCD, 0xF8, 0xFF, 0xCE, 0x19, 0xFF, 0xBD, 0x76,
    0xFF, 0xE7, 0x1C, 0xFF, 0xD6, 0x9A, 0xFF, 0x52, 0x8B, 0xFF, 0x31, 0x64, 0xFF, 0x8B, 0xEA, 0xFF,
    0xBD, 0x0D, 0xFF, 0xB4, 0xAC, 0xFF, 0xC5, 0x0E, 0xFF, 0xDE, 0x33, 0xFF, 0xAC, 0xF0, 0xFF, 0x52,
    0xE7, 0xFF, 0x3A, 0x85, 0xFF, 0x53, 0x66, 0xFF, 0x6C, 0x29, 0xFF, 0x63, 0xA7, 0xFF, 0x63, 0x67,
    0xFF, 0x94, 0xAE, 0xFF, 0x94, 0x8F, 0xFF, 0x94, 0x91, 0xFF, 0xDE, 0xDB, 0xFF, 0xB5, 0x76, 0xFF,
    0xE6, 0xFC, 0xFF, 0xEF, 0x5D, 0xFF, 0xE6, 0xDB, 0xFF, 0xF7, 0x7D, 0xFF, 0xDE, 0xBA, 0xFF, 0x73,
    0x8E, 0xFF, 0x52, 0xA9, 0xFF, 0xA4, 0xF2, 0xFF, 0xDE, 0xFB, 0xFF, 0xFF, 0xFF, 0xFF, 0xF7, 0xBD,
    0xFF, 0x8C, 0x6E, 0xFF, 0x5B, 0x08, 0xFF, 0x52, 0x88, 0xFF, 0x7B, 0x6C, 0xFF, 0x41, 0xA6, 0xFF,
    0x8C, 0x51, 0xFF, 0xFF, 0xBE, 0xFF, 0xF7, 0x9D, 0xFE, 0xEF, 0x1C, 0xFF, 0xF7, 0x9E, 0xFF, 0xEF,
    0x3C, 0xC2, 0x08, 0x41, 0x32, 0x00, 0x20, 0x25, 0x00, 0x20, 0x20, 0x00, 0x00, 0x04, 0x11, 0x02,
    0x17, 0x4B, 0x27, 0x50, 0x74, 0xAB, 0x94, 0x85, 0x0B, 0xD8, 0x7C, 0xEB, 0xF7, 0x7C, 0xCA, 0xFB,
    0x7C, 0xEA, 0xFD, 0x7C, 0xCA, 0xFD, 0x74, 0xCA, 0xFE, 0x74, 0xAA, 0xFA, 0x84, 0xEB, 0xFB, 0x74,
    0x8B, 0xF1, 0x2A, 0x04, 0xFF, 0x63, 0xA9, 0xFF, 0x74, 0x49, 0xFF, 0x6B, 0xCA, 0xFF, 0xC6, 0x17,
    0xFF, 0xF7, 0x9D, 0xFF, 0x84, 0x2F, 0xFF, 0x5A, 0xE8, 0xFF, 0xDF, 0x18, 0xFF, 0xF7, 0x9D, 0xFF,
    0xE7, 0x1B, 0xFF, 0xEF, 0x1C, 0xFF, 0xEF, 0x3C, 0xFF, 0xEF, 0x3C, 0xFF, 0xEF, 0x5D, 0xFF, 0xEF,
    0x5D, 0xFF, 0xEF, 0x5D, 0xFF, 0xF7, 0x7D, 0xFF, 0xEF, 0x5D, 0xFF, 0xDE, 0xDB, 0xFF, 0xE6, 0xFC,
    0xFF, 0xF7, 0x7D, 0xFF, 0xF7, 0x7D, 0xFF, 0xFF, 0xBF, 0xFF, 0x8C, 0x31, 0xFF, 0x73, 0x8E, 0xFF,
    0xE7, 0x1C, 0xFF, 0xF7, 0x9E, 0xFF, 0xE7, 0x1C, 0xFF, 0xEF, 0x3C, 0xFF, 0xEF, 0x3C, 0xFF, 0xEF,
    0x3C, 0xFF, 0xEF, 0x3C, 0xFF, 0xEF, 0x3C, 0xFF, 0xEF, 0x3C, 0xFF, 0xEF, 0x3D, 0xFF, 0xEF, 0x3D,
    0xFF, 0xEF, 0x3C, 0xFF, 0xEF, 0x3C, 0xFF, 0xEF, 0x3C, 0xFF, 0xEF, 0x3D, 0xFF, 0xEF, 0x5D, 0xFF,
    0xF7, 0x7E, 0xFF, 0xCE, 0x39, 0xFF, 0x7B, 0xCF, 0xFF, 0x94, 0x92, 0xFF, 0xFF, 0xFF, 0xFF, 0xF7,
    0x9E, 0xFF, 0xF7, 0x7D, 0xFF, 0xF7, 0x5D, 0xFF, 0xEF, 0x3D, 0xFF, 0xF7, 0x7D, 0xFF, 0xAC, 0xF4,
    0xFF, 0x72, 0x8A, 0xFF, 0xC5, 0x95, 0xFF, 0xFF, 0xFF, 0xFF, 0xF7, 0x7B, 0xFF, 0xFF, 0x9C, 0xFF,
    0xFF, 0x9D, 0xFF, 0xFF, 0xBD, 0xFF, 0xFF, 0xBD, 0xFF, 0xFF, 0xBD, 0xFF, 0xFF, 0xBD, 0xFF, 0xFF,
    0x9C, 0xFF, 0xFF, 0xFF, 0xFF, 0xC5, 0xD6, 0xFF, 0x83, 0xCE, 0xFF, 0xB5, 0x75, 0xFF, 0xEE, 0xFC,
    0xFF, 0xEE, 0xFC, 0xFF, 0xEE, 0xFC, 0xFF, 0xEF, 0x1C, 0xFF, 0xEF, 0x3C, 0xFF, 0xEF, 0x3C, 0xFF,
    0xCE, 0x39, 0xFF, 0xBD, 0xB6, 0xFF, 0xC5, 0xD7, 0xFF, 0xE6, 0xDB, 0xFF, 0xF7, 0x7D, 0xFF, 0xEF,
    0x5C, 0xFF, 0xEF, 0x3C, 0xFF, 0xEF, 0x3C, 0xFF, 0xEF, 0x3C, 0xFF, 0xEF, 0x3C, 0xFF, 0xEF, 0x3C,
    0xFF, 0xEF, 0x3C, 0xFF, 0xEF, 0x3C, 0xFF, 0xEF, 0x3C, 0xFF, 0xEF, 0x3C, 0xFF, 0xEF, 0x3C, 0xFF,
    0xEF, 0x3C, 0xFF, 0xEF, 0x3C, 0xFF, 0xEF, 0x3C, 0xFF, 0xEF, 0x3C, 0xFF, 0xEF, 0x5D, 0xFF, 0xEF,
    0x5D, 0xFF, 0xF7, 0x9E, 0xFF, 0xE7, 0x1C, 0xFF, 0x94, 0x72, 0xFF, 0xB5, 0x56, 0xFF, 0xDE, 0xBB,
    0xFF, 0xFF, 0x9E, 0xFF, 0xE6, 0xFB, 0xFF, 0xCE, 0x18, 0xFF, 0xBD, 0xD7, 0xFF, 0x94, 0x30, 0xFF,
    0xAC, 0xF2, 0xFF, 0xFF, 0xFD, 0xFF, 0xFF, 0x5A, 0xFF, 0xFF, 0x7B, 0xFF, 0xFF, 0x7B, 0xFF, 0xFF,
    0x7C, 0xFF, 0xFF, 0x9C, 0xFF, 0xFF, 0x9C, 0xFF, 0xFF, 0x9C, 0xFF, 0xFF, 0x9C, 0xFF, 0xFF, 0x9D,
    0xFF, 0xFF, 0x7C, 0xFF, 0xFF, 0xDD, 0xFF, 0xFF, 0xDD, 0xFF, 0xAD, 0x33, 0xFF, 0x6A, 0xEC, 0xFF,
    0xAD, 0x14, 0xFF, 0xCD, 0xF7, 0xFF, 0xDE, 0x78, 0xFF, 0x9C, 0x50, 0xFF, 0xCE, 0x17, 0xFF, 0xF7,
    0x7D, 0xFF, 0xA4, 0xD3, 0xFF, 0x8C, 0x10, 0xFF, 0xC5, 0xD6, 0xFF, 0xD6, 0x39, 0xFF, 0xCE, 0x18,
    0xFF, 0xCE, 0x18, 0xFF, 0xCE, 0x18, 0xFF, 0xB5, 0x55, 0xFF, 0x8C, 0x11, 0xFF, 0xAD, 0x15, 0xFF,
    0xCD, 0xF8, 0xFF, 0xD6, 0x39, 0xFF, 0xBD, 0xB7, 0xFF, 0xCE, 0x19, 0xFF, 0xFF, 0xBF, 0xFF, 0xE7,
    0x1C, 0xFF, 0x73, 0x8F, 0xFF, 0x31, 0x65, 0xFF, 0x7B, 0x69, 0xFF, 0xBC, 0xED, 0xFF, 0xB4, 0xCC,
    0xFF, 0xB4, 0x8D, 0xFF, 0xDE, 0x13, 0xFF, 0xD6, 0x13, 0xFF, 0x7B, 0xAA, 0xFF, 0x42, 0x65, 0xFF,
    0x53, 0x06, 0xFF, 0x63, 0x67, 0xFF, 0x52, 0xE6, 0xFF, 0x84, 0x0C, 0xFF, 0xBD, 0xD4, 0xFF, 0x6B,
    0x2B, 0xFF, 0xDE, 0xDB, 0xFF, 0xB5, 0x96, 0xFF, 0xD6, 0x99, 0xFF, 0xF7, 0x5D, 0xFF, 0xF7, 0x7D,
    0xFF, 0xE7, 0x1C, 0xFF, 0xFF, 0xBE, 0xFF, 0xCE, 0x38, 0xFF, 0x52, 0x89, 0xFF, 0x73, 0x6D, 0xFF,
    0xF7, 0xBE, 0xFF, 0xFF, 0xFF, 0xFF, 0xE7, 0x1B, 0xFF, 0x9D, 0x0F, 0xFF, 0x9D, 0x2D, 0xFF, 0xA5,
    0x30, 0xFF, 0xB5, 0x75, 0xFF, 0xB5, 0x76, 0xFF, 0xDE, 0xDB, 0xFF, 0xF7, 0xBE, 0xFF, 0xEF, 0x5C,
    0xFF, 0xEF, 0x1C, 0xFF, 0xF7, 0x7D, 0xFF, 0xF7, 0x7D, 0xD7, 0x52, 0x8A, 0x59, 0x00, 0x20, 0x2C,
    0x00, 0x00, 0x21, 0x10, 0x41, 0x1C, 0x5B, 0x88, 0x59, 0x84, 0xEB, 0xA0, 0x7C, 0xEB, 0xDC, 0x7C,
    0xCA, 0xFB, 0x7D, 0x0B, 0xFE, 0x85, 0x2B, 0xFD, 0x85, 0x2B, 0xFE, 0x85, 0x2B, 0xFF, 0x8D, 0x4B,
    0xFE, 0x85, 0x2C, 0xFE, 0x74, 0x8A, 0xFE, 0x8D, 0x4C, 0xFE, 0x5B, 0xA8, 0xFE, 0x3A, 0x86, 0xFF,
    0x63, 0xE9, 0xFF, 0x6B, 0xEA, 0xFF, 0xA5, 0x33, 0xFF, 0xA5, 0x54, 0xFF, 0x42, 0x66, 0xFF, 0x73,
    0xCB, 0xFF, 0xFF, 0xFE, 0xFF, 0xEF, 0x5C, 0xFF, 0xEF, 0x3C, 0xFF, 0xEF, 0x3C, 0xFF, 0xEF, 0x3C,
    0xFF, 0xEF, 0x3C, 0xFF, 0xEF, 0x5D, 0xFF, 0xEF, 0x5D, 0xFF, 0xEF, 0x3C, 0xFF, 0xF7, 0x7D, 0xFF,
    0xEF, 0x3D, 0xFF, 0xDE, 0xBB, 0xFF, 0xDE, 0xDB, 0xFF, 0xF7, 0x9D, 0xFF, 0xFF, 0xDE, 0xFF, 0xC5,
    0xF8, 0xFF, 0x5A, 0xAB, 0xFF, 0xCE, 0x59, 0xFF, 0xF7, 0x9D, 0xFF, 0xEF, 0x1C, 0xFF, 0xEF, 0x1C,
    0xFF, 0xEF, 0x3C, 0xFF, 0xEF, 0x3C, 0xFF, 0xEF, 0x3C, 0xFF, 0xEF, 0x3C, 0xFF, 0xEF, 0x3C, 0xFF,
    0xEF, 0x3C, 0xFF, 0xEF, 0x5C, 0xFF, 0xEF, 0x5C, 0xFF, 0xEF, 0x5D, 0xFF, 0xEF, 0x5D, 0xFF, 0xEF,
    0x5D, 0xFF, 0xEF, 0x5D, 0xFF, 0xEF, 0x5D, 0xFF, 0xDE, 0xBA, 0xFF, 0x8C, 0x31, 0xFF, 0x7B, 0xCF,
    0xFF, 0xE7, 0x3C, 0xFF, 0xFF, 0xDE, 0xFF, 0xEF, 0x5D, 0xFF, 0xF7, 0x7D, 0xFF, 0xEF, 0x5D, 0xFF,
    0xEF, 0x1C, 0xFF, 0xDE, 0xDB, 0xFF, 0x7B, 0x2D, 0xFF, 0x8B, 0xAD, 0xFF, 0xEF, 0x3B, 0xFF, 0xFF,
    0xFD, 0xFF, 0xF7, 0x5B, 0xFF, 0xFF, 0x9C, 0xFF, 0xFF, 0x9D, 0xFF, 0xFF, 0x9D, 0xFF, 0xFF, 0xBD,
    0xFF, 0xFF, 0xBD, 0xFF, 0xFF, 0xBD, 0xFF, 0xFF, 0x7C, 0xFF, 0xFF, 0xFE, 0xFF, 0xE7, 0x1A, 0xFF,
    0x8C, 0x0F, 0xFF, 0x9C, 0x71, 0xFF, 0xDE, 0xBB, 0xFF, 0xE6, 0xFB, 0xFF, 0xEF, 0x1C, 0xFF, 0xEF,
    0x1C, 0xFF, 0xEF, 0x3C, 0xFF, 0xEF, 0x3D, 0xFF, 0xD6, 0x9A, 0xFF, 0xBD, 0xB7, 0xFF, 0xBD, 0xB7,
    0xFF, 0xD6, 0x79, 0xFF, 0xEF, 0x5C, 0xFF, 0xF7, 0x7D, 0xFF, 0xEF, 0x3C, 0xFF, 0xEF, 0x3C, 0xFF,
    0xEF, 0x3C, 0xFF, 0xEF, 0x3C, 0xFF, 0xEF, 0x3C, 0xFF, 0xEF, 0x3C, 0xFF, 0xEF, 0x3C, 0xFF, 0xEF,
    0x3C, 0xFF, 0xEF, 0x3C, 0xFF, 0xEF, 0x3C, 0xFF, 0xEF, 0x3C, 0xFF, 0xEF, 0x3C, 0xFF, 0xEF, 0x3C,
    0xFF, 0xEF, 0x3C, 0xFF, 0xEF, 0x3C, 0xFF, 0xEF, 0x5D, 0xFF, 0xF7, 0x9E, 0xFF, 0xEF, 0x5D, 0xFF,
    0x9C, 0x93, 0xFF, 0xAD, 0x35, 0xFF, 0xD6, 0x7A, 0xFF, 0xF7, 0x9E, 0xFF, 0xD6, 0x9A, 0xFF, 0xCE,
    0x39, 0xFF, 0xB5, 0x76, 0xFF, 0x8B, 0xEF, 0xFF, 0xC5, 0xB5, 0xFF, 0xFF, 0xFE, 0xFF, 0xF7, 0x5A,
    0xFF, 0xFF, 0x7B, 0xFF, 0xFF, 0x7B, 0xFF, 0xFF, 0x7C, 0xFF, 0xFF, 0x9C, 0xFF, 0xFF, 0x9C, 0xFF,
    0xFF, 0x9C, 0xFF, 0xFF, 0x9C, 0xFF, 0xFF, 0x9C, 0xFF, 0xFF, 0x9C, 0xFF, 0xFF, 0x7B, 0xFF, 0xFF,
    0xBC, 0xFF, 0xFF, 0xDD, 0xFF, 0xBD, 0x95, 0xFF, 0x73, 0x4D, 0xFF, 0x9C, 0x71, 0xFF, 0xCD, 0xF7,
    0xFF, 0xCD, 0xF7, 0xFF, 0x9C, 0x50, 0xFF, 0xE6, 0xDB, 0xFF, 0xFF, 0xFF, 0xFF, 0xAC, 0xF4, 0xFF,
    0x8B, 0xCF, 0xFF, 0xC5, 0x96, 0xFF, 0xCE, 0x38, 0xFF, 0xCD, 0xF7, 0xFF, 0xC5, 0xD7, 0xFF, 0xC5,
    0xB7, 0xFF, 0x83, 0xD0, 0xFF, 0x9C, 0x93, 0xFF, 0xC5, 0xB7, 0xFF, 0xD6, 0x39, 0xFF, 0xBD, 0xB7,
    0xFF, 0xCE, 0x39, 0xFF, 0xE7, 0x1C, 0xFF, 0xF7, 0x5D, 0xFF, 0xEF, 0x7D, 0xFF, 0xA5, 0x14, 0xFF,
    0x41, 0xE7, 0xFF, 0x5A, 0x87, 0xFF, 0xAC, 0x8C, 0xFF, 0xBD, 0x0E, 0xFF, 0xAC, 0x6C, 0xFF, 0xC5,
    0x2F, 0xFF, 0xE6, 0x74, 0xFF, 0xB5, 0x50, 0xFF, 0x63, 0x08, 0xFF, 0x42, 0x25, 0xFF, 0x29, 0x63,
    0xFF, 0x42, 0x26, 0xFF, 0xBD, 0xB3, 0xFF, 0x84, 0x0F, 0xFF, 0x9C, 0xD3, 0xFF, 0xCE, 0x79, 0xFF,
    0xBD, 0xD7, 0xFF, 0xEF, 0x5D, 0xFF, 0xF7, 0x9E, 0xFF, 0xEF, 0x5D, 0xFF, 0xEF, 0x5D, 0xFF, 0xFF,
    0xDF, 0xFF, 0xA5, 0x14, 0xFF, 0x52, 0x8A, 0xFF, 0xCE, 0x38, 0xFF, 0xFF, 0xFF, 0xFF, 0xD6, 0xBA,
    0xFF, 0x84, 0xAD, 0xFF, 0x8C, 0xEB, 0xFF, 0x8C, 0xCD, 0xFF, 0xE7, 0x3C, 0xFF, 0xFF, 0xFF, 0xFF,
    0xF7, 0xBE, 0xFF, 0xEF, 0x5C, 0xFF, 0xEF, 0x3C, 0xFF, 0xE7, 0x1C, 0xFF, 0xF7, 0x5D, 0xFF, 0xF7,
    0x9D, 0xE8, 0x94, 0x91, 0x84, 0x00, 0x00, 0x32, 0x08, 0x40, 0x34, 0x53, 0x08, 0x52, 0x85, 0x0C,
    0x9F, 0x7C, 0xCB, 0xDE, 0x7C, 0xEB, 0xFB, 0x85, 0x0B, 0xFF, 0x85, 0x2B, 0xFE, 0x85, 0x4B, 0xFF,
    0x8D, 0x4B, 0xFF, 0x9D, 0xCC, 0xFF, 0xBE, 0xCF, 0xFF, 0xC6, 0xD0, 0xFF, 0x9D, 0x8D, 0xFF, 0x84,
    0xCA, 0xFF, 0x84, 0xCB, 0xFF, 0x32, 0x04, 0xFF, 0x6B, 0xEA, 0xFF, 0x6B, 0xCA, 0xFF, 0x42, 0x47,
    0xFF, 0x3A, 0x46, 0xFF, 0x53, 0x07, 0xFF, 0xB5, 0xD4, 0xFF, 0xFF, 0xFF, 0xFF, 0xEF, 0x3C, 0xFF,
    0xEF, 0x3C, 0xFF, 0xEF, 0x3C, 0xFF, 0xEF, 0x3C, 0xFF, 0xEF, 0x3C, 0xFF, 0xEF, 0x5C, 0xFF, 0xEF,
    0x5D, 0xFF, 0xEF, 0x3C, 0xFF, 0xF7, 0x7D, 0xFF, 0xEF, 0x3C, 0xFF, 0xD6, 0x7A, 0xFF, 0xD6, 0x9A,
    0xFF, 0xFF, 0xBE, 0xFF, 0xE7, 0x1C, 0xFF, 0x62, 0xCC, 0xFF, 0xA5, 0x14, 0xFF, 0xF7, 0x9E, 0xFF,
    0xEF, 0x3C, 0xFF, 0xE7, 0x1B, 0xFF, 0xEF, 0x3C, 0xFF, 0xEF, 0x3C, 0xFF, 0xEF, 0x3C, 0xFF, 0xEF,
    0x3C, 0xFF, 0xEF, 0x3C, 0xFF, 0xEF, 0x3C, 0xFF, 0xEF, 0x3C, 0xFF, 0xEF, 0x5C, 0xFF, 0xEF, 0x5C,
    0xFF, 0xEF, 0x5C, 0xFF, 0xEF, 0x5C, 0xFF, 0xF7, 0x7D, 0xFF, 0xEF, 0x3D, 0xFF, 0xE6, 0xDB, 0xFF,
    0x9C, 0xB3, 0xFF, 0x6B, 0x4D, 0xFF, 0xC5, 0xF7, 0xFF, 0xFF, 0xFF, 0xFF, 0xEF, 0x5D, 0xFF, 0xF7,
    0x7D, 0xFF, 0xEF, 0x5D, 0xFF, 0xEF, 0x3D, 0xFF, 0xE6, 0xFC, 0xFF, 0xAD, 0x35, 0xFF, 0x6A, 0x69,
    0xFF, 0xC5, 0x94, 0xFF, 0xFF, 0xFE, 0xFF, 0xFF, 0x7B, 0xFF, 0xFF, 0x7C, 0xFF, 0xFF, 0x9C, 0xFF,
    0xFF, 0x9C, 0xFF, 0xFF, 0x9C, 0xFF, 0xFF, 0x9D, 0xFF, 0xFF, 0x9D, 0xFF, 0xFF, 0xBD, 0xFF, 0xFF,
    0x9C, 0xFF, 0xFF, 0x9C, 0xFF, 0xFF, 0xFE, 0xFF, 0xAD, 0x13, 0xFF, 0x83, 0xCF, 0xFF, 0xC5, 0xF7,
    0xFF, 0xE6, 0xDB, 0xFF, 0xEF, 0x3C, 0xFF, 0xEF, 0x1C, 0xFF, 0xEF, 0x3C, 0xFF, 0xEF, 0x5D, 0xFF,
    0xE6, 0xDB, 0xFF, 0xC5, 0xD7, 0xFF, 0xBD, 0xB6, 0xFF, 0xC5, 0xF8, 0xFF, 0xE6, 0xFB, 0xFF, 0xF7,
    0x7D, 0xFF, 0xEF, 0x5C, 0xFF, 0xEF, 0x3C, 0xFF, 0xEF, 0x3C, 0xFF, 0xEF, 0x3C, 0xFF, 0xEF, 0x3C,
    0xFF, 0xEF, 0x3C, 0xFF, 0xEF, 0x3C, 0xFF, 0xEF, 0x3C, 0xFF, 0xEF, 0x3C, 0xFF, 0xEF, 0x3C, 0xFF,
    0xEF, 0x3C, 0xFF, 0xEF, 0x3C, 0xFF, 0xEF, 0x3C, 0xFF, 0xEF, 0x3C, 0xFF, 0xEF, 0x3C, 0xFF, 0xEF,
    0x3C, 0xFF, 0xF7, 0x9D, 0xFF, 0xF7, 0x7D, 0xFF, 0x9C, 0xD3, 0xFF, 0xAD, 0x14, 0xFF, 0xCE, 0x38,
    0xFF, 0xE6, 0xFC, 0xFF, 0xCE, 0x59, 0xFF, 0xCE, 0x59, 0xFF, 0xA4, 0xD3, 0xFF, 0x94, 0x2F, 0xFF,
    0xE6, 0xB9, 0xFF, 0xFF, 0xDE, 0xFF, 0xF7, 0x5B, 0xFF, 0xFF, 0x7B, 0xFF, 0xFF, 0x7B, 0xFF, 0xFF,
    0x7B, 0xFF, 0xFF, 0x7B, 0xFF, 0xFF, 0x7B, 0xFF, 0xFF, 0x7B, 0xFF, 0xFF, 0x7B, 0xFF, 0xFF, 0x9B,
    0xFF, 0xFF, 0x9B, 0xFF, 0xFF, 0x7C, 0xFF, 0xFF, 0x7B, 0xFF, 0xFF, 0xBC, 0xFF, 0xFF, 0xFE, 0xFF,
    0xDE, 0x99, 0xFF, 0x83, 0xCF, 0xFF, 0x94, 0x30, 0xFF, 0xDE, 0x79, 0xFF, 0xBD, 0x54, 0xFF, 0xB4,
    0xF3, 0xFF, 0xEF, 0x5C, 0xFF, 0xFF, 0xFF, 0xFF, 0xB5, 0x55, 0xFF, 0x83, 0xAE, 0xFF, 0xB5, 0x34,
    0xFF, 0xCE, 0x17, 0xFF, 0xC5, 0xD7, 0xFF, 0xC5, 0xD7, 0xFF, 0x94, 0x52, 0xFF, 0x7B, 0x8F, 0xFF,
    0xBD, 0x76, 0xFF, 0xD6, 0x5A, 0xFF, 0xBD, 0xB7, 0xFF, 0xCE, 0x39, 0xFF, 0xEF, 0x3C, 0xFF, 0xEF,
    0x3D, 0xFF, 0xEF, 0x5D, 0xFF, 0xF7, 0xBE, 0xFF, 0xCE, 0x58, 0xFF, 0x6B, 0x2C, 0xFF, 0x41, 0xC6,
    0xFF, 0x7B, 0x49, 0xFF, 0xB4, 0xEE, 0xFF, 0xBC, 0xCD, 0xFF, 0xB4, 0x8C, 0xFF, 0xD5, 0xD1, 0xFF,
    0xE6, 0x93, 0xFF, 0xBD, 0x50, 0xFF, 0x62, 0xC8, 0xFF, 0x4A, 0x26, 0xFF, 0xAD, 0x10, 0xFF, 0xBD,
    0xD4, 0xFF, 0x5A, 0xCA, 0xFF, 0xD6, 0x9A, 0xFF, 0xAD, 0x75, 0xFF, 0xE6, 0xFB, 0xFF, 0xF7, 0x9E,
    0xFF, 0xEF, 0x7D, 0xFF, 0xEF, 0x3C, 0xFF, 0xFF, 0x9E, 0xFF, 0xEF, 0x7D, 0xFF, 0x8C, 0x51, 0xFF,
    0x73, 0x8E, 0xFF, 0xF7, 0xBF, 0xFF, 0xCE, 0x99, 0xFF, 0x7C, 0x8B, 0xFF, 0x95, 0x6B, 0xFF, 0x84,
    0xCB, 0xFF, 0xCE, 0x58, 0xFF, 0xF7, 0x9E, 0xFF, 0xF7, 0x7D, 0xFF, 0xEF, 0x5C, 0xFF, 0xEF, 0x3C,
    0xFF, 0xE7, 0x1B, 0xFF, 0xEF, 0x3C, 0xFF, 0xF7, 0x7D, 0xF3, 0xC5, 0xF7, 0xA3, 0x00, 0x20, 0x38,
    0x3A, 0x26, 0x6B, 0x74, 0x6C, 0x93, 0x74, 0xAB, 0xDA, 0x74, 0xAA, 0xFE, 0x7C, 0xEB, 0xFF, 0x85,
    0x0B, 0xFF, 0x85, 0x4B, 0xFF, 0x85, 0x4B, 0xFF, 0x85, 0x2B, 0xFF, 0x95, 0x8C, 0xFF, 0xCE, 0xF0,
    0xFF, 0xDF, 0x91, 0xFF, 0xC6, 0xD0, 0xFF, 0x84, 0xEA, 0xFF, 0x8D, 0x2B, 0xFF, 0x32, 0x45, 0xFF,
    0x4A, 0xE8, 0xFF, 0x4A, 0xC7, 0xFF, 0x5B, 0x68, 0xFF, 0x63, 0xA7, 0xFF, 0x74, 0x0B, 0xFF, 0xEF,
    0x9C, 0xFF, 0xFF, 0xDE, 0xFF, 0xEF, 0x5D, 0xFF, 0xEF, 0x3C, 0xFF, 0xEF, 0x3C, 0xFF, 0xEF, 0x5D,
    0xFF, 0xEF, 0x5D, 0xFF, 0xEF, 0x5D, 0xFF, 0xEF, 0x5D, 0xFF, 0xEF, 0x3C, 0xFF, 0xF7, 0x7D, 0xFF,
    0xEF, 0x3C, 0xFF, 0xCE, 0x18, 0xFF, 0xDE, 0xDB, 0xFF, 0xF7, 0xBE, 0xFF, 0x84, 0x10, 0xFF, 0x83,
    0xF0, 0xFF, 0xF7, 0x7D, 0xFF, 0xF7, 0x5D, 0xFF, 0xE7, 0x1B, 0xFF, 0xEF, 0x3C, 0xFF, 0xEF, 0x3C,
    0xFF, 0xEF, 0x3C, 0xFF, 0xEF, 0x3C, 0xFF, 0xEF, 0x3C, 0xFF, 0xEF, 0x3C, 0xFF, 0xEF, 0x3C, 0xFF,
    0xEF, 0x5C, 0xFF, 0xEF, 0x5C, 0xFF, 0xEF, 0x5C, 0xFF, 0xEF, 0x3C, 0xFF, 0xF7, 0x7D, 0xFF, 0xEF,
    0x5D, 0xFF, 0xE6, 0xFC, 0xFF, 0xAD, 0x35, 0xFF, 0x6B, 0x2D, 0xFF, 0xA4, 0xF4, 0xFF, 0xFF, 0xDF,
    0xFF, 0xF7, 0x7D, 0xFF, 0xEF, 0x5D, 0xFF, 0xEF, 0x5D, 0xFF, 0xF7, 0x5D, 0xFF, 0xEF, 0x1C, 0xFF,
    0xD6, 0x9A, 0xFF, 0x72, 0xEC, 0xFF, 0x93, 0xAD, 0xFF, 0xEF, 0x3A, 0xFF, 0xFF, 0xFD, 0xFF, 0xFF,
    0x5B, 0xFF, 0xFF, 0x9C, 0xFF, 0xFF, 0x9C, 0xFF, 0xFF, 0x9C, 0xFF, 0xFF, 0x9C, 0xFF, 0xFF, 0x9C,
    0xFF, 0xFF, 0x9C, 0xFF, 0xFF, 0x9C, 0xFF, 0xFF, 0x9C, 0xFF, 0xF7, 0x5B, 0xFF, 0xFF, 0xFE, 0xFF,
    0xD6, 0x58, 0xFF, 0x8B, 0xCF, 0xFF, 0xA4, 0xD3, 0xFF, 0xDE, 0xBB, 0xFF, 0xE6, 0xFB, 0xFF, 0xEF,
    0x3C, 0xFF, 0xEF, 0x3C, 0xFF, 0xEF, 0x5D, 0xFF, 0xE7, 0x1C, 0xFF, 0xCE, 0x18, 0xFF, 0xBD, 0x96,
    0xFF, 0xBD, 0xB7, 0xFF, 0xD6, 0x7A, 0xFF, 0xEF, 0x3C, 0xFF, 0xF7, 0x5D, 0xFF, 0xEF, 0x3C, 0xFF,
    0xEF, 0x3C, 0xFF, 0xEF, 0x3C, 0xFF, 0xEF, 0x3C, 0xFF, 0xEF, 0x3C, 0xFF, 0xEF, 0x3C, 0xFF, 0xEF,
    0x3C, 0xFF, 0xEF, 0x3C, 0xFF, 0xEF, 0x3C, 0xFF, 0xEF, 0x3C, 0xFF, 0xEF, 0x3C, 0xFF, 0xEF, 0x3C,
    0xFF, 0xEF, 0x3C, 0xFF, 0xEF, 0x3C, 0xFF, 0xEF, 0x3C, 0xFF, 0xF7, 0x7D, 0xFF, 0xF7, 0x7D, 0xFF,
    0x9C, 0xD3, 0xFF, 0xA4, 0xD3, 0xFF, 0xC5, 0xF8, 0xFF, 0xCE, 0x19, 0xFF, 0xCE, 0x18, 0xFF, 0xCE,
    0x59, 0xFF, 0x94, 0x31, 0xFF, 0x9C, 0x91, 0xFF, 0xFF, 0xBD, 0xFF, 0xFF, 0xBD, 0xFF, 0xFF, 0x7C,
    0xFF, 0xFF, 0x7C, 0xFF, 0xFF, 0x7B, 0xFF, 0xFF, 0x7B, 0xFF, 0xFF, 0x7B, 0xFF, 0xFF, 0x9B, 0xFF,
    0xFF, 0xBC, 0xFF, 0xFF, 0xBC, 0xFF, 0xFF, 0xBC, 0xFF, 0xFF, 0xBC, 0xFF, 0xFF, 0xBC, 0xFF, 0xFF,
    0xBC, 0xFF, 0xFF, 0xBD, 0xFF, 0xFF, 0xBD, 0xFF, 0xFF, 0xFE, 0xFF, 0xF7, 0xBE, 0xFF, 0x9C, 0xB2,
    0xFF, 0x9C, 0x71, 0xFF, 0xD6, 0x38, 0xFF, 0xAC, 0xF2, 0xFF, 0xC5, 0xB5, 0xFF, 0xFF, 0xDE, 0xFF,
    0xFF, 0xFF, 0xFF, 0xC5, 0xF7, 0xFF, 0x83, 0xCE, 0xFF, 0x9C, 0x71, 0xFF, 0xCD, 0xF7, 0xFF, 0xCD,
    0xF7, 0xFF, 0xAD, 0x14, 0xFF, 0x6B, 0x2E, 0xFF, 0xAC, 0xF4, 0xFF, 0xD6, 0x5A, 0xFF, 0xC5, 0xB7,
    0xFF, 0xCE, 0x39, 0xFF, 0xEF, 0x3C, 0xFF, 0xEF, 0x5D, 0xFF, 0xEF, 0x5D, 0xFF, 0xF7, 0x5D, 0xFF,
    0xF7, 0x9E, 0xFF, 0xE7, 0x1C, 0xFF, 0x9C, 0xD3, 0xFF, 0x4A, 0x28, 0xFF, 0x41, 0xC5, 0xFF, 0x83,
    0x6A, 0xFF, 0xBC, 0xCE, 0xFF, 0xBC, 0xED, 0xFF, 0xB4, 0xCD, 0xFF, 0xC5, 0x6F, 0xFF, 0xDE, 0x32,
    0xFF, 0xDE, 0x53, 0xFF, 0xEE, 0xB4, 0xFF, 0xDE, 0xB6, 0xFF, 0x52, 0xA9, 0xFF, 0xA5, 0x13, 0xFF,
    0xBD, 0xF7, 0xFF, 0xCE, 0x38, 0xFF, 0xF7, 0x7D, 0xFF, 0xF7, 0x7E, 0xFF, 0xEF, 0x5D, 0xFF, 0xEF,
    0x3C, 0xFF, 0xF7, 0x9E, 0xFF, 0xE6, 0xFC, 0xFF, 0x84, 0x10, 0xFF, 0x7B, 0xCF, 0xFF, 0xBD, 0xF6,
    0xFF, 0x84, 0xEC, 0xFF, 0x8D, 0x6B, 0xFF, 0x84, 0xCB, 0xFF, 0xC6, 0x37, 0xFF, 0xF7, 0x9E, 0xFF,
    0xF7, 0x7D, 0xFF, 0xEF, 0x5C, 0xFF, 0xEF, 0x3C, 0xFF, 0xE7, 0x1C, 0xFF, 0xEF, 0x3C, 0xFF, 0xEF,
    0x5D, 0xF9, 0xD6, 0x9A, 0xBA, 0x18, 0xE3, 0x5A, 0x6C, 0x0B, 0xDC, 0x6C, 0x4B, 0xE9, 0x6C, 0x6A,
    0xFD, 0x74, 0xAA, 0xFF, 0x85, 0x0B, 0xFF, 0xA6, 0x0D, 0xFF, 0xC6, 0xD0, 0xFF, 0xC6, 0xD0, 0xFF,
    0x9D, 0xCD, 0xFF, 0x84, 0xCA, 0xFF, 0xA6, 0x0D, 0xFF, 0xD7, 0x50, 0xFF, 0xAE, 0x0E, 0xFF, 0x84,
    0xCA, 0xFF, 0x8D, 0x2B, 0xFF, 0x3A, 0x65, 0xFF, 0x00, 0x81, 0xFF, 0x52, 0xE7, 0xFF, 0x95, 0x4B,
    0xFF, 0x6C, 0x08, 0xFF, 0x9D, 0x11, 0xFF, 0xFF, 0xFF, 0xFF, 0xF7, 0x9D, 0xFF, 0xEF, 0x7D, 0xFF,
    0xE6, 0xFB, 0xFF, 0xE7, 0x1C, 0xFF, 0xEF, 0x5D, 0xFF, 0xEF, 0x5D, 0xFF, 0xEF, 0x5D, 0xFF, 0xEF,
    0x5D, 0xFF, 0xEF, 0x5D, 0xFF, 0xF7, 0x9E, 0xFF, 0xE6, 0xFC, 0xFF, 0xD6, 0x59, 0xFF, 0xE6, 0xFB,
    0xFF, 0xA5, 0x14, 0xFF, 0x63, 0x0C, 0xFF, 0xEF, 0x3C, 0xFF, 0xF7, 0x7D, 0xFF, 0xEF, 0x1C, 0xFF,
    0xE7, 0x1C, 0xFF, 0xEF, 0x3C, 0xFF, 0xEF, 0x3C, 0xFF, 0xEF, 0x3C, 0xFF, 0xEF, 0x3C, 0xFF, 0xEF,
    0x3C, 0xFF, 0xEF, 0x3C, 0xFF, 0xEF, 0x3C, 0xFF, 0xEF, 0x3C, 0xFF, 0xEF, 0x3C, 0xFF, 0xEF, 0x3C,
    0xFF, 0xF7, 0x7D, 0xFF, 0xEF, 0x3C, 0xFF, 0xDE, 0xBB, 0xFF, 0xBD, 0xB7, 0xFF, 0x73, 0x4E, 0xFF,
    0x94, 0x52, 0xFF, 0xF7, 0x7D, 0xFF, 0xF7, 0x9E, 0xFF, 0xEF, 0x5C, 0xFF, 0xF7, 0x5D, 0xFF, 0xEF,
    0x5D, 0xFF, 0xEF, 0x5D, 0xFF, 0xDE, 0xDB, 0xFF, 0xA4, 0xB3, 0xFF, 0x6A, 0x69, 0xFF, 0xCD, 0xF6,
    0xFF, 0xFF, 0xFE, 0xFF, 0xFF, 0x7B, 0xFF, 0xFF, 0x7B, 0xFF, 0xFF, 0x7C, 0xFF, 0xFF, 0x9C, 0xFF,
    0xFF, 0x9C, 0xFF, 0xFF, 0x9C, 0xFF, 0xFF, 0x9C, 0xFF, 0xFF, 0x9C, 0xFF, 0xFF, 0x9C, 0xFF, 0xFF,
    0x9C, 0xFF, 0xFF, 0x7B, 0xFF, 0xFF, 0xBC, 0xFF, 0xFF, 0x9C, 0xFF, 0xA4, 0xB2, 0xFF, 0x8B, 0xCF,
    0xFF, 0xD6, 0x59, 0xFF, 0xE6, 0xDB, 0xFF, 0xF7, 0x5D, 0xFF, 0xEF, 0x5D, 0xFF, 0xF7, 0x5D, 0xFF,
    0xEF, 0x3C, 0xFF, 0xD6, 0x79, 0xFF, 0xB5, 0x35, 0xFF, 0xB5, 0x76, 0xFF, 0xC5, 0xF8, 0xFF, 0xE6,
    0xDB, 0xFF, 0xF7, 0x7D, 0xFF, 0xEF, 0x3C, 0xFF, 0xEF, 0x3C, 0xFF, 0xEF, 0x3C, 0xFF, 0xEF, 0x3C,
    0xFF, 0xEF, 0x3C, 0xFF, 0xEF, 0x3C, 0xFF, 0xEF, 0x3C, 0xFF, 0xEF, 0x3C, 0xFF, 0xEF, 0x3C, 0xFF,
    0xEF, 0x3C, 0xFF, 0xEF, 0x3C, 0xFF, 0xEF, 0x3C, 0xFF, 0xEF, 0x3C, 0xFF, 0xEF, 0x3C, 0xFF, 0xEF,
    0x3C, 0xFF, 0xF7, 0x5D, 0xFF, 0xF7, 0x7D, 0xFF, 0xA4, 0xF4, 0xFF, 0x94, 0x52, 0xFF, 0xC5, 0xF8,
    0xFF, 0xC5, 0xF8, 0xFF, 0xCE, 0x19, 0xFF, 0xBD, 0xD8, 0xFF, 0x8C, 0x10, 0xFF, 0xBD, 0x75, 0xFF,
    0xFF, 0xFF, 0xFF, 0xFF, 0x9C, 0xFF, 0xFF, 0x9D, 0xFF, 0xFF, 0x9C, 0xFF, 0xFF, 0x7B, 0xFF, 0xFF,
    0x9C, 0xFF, 0xFF, 0xDD, 0xFF, 0xFF, 0xBC, 0xFF, 0xF6, 0xF9, 0xFF, 0xE6, 0x36, 0xFF, 0xD5, 0xD4,
    0xFF, 0xD5, 0xB3, 0xFF, 0xCD, 0xB4, 0xFF, 0xD5, 0xF5, 0xFF, 0xE6, 0x77, 0xFF, 0xF7, 0x3B, 0xFF,
    0xFF, 0x9D, 0xFF, 0xCE, 0x79, 0xFF, 0xBD, 0xD6, 0xFF, 0xAD, 0x34, 0xFF, 0x9C, 0x91, 0xFF, 0xB5,
    0x34, 0xFF, 0xB4, 0xF3, 0xFF, 0xD6, 0x58, 0xFF, 0xFF, 0xFF, 0xFF, 0xFF, 0xDF, 0xFF, 0xDE, 0xDA,
    0xFF, 0x8C, 0x2F, 0xFF, 0x7B, 0x6D, 0xFF, 0xBD, 0x95, 0xFF, 0xD6, 0x38, 0xFF, 0x7B, 0x8F, 0xFF,
    0x9C, 0x73, 0xFF, 0xD6, 0x39, 0xFF, 0xC5, 0xF8, 0xFF, 0xCE, 0x18, 0xFF, 0xEF, 0x3C, 0xFF, 0xF7,
    0x7D, 0xFF, 0xEF, 0x5D, 0xFF, 0xF7, 0x7D, 0xFF, 0xF7, 0x7D, 0xFF, 0xF7, 0x9E, 0xFF, 0xEF, 0x5D,
    0xFF, 0xC5, 0xF7, 0xFF, 0x73, 0x6E, 0xFF, 0x39, 0xA6, 0xFF, 0x49, 0xE6, 0xFF, 0x8B, 0xAB, 0xFF,
    0xBD, 0x0F, 0xFF, 0xBC, 0xEE, 0xFF, 0xAC, 0x6C, 0xFF, 0xB4, 0xCD, 0xFF, 0xD5, 0xD0, 0xFF, 0xE6,
    0x73, 0xFF, 0x9C, 0x8F, 0xFF, 0x52, 0x69, 0xFF, 0xCE, 0x38, 0xFF, 0xB5, 0x96, 0xFF, 0xE6, 0xFB,
    0xFF, 0xF7, 0x9E, 0xFF, 0xEF, 0x3D, 0xFF, 0xEF, 0x3D, 0xFF, 0xE7, 0x1C, 0xFF, 0xF7, 0x7D, 0xFF,
    0xE7, 0x1C, 0xFF, 0x8C, 0x11, 0xFF, 0x52, 0xAA, 0xFF, 0x8D, 0x2D, 0xFF, 0x95, 0xAC, 0xFF, 0x84,
    0xCB, 0xFF, 0xBE, 0x16, 0xFF, 0xF7, 0x7E, 0xFF, 0xF7, 0x9E, 0xFF, 0xEF, 0x3C, 0xFF, 0xEF, 0x3C,
    0xFF, 0xEF, 0x1C, 0xFF, 0xE6, 0xFB, 0xFF, 0xF7, 0x5D, 0xFF, 0xE6, 0xFB, 0xF3, 0x52, 0x69, 0xD3,
    0x6C, 0x2B, 0xFF, 0x6C, 0x4B, 0xFF, 0x6C, 0x6A, 0xFF, 0x74, 0x6A, 0xFF, 0xAE, 0x2D, 0xFF, 0xE7,
    0x91, 0xFF, 0xE7, 0x92, 0xFF, 0xEF, 0xB3, 0xFF, 0xE7, 0x93, 0xFF, 0xA6, 0x0E, 0xFF, 0x85, 0x2B,
    0xFF, 0xA6, 0x0D, 0xFF, 0x95, 0x8C, 0xFF, 0x8D, 0x0B, 0xFF, 0x84, 0xAA, 0xFF, 0x21, 0xA3, 0xFF,
    0x31, 0xE4, 0xFF, 0x9D, 0x6D, 0xFF, 0x7C, 0xC9, 0xFF, 0x63, 0xA9, 0xFF, 0xD6, 0xB9, 0xFF, 0xFF,
    0xFF, 0xFF, 0xF7, 0x7D, 0xFF, 0xF7, 0x5D, 0xFF, 0xDE, 0xBA, 0xFF, 0xE6, 0xDB, 0xFF, 0xF7, 0x5D,
    0xFF, 0xF7, 0x5D, 0xFF, 0xF7, 0x5D, 0xFF, 0xF7, 0x5D, 0xFF, 0xEF, 0x5D, 0xFF, 0xF7, 0x9E, 0xFF,
    0xEF, 0x3C, 0xFF, 0xD6, 0x7A, 0xFF, 0xA4, 0xF4, 0xFF, 0x5A, 0xCB, 0xFF, 0xCE, 0x59, 0xFF, 0xFF,
    0xBE, 0xFF, 0xEF, 0x1C, 0xFF, 0xEF, 0x1C, 0xFF, 0xEF, 0x3C, 0xFF, 0xEF, 0x3C, 0xFF, 0xEF, 0x3C,
    0xFF, 0xEF, 0x3C, 0xFF, 0xEF, 0x3C, 0xFF, 0xEF, 0x3C, 0xFF, 0xEF, 0x3C, 0xFF, 0xEF, 0x3C, 0xFF,
    0xEF, 0x3C, 0xFF, 0xEF, 0x3C, 0xFF, 0xF7, 0x7D, 0xFF, 0xEF, 0x3C, 0xFF, 0xD6, 0x7A, 0xFF, 0xC5,
    0xD7, 0xFF, 0x6B, 0x2D, 0xFF, 0x7B, 0xAF, 0xFF, 0xE6, 0xDB, 0xFF, 0xFF, 0xBE, 0xFF, 0xEF, 0x7D,
    0xFF, 0xF7, 0x7D, 0xFF, 0xF7, 0x5D, 0xFF, 0xF7, 0x7E, 0xFF, 0xDE, 0xDB, 0xFF, 0xC5, 0xF8, 0xFF,
    0x62, 0x69, 0xFF, 0xA4, 0x70, 0xFF, 0xFF, 0xBD, 0xFF, 0xFF, 0xDD, 0xFF, 0xF7, 0x7B, 0xFF, 0xFF,
    0x9C, 0xFF, 0xFF, 0x9C, 0xFF, 0xFF, 0x9C, 0xFF, 0xFF, 0x9C, 0xFF, 0xFF, 0x9C, 0xFF, 0xFF, 0x9C,
    0xFF, 0xFF, 0x9C, 0xFF, 0xFF, 0x9C, 0xFF, 0xFF, 0x7B, 0xFF, 0xFF, 0x7B, 0xFF, 0xF7, 0x5B, 0xFF,
    0xFF, 0xFE, 0xFF, 0xCE, 0x17, 0xFF, 0x83, 0xCF, 0xFF, 0xB5, 0x55, 0xFF, 0xDE, 0xDA, 0xFF, 0xEF,
    0x3C, 0xFF, 0xF7, 0x5D, 0xFF, 0xF7, 0x7D, 0xFF, 0xEF, 0x5D, 0xFF, 0xDE, 0xBA, 0xFF, 0xAD, 0x35,
    0xFF, 0xAD, 0x14, 0xFF, 0xBD, 0xB7, 0xFF, 0xD6, 0x7A, 0xFF, 0xEF, 0x3C, 0xFF, 0xEF, 0x5D, 0xFF,
    0xEF, 0x3C, 0xFF, 0xEF, 0x3C, 0xFF, 0xEF, 0x3C, 0xFF, 0xEF, 0x3C, 0xFF, 0xEF, 0x3C, 0xFF, 0xEF,
    0x3C, 0xFF, 0xEF, 0x3C, 0xFF, 0xEF, 0x3C, 0xFF, 0xEF, 0x3C, 0xFF, 0xEF, 0x3C, 0xFF, 0xEF, 0x3C,
    0xFF, 0xEF, 0x3C, 0xFF, 0xEF, 0x3C, 0xFF, 0xEF, 0x3C, 0xFF, 0xEF, 0x5D, 0xFF, 0xF7, 0x5D, 0xFF,
    0xB5, 0x76, 0xFF, 0x8C, 0x10, 0xFF, 0xC5, 0xD7, 0xFF, 0xCD, 0xF8, 0xFF, 0xCE, 0x39, 0xFF, 0xAC,
    0xF4, 0xFF, 0x8C, 0x10, 0xFF, 0xD6, 0x79, 0xFF, 0xFF, 0xFF, 0xFF, 0xFF, 0x9C, 0xFF, 0xFF, 0x9D,
    0xFF, 0xFF, 0xDD, 0xFF, 0xFF, 0xFF, 0xFF, 0xFF, 0x7C, 0xFF, 0xD5, 0xB4, 0xFF, 0xB4, 0x4E, 0xFF,
    0xB4, 0x0D, 0xFF, 0xBC, 0x6F, 0xFF, 0xC4, 0xF1, 0xFF, 0xC5, 0x52, 0xFF, 0xCD, 0xB4, 0xFF, 0xCD,
    0xD5, 0xFF, 0xDE, 0x57, 0xFF, 0xF7, 0x5B, 0xFF, 0xC5, 0xD5, 0xFF, 0x21, 0x24, 0xFF, 0x41, 0xC7,
    0xFF, 0xD6, 0x37, 0xFF, 0xD6, 0x78, 0xFF, 0x9C, 0x91, 0xFF, 0x8C, 0x0F, 0xFF, 0xAC, 0xF2, 0xFF,
    0xE7, 0x1B, 0xFF, 0xFF, 0xFF, 0xFF, 0xFF, 0xFF, 0xFF, 0xEF, 0x3C, 0xFF, 0x9C, 0x50, 0xFF, 0x6A,
    0xCA, 0xFF, 0x9C, 0x71, 0xFF, 0x83, 0xCF, 0xFF, 0x94, 0x32, 0xFF, 0xCE, 0x19, 0xFF, 0xC5, 0xF7,
    0xFF, 0xCE, 0x18, 0xFF, 0xEF, 0x3C, 0xFF, 0xF7, 0x7D, 0xFF, 0xF7, 0x7D, 0xFF, 0xF7, 0x7D, 0xFF,
    0xF7, 0x7D, 0xFF, 0xF7, 0x7D, 0xFF, 0xF7, 0x7E, 0xFF, 0xEF, 0x5D, 0xFF, 0xD6, 0x9A, 0xFF, 0xA4,
    0xD3, 0xFF, 0x62, 0xEB, 0xFF, 0x41, 0xA6, 0xFF, 0x49, 0xE6, 0xFF, 0x83, 0x8B, 0xFF, 0xBD, 0x0F,
    0xFF, 0xC5, 0x4E, 0xFF, 0xB4, 0xAC, 0xFF, 0xB4, 0xCD, 0xFF, 0xC5, 0xB1, 0xFF, 0x4A, 0x26, 0xFF,
    0x9C, 0xB2, 0xFF, 0xB5, 0x96, 0xFF, 0xD6, 0x79, 0xFF, 0xF7, 0x7D, 0xFF, 0xEF, 0x5D, 0xFF, 0xE7,
    0x1C, 0xFF, 0xEF, 0x3C, 0xFF, 0xE7, 0x1C, 0xFF, 0xF7, 0x5D, 0xFF, 0xE6, 0xFC, 0xFF, 0x83, 0xF0,
    0xFF, 0x4A, 0xC8, 0xFF, 0x9D, 0xCD, 0xFF, 0x8D, 0x2B, 0xFF, 0xB5, 0xB3, 0xFF, 0xEF, 0x5D, 0xFF,
    0xF7, 0x7E, 0xFF, 0xEF, 0x3C, 0xFF, 0xEF, 0x3C, 0xFF, 0xEF, 0x1C, 0xFF, 0xE6, 0xFB, 0xFF, 0xEF,
    0x3C, 0xFF, 0xF7, 0x5C, 0xFF, 0x8C, 0x30, 0xFF, 0x64, 0x0A, 0xFF, 0x6C, 0x6B, 0xFF, 0x74, 0x8A,
    0xFF, 0xAE, 0x0D, 0xFF, 0xDF, 0x90, 0xFF, 0xE7, 0xB1, 0xFF, 0xE7, 0x92, 0xFF, 0xE7, 0xB3, 0xFF,
    0xEF, 0xF4, 0xFF, 0xD7, 0x52, 0xFF, 0x95, 0x8C, 0xFF, 0x8D, 0x2B, 0xFF, 0x9D, 0xCC, 0xFF, 0x8D,
    0x4B, 0xFF, 0x4B, 0x06, 0xFF, 0x53, 0x07, 0xFF, 0x95, 0x4C, 0xFF, 0xAE, 0x4E, 0xFF, 0x5B, 0x86,
    0xFF, 0x84, 0x4F, 0xFF, 0xFF, 0xDE, 0xFF, 0xF7, 0x9D, 0xFF, 0xF7, 0x5D, 0xFF, 0xE6, 0xFC, 0xFF,
    0xD6, 0x59, 0xFF, 0xE6, 0xFB, 0xFF, 0xF7, 0x5D, 0xFF, 0xF7, 0x5D, 0xFF, 0xEF, 0x5D, 0xFF, 0xF7,
    0x7D, 0xFF, 0xEF, 0x5D, 0xFF, 0xFF, 0xBE, 0xFF, 0xF7, 0x9E, 0xFF, 0x9C, 0xB3, 0xFF, 0x52, 0x6A,
    0xFF, 0xBD, 0xD7, 0xFF, 0xFF, 0xFF, 0xFF, 0xEF, 0x1C, 0xFF, 0xE7, 0x1C, 0xFF, 0xEF, 0x1C, 0xFF,
    0xEF, 0x1C, 0xFF, 0xEF, 0x3C, 0xFF, 0xEF, 0x3C, 0xFF, 0xEF, 0x3C, 0xFF, 0xEF, 0x3C, 0xFF, 0xEF,
    0x3C, 0xFF, 0xEF, 0x3C, 0xFF, 0xEF, 0x3C, 0xFF, 0xEF, 0x3C, 0xFF, 0xF7, 0x7D, 0xFF, 0xEF, 0x1C,
    0xFF, 0xD6, 0x79, 0xFF, 0xC5, 0xD8, 0xFF, 0x62, 0xCC, 0xFF, 0x5A, 0xCC, 0xFF, 0xC5, 0xF7, 0xFF,
    0xF7, 0x7D, 0xFF, 0xF7, 0x7D, 0xFF, 0xF7, 0x7E, 0xFF, 0xF7, 0x7D, 0xFF, 0xF7, 0x9E, 0xFF, 0xE6,
    0xFC, 0xFF, 0xCE, 0x5A, 0xFF, 0x8B, 0xEF, 0xFF, 0x72, 0xCA, 0xFF, 0xE6, 0xDA, 0xFF, 0xFF, 0xFF,
    0xFF, 0xFF, 0x9C, 0xFF, 0xFF, 0x9C, 0xFF, 0xFF, 0x9C, 0xFF, 0xFF, 0x9C, 0xFF, 0xFF, 0x9C, 0xFF,
    0xFF, 0x9C, 0xFF, 0xFF, 0x9C, 0xFF, 0xFF, 0x9C, 0xFF, 0xFF, 0x9C, 0xFF, 0xFF, 0x9C, 0xFF, 0xFF,
    0x7C, 0xFF, 0xFF, 0x7C, 0xFF, 0xFF, 0x5B, 0xFF, 0xFF, 0xDD, 0xFF, 0xF7, 0x7C, 0xFF, 0xA4, 0xB2,
    0xFF, 0x8C, 0x10, 0xFF, 0xD6, 0x9A, 0xFF, 0xDE, 0xDB, 0xFF, 0xF7, 0x9D, 0xFF, 0xF7, 0x7D, 0xFF,
    0xF7, 0x7D, 0xFF, 0xE6, 0xFB, 0xFF, 0xBD, 0xB7, 0xFF, 0x9C, 0x92, 0xFF, 0xB5, 0x75, 0xFF, 0xCE,
    0x18, 0xFF, 0xDE, 0x9A, 0xFF, 0xF7, 0x5D, 0xFF, 0xEF, 0x3C, 0xFF, 0xEF, 0x3C, 0xFF, 0xEF, 0x3C,
    0xFF, 0xEF, 0x3C, 0xFF, 0xEF, 0x3C, 0xFF, 0xEF, 0x3C, 0xFF, 0xEF, 0x3C, 0xFF, 0xEF, 0x5C, 0xFF,
    0xEF, 0x5C, 0xFF, 0xEF, 0x5D, 0xFF, 0xEF, 0x5D, 0xFF, 0xEF, 0x5C, 0xFF, 0xEF, 0x3C, 0xFF, 0xEF,
    0x3C, 0xFF, 0xEF, 0x3C, 0xFF, 0xF7, 0x5D, 0xFF, 0xC5, 0xF7, 0xFF, 0x83, 0xD0, 0xFF, 0xBD, 0x96,
    0xFF, 0xCD, 0xF8, 0xFF, 0xD6, 0x5A, 0xFF, 0x8C, 0x10, 0xFF, 0x9C, 0x92, 0xFF, 0xF7, 0x9E, 0xFF,
    0xFF, 0xDF, 0xFF, 0xFF, 0x9D, 0xFF, 0xFF, 0xFE, 0xFF, 0xFF, 0xFE, 0xFF, 0xD5, 0xF6, 0xFF, 0xA3,
    0xCD, 0xFF, 0xAB, 0xED, 0xFF, 0xC5, 0x11, 0xFF, 0xDE, 0x16, 0xFF, 0xEE, 0xDA, 0xFF, 0xF7, 0x7C,
    0xFF, 0xFF, 0xDE, 0xFF, 0xFF, 0xFE, 0xFF, 0xFF, 0xBD, 0xFF, 0xFF, 0xFE, 0xFF, 0xEF, 0x5B, 0xFF,
    0x62, 0xEA, 0xFF, 0x00, 0x00, 0xFF, 0x31, 0x65, 0xFF, 0xEF, 0x1B, 0xFF, 0xFF, 0xDE, 0xFF, 0xDE,
    0xDA, 0xFF, 0xAD, 0x13, 0xFF, 0x73, 0x4C, 0xFF, 0x8B, 0xEE, 0xFF, 0xDE, 0xDA, 0xFF, 0xFF, 0xFF,
    0xFF, 0xEF, 0x3B, 0xFF, 0xDE, 0x98, 0xFF, 0xBD, 0x74, 0xFF, 0x83, 0x4C, 0xFF, 0x5A, 0x49, 0xFF,
    0x83, 0x8F, 0xFF, 0xC5, 0xF8, 0xFF, 0xD6, 0x39, 0xFF, 0xD6, 0x59, 0xFF, 0xEF, 0x3C, 0xFF, 0xEF,
    0x5D, 0xFF, 0xEF, 0x5D, 0xFF, 0xF7, 0x7D, 0xFF, 0xF7, 0x7E, 0xFF, 0xF7, 0x7D, 0xFF, 0xEF, 0x5D,
    0xFF, 0xEF, 0x5D, 0xFF, 0xF7, 0x7D, 0xFF, 0xEF, 0x3C, 0xFF, 0xCE, 0x38, 0xFF, 0x9C, 0x92, 0xFF,
    0x62, 0xCC, 0xFF, 0x39, 0xA7, 0xFF, 0x4A, 0x07, 0xFF, 0x83, 0xAB, 0xFF, 0xB4, 0xAD, 0xFF, 0xC5,
    0x2E, 0xFF, 0xD5, 0xB0, 0xFF, 0xAC, 0xCD, 0xFF, 0x62, 0xE9, 0xFF, 0xBD, 0xB6, 0xFF, 0xB5, 0x75,
    0xFF, 0xD6, 0x9A, 0xFF, 0xFF, 0xBF, 0xFF, 0xE7, 0x1C, 0xFF, 0xE6, 0xFC, 0xFF, 0xE7, 0x1C, 0xFF,
    0xE7, 0x1C, 0xFF, 0xEF, 0x3D, 0xFF, 0xE6, 0xBB, 0xFF, 0x73, 0xAE, 0xFF, 0x5B, 0x68, 0xFF, 0x8D,
    0x0B, 0xFF, 0xAD, 0x92, 0xFF, 0xE6, 0xFC, 0xFF, 0xF7, 0x7E, 0xFF, 0xEF, 0x3C, 0xFF, 0xEF, 0x3C,
    0xFF, 0xEF, 0x1C, 0xFF, 0xE6, 0xFB, 0xFF, 0xEF, 0x1C, 0xFF, 0xF7, 0x5D, 0xFF, 0xAD, 0x55, 0xFF,
    0x64, 0x2A, 0xFF, 0x74, 0x8B, 0xFF, 0x84, 0xEB, 0xFF, 0xBE, 0x8F, 0xFF, 0xEF, 0xD2, 0xFF, 0xEF,
    0xD2, 0xFF, 0xDF, 0x91, 0xFF, 0xE7, 0x92, 0xFF, 0xE7, 0xB3, 0xFF, 0xD7, 0x32, 0xFF, 0xA5, 0xEE,
    0xFF, 0x95, 0xAD, 0xFF, 0x84, 0xEC, 0xFF, 0x5B, 0xA8, 0xFF, 0x74, 0x2A, 0xFF, 0x9D, 0x6D, 0xFF,
    0xBE, 0xAF, 0xFF, 0x85, 0x0A, 0xFF, 0x5B, 0x69, 0xFF, 0xBD, 0xD7, 0xFF, 0xFF, 0xFF, 0xFF, 0xEF,
    0x3C, 0xFF, 0xEF, 0x3C, 0xFF, 0xC6, 0x18, 0xFF, 0xBD, 0xD7, 0xFF, 0xE7, 0x1C, 0xFF, 0xF7, 0x5D,
    0xFF, 0xEF, 0x5D, 0xFF, 0xF7, 0x7D, 0xFF, 0xEF, 0x5D, 0xFF, 0xF7, 0x7D, 0xFF, 0xFF, 0xFF, 0xFF,
    0xC5, 0xF7, 0xFF, 0x4A, 0x49, 0xFF, 0xA4, 0xF4, 0xFF, 0xFF, 0xFF, 0xFF, 0xEF, 0x5D, 0xFF, 0xEF,
    0x1C, 0xFF, 0xEF, 0x3C, 0xFF, 0xEF, 0x1C, 0xFF, 0xEF, 0x1C, 0xFF, 0xEF, 0x3C, 0xFF, 0xEF, 0x3C,
    0xFF, 0xEF, 0x3C, 0xFF, 0xEF, 0x3C, 0xFF, 0xEF, 0x3C, 0xFF, 0xEF, 0x3C, 0xFF, 0xEF, 0x5D, 0xFF,
    0xF7, 0x7D, 0xFF, 0xE6, 0xFC, 0xFF, 0xD6, 0x79, 0xFF, 0xBD, 0x96, 0xFF, 0x62, 0xEC, 0xFF, 0x4A,
    0x2A, 0xFF, 0xA4, 0xF4, 0xFF, 0xE6, 0xFC, 0xFF, 0xF7, 0x5D, 0xFF, 0xF7, 0x9E, 0xFF, 0xF7, 0x9E,
    0xFF, 0xF7, 0x9E, 0xFF, 0xEF, 0x3C, 0xFF, 0xCE, 0x5A, 0xFF, 0xB5, 0x35, 0xFF, 0x62, 0x68, 0xFF,
    0xC5, 0xD6, 0xFF, 0xFF, 0xFF, 0xFF, 0xFF, 0xDE, 0xFF, 0xFF, 0x9D, 0xFF, 0xFF, 0x9D, 0xFF, 0xFF,
    0x9C, 0xFF, 0xFF, 0x9D, 0xFF, 0xFF, 0x9C, 0xFF, 0xFF, 0x9C, 0xFF, 0xFF, 0x9C, 0xFF, 0xFF, 0x7B,
    0xFF, 0xFF, 0x5B, 0xFF, 0xFF, 0x7B, 0xFF, 0xFF, 0x5B, 0xFF, 0xFF, 0x5B, 0xFF, 0xFF, 0x5B, 0xFF,
    0xF7, 0x5B, 0xFF, 0xFF, 0xFE, 0xFF, 0xCE, 0x17, 0xFF, 0x8B, 0xAE, 0xFF, 0xBD, 0x96, 0xFF, 0xD6,
    0x9A, 0xFF, 0xEF, 0x5D, 0xFF, 0xF7, 0x9E, 0xFF, 0xF7, 0x9D, 0xFF, 0xE6, 0xFC, 0xFF, 0xCE, 0x39,
    0xFF, 0x94, 0x31, 0xFF, 0xA4, 0xB3, 0xFF, 0xC5, 0xB7, 0xFF, 0xCE, 0x18, 0xFF, 0xE6, 0xFB, 0xFF,
    0xF7, 0x5C, 0xFF, 0xEF, 0x1C, 0xFF, 0xEF, 0x3C, 0xFF, 0xEF, 0x1C, 0xFF, 0xEF, 0x1C, 0xFF, 0xEF,
    0x3C, 0xFF, 0xEF, 0x5D, 0xFF, 0xEF, 0x5D, 0xFF, 0xEF, 0x5D, 0xFF, 0xEF, 0x5D, 0xFF, 0xEF, 0x5D,
    0xFF, 0xEF, 0x5C, 0xFF, 0xEF, 0x3C, 0xFF, 0xEF, 0x3C, 0xFF, 0xEF, 0x3C, 0xFF, 0xEF, 0x3C, 0xFF,
    0xD6, 0x38, 0xFF, 0x83, 0xD0, 0xFF, 0xB5, 0x35, 0xFF, 0xCE, 0x19, 0xFF, 0xC5, 0xD7, 0xFF, 0x7B,
    0x8E, 0xFF, 0xBD, 0x75, 0xFF, 0xFF, 0xFF, 0xFF, 0xF7, 0x9D, 0xFF, 0xFF, 0xFF, 0xFF, 0xF7, 0x7C,
    0xFF, 0xB4, 0xB0, 0xFF, 0x9B, 0xAC, 0xFF, 0xC5, 0x12, 0xFF, 0xDE, 0x99, 0xFF, 0xFF, 0x9E, 0xFF,
    0xFF, 0xFF, 0xFF, 0xFF, 0xFF, 0xFF, 0xDE, 0xFA, 0xFF, 0xBD, 0xB5, 0xFF, 0xA4, 0xD1, 0xFF, 0x94,
    0x4F, 0xFF, 0x83, 0xEE, 0xFF, 0x5A, 0xCA, 0xFF, 0x10, 0x61, 0xFF, 0x08, 0x20, 0xFF, 0x41, 0xA5,
    0xFF, 0xD6, 0x78, 0xFF, 0xFF, 0xFF, 0xFF, 0xFF, 0xFF, 0xFF, 0xEF, 0x7D, 0xFF, 0xBD, 0xB6, 0xFF,
    0x83, 0xAD, 0xFF, 0xB5, 0x54, 0xFF, 0xCE, 0x58, 0xFF, 0x6B, 0x2C, 0xFF, 0xD6, 0x57, 0xFF, 0xFF,
    0xBC, 0xFF, 0xDE, 0x36, 0xFF, 0x83, 0x6C, 0xFF, 0x73, 0x2D, 0xFF, 0x9C, 0x92, 0xFF, 0xAC, 0xD3,
    0xFF, 0xC5, 0xD7, 0xFF, 0xF7, 0x7D, 0xFF, 0xFF, 0xDF, 0xFF, 0xF7, 0x9E, 0xFF, 0xF7, 0x7D, 0xFF,
    0xF7, 0x7D, 0xFF, 0xEF, 0x5D, 0xFF, 0xEF, 0x5D, 0xFF, 0xEF, 0x3D, 0xFF, 0xEF, 0x3C, 0xFF, 0xEF,
    0x3C, 0xFF, 0xF7, 0x3C, 0xFF, 0xEF, 0x1C, 0xFF, 0xD6, 0x59, 0xFF, 0x94, 0x92, 0xFF, 0x62, 0xCC,
    0xFF, 0x52, 0x69, 0xFF, 0x5A, 0x88, 0xFF, 0x83, 0x49, 0xFF, 0xA4, 0x2B, 0xFF, 0xDD, 0xD0, 0xFF,
    0x62, 0x87, 0xFF, 0x73, 0x6C, 0xFF, 0x9C, 0xB2, 0xFF, 0xAD, 0x34, 0xFF, 0xCE, 0x59, 0xFF, 0xEF,
    0x5D, 0xFF, 0xF7, 0x5D, 0xFF, 0xE7, 0x1C, 0xFF, 0xDE, 0xFB, 0xFF, 0xDE, 0xBB, 0xFF, 0xE6, 0xDB,
    0xFF, 0xDE, 0x9A, 0xFF, 0x73, 0xAD, 0xFF, 0x42, 0x65, 0xFF, 0x9C, 0xF0, 0xFF, 0xF7, 0x5D, 0xFF,
    0xF7, 0x5D, 0xFF, 0xE7, 0x1B, 0xFF, 0xEF, 0x3C, 0xFF, 0xEF, 0x1C, 0xFF, 0xE6, 0xFB, 0xFF, 0xEF,
    0x1C, 0xFF, 0xEF, 0x5C, 0xFF, 0xC6, 0x18, 0xFF, 0x6C, 0x6A, 0xFF, 0x7C, 0xCB, 0xFF, 0x85, 0x0B,
    0xFF, 0x8D, 0x0B, 0xFF, 0xB6, 0x2E, 0xFF, 0xE7, 0x91, 0xFF, 0xF7, 0xF3, 0xFF, 0xEF, 0xF3, 0xFF,
    0xEF, 0xD3, 0xFF, 0xCE, 0xF1, 0xFF, 0xBE, 0x6F, 0xFF, 0xCE, 0xF1, 0xFF, 0x95, 0x2D, 0xFF, 0x84,
    0xCB, 0xFF, 0xB6, 0x2F, 0xFF, 0xBE, 0x6E, 0xFF, 0xB6, 0x8E, 0xFF, 0x5B, 0xA7, 0xFF, 0x84, 0x4F,
    0xFF, 0xF7, 0x7D, 0xFF, 0xF7, 0x5D, 0xFF, 0xF7, 0x5C, 0xFF, 0xE6, 0xFB, 0xFF, 0xAD, 0x14, 0xFF,
    0xBD, 0x96, 0xFF, 0xEF, 0x1C, 0xFF, 0xEF, 0x5D, 0xFF, 0xEF, 0x5D, 0xFF, 0xEF, 0x5D, 0xFF, 0xEF,
    0x3C, 0xFF, 0xFF, 0xFF, 0xFF, 0xDE, 0xBB, 0xFF, 0x6B, 0x2D, 0xFF, 0x8C, 0x51, 0xFF, 0xFF, 0xFF,
    0xFF, 0xF7, 0x9E, 0xFF, 0xEF, 0x1C, 0xFF, 0xEF, 0x3C, 0xFF, 0xEF, 0x3C, 0xFF, 0xEF, 0x1C, 0xFF,
    0xEF, 0x1C, 0xFF, 0xEF, 0x1C, 0xFF, 0xEF, 0x1C, 0xFF, 0xEF, 0x3C, 0xFF, 0xEF, 0x1C, 0xFF, 0xEF,
    0x1C, 0xFF, 0xEF, 0x5D, 0xFF, 0xEF, 0x3C, 0xFF, 0xDE, 0xBB, 0xFF, 0xD6, 0x59, 0xFF, 0xAD, 0x35,
    0xFF, 0x6B, 0x0D, 0xFF, 0x5A, 0x8B, 0xFF, 0x94, 0x72, 0xFF, 0xCE, 0x19, 0xFF, 0xE6, 0xFB, 0xFF,
    0xF7, 0x7D, 0xFF, 0xF7, 0x9E, 0xFF, 0xF7, 0x9E, 0xFF, 0xEF, 0x3D, 0xFF, 0xCE, 0x59, 0xFF, 0xCE,
    0x19, 0xFF, 0x73, 0x0C, 0xFF, 0x9C, 0x50, 0xFF, 0xFF, 0xDE, 0xFF, 0xFF, 0xFF, 0xFF, 0xFF, 0xBD,
    0xFF, 0xFF, 0xFF, 0xFF, 0xFF, 0xFF, 0xFF, 0xFF, 0xDD, 0xFF, 0xFF, 0x9C, 0xFF, 0xFF, 0x9C, 0xFF,
    0xFF, 0x9C, 0xFF, 0xFF, 0x9C, 0xFF, 0xFF, 0x9C, 0xFF, 0xFF, 0xBD, 0xFF, 0xFF, 0xDD, 0xFF, 0xFF,
    0xDD, 0xFF, 0xFF, 0xDD, 0xFF, 0xFF, 0xFE, 0xFF, 0xFF, 0xDD, 0xFF, 0xFF, 0xFF, 0xFF, 0xEF, 0x5C,
    0xFF, 0xA4, 0x91, 0xFF, 0x94, 0x51, 0xFF, 0xD6, 0x9A, 0xFF, 0xD6, 0x9A, 0xFF, 0xF7, 0x9E, 0xFF,
    0xF7, 0x9E, 0xFF, 0xE7, 0x1C, 0xFF, 0xD6, 0x7A, 0xFF, 0xA4, 0xB3, 0xFF, 0x83, 0xCF, 0xFF, 0xB5,
    0x35, 0xFF, 0xC5, 0xF8, 0xFF, 0xCE, 0x39, 0xFF, 0xF7, 0x5D, 0xFF, 0xEF, 0x3C, 0xFF, 0xEF, 0x3C,
    0xFF, 0xE7, 0x1C, 0xFF, 0xE6, 0xFB, 0xFF, 0xEF, 0x3C, 0xFF, 0xEF, 0x5D, 0xFF, 0xEF, 0x5D, 0xFF,
    0xEF, 0x5D, 0xFF, 0xEF, 0x5D, 0xFF, 0xEF, 0x5D, 0xFF, 0xEF, 0x5C, 0xFF, 0xEF, 0x3C, 0xFF, 0xEF,
    0x3C, 0xFF, 0xEF, 0x1C, 0xFF, 0xEF, 0x3C, 0xFF, 0xDE, 0x99, 0xFF, 0x8B, 0xF0, 0xFF, 0xA4, 0xB3,
    0xFF, 0xD6, 0x5A, 0xFF, 0xA4, 0xB3, 0xFF, 0x83, 0xAE, 0xFF, 0xDE, 0x99, 0xFF, 0xFF, 0xFF, 0xFF,
    0xFF, 0xFE, 0xFF, 0xF7, 0x5C, 0xFF, 0xB4, 0x70, 0xFF, 0xA4, 0x0E, 0xFF, 0xD6, 0x37, 0xFF, 0xFF,
    0xDE, 0xFF, 0xFF, 0xFF, 0xFF, 0xFF, 0xDE, 0xFF, 0xB5, 0x75, 0xFF, 0x73, 0x6D, 0xFF, 0x39, 0xC6,
    0xFF, 0x18, 0xC2, 0xFF, 0x10, 0x61, 0xFF, 0x10, 0x40, 0xFF, 0x00, 0x00, 0xFF, 0x00, 0x00, 0xFF,
    0x08, 0x00, 0xFF, 0x18, 0x81, 0xFF, 0x20, 0xC2, 0xFF, 0x4A, 0x07, 0xFF, 0x94, 0x2F, 0xFF, 0xCE,
    0x58, 0xFF, 0xFF, 0xFF, 0xFF, 0xFF, 0xFF, 0xFF, 0xF7, 0x9D, 0xFF, 0xC5, 0xD6, 0xFF, 0x52, 0x48,
    0xFF, 0x18, 0xA2, 0xFF, 0xAC, 0xF2, 0xFF, 0xFF, 0xBC, 0xFF, 0xFF, 0xDC, 0xFF, 0xC5, 0x52, 0xFF,
    0x83, 0x8E, 0xFF, 0xA4, 0xB3, 0xFF, 0x9C, 0x71, 0xFF, 0x94, 0x30, 0xFF, 0xB5, 0x55, 0xFF, 0xDE,
    0x9A, 0xFF, 0xEF, 0x5D, 0xFF, 0xF7, 0x9E, 0xFF, 0xF7, 0x5D, 0xFF, 0xEF, 0x5D, 0xFF, 0xEF, 0x3D,
    0xFF, 0xEF, 0x3D, 0xFF, 0xEF, 0x3C, 0xFF, 0xEF, 0x1C, 0xFF, 0xE7, 0x1C, 0xFF, 0xEF, 0x5C, 0xFF,
    0xF7, 0x7D, 0xFF, 0xD6, 0x59, 0xFF, 0xBD, 0x96, 0xFF, 0xB5, 0x96, 0xFF, 0x8C, 0x31, 0xFF, 0x6B,
    0x4C, 0xFF, 0x73, 0x2B, 0xFF, 0x7B, 0x4A, 0xFF, 0x39, 0x64, 0xFF, 0x6B, 0x4C, 0xFF, 0xAD, 0x14,
    0xFF, 0xA5, 0x14, 0xFF, 0xAD, 0x55, 0xFF, 0xC5, 0xF8, 0xFF, 0xDE, 0xBA, 0xFF, 0xEF, 0x3D, 0xFF,
    0xEF, 0x3D, 0xFF, 0xE6, 0xFC, 0xFF, 0xCE, 0x39, 0xFF, 0xDE, 0x9A, 0xFF, 0xD6, 0x9A, 0xFF, 0x5A,
    0xEA, 0xFF, 0x52, 0x88, 0xFF, 0xDE, 0xDA, 0xFF, 0xFF, 0xFF, 0xFF, 0xE6, 0xDB, 0xFF, 0xE6, 0xFB,
    0xFF, 0xEF, 0x1C, 0xFF, 0xEF, 0x1C, 0xFF, 0xEF, 0x1B, 0xFF, 0xEF, 0x3C, 0xFF, 0xE7, 0x1C, 0xFF,
    0x74, 0x8A, 0xFF, 0x74, 0xAA, 0xFF, 0x74, 0xAA, 0xFF, 0x74, 0x8A, 0xFF, 0x7C, 0xCA, 0xFF, 0xA5,
    0xCC, 0xFF, 0xCE, 0xF0, 0xFF, 0xE7, 0x92, 0xFF, 0xE7, 0x92, 0xFF, 0xDF, 0x51, 0xFF, 0xD7, 0x11,
    0xFF, 0xC6, 0x70, 0xFF, 0xB6, 0x0E, 0xFF, 0xC6, 0x90, 0xFF, 0xBE, 0x6F, 0xFF, 0xCE, 0xF0, 0xFF,
    0x74, 0x69, 0xFF, 0x5B, 0x29, 0xFF, 0xCE, 0x38, 0xFF, 0xFF, 0xDF, 0xFF, 0xEF, 0x1C, 0xFF, 0xF7,
    0x5D, 0xFF, 0xD6, 0x7A, 0xFF, 0x9C, 0x93, 0xFF, 0xC5, 0xB7, 0xFF, 0xEE, 0xFB, 0xFF, 0xF7, 0x3C,
    0xFF, 0xEF, 0x3C, 0xFF, 0xEF, 0x3C, 0xFF, 0xFF, 0xFF, 0xFF, 0xDE, 0xDB, 0xFF, 0x73, 0x6E, 0xFF,
    0x8C, 0x51, 0xFF, 0xF7, 0xBE, 0xFF, 0xFF, 0xBE, 0xFF, 0xEF, 0x3C, 0xFF, 0xEF, 0x5D, 0xFF, 0xEF,
    0x3D, 0xFF, 0xEF, 0x3C, 0xFF, 0xEF, 0x3C, 0xFF, 0xEF, 0x1C, 0xFF, 0xEF, 0x1C, 0xFF, 0xEF, 0x1C,
    0xFF, 0xE7, 0x1C, 0xFF, 0xEF, 0x1C, 0xFF, 0xEF, 0x3C, 0xFF, 0xEF, 0x1C, 0xFF, 0xDE, 0xBB, 0xFF,
    0xCE, 0x39, 0xFF, 0xA4, 0xB3, 0xFF, 0x62, 0xCC, 0xFF, 0x73, 0x4E, 0xFF, 0xAD, 0x14, 0xFF, 0xBD,
    0x96, 0xFF, 0xCE, 0x18, 0xFF, 0xEF, 0x1C, 0xFF, 0xF7, 0x7D, 0xFF, 0xF7, 0x9E, 0xFF, 0xEF, 0x1C,
    0xFF, 0xCE, 0x39, 0xFF, 0xCE, 0x19, 0xFF, 0x9C, 0x51, 0xFF, 0x7B, 0x2B, 0xFF, 0xEF, 0x5C, 0xFF,
    0xFF, 0xFF, 0xFF, 0xFF, 0xDE, 0xFF, 0xFF, 0xDF, 0xFF, 0xE6, 0xFA, 0xFF, 0xE6, 0xFA, 0xFF, 0xFF,
    0xDE, 0xFF, 0xFF, 0xDE, 0xFF, 0xFF, 0xDD, 0xFF, 0xFF, 0xDE, 0xFF, 0xFF, 0xBC, 0xFF, 0xF7, 0x7B,
    0xFF, 0xEF, 0x3A, 0xFF, 0xEE, 0xFA, 0xFF, 0xEE, 0xFA, 0xFF, 0xEE, 0xFA, 0xFF, 0xEF, 0x1A, 0xFF,
    0xF7, 0x5B, 0xFF, 0xFF, 0xDE, 0xFF, 0xFF, 0xFF, 0xFF, 0xDE, 0xB9, 0xFF, 0x94, 0x10, 0xFF, 0xC5,
    0xF7, 0xFF, 0xCE, 0x59, 0xFF, 0xE6, 0xFB, 0xFF, 0xFF, 0xBE, 0xFF, 0xF7, 0x5D, 0xFF, 0xD6, 0x7A,
    0xFF, 0xBD, 0x96, 0xFF, 0x7B, 0x8E, 0xFF, 0x9C, 0x51, 0xFF, 0xC5, 0xD8, 0xFF, 0xBD, 0xB7, 0xFF,
    0xDE, 0xBB, 0xFF, 0xF7, 0x5D, 0xFF, 0xEF, 0x3C, 0xFF, 0xEF, 0x1C, 0xFF, 0xDE, 0xBA, 0xFF, 0xE7,
    0x1C, 0xFF, 0xF7, 0x5D, 0xFF, 0xEF, 0x5D, 0xFF, 0xEF, 0x5D, 0xFF, 0xEF, 0x5D, 0xFF, 0xEF, 0x5D,
    0xFF, 0xEF, 0x5C, 0xFF, 0xEF, 0x3C, 0xFF, 0xEF, 0x3C, 0xFF, 0xEF, 0x1C, 0xFF, 0xEF, 0x3C, 0xFF,
    0xE6, 0xDB, 0xFF, 0x8C, 0x31, 0xFF, 0x94, 0x52, 0xFF, 0xCE, 0x39, 0xFF, 0x7B, 0x6E, 0xFF, 0x9C,
    0x71, 0xFF, 0xF7, 0x9C, 0xFF, 0xFF, 0xFF, 0xFF, 0xF7, 0x7C, 0xFF, 0xC5, 0x33, 0xFF, 0xAC, 0x90,
    0xFF, 0xEF, 0x1B, 0xFF, 0xFF, 0xFF, 0xFF, 0xFF, 0xFF, 0xFF, 0xC5, 0xF7, 0xFF, 0x6A, 0xEB, 0xFF,
    0x31, 0x24, 0xFF, 0x00, 0x00, 0xFF, 0x00, 0x00, 0xFF, 0x10, 0x61, 0xFF, 0x10, 0x61, 0xFF, 0x00,
    0x00, 0xFF, 0x00, 0x00, 0xFF, 0x08, 0x40, 0xFF, 0x28, 0xE2, 0xFF, 0x31, 0x23, 0xFF, 0x31, 0x02,
    0xFF, 0x18, 0x20, 0xFF, 0x18, 0x40, 0xFF, 0x41, 0xA5, 0xFF, 0x7B, 0x8D, 0xFF, 0xB5, 0x54, 0xFF,
    0xC5, 0xF7, 0xFF, 0x73, 0x8D, 0xFF, 0x00, 0x00, 0xFF, 0x08, 0x20, 0xFF, 0x9C, 0x50, 0xFF, 0xFF,
    0xDE, 0xFF, 0xFF, 0xBC, 0xFF, 0xD5, 0xF4, 0xFF, 0x93, 0xCE, 0xFF, 0xB5, 0x76, 0xFF, 0xC5, 0xD7,
    0xFF, 0xB5, 0x55, 0xFF, 0xB5, 0x55, 0xFF, 0xAD, 0x34, 0xFF, 0xBD, 0x96, 0xFF, 0xDE, 0x9A, 0xFF,
    0xEF, 0x1C, 0xFF, 0xEF, 0x3C, 0xFF, 0xEF, 0x3C, 0xFF, 0xEF, 0x1C, 0xFF, 0xEF, 0x3C, 0xFF, 0xEF,
    0x1C, 0xFF, 0xE7, 0x1C, 0xFF, 0xEF, 0x3C, 0xFF, 0xEF, 0x3C, 0xFF, 0xC6, 0x18, 0xFF, 0xC5, 0xF7,
    0xFF, 0xEF, 0x3C, 0xFF, 0xDE, 0xBA, 0xFF, 0xBD, 0xD7, 0xFF, 0xC6, 0x18, 0xFF, 0xA5, 0x14, 0xFF,
    0x8C, 0x51, 0xFF, 0xD6, 0x79, 0xFF, 0xD6, 0xBA, 0xFF, 0x8C, 0x50, 0xFF, 0x94, 0x92, 0xFF, 0xC5,
    0xB7, 0xFF, 0xC5, 0xD7, 0xFF, 0xD6, 0x79, 0xFF, 0xE6, 0xFB, 0xFF, 0xE6, 0xFB, 0xFF, 0xD6, 0x7A,
    0xFF, 0xC5, 0xD7, 0xFF, 0xDE, 0xBA, 0xFF, 0xCE, 0x59, 0xFF, 0x63, 0x0B, 0xFF, 0x73, 0x4D, 0xFF,
    0xDE, 0xBA, 0xFF, 0xFF, 0xFF, 0xFF, 0xF7, 0x3C, 0xFF, 0xE6, 0xDB, 0xFF, 0xEF, 0x1B, 0xFF, 0xEF,
    0x1C, 0xFF, 0xEF, 0x3C, 0xFF, 0xFF, 0xBE, 0xFF, 0x6C, 0x6A, 0xFF, 0x7C, 0xAA, 0xFF, 0x85, 0x0B,
    0xFF, 0x8D, 0x6C, 0xFF, 0x8D, 0x4B, 0xFF, 0x8D, 0x6B, 0xFF, 0x9D, 0xCC, 0xFF, 0xAE, 0x0D, 0xFF,
    0xAE, 0x0E, 0xFF, 0xB6, 0x2E, 0xFF, 0xA5, 0xAD, 0xFF, 0x9D, 0x6D, 0xFF, 0xBE, 0x4F, 0xFF, 0xBE,
    0x6F, 0xFF, 0xCE, 0xF1, 0xFF, 0x95, 0x4C, 0xFF, 0x3A, 0x66, 0xFF, 0xA4, 0xF4, 0xFF, 0xFF, 0xDF,
    0xFF, 0xEF, 0x5D, 0xFF, 0xEF, 0x3C, 0xFF, 0xEF, 0x1C, 0xFF, 0xBD, 0xB7, 0xFF, 0x94, 0x31, 0xFF,
    0xCD, 0xF8, 0xFF, 0xEF, 0x1C, 0xFF, 0xEF, 0x1C, 0xFF, 0xEF, 0x1C, 0xFF, 0xFF, 0xFF, 0xFF, 0xDE,
    0xBB, 0xFF, 0x6B, 0x4D, 0xFF, 0x84, 0x10, 0xFF, 0xF7, 0x9E, 0xFF, 0xFF, 0xDF, 0xFF, 0xEF, 0x3C,
    0xFF, 0xEF, 0x7D, 0xFF, 0xEF, 0x5D, 0xFF, 0xEF, 0x5D, 0xFF, 0xEF, 0x5C, 0xFF, 0xEF, 0x3C, 0xFF,
    0xEF, 0x3C, 0xFF, 0xEF, 0x1C, 0xFF, 0xEF, 0x1C, 0xFF, 0xEF, 0x1C, 0xFF, 0xEF, 0x3C, 0xFF, 0xE6,
    0xFB, 0xFF, 0xDE, 0x9A, 0xFF, 0xC5, 0xD7, 0xFF, 0x8C, 0x31, 0xFF, 0x5A, 0x8B, 0xFF, 0x73, 0x6E,
    0xFF, 0xC5, 0xD8, 0xFF, 0xBD, 0x96, 0xFF, 0xB5, 0x55, 0xFF, 0xD6, 0x59, 0xFF, 0xEF, 0x1C, 0xFF,
    0xF7, 0x5D, 0xFF, 0xEF, 0x1C, 0xFF, 0xCE, 0x39, 0xFF, 0xC5, 0xF8, 0xFF, 0xB5, 0x34, 0xFF, 0x72,
    0xCA, 0xFF, 0xD6, 0x58, 0xFF, 0xFF, 0xFF, 0xFF, 0xFF, 0xDE, 0xFF, 0xFF, 0xBE, 0xFF, 0xFF, 0xFF,
    0xFF, 0x9C, 0x91, 0xFF, 0x62, 0xCA, 0xFF, 0xD6, 0x99, 0xFF, 0xFF, 0xFF, 0xFF, 0xEE, 0xFA, 0xFF,
    0xE6, 0x98, 0xFF, 0xD6, 0x16, 0xFF, 0xCD, 0x94, 0xFF, 0xC5, 0x53, 0xFF, 0xBD, 0x32, 0xFF, 0xBD,
    0x12, 0xFF, 0xBC, 0xF2, 0xFF, 0xB4, 0xD1, 0xFF, 0xB4, 0xB1, 0xFF, 0xB4, 0xD1, 0xFF, 0xD6, 0x16,
    0xFF, 0xDE, 0x98, 0xFF, 0xBD, 0x33, 0xFF, 0xAC, 0xF3, 0xFF, 0xD6, 0x9A, 0xFF, 0xCE, 0x39, 0xFF,
    0xEF, 0x5D, 0xFF, 0xF7, 0x9E, 0xFF, 0xDE, 0x9A, 0xFF, 0xC5, 0xF7, 0xFF, 0x8B, 0xEF, 0xFF, 0x7B,
    0x4D, 0xFF, 0xB5, 0x55, 0xFF, 0xC5, 0xF8, 0xFF, 0xC5, 0xD8, 0xFF, 0xEF, 0x1C, 0xFF, 0xEF, 0x5D,
    0xFF, 0xEF, 0x3C, 0xFF, 0xDE, 0xDB, 0xFF, 0xDE, 0xBA, 0xFF, 0xEF, 0x5C, 0xFF, 0xF7, 0x5D, 0xFF,
    0xEF, 0x5D, 0xFF, 0xEF, 0x5D, 0xFF, 0xEF, 0x5D, 0xFF, 0xEF, 0x5C, 0xFF, 0xEF, 0x3C, 0xFF, 0xEF,
    0x3C, 0xFF, 0xEF, 0x3C, 0xFF, 0xEF, 0x3C, 0xFF, 0xE6, 0xFB, 0xFF, 0x9C, 0x72, 0xFF, 0x9C, 0x72,
    0xFF, 0xAD, 0x15, 0xFF, 0x73, 0x0C, 0xFF, 0xC5, 0xB5, 0xFF, 0xFF, 0xFF, 0xFF, 0xFF, 0xBD, 0xFF,
    0xDE, 0x37, 0xFF, 0xBD, 0x33, 0xFF, 0xEF, 0x7D, 0xFF, 0xFF, 0xFF, 0xFF, 0xF7, 0xBE, 0xFF, 0xA4,
    0xF3, 0xFF, 0x31, 0x24, 0xFF, 0x18, 0x61, 0xFF, 0x73, 0x2A, 0xFF, 0x4A, 0x06, 0xFF, 0x31, 0x03,
    0xFF, 0x49, 0xE5, 0xFF, 0x21, 0x02, 0xFF, 0x00, 0x00, 0xFF, 0x08, 0x41, 0xFF, 0x10, 0x81, 0xFF,
    0x31, 0x23, 0xFF, 0x49, 0x84, 0xFF, 0x51, 0xC5, 0xFF, 0x49, 0xA5, 0xFF, 0x31, 0x02, 0xFF, 0x10,
    0x00, 0xFF, 0x08, 0x00, 0xFF, 0x20, 0xC2, 0xFF, 0x20, 0xC2, 0xFF, 0x00, 0x20, 0xFF, 0x00, 0x00,
    0xFF, 0x41, 0x85, 0xFF, 0xD6, 0x17, 0xFF, 0xFF, 0xFE, 0xFF, 0xFF, 0xDD, 0xFF, 0xE6, 0x97, 0xFF,
    0x93, 0xEE, 0xFF, 0xAD, 0x14, 0xFF, 0xCE, 0x59, 0xFF, 0xEF, 0x3C, 0xFF, 0xF7, 0x9D, 0xFF, 0xD6,
    0x59, 0xFF, 0xBD, 0xB6, 0xFF, 0xCE, 0x59, 0xFF, 0xE6, 0xFB, 0xFF, 0xEF, 0x1C, 0xFF, 0xEF, 0x1C,
    0xFF, 0xEF, 0x1C, 0xFF, 0xEF, 0x1C, 0xFF, 0xEF, 0x1C, 0xFF, 0xEF, 0x1C, 0xFF, 0xEF, 0x3C, 0xFF,
    0xEF, 0x3C, 0xFF, 0xD6, 0x79, 0xFF, 0xBD, 0xD7, 0xFF, 0xCE, 0x39, 0xFF, 0xC6, 0x18, 0xFF, 0xD6,
    0x59, 0xFF, 0xFF, 0xFF, 0xFF, 0xFF, 0xFF, 0xFF, 0xFF, 0xFF, 0xFF, 0xFF, 0xDF, 0xFF, 0xFF, 0xDF,
    0xFF, 0x7B, 0xCF, 0xFF, 0x52, 0x8A, 0xFF, 0x94, 0x71, 0xFF, 0xAC, 0xF3, 0xFF, 0xBD, 0x96, 0xFF,
    0xD6, 0x79, 0xFF, 0xD6, 0x59, 0xFF, 0xCE, 0x18, 0xFF, 0xC5, 0xF7, 0xFF, 0xB5, 0x76, 0xFF, 0xDE,
    0xBA, 0xFF, 0xCE, 0x38, 0xFF, 0x6B, 0x2D, 0xFF, 0x6B, 0x0C, 0xFF, 0xC5, 0xF7, 0xFF, 0xFF, 0xBE,
    0xFF, 0xFF, 0x9D, 0xFF, 0xE7, 0x1B, 0xFF, 0xE6, 0xFB, 0xFF, 0xEF, 0x3C, 0xFF, 0xFF, 0xFF, 0xFF,
    0x8D, 0x6C, 0xFF, 0xAE, 0x2E, 0xFF, 0xBE, 0xAF, 0xFF, 0xC6, 0xCF, 0xFF, 0xBE, 0xAF, 0xFF, 0xAE,
    0x4D, 0xFF, 0x9D, 0xCC, 0xFF, 0x9D, 0x8C, 0xFF, 0x9D, 0x6B, 0xFF, 0x84, 0xAA, 0xFF, 0x84, 0xCA,
    0xFF, 0xB6, 0x2E, 0xFF, 0xC6, 0xAF, 0xFF, 0xCE, 0xF0, 0xFF, 0xAD, 0xEE, 0xFF, 0x3A, 0x45, 0xFF,
    0x84, 0x50, 0xFF, 0xF7, 0x9E, 0xFF, 0xFF, 0x9E, 0xFF, 0xEF, 0x3C, 0xFF, 0xF7, 0x5D, 0xFF, 0xDE,
    0x9A, 0xFF, 0xA4, 0xD3, 0xFF, 0x83, 0xAF, 0xFF, 0xCD, 0xF8, 0xFF, 0xEE, 0xFB, 0xFF, 0xF7, 0x3C,
    0xFF, 0xFF, 0xBE, 0xFF, 0xD6, 0x79, 0xFF, 0x62, 0xEB, 0xFF, 0x7B, 0xCF, 0xFF, 0xEF, 0x7D, 0xFF,
    0xFF, 0xDF, 0xFF, 0xEF, 0x3C, 0xFF, 0xF7, 0x7D, 0xFF, 0xEF, 0x7D, 0xFF, 0xEF, 0x5D, 0xFF, 0xEF,
    0x5D, 0xFF, 0xEF, 0x5D, 0xFF, 0xEF, 0x3C, 0xFF, 0xEF, 0x3C, 0xFF, 0xEF, 0x3C, 0xFF, 0xEF, 0x3C,
    0xFF, 0xEF, 0x3C, 0xFF, 0xE6, 0xDB, 0xFF, 0xD6, 0x39, 0xFF, 0xB5, 0x35, 0xFF, 0x7B, 0x8F, 0xFF,
    0x41, 0xA8, 0xFF, 0x62, 0xAC, 0xFF, 0xCD, 0xF8, 0xFF, 0xC5, 0xD7, 0xFF, 0xA4, 0xF4, 0xFF, 0xBD,
    0xB7, 0xFF, 0xDE, 0x9B, 0xFF, 0xEE, 0xFC, 0xFF, 0xE6, 0xDB, 0xFF, 0xCE, 0x19, 0xFF, 0xC5, 0xF8,
    0xFF, 0xBD, 0x76, 0xFF, 0x73, 0x0B, 0xFF, 0xAC, 0xF2, 0xFF, 0xFF, 0xFF, 0xFF, 0xFF, 0xDD, 0xFF,
    0xFF, 0xBE, 0xFF, 0xFF, 0xDE, 0xFF, 0xFF, 0xFF, 0xFF, 0x7B, 0xCE, 0xFF, 0x00, 0x00, 0xFF, 0x6B,
    0x2B, 0xFF, 0xEF, 0x3A, 0xFF, 0xE6, 0x77, 0xFF, 0xC5, 0x73, 0xFF, 0xCD, 0xB4, 0xFF, 0xD5, 0xF5,
    0xFF, 0xD6, 0x37, 0xFF, 0xDE, 0x57, 0xFF, 0xDE, 0x57, 0xFF, 0xD6, 0x16, 0xFF, 0xCD, 0xB5, 0xFF,
    0xBD, 0x12, 0xFF, 0xA4, 0x0F, 0xFF, 0x93, 0x6C, 0xFF, 0xAC, 0x2E, 0xFF, 0xAC, 0x50, 0xFF, 0x83,
    0x6D, 0xFF, 0xC5, 0xF7, 0xFF, 0xC6, 0x18, 0xFF, 0xD6, 0x7A, 0xFF, 0xF7, 0x7D, 0xFF, 0xE6, 0xFB,
    0xFF, 0xCE, 0x18, 0xFF, 0xA4, 0xB2, 0xFF, 0x6A, 0xCB, 0xFF, 0x8B, 0xCF, 0xFF, 0xC5, 0xD8, 0xFF,
    0xBD, 0xB7, 0xFF, 0xCE, 0x59, 0xFF, 0xEF, 0x5D, 0xFF, 0xEF, 0x5D, 0xFF, 0xE7, 0x1C, 0xFF, 0xD6,
    0x59, 0xFF, 0xE6, 0xFB, 0xFF, 0xF7, 0x5D, 0xFF, 0xEF, 0x5D, 0xFF, 0xEF, 0x5C, 0xFF, 0xEF, 0x5D,
    0xFF, 0xEF, 0x3C, 0xFF, 0xEF, 0x3C, 0xFF, 0xEF, 0x3C, 0xFF, 0xEF, 0x3C, 0xFF, 0xEF, 0x1C, 0xFF,
    0xEF, 0x1C, 0xFF, 0xAD, 0x14, 0xFF, 0x94, 0x72, 0xFF, 0x7B, 0x4D, 0xFF, 0x9C, 0x50, 0xFF, 0xEF,
    0x1A, 0xFF, 0xFF, 0xDE, 0xFF, 0xF7, 0x3A, 0xFF, 0xE6, 0x98, 0xFF, 0xF7, 0x5C, 0xFF, 0xFF, 0xFF,
    0xFF, 0xF7, 0x7D, 0xFF, 0x94, 0x30, 0xFF, 0x18, 0x40, 0xFF, 0x18, 0x41, 0xFF, 0x83, 0x6C, 0xFF,
    0xC5, 0x52, 0xFF, 0x6A, 0xC9, 0xFF, 0x31, 0x24, 0xFF, 0x20, 0xE3, 0xFF, 0x08, 0x20, 0xFF, 0x00,
    0x20, 0xFF, 0x08, 0x41, 0xFF, 0x10, 0x61, 0xFF, 0x28, 0xE2, 0xFF, 0x39, 0x43, 0xFF, 0x49, 0x85,
    0xFF, 0x59, 0xE6, 0xFF, 0x59, 0xC5, 0xFF, 0x41, 0x64, 0xFF, 0x28, 0xC2, 0xFF, 0x08, 0x20, 0xFF,
    0x08, 0x20, 0xFF, 0x00, 0x00, 0xFF, 0x18, 0xA2, 0xFF, 0xAD, 0x13, 0xFF, 0xFF, 0xFF, 0xFF, 0xFF,
    0xBD, 0xFF, 0xFF, 0xFE, 0xFF, 0xF7, 0x7B, 0xFF, 0xA4, 0x91, 0xFF, 0xAC, 0xF4, 0xFF, 0xBD, 0xB7,
    0xFF, 0xDE, 0x9A, 0xFF, 0xF7, 0x9E, 0xFF, 0xF7, 0x9E, 0xFF, 0xF7, 0x7D, 0xFF, 0xEF, 0x3C, 0xFF,
    0xEF, 0x1C, 0xFF, 0xE7, 0x1C, 0xFF, 0xE7, 0x1C, 0xFF, 0xEF, 0x1C, 0xFF, 0xEF, 0x1C, 0xFF, 0xEF,
    0x1C, 0xFF, 0xEF, 0x3C, 0xFF, 0xEF, 0x3C, 0xFF, 0xEF, 0x3C, 0xFF, 0xD6, 0x79, 0xFF, 0xC5, 0xF7,
    0xFF, 0xCE, 0x39, 0xFF, 0xC6, 0x18, 0xFF, 0xB5, 0x96, 0xFF, 0xEF, 0x3D, 0xFF, 0xF7, 0x7E, 0xFF,
    0xF7, 0x7D, 0xFF, 0xE7, 0x1C, 0xFF, 0xFF, 0xFF, 0xFF, 0xB5, 0x96, 0xFF, 0x52, 0xAA, 0xFF, 0x73,
    0x6D, 0xFF, 0x8C, 0x30, 0xFF, 0x8B, 0xF0, 0xFF, 0xAC, 0xF4, 0xFF, 0xBD, 0x96, 0xFF, 0xBD, 0xD7,
    0xFF, 0xBD, 0xB7, 0xFF, 0xBD, 0xB7, 0xFF, 0xB5, 0x55, 0xFF, 0xD6, 0x59, 0xFF, 0xD6, 0x79, 0xFF,
    0x7B, 0x8E, 0xFF, 0x4A, 0x28, 0xFF, 0x94, 0x71, 0xFF, 0xE6, 0xFB, 0xFF, 0xFF, 0xBE, 0xFF, 0xF7,
    0x5C, 0xFF, 0xEF, 0x5C, 0xFF, 0xFF, 0xFF, 0xFF, 0xE7, 0x91, 0xFF, 0xEF, 0xF2, 0xFF, 0xEF, 0xF2,
    0xFF, 0xE7, 0xD2, 0xFF, 0xCF, 0x10, 0xFF, 0xAE, 0x2D, 0xFF, 0xAE, 0x2D, 0xFF, 0xBE, 0x8E, 0xFF,
    0xAE, 0x0D, 0xFF, 0x9D, 0xAC, 0xFF, 0xBE, 0xAF, 0xFF, 0xC6, 0xAF, 0xFF, 0xCE, 0xCF, 0xFF, 0xB6,
    0x2E, 0xFF, 0x42, 0x65, 0xFF, 0x73, 0xCE, 0xFF, 0xF7, 0x9E, 0xFF, 0xFF, 0xFF, 0xFF, 0xEF, 0x1C,
    0xFF, 0xF7, 0x7D, 0xFF, 0xE6, 0xDB, 0xFF, 0xBD, 0xB7, 0xFF, 0x9C, 0x72, 0xFF, 0x7B, 0x8E, 0xFF,
    0xCE, 0x17, 0xFF, 0xF7, 0x3C, 0xFF, 0xFF, 0xBE, 0xFF, 0xC6, 0x18, 0xFF, 0x52, 0x49, 0xFF, 0x7B,
    0xAF, 0xFF, 0xF7, 0x9E, 0xFF, 0xFF, 0xDF, 0xFF, 0xE7, 0x3C, 0xFF, 0xF7, 0x7D, 0xFF, 0xF7, 0x7D,
    0xFF, 0xF7, 0x7D, 0xFF, 0xF7, 0x7D, 0xFF, 0xF7, 0x7D, 0xFF, 0xEF, 0x5D, 0xFF, 0xEF, 0x5D, 0xFF,
    0xEF, 0x5D, 0xFF, 0xEF, 0x5D, 0xFF, 0xEF, 0x3D, 0xFF, 0xDE, 0xBB, 0xFF, 0xC5, 0xF8, 0xFF, 0x9C,
    0xB3, 0xFF, 0x6B, 0x2D, 0xFF, 0x62, 0xCC, 0xFF, 0x6B, 0x2E, 0xFF, 0x8B, 0xF1, 0xFF, 0xC5, 0xB7,
    0xFF, 0xB5, 0x56, 0xFF, 0xB5, 0x55, 0xFF, 0xD6, 0x59, 0xFF, 0xE6, 0xFC, 0xFF, 0xDE, 0xBB, 0xFF,
    0xCD, 0xF8, 0xFF, 0xCE, 0x19, 0xFF, 0xC5, 0xB7, 0xFF, 0x7B, 0x6D, 0xFF, 0x8B, 0xCD, 0xFF, 0xFF,
    0xDD, 0xFF, 0xFF, 0xBD, 0xFF, 0xFF, 0xBD, 0xFF, 0xFF, 0xBD, 0xFF, 0xF7, 0xBE, 0xFF, 0xFF, 0xFF,
    0xFF, 0x8C, 0x2F, 0xFF, 0x08, 0x20, 0xFF, 0x08, 0x61, 0xFF, 0x84, 0x0E, 0xFF, 0xF7, 0x7B, 0xFF,
    0xFF, 0x7B, 0xFF, 0xFF, 0xDD, 0xFF, 0xFF, 0xFE, 0xFF, 0xFF, 0xFE, 0xFF, 0xFF, 0xFF, 0xFF, 0xFF,
    0xFF, 0xFF, 0xFF, 0xFF, 0xFF, 0xFF, 0xFF, 0xFF, 0xFF, 0xFF, 0xFF, 0xFF, 0xFF, 0xFF, 0xE6, 0xBA,
    0xFF, 0xB4, 0xF2, 0xFF, 0x93, 0xAD, 0xFF, 0x7A, 0xEB, 0xFF, 0x8B, 0xCF, 0xFF, 0xC5, 0xD7, 0xFF,
    0xBD, 0xD7, 0xFF, 0xDE, 0xDB, 0xFF, 0xE6, 0xDB, 0xFF, 0xD6, 0x79, 0xFF, 0xB5, 0x35, 0xFF, 0x83,
    0x6E, 0xFF, 0x72, 0xCB, 0xFF, 0xA4, 0x92, 0xFF, 0xC6, 0x18, 0xFF, 0xBD, 0xD7, 0xFF, 0xDE, 0xBB,
    0xFF, 0xF7, 0x5D, 0xFF, 0xEF, 0x5D, 0xFF, 0xD6, 0x7A, 0xFF, 0xD6, 0x59, 0xFF, 0xEF, 0x3C, 0xFF,
    0xF7, 0x7D, 0xFF, 0xEF, 0x3C, 0xFF, 0xEF, 0x3C, 0xFF, 0xEF, 0x3C, 0xFF, 0xEF, 0x3C, 0xFF, 0xEF,
    0x3C, 0xFF, 0xEF, 0x1C, 0xFF, 0xEF, 0x1C, 0xFF, 0xEF, 0x1C, 0xFF, 0xC5, 0xF7, 0xFF, 0x73, 0x4D,
    0xFF, 0x62, 0xAA, 0xFF, 0xD6, 0x58, 0xFF, 0xFF, 0xDD, 0xFF, 0xFF, 0x9B, 0xFF, 0xFF, 0x7B, 0xFF,
    0xFF, 0x9C, 0xFF, 0xFF, 0xFF, 0xFF, 0xF7, 0x7D, 0xFF, 0x8B, 0xEF, 0xFF, 0x10, 0x00, 0xFF, 0x20,
    0x41, 0xFF, 0x62, 0x07, 0xFF, 0x83, 0x0A, 0xFF, 0x41, 0x44, 0xFF, 0x10, 0x41, 0xFF, 0x00, 0x00,
    0xFF, 0x00, 0x00, 0xFF, 0x00, 0x20, 0xFF, 0x08, 0x40, 0xFF, 0x08, 0x41, 0xFF, 0x08, 0x61, 0xFF,
    0x10, 0x81, 0xFF, 0x20, 0xC2, 0xFF, 0x31, 0x03, 0xFF, 0x39, 0x44, 0xFF, 0x41, 0x44, 0xFF, 0x39,
    0x03, 0xFF, 0x28, 0xC2, 0xFF, 0x20, 0xA1, 0xFF, 0x20, 0xC2, 0xFF, 0x08, 0x00, 0xFF, 0x20, 0xE3,
    0xFF, 0xBD, 0xB5, 0xFF, 0xFF, 0xFF, 0xFF, 0xF7, 0xBE, 0xFF, 0xFF, 0xDF, 0xFF, 0xFF, 0xFE, 0xFF,
    0xB5, 0x54, 0xFF, 0xAC, 0xF4, 0xFF, 0xBD, 0xD7, 0xFF, 0xDE, 0xBA, 0xFF, 0xEF, 0x5C, 0xFF, 0xE7,
    0x1C, 0xFF, 0xEF, 0x1C, 0xFF, 0xEF, 0x1C, 0xFF, 0xEF, 0x1C, 0xFF, 0xEF, 0x1C, 0xFF, 0xE7, 0x1C,
    0xFF, 0xEF, 0x1C, 0xFF, 0xEF, 0x1C, 0xFF, 0xEF, 0x3C, 0xFF, 0xEF, 0x3C, 0xFF, 0xEF, 0x3C, 0xFF,
    0xEF, 0x3C, 0xFF, 0xD6, 0x9A, 0xFF, 0xC5, 0xF7, 0xFF, 0xC6, 0x18, 0xFF, 0xCE, 0x38, 0xFF, 0xB5,
    0x76, 0xFF, 0xEF, 0x1C, 0xFF, 0xF7, 0x9E, 0xFF, 0xEF, 0x5D, 0xFF, 0xEF, 0x3C, 0xFF, 0xFF, 0xFF,
    0xFF, 0xDE, 0xBA, 0xFF, 0x9C, 0xD3, 0xFF, 0xC6, 0x18, 0xFF, 0xC5, 0xF8, 0xFF, 0x6B, 0x2D, 0xFF,
    0x6B, 0x0C, 0xFF, 0x84, 0x10, 0xFF, 0xA4, 0xD3, 0xFF, 0xB5, 0x76, 0xFF, 0xB5, 0x76, 0xFF, 0xBD,
    0x96, 0xFF, 0xB5, 0x56, 0xFF, 0xCE, 0x19, 0xFF, 0xE6, 0xFC, 0xFF, 0x94, 0x72, 0xFF, 0x39, 0xA7,
    0xFF, 0x73, 0x4D, 0xFF, 0xD6, 0x9A, 0xFF, 0xFF, 0xBE, 0xFF, 0xFF, 0xDF, 0xFF, 0xFF, 0xFF, 0xFF,
    0xDF, 0x71, 0xFF, 0xDF, 0x71, 0xFF, 0xD7, 0x31, 0xFF, 0xBE, 0xAF, 0xFF, 0xAE, 0x4D, 0xFF, 0xBE,
    0xCE, 0xFF, 0xD7, 0x30, 0xFF, 0xAE, 0x0D, 0xFF, 0x9D, 0x8B, 0xFF, 0xBE, 0xAE, 0xFF, 0xB6, 0x6D,
    0xFF, 0xBE, 0x6D, 0xFF, 0xAD, 0xCC, 0xFF, 0x4A, 0xA6, 0xFF, 0x6B, 0x8E, 0xFF, 0xEF, 0x7D, 0xFF,
    0xFF, 0xFF, 0xFF, 0xEF, 0x3C, 0xFF, 0xF7, 0x7D, 0xFF, 0xEF, 0x3C, 0xFF, 0xC6, 0x18, 0xFF, 0xB5,
    0x76, 0xFF, 0xA4, 0xF4, 0xFF, 0x83, 0xAF, 0xFF, 0xDE, 0x79, 0xFF, 0xF7, 0x7D, 0xFF, 0xB5, 0x76,
    0xFF, 0x41, 0xE8, 0xFF, 0x84, 0x10, 0xFF, 0xF7, 0xBE, 0xFF, 0xFF, 0xDE, 0xFF, 0xE7, 0x1C, 0xFF,
    0xEF, 0x7D, 0xFF, 0xF7, 0x7D, 0xFF, 0xF7, 0x5D, 0xFF, 0xF7, 0x7D, 0xFF, 0xF7, 0x7D, 0xFF, 0xF7,
    0x7D, 0xFF, 0xF7, 0x7D, 0xFF, 0xF7, 0x7D, 0xFF, 0xF7, 0x5D, 0xFF, 0xE6, 0xFC, 0xFF, 0xCE, 0x39,
    0xFF, 0xB5, 0x96, 0xFF, 0x8C, 0x11, 0xFF, 0x52, 0x6B, 0xFF, 0x7B, 0x8F, 0xFF, 0xCE, 0x59, 0xFF,
    0xAD, 0x35, 0xFF, 0x7B, 0x8F, 0xFF, 0xBD, 0x97, 0xFF, 0xB5, 0x36, 0xFF, 0xC5, 0xD8, 0xFF, 0xE7,
    0x1C, 0xFF, 0xE6, 0xFC, 0xFF, 0xCD, 0xF8, 0xFF, 0xCD, 0xF8, 0xFF, 0xCE, 0x18, 0xFF, 0x8B, 0xCE,
    0xFF, 0x7B, 0x4B, 0xFF, 0xF7, 0x7C, 0xFF, 0xFF, 0xDD, 0xFF, 0xFF, 0x9C, 0xFF, 0xFF, 0x9D, 0xFF,
    0xFF, 0x9D, 0xFF, 0xF7, 0x9D, 0xFF, 0xFF, 0xFF, 0xFF, 0xAD, 0x34, 0xFF, 0x21, 0x03, 0xFF, 0x00,
    0x00, 0xFF, 0x21, 0x03, 0xFF, 0x94, 0x90, 0xFF, 0xC5, 0xF6, 0xFF, 0x9C, 0x70, 0xFF, 0x83, 0xCE,
    0xFF, 0x83, 0xAD, 0xFF, 0x8B, 0xEE, 0xFF, 0x9C, 0x4F, 0xFF, 0xB5, 0x13, 0xFF, 0xCE, 0x17, 0xFF,
    0xE6, 0xFB, 0xFF, 0xF7, 0x9E, 0xFF, 0xFF, 0xFF, 0xFF, 0xFF, 0xFF, 0xFF, 0xFF, 0xDE, 0xFF, 0xCD,
    0xB6, 0xFF, 0x83, 0x2C, 0xFF, 0x9C, 0x71, 0xFF, 0xBD, 0xB6, 0xFF, 0xCE, 0x38, 0xFF, 0xD6, 0x79,
    0xFF, 0xDE, 0x7A, 0xFF, 0xC5, 0xD7, 0xFF, 0xAC, 0xB2, 0xFF, 0x9B, 0xEF, 0xFF, 0x93, 0xEF, 0xFF,
    0xAD, 0x14, 0xFF, 0xC6, 0x18, 0xFF, 0xC5, 0xD8, 0xFF, 0xE6, 0xFC, 0xFF, 0xF7, 0x7D, 0xFF, 0xE6,
    0xFC, 0xFF, 0xC5, 0xF8, 0xFF, 0xD6, 0x79, 0xFF, 0xEF, 0x3C, 0xFF, 0xEF, 0x5D, 0xFF, 0xEF, 0x3C,
    0xFF, 0xEF, 0x3C, 0xFF, 0xEF, 0x3C, 0xFF, 0xEF, 0x3C, 0xFF, 0xEF, 0x1C, 0xFF, 0xEF, 0x3C, 0xFF,
    0xEF, 0x3C, 0xFF, 0xD6, 0x59, 0xFF, 0x62, 0xAB, 0xFF, 0x9C, 0x71, 0xFF, 0xF7, 0x9C, 0xFF, 0xFF,
    0xBD, 0xFF, 0xF7, 0x5B, 0xFF, 0xFF, 0x7B, 0xFF, 0xFF, 0xFD, 0xFF, 0xF7, 0x9D, 0xFF, 0x8B, 0xEE,
    0xFF, 0x10, 0x00, 0xFF, 0x28, 0xA2, 0xFF, 0x38, 0xE3, 0xFF, 0x39, 0x03, 0xFF, 0x18, 0x41, 0xFF,
    0x08, 0x20, 0xFF, 0x18, 0xC2, 0xFF, 0x21, 0x23, 0xFF, 0x19, 0x03, 0xFF, 0x21, 0x23, 0xFF, 0x21,
    0x23, 0xFF, 0x19, 0x02, 0xFF, 0x08, 0xC1, 0xFF, 0x10, 0xC2, 0xFF, 0x29, 0x23, 0xFF, 0x29, 0x23,
    0xFF, 0x10, 0x61, 0xFF, 0x08, 0x00, 0xFF, 0x10, 0x61, 0xFF, 0x20, 0x81, 0xFF, 0x18, 0x81, 0xFF,
    0x18, 0x81, 0xFF, 0x18, 0x81, 0xFF, 0x08, 0x00, 0xFF, 0x39, 0xC6, 0xFF, 0xE7, 0x1B, 0xFF, 0xFF,
    0xFF, 0xFF, 0xF7, 0xBF, 0xFF, 0xFF, 0xFF, 0xFF, 0xCD, 0xD6, 0xFF, 0xAC, 0xF3, 0xFF, 0xBD, 0xB7,
    0xFF, 0xE6, 0xFB, 0xFF, 0xF7, 0x5D, 0xFF, 0xEF, 0x1C, 0xFF, 0xEF, 0x1C, 0xFF, 0xEF, 0x1C, 0xFF,
    0xEF, 0x1C, 0xFF, 0xEF, 0x1C, 0xFF, 0xEF, 0x1C, 0xFF, 0xEF, 0x1C, 0xFF, 0xEF, 0x1C, 0xFF, 0xEF,
    0x3C, 0xFF, 0xEF, 0x3C, 0xFF, 0xEF, 0x3C, 0xFF, 0xE7, 0x1C, 0xFF, 0xDE, 0xBA, 0xFF, 0xC5, 0xF7,
    0xFF, 0xC5, 0xF8, 0xFF, 0xCE, 0x59, 0xFF, 0xB5, 0x55, 0xFF, 0xDE, 0xBA, 0xFF, 0xF7, 0x9E, 0xFF,
    0xF7, 0x7D, 0xFF, 0xEF, 0x5D, 0xFF, 0xF7, 0x9E, 0xFF, 0xF7, 0xBE, 0xFF, 0x94, 0x92, 0xFF, 0xA5,
    0x14, 0xFF, 0xFF, 0xFF, 0xFF, 0xF7, 0xBE, 0xFF, 0xBD, 0xB7, 0xFF, 0x7B, 0xCF, 0xFF, 0x5A, 0xAA,
    0xFF, 0x6B, 0x0C, 0xFF, 0x8C, 0x31, 0xFF, 0xA4, 0xF4, 0xFF, 0xB5, 0x76, 0xFF, 0xAD, 0x35, 0xFF,
    0xB5, 0x56, 0xFF, 0xD6, 0x7A, 0xFF, 0xB5, 0x56, 0xFF, 0x5A, 0x8B, 0xFF, 0x5A, 0x8A, 0xFF, 0x9C,
    0xB2, 0xFF, 0xCE, 0x79, 0xFF, 0xF7, 0xBE, 0xFF, 0x85, 0x2B, 0xFF, 0x9D, 0xCD, 0xFF, 0xA6, 0x0D,
    0xFF, 0xBE, 0x8F, 0xFF, 0xD7, 0x71, 0xFF, 0xE7, 0xD2, 0xFF, 0xBE, 0xAE, 0xFF, 0xB6, 0x4E, 0xFF,
    0xD7, 0x30, 0xFF, 0xBE, 0xAD, 0xFF, 0xB6, 0x4C, 0xFF, 0x9D, 0x4B, 0xFF, 0x32, 0x04, 0xFF, 0x7B,
    0xF0, 0xFF, 0xFF, 0xBE, 0xFF, 0xFF, 0xDE, 0xFF, 0xEF, 0x5D, 0xFF, 0xEF, 0x5D, 0xFF, 0xFF, 0x9E,
    0xFF, 0xD6, 0x7A, 0xFF, 0xAD, 0x55, 0xFF, 0xCE, 0x38, 0xFF, 0xB5, 0x55, 0xFF, 0x8C, 0x10, 0xFF,
    0xE6, 0xDB, 0xFF, 0x9C, 0xB2, 0xFF, 0x39, 0xC7, 0xFF, 0x9C, 0xD3, 0xFF, 0xFF, 0xDF, 0xFF, 0xF7,
    0x9E, 0xFF, 0xE7, 0x1C, 0xFF, 0xEF, 0x3C, 0xFF, 0xEF, 0x5D, 0xFF, 0xEF, 0x5D, 0xFF, 0xEF, 0x5D,
    0xFF, 0xF7, 0x5D, 0xFF, 0xF7, 0x7D, 0xFF, 0xF7, 0x9E, 0xFF, 0xF7, 0x9E, 0xFF, 0xEF, 0x3D, 0xFF,
    0xD6, 0x7A, 0xFF, 0xBD, 0xD7, 0xFF, 0xA4, 0xD4, 0xFF, 0x6B, 0x2E, 0xFF, 0x5A, 0xCC, 0xFF, 0x9C,
    0xB3, 0xFF, 0xD6, 0x7A, 0xFF, 0xDE, 0xBB, 0xFF, 0xB5, 0x35, 0xFF, 0x83, 0xD0, 0xFF, 0xBD, 0x97,
    0xFF, 0xB5, 0x56, 0xFF, 0xD6, 0x5A, 0xFF, 0xEF, 0x1C, 0xFF, 0xCE, 0x39, 0xFF, 0xC5, 0xB7, 0xFF,
    0xD6, 0x39, 0xFF, 0x8B, 0xEF, 0xFF, 0x6A, 0xCA, 0xFF, 0xE6, 0xBA, 0xFF, 0xFF, 0xFE, 0xFF, 0xF7,
    0x7B, 0xFF, 0xFF, 0x9C, 0xFF, 0xFF, 0x9C, 0xFF, 0xFF, 0xBD, 0xFF, 0xFF, 0xDE, 0xFF, 0xFF, 0xDE,
    0xFF, 0xB5, 0x54, 0xFF, 0x29, 0x24, 0xFF, 0x00, 0x00, 0xFF, 0x08, 0x41, 0xFF, 0x00, 0x00, 0xFF,
    0x08, 0x40, 0xFF, 0x00, 0x00, 0xFF, 0x00, 0x00, 0xFF, 0x00, 0x00, 0xFF, 0x08, 0x00, 0xFF, 0x10,
    0x41, 0xFF, 0x18, 0x61, 0xFF, 0x28, 0xC3, 0xFF, 0x41, 0xA6, 0xFF, 0x7B, 0x4C, 0xFF, 0xC5, 0xD6,
    0xFF, 0xF7, 0x7D, 0xFF, 0xFF, 0xFF, 0xFF, 0xFF, 0xFF, 0xFF, 0xD6, 0x58, 0xFF, 0x7B, 0x4C, 0xFF,
    0xAD, 0x14, 0xFF, 0xBD, 0xD7, 0xFF, 0xCE, 0x38, 0xFF, 0xCE, 0x38, 0xFF, 0xD6, 0x59, 0xFF, 0xB5,
    0x34, 0xFF, 0xBD, 0x33, 0xFF, 0xC5, 0x33, 0xFF, 0x94, 0x10, 0xFF, 0xBD, 0xB7, 0xFF, 0xC5, 0xF8,
    0xFF, 0xC5, 0xF8, 0xFF, 0xE7, 0x1C, 0xFF, 0xEF, 0x5D, 0xFF, 0xD6, 0x9A, 0xFF, 0xBD, 0xB7, 0xFF,
    0xDE, 0x9A, 0xFF, 0xEF, 0x3C, 0xFF, 0xEF, 0x3C, 0xFF, 0xEF, 0x1C, 0xFF, 0xEF, 0x1C, 0xFF, 0xEF,
    0x1C, 0xFF, 0xEF, 0x1C, 0xFF, 0xEF, 0x3C, 0xFF, 0xEF, 0x3C, 0xFF, 0xD6, 0x9A, 0xFF, 0x8C, 0x31,
    0xFF, 0xD6, 0x58, 0xFF, 0xFF, 0xDD, 0xFF, 0xFF, 0xBC, 0xFF, 0xFF, 0x7B, 0xFF, 0xFF, 0xBC, 0xFF,
    0xFF, 0xDD, 0xFF, 0xA4, 0x90, 0xFF, 0x18, 0x20, 0xFF, 0x20, 0x81, 0xFF, 0x30, 0xA2, 0xFF, 0x28,
    0xA2, 0xFF, 0x08, 0x00, 0xFF, 0x08, 0x82, 0xFF, 0x52, 0xEA, 0xFF, 0xAD, 0x93, 0xFF, 0xBE, 0x36,
    0xFF, 0x9D, 0x11, 0xFF, 0x74, 0x0B, 0xFF, 0x5B, 0x88, 0xFF, 0x4B, 0x07, 0xFF, 0x3A, 0xA6, 0xFF,
    0x29, 0xC4, 0xFF, 0x19, 0x22, 0xFF, 0x41, 0xE6, 0xFF, 0x5A, 0x68, 0xFF, 0x20, 0xC3, 0xFF, 0x00,
    0x00, 0xFF, 0x08, 0x20, 0xFF, 0x18, 0x81, 0xFF, 0x18, 0x61, 0xFF, 0x18, 0x81, 0xFF, 0x18, 0x61,
    0xFF, 0x08, 0x20, 0xFF, 0x62, 0xCA, 0xFF, 0xF7, 0x9D, 0xFF, 0xFF, 0xFF, 0xFF, 0xFF, 0xFF, 0xFF,
    0xD6, 0x37, 0xFF, 0xAC, 0xF3, 0xFF, 0xBD, 0xB6, 0xFF, 0xE7, 0x1C, 0xFF, 0xF7, 0x5D, 0xFF, 0xEF,
    0x1C, 0xFF, 0xEF, 0x1C, 0xFF, 0xEF, 0x1C, 0xFF, 0xEF, 0x1C, 0xFF, 0xEF, 0x3C, 0xFF, 0xEF, 0x3C,
    0xFF, 0xEF, 0x3C, 0xFF, 0xEF, 0x3C, 0xFF, 0xEF, 0x3C, 0xFF, 0xEF, 0x3C, 0xFF, 0xEF, 0x3C, 0xFF,
    0xE7, 0x1C, 0xFF, 0xE6, 0xDB, 0xFF, 0xCE, 0x18, 0xFF, 0xC5, 0xF7, 0xFF, 0xD6, 0x59, 0xFF, 0xAD,
    0x35, 0xFF, 0xCE, 0x38, 0xFF, 0xF7, 0x7D, 0xFF, 0xF7, 0x7D, 0xFF, 0xEF, 0x5D, 0xFF, 0xEF, 0x3C,
    0xFF, 0xFF, 0xFF, 0xFF, 0xB5, 0xB6, 0xFF, 0x94, 0x92, 0xFF, 0xE7, 0x3C, 0xFF, 0xFF, 0xFF, 0xFF,
    0xFF, 0xFF, 0xFF, 0xFF, 0xFF, 0xFF, 0xC6, 0x18, 0xFF, 0x4A, 0x48, 0xFF, 0x41, 0xE7, 0xFF, 0x52,
    0xC9, 0xFF, 0x63, 0x2B, 0xFF, 0x73, 0x6D, 0xFF, 0x7B, 0x8E, 0xFF, 0x7B, 0x8F, 0xFF, 0x8C, 0x11,
    0xFF, 0x94, 0x72, 0xFF, 0x5A, 0xAB, 0xFF, 0x10, 0x62, 0xFF, 0x41, 0xE8, 0xFF, 0xD6, 0xBA, 0xFF,
    0x6C, 0x8A, 0xFF, 0x95, 0x8C, 0xFF, 0xD7, 0x31, 0xFF, 0xEF, 0xB3, 0xFF, 0xEF, 0xD3, 0xFF, 0xDF,
    0x71, 0xFF, 0xCF, 0x10, 0xFF, 0xE7, 0xB2, 0xFF, 0xDF, 0x71, 0xFF, 0xB6, 0x4C, 0xFF, 0x95, 0x8B,
    0xFF, 0x42, 0x86, 0xFF, 0x94, 0x92, 0xFF, 0xFF, 0xDF, 0xFF, 0xFF, 0xBE, 0xFF, 0xF7, 0x7D, 0xFF,
    0xF7, 0x5D, 0xFF, 0xF7, 0x5D, 0xFF, 0xF7, 0x5D, 0xFF, 0xB5, 0x55, 0xFF, 0xA4, 0xF4, 0xFF, 0xE7,
    0x1C, 0xFF, 0xB5, 0x76, 0xFF, 0x6B, 0x2D, 0xFF, 0x62, 0xEB, 0xFF, 0x52, 0x69, 0xFF, 0xC5, 0xF8,
    0xFF, 0xFF, 0xDF, 0xFF, 0xF7, 0x7D, 0xFF, 0xE7, 0x1C, 0xFF, 0xE7, 0x1C, 0xFF, 0xEF, 0x1C, 0xFF,
    0xEF, 0x3C, 0xFF, 0xEF, 0x3D, 0xFF, 0xF7, 0x5D, 0xFF, 0xF7, 0x7E, 0xFF, 0xF7, 0x7E, 0xFF, 0xEF,
    0x3C, 0xFF, 0xDE, 0xBB, 0xFF, 0xC6, 0x18, 0xFF, 0xAD, 0x35, 0xFF, 0x7B, 0xB0, 0xFF, 0x5A, 0xAC,
    0xFF, 0x83, 0xF0, 0xFF, 0xCE, 0x18, 0xFF, 0xDE, 0xBB, 0xFF, 0xDE, 0xDB, 0xFF, 0xEF, 0x3D, 0xFF,
    0xBD, 0xB7, 0xFF, 0x7B, 0xB0, 0xFF, 0xB5, 0x56, 0xFF, 0xBD, 0xB7, 0xFF, 0xCE, 0x39, 0xFF, 0xCD,
    0xF8, 0xFF, 0xB5, 0x56, 0xFF, 0xCE, 0x19, 0xFF, 0x94, 0x51, 0xFF, 0x62, 0xAA, 0xFF, 0xCE, 0x17,
    0xFF, 0xFF, 0xFF, 0xFF, 0xF7, 0x7C, 0xFF, 0xF7, 0x9C, 0xFF, 0xFF, 0x9C, 0xFF, 0xFF, 0xDD, 0xFF,
    0xFF, 0xDE, 0xFF, 0xCE, 0x58, 0xFF, 0x62, 0xEB, 0xFF, 0x18, 0xA2, 0xFF, 0x10, 0x81, 0xFF, 0x18,
    0xC2, 0xFF, 0x10, 0x61, 0xFF, 0x08, 0x20, 0xFF, 0x10, 0x81, 0xFF, 0x20, 0xC2, 0xFF, 0x29, 0x03,
    0xFF, 0x20, 0xC2, 0xFF, 0x28, 0xE3, 0xFF, 0x8C, 0x0E, 0xFF, 0x62, 0x89, 0xFF, 0x28, 0xE3, 0xFF,
    0x28, 0xE3, 0xFF, 0x18, 0x61, 0xFF, 0x18, 0x61, 0xFF, 0x62, 0x89, 0xFF, 0xC5, 0xB5, 0xFF, 0xFF,
    0xBE, 0xFF, 0xFF, 0xFF, 0xFF, 0xC5, 0x95, 0xFF, 0x83, 0x8E, 0xFF, 0xBD, 0x96, 0xFF, 0xCE, 0x18,
    0xFF, 0xC5, 0xF7, 0xFF, 0xD6, 0x59, 0xFF, 0xBD, 0x76, 0xFF, 0xB4, 0xD3, 0xFF, 0xDE, 0x16, 0xFF,
    0xC5, 0xB5, 0xFF, 0x94, 0x10, 0xFF, 0xCE, 0x18, 0xFF, 0xBD, 0xB7, 0xFF, 0xC5, 0xF8, 0xFF, 0xE7,
    0x1C, 0xFF, 0xEF, 0x3C, 0xFF, 0xC5, 0xD8, 0xFF, 0xBD, 0x97, 0xFF, 0xDE, 0xBA, 0xFF, 0xEF, 0x3C,
    0xFF, 0xEF, 0x1C, 0xFF, 0xEF, 0x1C, 0xFF, 0xEF, 0x3C, 0xFF, 0xEF, 0x3C, 0xFF, 0xEF, 0x3C, 0xFF,
    0xEF, 0x5C, 0xFF, 0xE6, 0xFB, 0xFF, 0x9C, 0x92, 0xFF, 0xCE, 0x17, 0xFF, 0xFF, 0xDD, 0xFF, 0xFF,
    0xBD, 0xFF, 0xFF, 0x9C, 0xFF, 0xFF, 0xFE, 0xFF, 0xC5, 0xB5, 0xFF, 0x41, 0x44, 0xFF, 0x28, 0x61,
    0xFF, 0x30, 0xA2, 0xFF, 0x28, 0x82, 0xFF, 0x08, 0x00, 0xFF, 0x10, 0xE2, 0xFF, 0x63, 0xED, 0xFF,
    0xBE, 0x96, 0xFF, 0xF7, 0xDE, 0xFF, 0xFF, 0xFF, 0xFF, 0xF7, 0xBD, 0xFF, 0xAD, 0xD2, 0xFF, 0x63,
    0xC9, 0xFF, 0x5B, 0x89, 0xFF, 0x53, 0x68, 0xFF, 0x53, 0x48, 0xFF, 0x3A, 0xA6, 0xFF, 0x08, 0xE1,
    0xFF, 0x4A, 0x27, 0xFF, 0x9C, 0xB1, 0xFF, 0x5A, 0x89, 0xFF, 0x00, 0x00, 0xFF, 0x08, 0x20, 0xFF,
    0x18, 0x81, 0xFF, 0x18, 0x61, 0xFF, 0x20, 0xA2, 0xFF, 0x20, 0x81, 0xFF, 0x18, 0x40, 0xFF, 0x8B,
    0xEE, 0xFF, 0xFF, 0xFF, 0xFF, 0xFF, 0xFF, 0xFF, 0xDE, 0x98, 0xFF, 0xA4, 0xB2, 0xFF, 0xBD, 0x96,
    0xFF, 0xEF, 0x3C, 0xFF, 0xF7, 0x5D, 0xFF, 0xE7, 0x1C, 0xFF, 0xEF, 0x1C, 0xFF, 0xEF, 0x1C, 0xFF,
    0xEF, 0x1C, 0xFF, 0xEF, 0x1C, 0xFF, 0xEF, 0x3C, 0xFF, 0xEF, 0x3C, 0xFF, 0xEF, 0x3C, 0xFF, 0xEF,
    0x3C, 0xFF, 0xEF, 0x3C, 0xFF, 0xE7, 0x1C, 0xFF, 0xEF, 0x1C, 0xFF, 0xEF, 0x1C, 0xFF, 0xCE, 0x38,
    0xFF, 0xBD, 0xD7, 0xFF, 0xD6, 0x7A, 0xFF, 0xAD, 0x35, 0xFF, 0xBD, 0x96, 0xFF, 0xEF, 0x3C, 0xFF,
    0xEF, 0x5D, 0xFF, 0xEF, 0x5D, 0xFF, 0xEF, 0x3C, 0xFF, 0xFF, 0xFF, 0xFF, 0xDE, 0xDB, 0xFF, 0xA4,
    0xD3, 0xFF, 0xCE, 0x59, 0xFF, 0xFF, 0xFF, 0xFF, 0xF7, 0x9E, 0xFF, 0xFF, 0xDF, 0xFF, 0xDE, 0xDA,
    0xFF, 0x84, 0x2E, 0xFF, 0x8C, 0x8D, 0xFF, 0x74, 0x09, 0xFF, 0x6B, 0xA9, 0xFF, 0x84, 0x0E, 0xFF,
    0x73, 0x6E, 0xFF, 0x5A, 0x8A, 0xFF, 0x52, 0x49, 0xFF, 0x52, 0x6A, 0xFF, 0x62, 0xEC, 0xFF, 0x83,
    0xEF, 0xFF, 0xBD, 0xD7, 0xFF, 0xF7, 0x7D, 0xFF, 0x9D, 0xAC, 0xFF, 0xDF, 0x52, 0xFF, 0xEF, 0xD4,
    0xFF, 0xE7, 0xB3, 0xFF, 0xEF, 0xD3, 0xFF, 0xCF, 0x10, 0xFF, 0xD7, 0x11, 0xFF, 0xEF, 0xD3, 0xFF,
    0xDF, 0x91, 0xFF, 0xAE, 0x0C, 0xFF, 0x53, 0x26, 0xFF, 0x4A, 0xA9, 0xFF, 0xF7, 0x9E, 0xFF, 0xFF,
    0xFF, 0xFF, 0xF7, 0x7D, 0xFF, 0xF7, 0x5D, 0xFF, 0xE7, 0x1C, 0xFF, 0xF7, 0x9D, 0xFF, 0xD6, 0x59,
    0xFF, 0x8C, 0x31, 0xFF, 0xC6, 0x18, 0xFF, 0xFF, 0xBE, 0xFF, 0x6B, 0x4D, 0xFF, 0x21, 0x04, 0xFF,
    0x84, 0x10, 0xFF, 0xEF, 0x3C, 0xFF, 0xFF, 0xDF, 0xFF, 0xF7, 0x7D, 0xFF, 0xEF, 0x3C, 0xFF, 0xE7,
    0x1C, 0xFF, 0xE6, 0xFC, 0xFF, 0xE7, 0x1C, 0xFF, 0xEF, 0x3D, 0xFF, 0xF7, 0x5D, 0xFF, 0xEF, 0x3D,
    0xFF, 0xE6, 0xFB, 0xFF, 0xD6, 0x9A, 0xFF, 0xC6, 0x19, 0xFF, 0xA5, 0x15, 0xFF, 0x7B, 0xAF, 0xFF,
    0x62, 0xCC, 0xFF, 0x73, 0x8F, 0xFF, 0xAD, 0x55, 0xFF, 0xDE, 0xDB, 0xFF, 0xF7, 0x5D, 0xFF, 0xEF,
    0x5D, 0xFF, 0xF7, 0x7D, 0xFF, 0xFF, 0xBE, 0xFF, 0xD6, 0x59, 0xFF, 0x73, 0x8F, 0xFF, 0xAC, 0xF5,
    0xFF, 0xC5, 0xF8, 0xFF, 0xC5, 0xD8, 0xFF, 0xB5, 0x76, 0xFF, 0xCE, 0x39, 0xFF, 0x9C, 0x92, 0xFF,
    0x7B, 0x6C, 0xFF, 0xCE, 0x17, 0xFF, 0xFF, 0xFF, 0xFF, 0xFF, 0xDE, 0xFF, 0xF7, 0x9E, 0xFF, 0xFF,
    0xBD, 0xFF, 0xFF, 0xFE, 0xFF, 0xE6, 0xFA, 0xFF, 0x7B, 0x8D, 0xFF, 0x18, 0xA2, 0xFF, 0x08, 0x00,
    0xFF, 0x20, 0x81, 0xFF, 0x31, 0x03, 0xFF, 0x31, 0x23, 0xFF, 0x20, 0xA2, 0xFF, 0x10, 0x41, 0xFF,
    0x18, 0xA1, 0xFF, 0x31, 0x02, 0xFF, 0x31, 0x23, 0xFF, 0x31, 0x03, 0xFF, 0x28, 0xC2, 0xFF, 0x7B,
    0x2B, 0xFF, 0x93, 0xCD, 0xFF, 0x83, 0x4B, 0xFF, 0xAC, 0x6F, 0xFF, 0x8B, 0x6B, 0xFF, 0x28, 0xA2,
    0xFF, 0x18, 0x00, 0xFF, 0x20, 0x82, 0xFF, 0x6A, 0xAA, 0xFF, 0xD6, 0x37, 0xFF, 0xFF, 0xFE, 0xFF,
    0xA4, 0xD2, 0xFF, 0x8C, 0x10, 0xFF, 0xC5, 0xF7, 0xFF, 0xCE, 0x18, 0xFF, 0xC5, 0xD7, 0xFF, 0xCE,
    0x18, 0xFF, 0xAC, 0xD3, 0xFF, 0xC5, 0x74, 0xFF, 0xF7, 0x5B, 0xFF, 0xAC, 0xF2, 0xFF, 0x9C, 0x51,
    0xFF, 0xCE, 0x18, 0xFF, 0xBD, 0x96, 0xFF, 0xC5, 0xF8, 0xFF, 0xE6, 0xDB, 0xFF, 0xD6, 0x5A, 0xFF,
    0xB5, 0x76, 0xFF, 0xC5, 0xB7, 0xFF, 0xE6, 0xBB, 0xFF, 0xEF, 0x3C, 0xFF, 0xEF, 0x1B, 0xFF, 0xEF,
    0x3C, 0xFF, 0xEF, 0x3C, 0xFF, 0xEF, 0x5C, 0xFF, 0xEF, 0x5D, 0xFF, 0xEF, 0x3C, 0xFF, 0xA5, 0x14,
    0xFF, 0xB5, 0x75, 0xFF, 0xF7, 0x9D, 0xFF, 0xFF, 0xDE, 0xFF, 0xFF, 0xDE, 0xFF, 0xE6, 0xB9, 0xFF,
    0x93, 0xAD, 0xFF, 0x51, 0x85, 0xFF, 0x38, 0xA2, 0xFF, 0x28, 0x81, 0xFF, 0x08, 0x00, 0xFF, 0x10,
    0xE2, 0xFF, 0x5C, 0x0C, 0xFF, 0x8D, 0x71, 0xFF, 0xA5, 0xF3, 0xFF, 0xE7, 0x7C, 0xFF, 0xFF, 0xFF,
    0xFF, 0xFF, 0xDE, 0xFF, 0xA5, 0xB2, 0xFF, 0x5B, 0xA9, 0xFF, 0x5B, 0xA9, 0xFF, 0x53, 0x48, 0xFF,
    0x4B, 0x47, 0xFF, 0x4B, 0x68, 0xFF, 0x2A, 0x66, 0xFF, 0x00, 0x20, 0xFF, 0x5A, 0xEA, 0xFF, 0xDE,
    0xB9, 0xFF, 0x94, 0x2F, 0xFF, 0x10, 0x41, 0xFF, 0x00, 0x00, 0xFF, 0x20, 0xA2, 0xFF, 0x18, 0xA1,
    0xFF, 0x28, 0xC2, 0xFF, 0x28, 0xA1, 0xFF, 0x28, 0xA1, 0xFF, 0xBD, 0x95, 0xFF, 0xFF, 0xFF, 0xFF,
    0xE6, 0xD9, 0xFF, 0x94, 0x51, 0xFF, 0xBD, 0x96, 0xFF, 0xF7, 0x7D, 0xFF, 0xF7, 0x5D, 0xFF, 0xEF,
    0x1C, 0xFF, 0xEF, 0x3C, 0xFF, 0xEF, 0x3C, 0xFF, 0xEF, 0x1C, 0xFF, 0xEF, 0x1C, 0xFF, 0xEF, 0x3C,
    0xFF, 0xEF, 0x3C, 0xFF, 0xEF, 0x3C, 0xFF, 0xEF, 0x3C, 0xFF, 0xEF, 0x5D, 0xFF, 0xEF, 0x1C, 0xFF,
    0xEF, 0x3C, 0xFF, 0xEF, 0x3C, 0xFF, 0xCE, 0x38, 0xFF, 0xBD, 0xD7, 0xFF, 0xD6, 0x7A, 0xFF, 0xAD,
    0x14, 0xFF, 0xB5, 0x55, 0xFF, 0xE6, 0xDB, 0xFF, 0xEF, 0x3C, 0xFF, 0xEF, 0x3C, 0xFF, 0xEF, 0x3C,
    0xFF, 0xF7, 0x7D, 0xFF, 0xFF, 0xBE, 0xFF, 0xB5, 0x55, 0xFF, 0xAD, 0x55, 0xFF, 0xFF, 0xFF, 0xFF,
    0xFF, 0xBF, 0xFF, 0xFF, 0xBE, 0xFF, 0xC6, 0x17, 0xFF, 0x7C, 0x2D, 0xFF, 0x95, 0x0E, 0xFF, 0x84,
    0xAA, 0xFF, 0x9D, 0x2E, 0xFF, 0xEF, 0x5B, 0xFF, 0xF7, 0x9E, 0xFF, 0xE6, 0xFB, 0xFF, 0xE6, 0xFB,
    0xFF, 0xE7, 0x1B, 0xFF, 0xEF, 0x5D, 0xFF, 0xF7, 0x9E, 0xFF, 0xF7, 0x9E, 0xFF, 0xF7, 0x7D, 0xFF,
    0xDF, 0x72, 0xFF, 0xE7, 0xB2, 0xFF, 0xE7, 0x92, 0xFF, 0xEF, 0xF3, 0xFF, 0xCF, 0x11, 0xFF, 0x9D,
    0xAD, 0xFF, 0xC6, 0xB0, 0xFF, 0xF7, 0xF4, 0xFF, 0xD7, 0x50, 0xFF, 0xAE, 0x0D, 0xFF, 0x6C, 0x29,
    0xFF, 0x29, 0xC5, 0xFF, 0x52, 0xCB, 0xFF, 0xC5, 0xF7, 0xFF, 0xDE, 0xBA, 0xFF, 0xD6, 0x59, 0xFF,
    0xDE, 0xBB, 0xFF, 0xE6, 0xFB, 0xFF, 0xA4, 0xD3, 0xFF, 0x7B, 0xAF, 0xFF, 0x94, 0x72, 0xFF, 0x6B,
    0x2C, 0xFF, 0x5A, 0xCB, 0xFF, 0xC6, 0x18, 0xFF, 0xF7, 0x9E, 0xFF, 0xFF, 0xFF, 0xFF, 0xF7, 0x9E,
    0xFF, 0xEF, 0x5D, 0xFF, 0xEF, 0x1C, 0xFF, 0xE7, 0x1C, 0xFF, 0xEF, 0x1C, 0xFF, 0xEF, 0x1C, 0xFF,
    0xE6, 0xFB, 0xFF, 0xDE, 0x9A, 0xFF, 0xCE, 0x19, 0xFF, 0xBD, 0x96, 0xFF, 0x9C, 0x93, 0xFF, 0x73,
    0x6F, 0xFF, 0x6B, 0x0D, 0xFF, 0x7B, 0xAF, 0xFF, 0xA5, 0x15, 0xFF, 0xD6, 0x7A, 0xFF, 0xEF, 0x3C,
    0xFF, 0xF7, 0x7D, 0xFF, 0xF7, 0x7D, 0xFF, 0xEF, 0x5D, 0xFF, 0xEF, 0x5D, 0xFF, 0xFF, 0xBE, 0xFF,
    0xE7, 0x1C, 0xFF, 0x7B, 0xB0, 0xFF, 0x9C, 0x93, 0xFF, 0xC5, 0xF8, 0xFF, 0xBD, 0xB7, 0xFF, 0xCE,
    0x19, 0xFF, 0xA4, 0xF3, 0xFF, 0x5A, 0x68, 0xFF, 0x52, 0x07, 0xFF, 0x94, 0x91, 0xFF, 0xDE, 0xB9,
    0xFF, 0xEF, 0x5C, 0xFF, 0xF7, 0xBE, 0xFF, 0xEF, 0x5C, 0xFF, 0xA4, 0xF2, 0xFF, 0x39, 0x85, 0xFF,
    0x10, 0x20, 0xFF, 0x20, 0x81, 0xFF, 0x39, 0x23, 0xFF, 0x41, 0x23, 0xFF, 0x41, 0x23, 0xFF, 0x41,
    0x43, 0xFF, 0x28, 0xE2, 0xFF, 0x10, 0x41, 0xFF, 0x10, 0x61, 0xFF, 0x20, 0xA2, 0xFF, 0x28, 0xA2,
    0xFF, 0x28, 0xC2, 0xFF, 0x28, 0xC2, 0xFF, 0x28, 0xE3, 0xFF, 0x41, 0x64, 0xFF, 0x49, 0xA5, 0xFF,
    0x51, 0xE6, 0xFF, 0x51, 0xC6, 0xFF, 0x49, 0x44, 0xFF, 0x41, 0x23, 0xFF, 0x38, 0xC3, 0xFF, 0x20,
    0x61, 0xFF, 0x41, 0x24, 0xFF, 0x9C, 0x4F, 0xFF, 0xE6, 0xDA, 0xFF, 0x94, 0x51, 0xFF, 0x9C, 0x92,
    0xFF, 0xCE, 0x18, 0xFF, 0xCE, 0x18, 0xFF, 0xCE, 0x59, 0xFF, 0xBD, 0x96, 0xFF, 0xAC, 0xD2, 0xFF,
    0xEE, 0xFA, 0xFF, 0xEF, 0x5C, 0xFF, 0x9C, 0x50, 0xFF, 0x9C, 0x92, 0xFF, 0xCD, 0xF8, 0xFF, 0xBD,
    0x76, 0xFF, 0xBD, 0xB7, 0xFF, 0xCD, 0xF8, 0xFF, 0xC5, 0xB7, 0xFF, 0xBD, 0x76, 0xFF, 0xC5, 0xD7,
    0xFF, 0xE6, 0xDB, 0xFF, 0xF7, 0x5C, 0xFF, 0xEF, 0x3C, 0xFF, 0xEF, 0x3C, 0xFF, 0xEF, 0x5D, 0xFF,
    0xEF, 0x5D, 0xFF, 0xF7, 0x7D, 0xFF, 0xBD, 0xB7, 0xFF, 0xA4, 0xF3, 0xFF, 0xEF, 0x3B, 0xFF, 0xFF,
    0xFF, 0xFF, 0xF7, 0x7C, 0xFF, 0xE6, 0x98, 0xFF, 0xB4, 0x90, 0xFF, 0x59, 0xC6, 0xFF, 0x20, 0x00,
    0xFF, 0x20, 0x82, 0xFF, 0x08, 0x81, 0xFF, 0x4B, 0x4A, 0xFF, 0x6C, 0x8E, 0xFF, 0x74, 0xCF, 0xFF,
    0x7C, 0xCF, 0xFF, 0x95, 0x72, 0xFF, 0xA5, 0x94, 0xFF, 0x7C, 0x4F, 0xFF, 0x4B, 0x29, 0xFF, 0x42,
    0xE7, 0xFF, 0x43, 0x07, 0xFF, 0x43, 0x07, 0xFF, 0x43, 0x07, 0xFF, 0x4B, 0x27, 0xFF, 0x42, 0xE7,
    0xFF, 0x11, 0x02, 0xFF, 0x00, 0x20, 0xFF, 0x8C, 0x30, 0xFF, 0xEF, 0x3C, 0xFF, 0x9C, 0xB2, 0xFF,
    0x18, 0xC2, 0xFF, 0x00, 0x00, 0xFF, 0x28, 0xC2, 0xFF, 0x28, 0xC2, 0xFF, 0x39, 0x03, 0xFF, 0x30,
    0xA2, 0xFF, 0x59, 0xE6, 0xFF, 0xE6, 0xFB, 0xFF, 0xEF, 0x5C, 0xFF, 0x94, 0x51, 0xFF, 0xBD, 0xB7,
    0xFF, 0xF7, 0x9E, 0xFF, 0xEF, 0x3C, 0xFF, 0xEF, 0x1C, 0xFF, 0xEF, 0x3C, 0xFF, 0xEF, 0x3C, 0xFF,
    0xEF, 0x3C, 0xFF, 0xEF, 0x3C, 0xFF, 0xEF, 0x3C, 0xFF, 0xEF, 0x3C, 0xFF, 0xEF, 0x3C, 0xFF, 0xEF,
    0x5C, 0xFF, 0xEF, 0x5C, 0xFF, 0xE6, 0xFB, 0xFF, 0xEF, 0x3C, 0xFF, 0xEF, 0x5D, 0xFF, 0xC6, 0x18,
    0xFF, 0xBD, 0xB7, 0xFF, 0xD6, 0x7A, 0xFF, 0xAC, 0xF4, 0xFF, 0xAD, 0x35, 0xFF, 0xD6, 0x7A, 0xFF,
    0xEF, 0x3C, 0xFF, 0xEF, 0x3C, 0xFF, 0xEF, 0x3C, 0xFF, 0xEF, 0x1C, 0xFF, 0xFF, 0xFF, 0xFF, 0xC6,
    0x18, 0xFF, 0x94, 0xB2, 0xFF, 0xE7, 0x1C, 0xFF, 0xFF, 0xFF, 0xFF, 0xFF, 0x9E, 0xFF, 0xBD, 0xF6,
    0xFF, 0x7C, 0x2D, 0xFF, 0x95, 0x0E, 0xFF, 0x7C, 0x8A, 0xFF, 0x9D, 0x2F, 0xFF, 0xEF, 0x5C, 0xFF,
    0xFF, 0xBF, 0xFF, 0xEF, 0x5C, 0xFF, 0xF7, 0x7D, 0xFF, 0xF7, 0x5D, 0xFF, 0xEF, 0x5C, 0xFF, 0xEF,
    0x3C, 0xFF, 0xEF, 0x3C, 0xFF, 0xEF, 0x3C, 0xFF, 0xEF, 0xD2, 0xFF, 0xEF, 0xB2, 0xFF, 0xE7, 0xB2,
    0xFF, 0xC6, 0xD0, 0xFF, 0x95, 0x4C, 0xFF, 0x8D, 0x2B, 0xFF, 0xC6, 0xD0, 0xFF, 0xEF, 0xF4, 0xFF,
    0xD7, 0x51, 0xFF, 0xA6, 0x0D, 0xFF, 0x8D, 0x4B, 0xFF, 0x6C, 0x09, 0xFF, 0x10, 0xA2, 0xFF, 0x73,
    0x8E, 0xFF, 0xEF, 0x5D, 0xFF, 0xFF, 0xBE, 0xFF, 0xEF, 0x5C, 0xFF, 0xC5, 0xB7, 0xFF, 0x62, 0xAB,
    0xFF, 0x29, 0x45, 0xFF, 0x4A, 0x6A, 0xFF, 0x9C, 0xD3, 0xFF, 0xE7, 0x1C, 0xFF, 0xFF, 0xFF, 0xFF,
    0xFF, 0xDF, 0xFF, 0xF7, 0x7D, 0xFF, 0xEF, 0x5D, 0xFF, 0xEF, 0x1C, 0xFF, 0xEF, 0x1C, 0xFF, 0xE6,
    0xDB, 0xFF, 0xD6, 0x7A, 0xFF, 0xC5, 0xF8, 0xFF, 0xB5, 0x35, 0xFF, 0x94, 0x72, 0xFF, 0x7B, 0x8F,
    0xFF, 0x73, 0x2E, 0xFF, 0x73, 0x2E, 0xFF, 0x83, 0xF1, 0xFF, 0xA5, 0x15, 0xFF, 0xCE, 0x39, 0xFF,
    0xEF, 0x3D, 0xFF, 0xF7, 0x9E, 0xFF, 0xF7, 0x7D, 0xFF, 0xEF, 0x5D, 0xFF, 0xEF, 0x5D, 0xFF, 0xEF,
    0x3D, 0xFF, 0xE6, 0xFC, 0xFF, 0xF7, 0x9D, 0xFF, 0xF7, 0x7E, 0xFF, 0x8C, 0x52, 0xFF, 0x8C, 0x32,
    0xFF, 0xBD, 0x97, 0xFF, 0xD6, 0x7A, 0xFF, 0x94, 0x31, 0xFF, 0x7B, 0x4C, 0xFF, 0xC5, 0xF6, 0xFF,
    0x8C, 0x0F, 0xFF, 0x10, 0x61, 0xFF, 0x29, 0x44, 0xFF, 0x41, 0xE7, 0xFF, 0x4A, 0x69, 0xFF, 0x41,
    0xE7, 0xFF, 0x20, 0xA2, 0xFF, 0x10, 0x40, 0xFF, 0x18, 0x61, 0xFF, 0x28, 0xA2, 0xFF, 0x39, 0x23,
    0xFF, 0x41, 0x44, 0xFF, 0x41, 0x44, 0xFF, 0x30, 0xE2, 0xFF, 0x18, 0x81, 0xFF, 0x10, 0x41, 0xFF,
    0x08, 0x20, 0xFF, 0x08, 0x00, 0xFF, 0x08, 0x00, 0xFF, 0x00, 0x00, 0xFF, 0x00, 0x00, 0xFF, 0x00,
    0x00, 0xFF, 0x00, 0x00, 0xFF, 0x08, 0x00, 0xFF, 0x10, 0x20, 0xFF, 0x18, 0x61, 0xFF, 0x28, 0xC2,
    0xFF, 0x39, 0x03, 0xFF, 0x41, 0x23, 0xFF, 0x41, 0x03, 0xFF, 0x49, 0x03, 0xFF, 0x6A, 0x48, 0xFF,
    0xB5, 0x13, 0xFF, 0xDE, 0xBA, 0xFF, 0x9C, 0x91, 0xFF, 0xAC, 0xF3, 0xFF, 0xCE, 0x39, 0xFF, 0xD6,
    0x59, 0xFF, 0xCE, 0x38, 0xFF, 0xB5, 0x14, 0xFF, 0xC5, 0xB6, 0xFF, 0xFF, 0xFF, 0xFF, 0xE6, 0xDA,
    0xFF, 0x8B, 0xEF, 0xFF, 0xA4, 0xD3, 0xFF, 0xC5, 0xF7, 0xFF, 0xB5, 0x56, 0xFF, 0xB5, 0x76, 0xFF,
    0xBD, 0x97, 0xFF, 0xBD, 0x96, 0xFF, 0xBD, 0x76, 0xFF, 0xC5, 0xF8, 0xFF, 0xE6, 0xDB, 0xFF, 0xF7,
    0x7D, 0xFF, 0xEF, 0x5D, 0xFF, 0xEF, 0x5D, 0xFF, 0xEF, 0x5D, 0xFF, 0xF7, 0x7D, 0xFF, 0xD6, 0x9A,
    0xFF, 0x94, 0x92, 0xFF, 0xDE, 0xB9, 0xFF, 0xFF, 0xFF, 0xFF, 0xF7, 0x9D, 0xFF, 0xFF, 0x9C, 0xFF,
    0xAC, 0x90, 0xFF, 0x39, 0x03, 0xFF, 0x6A, 0x48, 0xFF, 0x28, 0xE3, 0xFF, 0x29, 0xE6, 0xFF, 0x5C,
    0x2C, 0xFF, 0x4B, 0x8A, 0xFF, 0x3A, 0xC7, 0xFF, 0x2A, 0x25, 0xFF, 0x19, 0x83, 0xFF, 0x21, 0xA4,
    0xFF, 0x29, 0xC4, 0xFF, 0x19, 0x83, 0xFF, 0x19, 0x83, 0xFF, 0x19, 0xA3, 0xFF, 0x19, 0x83, 0xFF,
    0x19, 0x83, 0xFF, 0x19, 0x83, 0xFF, 0x21, 0xC4, 0xFF, 0x29, 0xA4, 0xFF, 0x00, 0x20, 0xFF, 0x29,
    0x65, 0xFF, 0xB5, 0x54, 0xFF, 0xF7, 0x3C, 0xFF, 0x9C, 0x92, 0xFF, 0x20, 0xC3, 0xFF, 0x10, 0x20,
    0xFF, 0x39, 0x23, 0xFF, 0x39, 0x23, 0xFF, 0x49, 0x44, 0xFF, 0x38, 0xC1, 0xFF, 0x93, 0xCD, 0xFF,
    0xEF, 0x1B, 0xFF, 0xA4, 0xD2, 0xFF, 0xC5, 0xD7, 0xFF, 0xF7, 0x9E, 0xFF, 0xEF, 0x3C, 0xFF, 0xEF,
    0x3C, 0xFF, 0xEF, 0x3C, 0xFF, 0xEF, 0x3C, 0xFF, 0xEF, 0x3C, 0xFF, 0xEF, 0x3C, 0xFF, 0xEF, 0x3C,
    0xFF, 0xEF, 0x3C, 0xFF, 0xEF, 0x3C, 0xFF, 0xF7, 0x5D, 0xFF, 0xEF, 0x3C, 0xFF, 0xDE, 0xBA, 0xFF,
    0xE7, 0x3C, 0xFF, 0xEF, 0x5D, 0xFF, 0xC6, 0x18, 0xFF, 0xBD, 0xB7, 0xFF, 0xD6, 0x7A, 0xFF, 0xA4,
    0xF4, 0xFF, 0xAD, 0x35, 0xFF, 0xCE, 0x39, 0xFF, 0xEF, 0x3C, 0xFF, 0xEF, 0x3C, 0xFF, 0xEF, 0x3C,
    0xFF, 0xE6, 0xFC, 0xFF, 0xFF, 0xBE, 0xFF, 0xDE, 0xFB, 0xFF, 0x9C, 0xD3, 0xFF, 0xBD, 0xB6, 0xFF,
    0xFF, 0xFF, 0xFF, 0xF7, 0x7D, 0xFF, 0xB5, 0xB5, 0xFF, 0x7C, 0x4D, 0xFF, 0x95, 0x0F, 0xFF, 0x7C,
    0x6B, 0xFF, 0x9D, 0x0F, 0xFF, 0xE7, 0x1B, 0xFF, 0xF7, 0x5D, 0xFF, 0xE6, 0xFB, 0xFF, 0xEF, 0x1C,
    0xFF, 0xEF, 0x1C, 0xFF, 0xEF, 0x1C, 0xFF, 0xE7, 0x1C, 0xFF, 0xEF, 0x3C, 0xFF, 0xEF, 0x1C, 0xFF,
    0xD7, 0x70, 0xFF, 0xC6, 0xEF, 0xFF, 0xA5, 0xCD, 0xFF, 0x85, 0x0B, 0xFF, 0x84, 0xEB, 0xFF, 0x95,
    0x6C, 0xFF, 0xC6, 0xD0, 0xFF, 0xF7, 0xF4, 0xFF, 0xDF, 0x73, 0xFF, 0x9D, 0xCD, 0xFF, 0x7D, 0x2A,
    0xFF, 0x85, 0x0B, 0xFF, 0x31, 0xE5, 0xFF, 0x6B, 0x2C, 0xFF, 0xC5, 0xF7, 0xFF, 0xBD, 0xB6, 0xFF,
    0x94, 0x51, 0xFF, 0x5A, 0x8A, 0xFF, 0x52, 0x6A, 0xFF, 0x94, 0x92, 0xFF, 0xDE, 0xDB, 0xFF, 0xFF,
    0xFF, 0xFF, 0xFF, 0xFF, 0xFF, 0xFF, 0xBE, 0xFF, 0xEF, 0x5C, 0xFF, 0xE6, 0xFB, 0xFF, 0xD6, 0x7A,
    0xFF, 0xC5, 0xF7, 0xFF, 0xAD, 0x55, 0xFF, 0x9C, 0x72, 0xFF, 0x7B, 0xAF, 0xFF, 0x6B, 0x2D, 0xFF,
    0x6A, 0xED, 0xFF, 0x6B, 0x0D, 0xFF, 0x7B, 0x6F, 0xFF, 0x8C, 0x32, 0xFF, 0xA4, 0xF4, 0xFF, 0xCE,
    0x19, 0xFF, 0xEF, 0x1C, 0xFF, 0xF7, 0x9E, 0xFF, 0xF7, 0x9E, 0xFF, 0xF7, 0x7D, 0xFF, 0xEF, 0x5D,
    0xFF, 0xEF, 0x3C, 0xFF, 0xEF, 0x5D, 0xFF, 0xEF, 0x3C, 0xFF, 0xE6, 0xDB, 0xFF, 0xEF, 0x3D, 0xFF,
    0xFF, 0xBE, 0xFF, 0xA4, 0xD4, 0xFF, 0x8C, 0x11, 0xFF, 0xCE, 0x3A, 0xFF, 0x94, 0x51, 0xFF, 0x6A,
    0xEB, 0xFF, 0xBD, 0xB5, 0xFF, 0xFF, 0xFF, 0xFF, 0xE6, 0xFA, 0xFF, 0x4A, 0x07, 0xFF, 0x00, 0x00,
    0xFF, 0x00, 0x00, 0xFF, 0x08, 0x20, 0xFF, 0x10, 0x20, 0xFF, 0x20, 0x61, 0xFF, 0x28, 0xC2, 0xFF,
    0x28, 0xC2, 0xFF, 0x20, 0xA1, 0xFF, 0x28, 0xC2, 0xFF, 0x20, 0x81, 0xFF, 0x18, 0x40, 0xFF, 0x10,
    0x61, 0xFF, 0x08, 0x20, 0xFF, 0x08, 0x20, 0xFF, 0x10, 0xA1, 0xFF, 0x19, 0x23, 0xFF, 0x31, 0xE5,
    0xFF, 0x5A, 0xEA, 0xFF, 0x7B, 0xEF, 0xFF, 0x84, 0x50, 0xFF, 0x6B, 0x4C, 0xFF, 0x31, 0xA5, 0xFF,
    0x10, 0x81, 0xFF, 0x08, 0x00, 0xFF, 0x08, 0x20, 0xFF, 0x20, 0xA1, 0xFF, 0x28, 0xA2, 0xFF, 0x28,
    0x61, 0xFF, 0x49, 0x04, 0xFF, 0x8B, 0x0B, 0xFF, 0xD5, 0xF5, 0xFF, 0xF7, 0x7C, 0xFF, 0xDE, 0xBA,
    0xFF, 0x9C, 0x71, 0xFF, 0xAC, 0xF4, 0xFF, 0xD6, 0x79, 0xFF, 0xD6, 0x9A, 0xFF, 0xB5, 0x75, 0xFF,
    0xAC, 0xF3, 0xFF, 0xEF, 0x3C, 0xFF, 0xFF, 0xFF, 0xFF, 0xD6, 0x78, 0xFF, 0x83, 0xCE, 0xFF, 0xA4,
    0xD3, 0xFF, 0xC5, 0xD7, 0xFF, 0xBD, 0x76, 0xFF, 0xB5, 0x56, 0xFF, 0xBD, 0x97, 0xFF, 0xBD, 0x97,
    0xFF, 0xBD, 0xB7, 0xFF, 0xCE, 0x18, 0xFF, 0xE6, 0xDB, 0xFF, 0xF7, 0x7D, 0xFF, 0xF7, 0x7D, 0xFF,
    0xEF, 0x5D, 0xFF, 0xEF, 0x5C, 0xFF, 0xEF, 0x3C, 0xFF, 0x9C, 0xB2, 0xFF, 0xC6, 0x17, 0xFF, 0xFF,
    0xBD, 0xFF, 0xFF, 0xFF, 0xFF, 0xEF, 0x1B, 0xFF, 0x83, 0x2B, 0xFF, 0x72, 0xA9, 0xFF, 0xAC, 0xD2,
    0xFF, 0x08, 0x40, 0xFF, 0x29, 0xC5, 0xFF, 0x32, 0x66, 0xFF, 0x19, 0x62, 0xFF, 0x11, 0x22, 0xFF,
    0x09, 0x01, 0xFF, 0x09, 0x00, 0xFF, 0x7C, 0x2C, 0xFF, 0xCE, 0x54, 0xFF, 0x63, 0x8A, 0xFF, 0x11,
    0x22, 0xFF, 0x21, 0xC4, 0xFF, 0x21, 0xC4, 0xFF, 0x19, 0x83, 0xFF, 0x09, 0x02, 0xFF, 0x08, 0xA1,
    0xFF, 0x11, 0x02, 0xFF, 0x10, 0xE2, 0xFF, 0x00, 0x20, 0xFF, 0x7B, 0xCE, 0xFF, 0xDE, 0xBA, 0xFF,
    0xE6, 0xBA, 0xFF, 0x8C, 0x51, 0xFF, 0x10, 0x61, 0xFF, 0x30, 0xE2, 0xFF, 0x49, 0x44, 0xFF, 0x49,
    0x84, 0xFF, 0x51, 0x64, 0xFF, 0x51, 0xA4, 0xFF, 0x8B, 0x8D, 0xFF, 0x94, 0x0F, 0xFF, 0xDE, 0xFB,
    0xFF, 0xFF, 0xFF, 0xFF, 0xEF, 0x5D, 0xFF, 0xEF, 0x3C, 0xFF, 0xEF, 0x3C, 0xFF, 0xEF, 0x3C, 0xFF,
    0xEF, 0x3C, 0xFF, 0xEF, 0x3C, 0xFF, 0xEF, 0x3C, 0xFF, 0xEF, 0x5D, 0xFF, 0xEF, 0x3C, 0xFF, 0xF7,
    0x7D, 0xFF, 0xE7, 0x1C, 0xFF, 0xDE, 0xBA, 0xFF, 0xEF, 0x3C, 0xFF, 0xF7, 0x5D, 0xFF, 0xC6, 0x18,
    0xFF, 0xBD, 0xB7, 0xFF, 0xD6, 0x9A, 0xFF, 0xA4, 0xF4, 0xFF, 0xAD, 0x14, 0xFF, 0xC5, 0xF8, 0xFF,
    0xEF, 0x1C, 0xFF, 0xEF, 0x3C, 0xFF, 0xEF, 0x1C, 0xFF, 0xE7, 0x1C, 0xFF, 0xEF, 0x5D, 0xFF, 0xF7,
    0x7D, 0xFF, 0xAD, 0x75, 0xFF, 0x9C, 0xD3, 0xFF, 0xFF, 0xDF, 0xFF, 0xF7, 0x7D, 0xFF, 0xA5, 0x33,
    0xFF, 0x84, 0x6E, 0xFF, 0x95, 0x0F, 0xFF, 0x74, 0x4A, 0xFF, 0x9D, 0x0F, 0xFF, 0xE7, 0x1B, 0xFF,
    0xF7, 0x5E, 0xFF, 0xE6, 0xFB, 0xFF, 0xEF, 0x1C, 0xFF, 0xEF, 0x3C, 0xFF, 0xEF, 0x3C, 0xFF, 0xEF,
    0x3C, 0xFF, 0xEF, 0x5C, 0xFF, 0xEF, 0x3C, 0xFF, 0x8D, 0x2B, 0xFF, 0x7C, 0xCA, 0xFF, 0x74, 0x89,
    0xFF, 0x7C, 0xAA, 0xFF, 0x85, 0x0B, 0xFF, 0x8D, 0x4B, 0xFF, 0xCE, 0xD1, 0xFF, 0xF7, 0xF5, 0xFF,
    0xBE, 0x70, 0xFF, 0x7C, 0xCA, 0xFF, 0x6C, 0xAA, 0xFF, 0x74, 0xAA, 0xFF, 0x42, 0x86, 0xFF, 0x7B,
    0xCE, 0xFF, 0x83, 0xEF, 0xFF, 0x31, 0x66, 0xFF, 0x39, 0x86, 0xFF, 0x62, 0xCB, 0xFF, 0x94, 0x51,
    0xFF, 0xC5, 0xF8, 0xFF, 0xCE, 0x79, 0xFF, 0xB5, 0x96, 0xFF, 0x9C, 0xD3, 0xFF, 0x94, 0x72, 0xFF,
    0x8C, 0x31, 0xFF, 0x7B, 0xCF, 0xFF, 0x73, 0x6E, 0xFF, 0x6B, 0x2D, 0xFF, 0x62, 0xCC, 0xFF, 0x62,
    0xCC, 0xFF, 0x73, 0x4E, 0xFF, 0x7B, 0xB0, 0xFF, 0x83, 0xB0, 0xFF, 0x94, 0x32, 0xFF, 0xAD, 0x35,
    0xFF, 0xCE, 0x19, 0xFF, 0xE6, 0xFC, 0xFF, 0xF7, 0x5D, 0xFF, 0xF7, 0x7D, 0xFF, 0xF7, 0x7D, 0xFF,
    0xEF, 0x5D, 0xFF, 0xEF, 0x3D, 0xFF, 0xEF, 0x3C, 0xFF, 0xEF, 0x3C, 0xFF, 0xEF, 0x3C, 0xFF, 0xEF,
    0x3C, 0xFF, 0xDE, 0xDB, 0xFF, 0xEF, 0x1C, 0xFF, 0xFF, 0xBE, 0xFF, 0xB5, 0x76, 0xFF, 0x83, 0xD0,
    0xFF, 0x7B, 0xAF, 0xFF, 0x6A, 0xCA, 0xFF, 0xBD, 0xB5, 0xFF, 0xFF, 0xFE, 0xFF, 0xFF, 0xBD, 0xFF,
    0xFF, 0xFE, 0xFF, 0xD6, 0x78, 0xFF, 0x5A, 0x89, 0xFF, 0x10, 0x61, 0xFF, 0x18, 0x81, 0xFF, 0x28,
    0xE2, 0xFF, 0x39, 0x23, 0xFF, 0x39, 0x03, 0xFF, 0x39, 0x02, 0xFF, 0x30, 0xE2, 0xFF, 0x08, 0x00,
    0xFF, 0x08, 0x41, 0xFF, 0x20, 0xE3, 0xFF, 0x08, 0x61, 0xFF, 0x08, 0x81, 0xFF, 0x29, 0xE5, 0xFF,
    0x4B, 0x28, 0xFF, 0x5B, 0xEA, 0xFF, 0x7C, 0xCE, 0xFF, 0xCE, 0xB9, 0xFF, 0xF7, 0x9E, 0xFF, 0xF7,
    0xBE, 0xFF, 0xEF, 0x5D, 0xFF, 0xAD, 0xD5, 0xFF, 0x6B, 0xED, 0xFF, 0x4A, 0xA9, 0xFF, 0x19, 0x03,
    0xFF, 0x08, 0x40, 0xFF, 0x31, 0x24, 0xFF, 0x41, 0x45, 0xFF, 0x28, 0x00, 0xFF, 0x51, 0x23, 0xFF,
    0xC5, 0x11, 0xFF, 0xFF, 0x7C, 0xFF, 0xFF, 0xFF, 0xFF, 0xDE, 0xBA, 0xFF, 0xA4, 0x92, 0xFF, 0xA4,
    0xD3, 0xFF, 0xD6, 0x9A, 0xFF, 0xCE, 0x38, 0xFF, 0xA4, 0xB2, 0xFF, 0xBD, 0x75, 0xFF, 0xFF, 0xFF,
    0xFF, 0xFF, 0xFF, 0xFF, 0xCD, 0xF7, 0xFF, 0x8B, 0xAE, 0xFF, 0xA4, 0x92, 0xFF, 0xC5, 0xD7, 0xFF,
    0xC5, 0xD7, 0xFF, 0xBD, 0x76, 0xFF, 0xC5, 0xB7, 0xFF, 0xC5, 0xD7, 0xFF, 0xBD, 0xB7, 0xFF, 0xC5,
    0xF8, 0xFF, 0xDE, 0xBA, 0xFF, 0xF7, 0x7D, 0xFF, 0xF7, 0x9D, 0xFF, 0xEF, 0x5C, 0xFF, 0xF7, 0x5D,
    0xFF, 0xAD, 0x55, 0xFF, 0xB5, 0x54, 0xFF, 0xEF, 0x3B, 0xFF, 0xFF, 0xFF, 0xFF, 0xBD, 0x74, 0xFF,
    0x8B, 0x6C, 0xFF, 0xC5, 0xB5, 0xFF, 0x6B, 0x4C, 0xFF, 0x00, 0x00, 0xFF, 0x08, 0x81, 0xFF, 0x00,
    0xA0, 0xFF, 0x08, 0xE1, 0xFF, 0x19, 0x83, 0xFF, 0x09, 0x21, 0xFF, 0x32, 0x24, 0xFF, 0xCE, 0x94,
    0xFF, 0xFF, 0xFE, 0xFF, 0xB5, 0xD1, 0xFF, 0x21, 0xC4, 0xFF, 0x21, 0xC4, 0xFF, 0x2A, 0x25, 0xFF,
    0x32, 0x44, 0xFF, 0x2A, 0x04, 0xFF, 0x11, 0x02, 0xFF, 0x00, 0x60, 0xFF, 0x08, 0xC2, 0xFF, 0x00,
    0x00, 0xFF, 0x52, 0xAA, 0xFF, 0xCE, 0x38, 0xFF, 0xE6, 0xFB, 0xFF, 0xD6, 0x79, 0xFF, 0x73, 0x6D,
    0xFF, 0x10, 0x20, 0xFF, 0x49, 0x64, 0xFF, 0x51, 0x84, 0xFF, 0x59, 0xC5, 0xFF, 0x59, 0x85, 0xFF,
    0x51, 0x84, 0xFF, 0x72, 0x89, 0xFF, 0x8B, 0xCE, 0xFF, 0xA4, 0x91, 0xFF, 0xD6, 0x59, 0xFF, 0xF7,
    0x9E, 0xFF, 0xEF, 0x3C, 0xFF, 0xEF, 0x3C, 0xFF, 0xEF, 0x3C, 0xFF, 0xEF, 0x3C, 0xFF, 0xEF, 0x3C,
    0xFF, 0xEF, 0x5D, 0xFF, 0xEF, 0x5D, 0xFF, 0xF7, 0x7D, 0xFF, 0xDE, 0xDB, 0xFF, 0xDE, 0xBA, 0xFF,
    0xF7, 0x5D, 0xFF, 0xF7, 0x7D, 0xFF, 0xCE, 0x38, 0xFF, 0xBD, 0xD7, 0xFF, 0xDE, 0x9A, 0xFF, 0xA4,
    0xD3, 0xFF, 0xA4, 0xD3, 0xFF, 0xC5, 0xD7, 0xFF, 0xE6, 0xFC, 0xFF, 0xEF, 0x1C, 0xFF, 0xE7, 0x1C,
    0xFF, 0xEF, 0x1C, 0xFF, 0xE6, 0xFB, 0xFF, 0xFF, 0x9E, 0xFF, 0xC6, 0x17, 0xFF, 0x94, 0x71, 0xFF,
    0xEF, 0x5D, 0xFF, 0xEF, 0x7D, 0xFF, 0x94, 0x90, 0xFF, 0x84, 0x8E, 0xFF, 0x95, 0x0F, 0xFF, 0x74,
    0x0A, 0xFF, 0x9D, 0x30, 0xFF, 0xEF, 0x3C, 0xFF, 0xF7, 0x5D, 0xFF, 0xE7, 0x1B, 0xFF, 0xEF, 0x3C,
    0xFF, 0xEF, 0x3C, 0xFF, 0xEF, 0x3C, 0xFF, 0xEF, 0x3D, 0xFF, 0xEF, 0x5D, 0xFF, 0xEF, 0x5C, 0xFF,
    0x63, 0xE8, 0xFF, 0x6C, 0x29, 0xFF, 0x7C, 0x8A, 0xFF, 0x84, 0xEA, 0xFF, 0x84, 0xEB, 0xFF, 0x85,
    0x0B, 0xFF, 0xC6, 0xB0, 0xFF, 0xCE, 0xF1, 0xFF, 0x7C, 0xAA, 0xFF, 0x64, 0x29, 0xFF, 0x64, 0x69,
    0xFF, 0x64, 0x49, 0xFF, 0x29, 0xE4, 0xFF, 0xA5, 0x13, 0xFF, 0xCE, 0x38, 0xFF, 0x94, 0x72, 0xFF,
    0x73, 0x8E, 0xFF, 0x73, 0x6D, 0xFF, 0x73, 0x4D, 0xFF, 0x62, 0xEC, 0xFF, 0x52, 0x6A, 0xFF, 0x5A,
    0x8A, 0xFF, 0x5A, 0xAB, 0xFF, 0x52, 0x6A, 0xFF, 0x52, 0x4A, 0xFF, 0x73, 0x6E, 0xFF, 0x7B, 0xB0,
    0xFF, 0x83, 0xD0, 0xFF, 0x83, 0xD1, 0xFF, 0x94, 0x52, 0xFF, 0xA4, 0xD4, 0xFF, 0xB5, 0x56, 0xFF,
    0xBD, 0xB7, 0xFF, 0xCE, 0x39, 0xFF, 0xDE, 0xBB, 0xFF, 0xEF, 0x1C, 0xFF, 0xEF, 0x3D, 0xFF, 0xEF,
    0x5D, 0xFF, 0xEF, 0x5D, 0xFF, 0xEF, 0x3D, 0xFF, 0xEF, 0x5C, 0xFF, 0xEF, 0x3C, 0xFF, 0xEF, 0x3C,
    0xFF, 0xEF, 0x3C, 0xFF, 0xEF, 0x3C, 0xFF, 0xEF, 0x3C, 0xFF, 0xE6, 0xFB, 0xFF, 0xE6, 0xDB, 0xFF,
    0xF7, 0x7E, 0xFF, 0xCE, 0x39, 0xFF, 0x5A, 0xAB, 0xFF, 0x62, 0xAA, 0xFF, 0xBD, 0xB5, 0xFF, 0xFF,
    0xFE, 0xFF, 0xFF, 0xDD, 0xFF, 0xF7, 0x7B, 0xFF, 0xFF, 0xBD, 0xFF, 0xFF, 0xFF, 0xFF, 0xB5, 0x95,
    0xFF, 0x18, 0x81, 0xFF, 0x20, 0xA1, 0xFF, 0x31, 0x02, 0xFF, 0x30, 0xE2, 0xFF, 0x39, 0x23, 0xFF,
    0x39, 0x03, 0xFF, 0x08, 0x00, 0xFF, 0x29, 0x24, 0xFF, 0x63, 0x2B, 0xFF, 0x39, 0xE7, 0xFF, 0x08,
    0xA1, 0xFF, 0x32, 0x45, 0xFF, 0x53, 0xC9, 0xFF, 0x6C, 0x6B, 0xFF, 0x74, 0xEC, 0xFF, 0x8D, 0x4F,
    0xFF, 0xEF, 0xDD, 0xFF, 0xFF, 0xFF, 0xFF, 0xFF, 0xFF, 0xFF, 0xFF, 0xFF, 0xFF, 0xBE, 0x97, 0xFF,
    0x9D, 0x92, 0xFF, 0xA5, 0xD3, 0xFF, 0x74, 0x4D, 0xFF, 0x21, 0x43, 0xFF, 0x18, 0xC2, 0xFF, 0x7B,
    0x8D, 0xFF, 0x8B, 0xAE, 0xFF, 0x38, 0x81, 0xFF, 0x48, 0xE2, 0xFF, 0xCD, 0xB4, 0xFF, 0xFF, 0xFF,
    0xFF, 0xFF, 0xFF, 0xFF, 0xDE, 0xBA, 0xFF, 0xA4, 0x92, 0xFF, 0xA4, 0xB2, 0xFF, 0xCE, 0x39, 0xFF,
    0xC5, 0xB7, 0xFF, 0x9C, 0x92, 0xFF, 0xE6, 0xFA, 0xFF, 0xFF, 0xFF, 0xFF, 0xFF, 0xFE, 0xFF, 0xCD,
    0xF7, 0xFF, 0x93, 0xEF, 0xFF, 0x9C, 0x51, 0xFF, 0xC5, 0xB7, 0xFF, 0xCD, 0xF8, 0xFF, 0xC5, 0xB7,
    0xFF, 0xC5, 0xD7, 0xFF, 0xC5, 0xD7, 0xFF, 0xBD, 0xD7, 0xFF, 0xC5, 0xD7, 0xFF, 0xD6, 0x7A, 0xFF,
    0xEF, 0x5D, 0xFF, 0xF7, 0x7D, 0xFF, 0xF7, 0x7D, 0xFF, 0xC6, 0x18, 0xFF, 0xA4, 0xB2, 0xFF, 0xDE,
    0xDA, 0xFF, 0xFF, 0xDE, 0xFF, 0xC5, 0x74, 0xFF, 0xCD, 0xD6, 0xFF, 0xCE, 0x58, 0xFF, 0x10, 0xC2,
    0xFF, 0x00, 0x20, 0xFF, 0x00, 0x40, 0xFF, 0x08, 0xE1, 0xFF, 0x19, 0xA3, 0xFF, 0x2A, 0x24, 0xFF,
    0x11, 0x42, 0xFF, 0x42, 0xA6, 0xFF, 0xC6, 0x73, 0xFF, 0xFF, 0xDB, 0xFF, 0xD6, 0xD4, 0xFF, 0x4B,
    0x07, 0xFF, 0x11, 0x42, 0xFF, 0x2A, 0x25, 0xFF, 0x2A, 0x24, 0xFF, 0x32, 0x65, 0xFF, 0x2A, 0x24,
    0xFF, 0x11, 0x22, 0xFF, 0x08, 0xA1, 0xFF, 0x00, 0x20, 0xFF, 0x29, 0x44, 0xFF, 0xC6, 0x18, 0xFF,
    0xF7, 0x7D, 0xFF, 0xD6, 0x59, 0xFF, 0xBD, 0xD7, 0xFF, 0x31, 0x44, 0xFF, 0x41, 0x03, 0xFF, 0x59,
    0xA5, 0xFF, 0x59, 0xA5, 0xFF, 0x61, 0xC6, 0xFF, 0x62, 0x06, 0xFF, 0x59, 0xA5, 0xFF, 0x51, 0x85,
    0xFF, 0x8B, 0xCF, 0xFF, 0xDE, 0xBA, 0xFF, 0xF7, 0x7E, 0xFF, 0xEF, 0x3C, 0xFF, 0xEF, 0x3C, 0xFF,
    0xEF, 0x3C, 0xFF, 0xEF, 0x3C, 0xFF, 0xEF, 0x3C, 0xFF, 0xEF, 0x3D, 0xFF, 0xEF, 0x5D, 0xFF, 0xF7,
    0x7D, 0xFF, 0xD6, 0x7A, 0xFF, 0xDE, 0x9A, 0xFF, 0xF7, 0x7D, 0xFF, 0xF7, 0x7D, 0xFF, 0xCE, 0x39,
    0xFF, 0xC5, 0xD7, 0xFF, 0xDE, 0xBA, 0xFF, 0x9C, 0xB3, 0xFF, 0x9C, 0xB3, 0xFF, 0xBD, 0xB7, 0xFF,
    0xE6, 0xFC, 0xFF, 0xEF, 0x3C, 0xFF, 0xE7, 0x1B, 0xFF, 0xE7, 0x1C, 0xFF, 0xE6, 0xDB, 0xFF, 0xF7,
    0x9D, 0xFF, 0xDE, 0x9A, 0xFF, 0x9C, 0xB2, 0xFF, 0xD6, 0x79, 0xFF, 0xE7, 0x3C, 0xFF, 0x84, 0x4E,
    0xFF, 0x8C, 0xAF, 0xFF, 0x94, 0xEF, 0xFF, 0x6B, 0xEA, 0xFF, 0xAD, 0x73, 0xFF, 0xEF, 0x5D, 0xFF,
    0xF7, 0x5D, 0xFF, 0xE7, 0x1B, 0xFF, 0xEF, 0x3C, 0xFF, 0xEF, 0x3C, 0xFF, 0xEF, 0x3C, 0xFF, 0xEF,
    0x5D, 0xFF, 0xEF, 0x5D, 0xFF, 0xEF, 0x5D, 0xFF, 0x74, 0x6A, 0xFF, 0x84, 0xEB, 0xFF, 0x84, 0xEB,
    0xFF, 0x85, 0x0B, 0xFF, 0x85, 0x0B, 0xFF, 0x8D, 0x4C, 0xFF, 0x9D, 0xAE, 0xFF, 0x84, 0xEC, 0xFF,
    0x5B, 0xE8, 0xFF, 0x64, 0x49, 0xFF, 0x64, 0x49, 0xFF, 0x53, 0x88, 0xFF, 0x21, 0x64, 0xFF, 0xCE,
    0x79, 0xFF, 0xFF, 0xFF, 0xFF, 0xFF, 0xFF, 0xFF, 0xA4, 0xD3, 0xFF, 0x83, 0xEF, 0xFF, 0x9C, 0xD3,
    0xFF, 0x94, 0x52, 0xFF, 0x94, 0x72, 0xFF, 0xAD, 0x14, 0xFF, 0xB5, 0x56, 0xFF, 0x83, 0xF1, 0xFF,
    0x7B, 0x8F, 0xFF, 0xB5, 0x77, 0xFF, 0xBD, 0x77, 0xFF, 0xB5, 0x56, 0xFF, 0xB5, 0x77, 0xFF, 0xC5,
    0xD8, 0xFF, 0xC5, 0xF8, 0xFF, 0xC5, 0xD8, 0xFF, 0xD6, 0x7A, 0xFF, 0xEF, 0x3C, 0xFF, 0xEF, 0x3C,
    0xFF, 0xEF, 0x3C, 0xFF, 0xEF, 0x1C, 0xFF, 0xEF, 0x1C, 0xFF, 0xEF, 0x3C, 0xFF, 0xEF, 0x3C, 0xFF,
    0xEF, 0x5C, 0xFF, 0xEF, 0x3C, 0xFF, 0xEF, 0x3C, 0xFF, 0xEF, 0x3C, 0xFF, 0xEF, 0x3C, 0xFF, 0xEF,
    0x5D, 0xFF, 0xE7, 0x1C, 0xFF, 0xDE, 0xBB, 0xFF, 0xEF, 0x3C, 0xFF, 0xD6, 0x5A, 0xFF, 0x5A, 0xAB,
    0xFF, 0xBD, 0x75, 0xFF, 0xFF, 0xFE, 0xFF, 0xFF, 0xBD, 0xFF, 0xFF, 0x7C, 0xFF, 0xF7, 0x7C, 0xFF,
    0xFF, 0xDE, 0xFF, 0xF7, 0x9E, 0xFF, 0x83, 0xEF, 0xFF, 0x10, 0x40, 0xFF, 0x30, 0xE2, 0xFF, 0x30,
    0xE2, 0xFF, 0x30, 0xE2, 0xFF, 0x30, 0xE2, 0xFF, 0x08, 0x00, 0xFF, 0x29, 0x45, 0xFF, 0x9C, 0xF2,
    0xFF, 0x7B, 0xAE, 0xFF, 0x19, 0x03, 0xFF, 0x2A, 0x03, 0xFF, 0x53, 0xA7, 0xFF, 0x5B, 0xE8, 0xFF,
    0x64, 0x4A, 0xFF, 0x74, 0xAB, 0xFF, 0x7C, 0xCC, 0xFF, 0xBE, 0x55, 0xFF, 0xDF, 0x1B, 0xFF, 0xD6,
    0xD9, 0xFF, 0x95, 0x32, 0xFF, 0x5B, 0xAA, 0xFF, 0x5B, 0x69, 0xFF, 0x74, 0x2D, 0xFF, 0x74, 0x2C,
    0xFF, 0x32, 0x25, 0xFF, 0x00, 0x40, 0xFF, 0x42, 0x48, 0xFF, 0xC6, 0x17, 0xFF, 0xB5, 0x54, 0xFF,
    0x59, 0x85, 0xFF, 0x6A, 0x06, 0xFF, 0xE6, 0xB9, 0xFF, 0xFF, 0xFF, 0xFF, 0xFF, 0xFF, 0xFF, 0xE6,
    0xFB, 0xFF, 0xAC, 0xD2, 0xFF, 0xA4, 0xB2, 0xFF, 0xBD, 0x96, 0xFF, 0xB5, 0x14, 0xFF, 0xB5, 0x54,
    0xFF, 0xFF, 0xDE, 0xFF, 0xFF, 0xBD, 0xFF, 0xFF, 0xFE, 0xFF, 0xD6, 0x79, 0xFF, 0x9C, 0x51, 0xFF,
    0x94, 0x31, 0xFF, 0xBD, 0x96, 0xFF, 0xCE, 0x38, 0xFF, 0xC5, 0xF8, 0xFF, 0xC5, 0xD7, 0xFF, 0xC5,
    0xF8, 0xFF, 0xC5, 0xD7, 0xFF, 0xBD, 0xB7, 0xFF, 0xCE, 0x39, 0xFF, 0xE6, 0xFB, 0xFF, 0xF7, 0x5D,
    0xFF, 0xE6, 0xFB, 0xFF, 0x9C, 0x92, 0xFF, 0xCE, 0x37, 0xFF, 0xFF, 0xBD, 0xFF, 0xEE, 0xFA, 0xFF,
    0xFF, 0x9D, 0xFF, 0xAD, 0x54, 0xFF, 0x00, 0x40, 0xFF, 0x00, 0x81, 0xFF, 0x19, 0x43, 0xFF, 0x21,
    0xE4, 0xFF, 0x22, 0x04, 0xFF, 0x2A, 0x45, 0xFF, 0x09, 0x41, 0xFF, 0x53, 0x07, 0xFF, 0xD6, 0xD4,
    0xFF, 0xFF, 0xFA, 0xFF, 0xF7, 0x97, 0xFF, 0x8C, 0xAD, 0xFF, 0x09, 0x21, 0xFF, 0x21, 0xE4, 0xFF,
    0x2A, 0x04, 0xFF, 0x2A, 0x24, 0xFF, 0x32, 0x64, 0xFF, 0x32, 0x44, 0xFF, 0x19, 0x83, 0xFF, 0x00,
    0xA1, 0xFF, 0x08, 0x61, 0xFF, 0xA5, 0x13, 0xFF, 0xFF, 0xFF, 0xFF, 0xDE, 0xBA, 0xFF, 0xCE, 0x38,
    0xFF, 0x7B, 0xAE, 0xFF, 0x30, 0xA2, 0xFF, 0x61, 0xA5, 0xFF, 0x61, 0xA5, 0xFF, 0x61, 0xE6, 0xFF,
    0x61, 0xE6, 0xFF, 0x6A, 0x68, 0xFF, 0xAC, 0xD2, 0xFF, 0xEF, 0x1C, 0xFF, 0xF7, 0x7D, 0xFF, 0xEF,
    0x1C, 0xFF, 0xEF, 0x3C, 0xFF, 0xEF, 0x3C, 0xFF, 0xEF, 0x3C, 0xFF, 0xEF, 0x3C, 0xFF, 0xEF, 0x3C,
    0xFF, 0xEF, 0x3C, 0xFF, 0xEF, 0x5D, 0xFF, 0xEF, 0x5D, 0xFF, 0xCE, 0x38, 0xFF, 0xDE, 0xBA, 0xFF,
    0xFF, 0x9E, 0xFF, 0xF7, 0x7D, 0xFF, 0xCE, 0x59, 0xFF, 0xC5, 0xF8, 0xFF, 0xDE, 0xBB, 0xFF, 0xA4,
    0xD3, 0xFF, 0xA4, 0xB3, 0xFF, 0xC5, 0xB7, 0xFF, 0xE6, 0xFB, 0xFF, 0xEF, 0x3C, 0xFF, 0xEE, 0xFB,
    0xFF, 0xE6, 0xFC, 0xFF, 0xE6, 0xFB, 0xFF, 0xEF, 0x3C, 0xFF, 0xEF, 0x1C, 0xFF, 0xBD, 0xB6, 0xFF,
    0xB5, 0x75, 0xFF, 0xCE, 0x99, 0xFF, 0x7C, 0x2E, 0xFF, 0x8C, 0xCF, 0xFF, 0x8C, 0xCF, 0xFF, 0x6B,
    0xEA, 0xFF, 0xBD, 0xF6, 0xFF, 0xF7, 0x7E, 0xFF, 0xEF, 0x3D, 0xFF, 0xEF, 0x1C, 0xFF, 0xEF, 0x3C,
    0xFF, 0xEF, 0x3C, 0xFF, 0xEF, 0x5C, 0xFF, 0xEF, 0x5D, 0xFF, 0xF7, 0x7D, 0xFF, 0xF7, 0x5D, 0xFF,
    0x74, 0x4A, 0xFF, 0x84, 0xCB, 0xFF, 0x84, 0xEB, 0xFF, 0x84, 0xEB, 0xFF, 0x84, 0xEB, 0xFF, 0x84,
    0xCC, 0xFF, 0x74, 0x4A, 0xFF, 0x5B, 0xC9, 0xFF, 0x5B, 0xE9, 0xFF, 0x64, 0x4A, 0xFF, 0x64, 0x2A,
    0xFF, 0x2A, 0x04, 0xFF, 0x42, 0x48, 0xFF, 0xDE, 0xDA, 0xFF, 0xFF, 0xDF, 0xFF, 0xDE, 0xFC, 0xFF,
    0x6B, 0x2D, 0xFF, 0xBD, 0xD6, 0xFF, 0xFF, 0xFF, 0xFF, 0xFF, 0xDF, 0xFF, 0xFF, 0xBE, 0xFF, 0xFF,
    0xFF, 0xFF, 0xF7, 0x7E, 0xFF, 0xA4, 0xD5, 0xFF, 0x8C, 0x12, 0xFF, 0xB5, 0x36, 0xFF, 0xAD, 0x16,
    0xFF, 0xB5, 0x77, 0xFF, 0xC5, 0xD8, 0xFF, 0xDE, 0x9B, 0xFF, 0xDE, 0xDB, 0xFF, 0xD6, 0x59, 0xFF,
    0xDE, 0x9A, 0xFF, 0xF7, 0x5D, 0xFF, 0xE6, 0xFB, 0xFF, 0xE7, 0x1B, 0xFF, 0xE7, 0x1C, 0xFF, 0xEF,
    0x3C, 0xFF, 0xEF, 0x3C, 0xFF, 0xEF, 0x3C, 0xFF, 0xEF, 0x3C, 0xFF, 0xEF, 0x3D, 0xFF, 0xEF, 0x3C,
    0xFF, 0xEF, 0x5D, 0xFF, 0xEF, 0x5C, 0xFF, 0xF7, 0x7D, 0xFF, 0xEF, 0x3D, 0xFF, 0xDE, 0xBB, 0xFF,
    0xE6, 0xFB, 0xFF, 0xDE, 0x9A, 0xFF, 0x83, 0xAF, 0xFF, 0xD6, 0x58, 0xFF, 0xFF, 0xDD, 0xFF, 0xFF,
    0xBD, 0xFF, 0xFF, 0x7C, 0xFF, 0xF7, 0x9C, 0xFF, 0xFF, 0xFF, 0xFF, 0xB5, 0x75, 0xFF, 0x20, 0xA2,
    0xFF, 0x20, 0x61, 0xFF, 0x39, 0x03, 0xFF, 0x38, 0xE2, 0xFF, 0x30, 0xE2, 0xFF, 0x10, 0x00, 0xFF,
    0x21, 0x04, 0xFF, 0xBD, 0xF7, 0xFF, 0xA5, 0x13, 0xFF, 0x10, 0xC3, 0xFF, 0x09, 0x01, 0xFF, 0x3A,
    0xE5, 0xFF, 0x3A, 0xE5, 0xFF, 0x43, 0x06, 0xFF, 0x53, 0x67, 0xFF, 0x53, 0x88, 0xFF, 0x53, 0x47,
    0xFF, 0x4A, 0xE7, 0xFF, 0x53, 0x08, 0xFF, 0x42, 0xC7, 0xFF, 0x2A, 0x24, 0xFF, 0x22, 0x03, 0xFF,
    0x21, 0xC3, 0xFF, 0x19, 0x63, 0xFF, 0x11, 0x22, 0xFF, 0x11, 0x02, 0xFF, 0x08, 0x81, 0xFF, 0x00,
    0x00, 0xFF, 0x52, 0x8A, 0xFF, 0xF7, 0xDF, 0xFF, 0xD6, 0x58, 0xFF, 0x72, 0x88, 0xFF, 0xB4, 0xD1,
    0xFF, 0xFF, 0xBD, 0xFF, 0xFF, 0xDE, 0xFF, 0xFF, 0xFF, 0xFF, 0xF7, 0x7C, 0xFF, 0xBD, 0x54, 0xFF,
    0xA4, 0x92, 0xFF, 0xAC, 0xD3, 0xFF, 0x9C, 0x71, 0xFF, 0xDE, 0xB9, 0xFF, 0xFF, 0xFE, 0xFF, 0xFF,
    0x9D, 0xFF, 0xFF, 0xFF, 0xFF, 0xE7, 0x1B, 0xFF, 0xAC, 0xD3, 0xFF, 0x94, 0x51, 0xFF, 0xB5, 0x55,
    0xFF, 0xCD, 0xF8, 0xFF, 0xCE, 0x18, 0xFF, 0xC5, 0xF8, 0xFF, 0xC5, 0xF8, 0xFF, 0xC5, 0xD7, 0xFF,
    0xBD, 0xB7, 0xFF, 0xC5, 0xF7, 0xFF, 0xDE, 0x9A, 0xFF, 0xEF, 0x1C, 0xFF, 0xA4, 0xF3, 0xFF, 0xBD,
    0x95, 0xFF, 0xF7, 0x7C, 0xFF, 0xFF, 0xDE, 0xFF, 0xFF, 0xDE, 0xFF, 0x9C, 0xF2, 0xFF, 0x08, 0x61,
    0xFF, 0x11, 0x22, 0xFF, 0x2A, 0x24, 0xFF, 0x2A, 0x44, 0xFF, 0x2A, 0x45, 0xFF, 0x19, 0xC3, 0xFF,
    0x01, 0x00, 0xFF, 0x74, 0x0A, 0xFF, 0xEF, 0x97, 0xFF, 0xFF, 0xFA, 0xFF, 0xFF, 0xF9, 0xFF, 0xD6,
    0xB4, 0xFF, 0x42, 0xA5, 0xFF, 0x09, 0x01, 0xFF, 0x19, 0x62, 0xFF, 0x2A, 0x04, 0xFF, 0x32, 0x64,
    0xFF, 0x42, 0xC5, 0xFF, 0x3A, 0x85, 0xFF, 0x19, 0x83, 0xFF, 0x00, 0x40, 0xFF, 0x84, 0x10, 0xFF,
    0xFF, 0xFF, 0xFF, 0xF7, 0x9E, 0xFF, 0xDE, 0xDB, 0xFF, 0xAD, 0x14, 0xFF, 0x39, 0x03, 0xFF, 0x59,
    0x85, 0xFF, 0x61, 0xC5, 0xFF, 0x61, 0xA4, 0xFF, 0x59, 0x84, 0xFF, 0xA4, 0x91, 0xFF, 0xFF, 0xBE,
    0xFF, 0xFF, 0xDE, 0xFF, 0xE7, 0x1B, 0xFF, 0xEF, 0x1C, 0xFF, 0xEF, 0x3C, 0xFF, 0xEF, 0x3C, 0xFF,
    0xEF, 0x3C, 0xFF, 0xEF, 0x3C, 0xFF, 0xEF, 0x3C, 0xFF, 0xEF, 0x3C, 0xFF, 0xF7, 0x7D, 0xFF, 0xE6,
    0xFB, 0xFF, 0xC5, 0xF7, 0xFF, 0xDE, 0xDB, 0xFF, 0xFF, 0xBE, 0xFF, 0xF7, 0x5D, 0xFF, 0xD6, 0x59,
    0xFF, 0xC6, 0x18, 0xFF, 0xDE, 0xDB, 0xFF, 0xA4, 0xD3, 0xFF, 0xA4, 0xD4, 0xFF, 0xC5, 0xD7, 0xFF,
    0xE6, 0xFB, 0xFF, 0xEF, 0x3C, 0xFF, 0xEF, 0x1C, 0xFF, 0xE7, 0x1C, 0xFF, 0xE7, 0x1C, 0xFF, 0xE6,
    0xFB, 0xFF, 0xF7, 0x7D, 0xFF, 0xDE, 0xBA, 0xFF, 0x94, 0x91, 0xFF, 0x8C, 0x91, 0xFF, 0x8C, 0x8F,
    0xFF, 0x94, 0xF0, 0xFF, 0x8C, 0xCE, 0xFF, 0x73, 0xEB, 0xFF, 0xCE, 0x78, 0xFF, 0xFF, 0x9E, 0xFF,
    0xEF, 0x3C, 0xFF, 0xEF, 0x3C, 0xFF, 0xEF, 0x5C, 0xFF, 0xEF, 0x3C, 0xFF, 0xEF, 0x5D, 0xFF, 0xF7,
    0x5D, 0xFF, 0xF7, 0x7D, 0xFF, 0xF7, 0x5D, 0xFF, 0x5B, 0xA9, 0xFF, 0x6C, 0x0A, 0xFF, 0x6C, 0x2A,
    0xFF, 0x6C, 0x0A, 0xFF, 0x63, 0xE9, 0xFF, 0x5B, 0xC9, 0xFF, 0x5B, 0xA9, 0xFF, 0x5B, 0xC9, 0xFF,
    0x64, 0x2A, 0xFF, 0x64, 0x29, 0xFF, 0x3A, 0xC6, 0xFF, 0x21, 0x44, 0xFF, 0x8C, 0x71, 0xFF, 0xCE,
    0x38, 0xFF, 0xFF, 0xFF, 0xFF, 0x9C, 0xD3, 0xFF, 0x6B, 0x4D, 0xFF, 0xDE, 0xBA, 0xFF, 0xFF, 0xDF,
    0xFF, 0xEF, 0x5D, 0xFF, 0xF7, 0x7D, 0xFF, 0xF7, 0x7D, 0xFF, 0xD6, 0x9B, 0xFF, 0x8C, 0x32, 0xFF,
    0x7B, 0x90, 0xFF, 0x9C, 0x94, 0xFF, 0xBD, 0xB7, 0xFF, 0xE6, 0xDB, 0xFF, 0xEF, 0x3D, 0xFF, 0xEF,
    0x5D, 0xFF, 0xEF, 0x3C, 0xFF, 0xCE, 0x38, 0xFF, 0xCE, 0x39, 0xFF, 0xEF, 0x3C, 0xFF, 0xEF, 0x1C,
    0xFF, 0xEF, 0x1C, 0xFF, 0xE7, 0x1C, 0xFF, 0xEF, 0x3C, 0xFF, 0xEF, 0x3C, 0xFF, 0xEF, 0x3C, 0xFF,
    0xEF, 0x3C, 0xFF, 0xEF, 0x3D, 0xFF, 0xEF, 0x5D, 0xFF, 0xEF, 0x5D, 0xFF, 0xEF, 0x5D, 0xFF, 0xF7,
    0x7D, 0xFF, 0xEF, 0x5D, 0xFF, 0xE6, 0xFB, 0xFF, 0xE6, 0xFB, 0xFF, 0xE7, 0x1C, 0xFF, 0x94, 0x31,
    0xFF, 0xAC, 0xF4, 0xFF, 0xF7, 0xBD, 0xFF, 0xFF, 0xFE, 0xFF, 0xF7, 0x5B, 0xFF, 0xFF, 0xFF, 0xFF,
    0xE6, 0xFB, 0xFF, 0x5A, 0x68, 0xFF, 0x10, 0x00, 0xFF, 0x41, 0x23, 0xFF, 0x38, 0xE2, 0xFF, 0x39,
    0x02, 0xFF, 0x18, 0x40, 0xFF, 0x20, 0xC3, 0xFF, 0xBD, 0xB6, 0xFF, 0xDE, 0xFB, 0xFF, 0x29, 0x85,
    0xFF, 0x00, 0x40, 0xFF, 0x32, 0x24, 0xFF, 0x2A, 0x03, 0xFF, 0x21, 0xA3, 0xFF, 0x21, 0xA3, 0xFF,
    0x21, 0xC3, 0xFF, 0x21, 0xA3, 0xFF, 0x11, 0x22, 0xFF, 0x19, 0x22, 0xFF, 0x52, 0xE8, 0xFF, 0x29,
    0xE4, 0xFF, 0x19, 0xA2, 0xFF, 0x21, 0xE3, 0xFF, 0x21, 0xE4, 0xFF, 0x19, 0xA3, 0xFF, 0x19, 0x42,
    0xFF, 0x08, 0xC1, 0xFF, 0x08, 0x81, 0xFF, 0x08, 0x40, 0xFF, 0x00, 0x00, 0xFF, 0x94, 0xD3, 0xFF,
    0xFF, 0xFF, 0xFF, 0xE6, 0xDB, 0xFF, 0xCD, 0xD5, 0xFF, 0xF7, 0x5B, 0xFF, 0xFF, 0xDD, 0xFF, 0xF7,
    0x5C, 0xFF, 0xFF, 0xFE, 0xFF, 0xFF, 0xDD, 0xFF, 0xD6, 0x38, 0xFF, 0xA4, 0xB2, 0xFF, 0x94, 0x30,
    0xFF, 0x9C, 0x91, 0xFF, 0xF7, 0x7C, 0xFF, 0xFF, 0xDD, 0xFF, 0xF7, 0x7C, 0xFF, 0xFF, 0xFF, 0xFF,
    0xFF, 0xBD, 0xFF, 0xBD, 0xB6, 0xFF, 0x94, 0x51, 0xFF, 0xAC, 0xF3, 0xFF, 0xC5, 0xD7, 0xFF, 0xCE,
    0x18, 0xFF, 0xCE, 0x18, 0xFF, 0xC5, 0xF8, 0xFF, 0xC5, 0xD7, 0xFF, 0xBD, 0x96, 0xFF, 0xBD, 0x76,
    0xFF, 0xCE, 0x39, 0xFF, 0xB5, 0x55, 0xFF, 0xAD, 0x33, 0xFF, 0xE6, 0xFA, 0xFF, 0xFF, 0xFE, 0xFF,
    0xFF, 0xBD, 0xFF, 0x9C, 0xB2, 0xFF, 0x00, 0x60, 0xFF, 0x21, 0xC3, 0xFF, 0x2A, 0x44, 0xFF, 0x32,
    0x64, 0xFF, 0x2A, 0x24, 0xFF, 0x2A, 0x04, 0xFF, 0x5B, 0x67, 0xFF, 0xC6, 0x31, 0xFF, 0xFF, 0xF9,
    0xFF, 0xFF, 0xFA, 0xFF, 0xFF, 0xFA, 0xFF, 0xFF, 0xD8, 0xFF, 0xB5, 0xCF, 0xFF, 0x53, 0x07, 0xFF,
    0x3A, 0x86, 0xFF, 0x2A, 0x24, 0xFF, 0x32, 0x44, 0xFF, 0x32, 0x44, 0xFF, 0x42, 0xE6, 0xFF, 0x32,
    0x65, 0xFF, 0x00, 0xA1, 0xFF, 0x73, 0xAE, 0xFF, 0xFF, 0xDF, 0xFF, 0xFF, 0xFF, 0xFF, 0xFF, 0xFF,
    0xFF, 0xCE, 0x38, 0xFF, 0x51, 0xA6, 0xFF, 0x59, 0x64, 0xFF, 0x61, 0x84, 0xFF, 0x6A, 0x06, 0xFF,
    0x8B, 0x4C, 0xFF, 0xCE, 0x17, 0xFF, 0xF7, 0x7D, 0xFF, 0xEF, 0x3C, 0xFF, 0xEF, 0x1C, 0xFF, 0xEF,
    0x3C, 0xFF, 0xEF, 0x1C, 0xFF, 0xEF, 0x3C, 0xFF, 0xEF, 0x1C, 0xFF, 0xEF, 0x1C, 0xFF, 0xEF, 0x3C,
    0xFF, 0xE7, 0x1C, 0xFF, 0xF7, 0x9E, 0xFF, 0xCE, 0x59, 0xFF, 0xC5, 0xD8, 0xFF, 0xEF, 0x1C, 0xFF,
    0xFF, 0xBE, 0xFF, 0xEF, 0x3D, 0xFF, 0xCE, 0x59, 0xFF, 0xCE, 0x18, 0xFF, 0xDE, 0xDB, 0xFF, 0x9C,
    0x92, 0xFF, 0xA4, 0xD4, 0xFF, 0xCE, 0x18, 0xFF, 0xEF, 0x1C, 0xFF, 0xEF, 0x1C, 0xFF, 0xEF, 0x1C,
    0xFF, 0xEF, 0x1C, 0xFF, 0xEF, 0x1C, 0xFF, 0xE6, 0xFB, 0xFF, 0xF7, 0x7D, 0xFF, 0xF7, 0x7D, 0xFF,
    0x94, 0x71, 0xFF, 0x4A, 0x48, 0xFF, 0x94, 0xF1, 0xFF, 0x95, 0x10, 0xFF, 0x84, 0x8E, 0xFF, 0x7C,
    0x2C, 0xFF, 0xDE, 0xDA, 0xFF, 0xFF, 0xBE, 0xFF, 0xEF, 0x3C, 0xFF, 0xEF, 0x3C, 0xFF, 0xEF, 0x5C,
    0xFF, 0xEF, 0x5C, 0xFF, 0xEF, 0x5D, 0xFF, 0xF7, 0x5D, 0xFF, 0xF7, 0x7D, 0xFF, 0xEF, 0x5D, 0xFF,
    0x53, 0x89, 0xFF, 0x53, 0x69, 0xFF, 0x53, 0x69, 0xFF, 0x53, 0x89, 0xFF, 0x53, 0x89, 0xFF, 0x53,
    0x89, 0xFF, 0x5B, 0xA9, 0xFF, 0x5B, 0xC9, 0xFF, 0x5B, 0xA9, 0xFF, 0x32, 0x45, 0xFF, 0x19, 0x03,
    0xFF, 0x7B, 0xEF, 0xFF, 0xA5, 0x15, 0xFF, 0xAD, 0x35, 0xFF, 0xF7, 0xBE, 0xFF, 0x73, 0x6D, 0xFF,
    0x9C, 0xB2, 0xFF, 0xF7, 0xBE, 0xFF, 0xFF, 0xBE, 0xFF, 0xEF, 0x5D, 0xFF, 0xF7, 0x7D, 0xFF, 0xF7,
    0x7D, 0xFF, 0xDE, 0x9B, 0xFF, 0x94, 0x73, 0xFF, 0x7B, 0x90, 0xFF, 0xA4, 0xD4, 0xFF, 0xDE, 0xBB,
    0xFF, 0xF7, 0x5D, 0xFF, 0xEF, 0x1C, 0xFF, 0xE6, 0xFB, 0xFF, 0xEF, 0x3C, 0xFF, 0xD6, 0x79, 0xFF,
    0xCE, 0x38, 0xFF, 0xEF, 0x3C, 0xFF, 0xEF, 0x3C, 0xFF, 0xEF, 0x1C, 0xFF, 0xEF, 0x1C, 0xFF, 0xEF,
    0x3C, 0xFF, 0xEF, 0x3C, 0xFF, 0xEF, 0x3C, 0xFF, 0xEF, 0x3C, 0xFF, 0xEF, 0x3C, 0xFF, 0xEF, 0x3D,
    0xFF, 0xEF, 0x5D, 0xFF, 0xEF, 0x5D, 0xFF, 0xF7, 0x5D, 0xFF, 0xF7, 0x7D, 0xFF, 0xEF, 0x1C, 0xFF,
    0xE6, 0xDB, 0xFF, 0xE7, 0x1C, 0xFF, 0xA4, 0xF4, 0xFF, 0xA4, 0xD3, 0xFF, 0xF7, 0x9D, 0xFF, 0xFF,
    0xDE, 0xFF, 0xF7, 0x9D, 0xFF, 0xFF, 0xFF, 0xFF, 0x9C, 0x91, 0xFF, 0x18, 0x61, 0xFF, 0x28, 0xA2,
    0xFF, 0x39, 0x23, 0xFF, 0x38, 0xE2, 0xFF, 0x20, 0x81, 0xFF, 0x18, 0x82, 0xFF, 0x9C, 0xF4, 0xFF,
    0xFF, 0xFF, 0xFF, 0x84, 0x30, 0xFF, 0x08, 0x61, 0xFF, 0x11, 0x01, 0xFF, 0x21, 0xC3, 0xFF, 0x11,
    0x21, 0xFF, 0x11, 0x01, 0xFF, 0x19, 0x62, 0xFF, 0x29, 0xE4, 0xFF, 0x29, 0xE4, 0xFF, 0x08, 0xE1,
    0xFF, 0x74, 0x0D, 0xFF, 0xFF, 0xFF, 0xFF, 0xB5, 0xD4, 0xFF, 0x29, 0xE3, 0xFF, 0x19, 0xA2, 0xFF,
    0x2A, 0x24, 0xFF, 0x2A, 0x04, 0xFF, 0x32, 0x44, 0xFF, 0x2A, 0x24, 0xFF, 0x19, 0x42, 0xFF, 0x00,
    0x20, 0xFF, 0x00, 0x00, 0xFF, 0x4A, 0x69, 0xFF, 0xEF, 0x7D, 0xFF, 0xFF, 0xFF, 0xFF, 0xFF, 0xFE,
    0xFF, 0xFF, 0xBC, 0xFF, 0xFF, 0x9C, 0xFF, 0xFF, 0x9C, 0xFF, 0xFF, 0x7B, 0xFF, 0xFF, 0x9C, 0xFF,
    0xFF, 0xFE, 0xFF, 0xEF, 0x5C, 0xFF, 0xB5, 0x54, 0xFF, 0x8B, 0xEF, 0xFF, 0xBD, 0xB5, 0xFF, 0xFF,
    0xBD, 0xFF, 0xFF, 0xBD, 0xFF, 0xF7, 0x7D, 0xFF, 0xFF, 0xDE, 0xFF, 0xFF, 0xFF, 0xFF, 0xDE, 0x99,
    0xFF, 0xA4, 0xB1, 0xFF, 0x9C, 0x91, 0xFF, 0xBD, 0x75, 0xFF, 0xC5, 0xD7, 0xFF, 0xC5, 0xF8, 0xFF,
    0xC5, 0xD7, 0xFF, 0xC5, 0xB7, 0xFF, 0xBD, 0x96, 0xFF, 0xBD, 0x76, 0xFF, 0xBD, 0x76, 0xFF, 0xA4,
    0xD2, 0xFF, 0xD6, 0x38, 0xFF, 0xFF, 0xFF, 0xFF, 0xFF, 0xBD, 0xFF, 0x94, 0x91, 0xFF, 0x08, 0x61,
    0xFF, 0x21, 0xA4, 0xFF, 0x2A, 0x24, 0xFF, 0x42, 0xE5, 0xFF, 0x2A, 0x23, 0xFF, 0xA5, 0x50, 0xFF,
    0xFF, 0xF9, 0xFF, 0xFF, 0xF8, 0xFF, 0xFF, 0xB9, 0xFF, 0xFF, 0xFB, 0xFF, 0xFF, 0xFA, 0xFF, 0xFF,
    0xD8, 0xFF, 0xFF, 0xD6, 0xFF, 0xF7, 0xB6, 0xFF, 0xC6, 0x54, 0xFF, 0x42, 0x86, 0xFF, 0x2A, 0x03,
    0xFF, 0x32, 0x44, 0xFF, 0x3A, 0x85, 0xFF, 0x3A, 0x85, 0xFF, 0x10, 0xE1, 0xFF, 0x6B, 0x6D, 0xFF,
    0xF7, 0x9E, 0xFF, 0xFF, 0xDF, 0xFF, 0xFF, 0xFF, 0xFF, 0xE7, 0x1C, 0xFF, 0x62, 0x48, 0xFF, 0x51,
    0x23, 0xFF, 0x51, 0x03, 0xFF, 0xAC, 0xB1, 0xFF, 0xBD, 0x75, 0xFF, 0xCE, 0x58, 0xFF, 0xEF, 0x5D,
    0xFF, 0xF7, 0x5D, 0xFF, 0xEF, 0x1C, 0xFF, 0xEF, 0x3C, 0xFF, 0xEF, 0x1C, 0xFF, 0xEF, 0x3C, 0xFF,
    0xEF, 0x1C, 0xFF, 0xEF, 0x1C, 0xFF, 0xEF, 0x1C, 0xFF, 0xEF, 0x1C, 0xFF, 0xF7, 0x7D, 0xFF, 0xBD,
    0x96, 0xFF, 0xCE, 0x18, 0xFF, 0xEF, 0x5D, 0xFF, 0xF7, 0x7D, 0xFF, 0xEF, 0x3C, 0xFF, 0xCE, 0x39,
    0xFF, 0xCE, 0x39, 0xFF, 0xE6, 0xDB, 0xFF, 0x8B, 0xF0, 0xFF, 0x9C, 0x93, 0xFF, 0xDE, 0x9A, 0xFF,
    0xEF, 0x1C, 0xFF, 0xEF, 0x1C, 0xFF, 0xE7, 0x1C, 0xFF, 0xE7, 0x1C, 0xFF, 0xEF, 0x1C, 0xFF, 0xEF,
    0x1C, 0xFF, 0xEF, 0x3D, 0xFF, 0xFF, 0xBE, 0xFF, 0xBD, 0xD7, 0xFF, 0x4A, 0x69, 0xFF, 0x8C, 0xB0,
    0xFF, 0x9D, 0x11, 0xFF, 0x7C, 0x2D, 0xFF, 0x8C, 0x8F, 0xFF, 0xEF, 0x5C, 0xFF, 0xFF, 0xBE, 0xFF,
    0xEF, 0x3C, 0xFF, 0xEF, 0x3C, 0xFF, 0xEF, 0x3C, 0xFF, 0xEF, 0x5C, 0xFF, 0xEF, 0x5D, 0xFF, 0xEF,
    0x5D, 0xFF, 0xF7, 0x5D, 0xFF, 0xEF, 0x5D, 0xFF, 0x53, 0xA9, 0xFF, 0x53, 0xA9, 0xFF, 0x5B, 0xA9,
    0xFF, 0x5B, 0xC9, 0xFF, 0x5B, 0xC9, 0xFF, 0x5B, 0xA9, 0xFF, 0x5B, 0xA9, 0xFF, 0x4B, 0x08, 0xFF,
    0x21, 0x43, 0xFF, 0x18, 0xE4, 0xFF, 0x8C, 0x31, 0xFF, 0xC6, 0x18, 0xFF, 0x8C, 0x32, 0xFF, 0xA5,
    0x14, 0xFF, 0xB5, 0x76, 0xFF, 0x62, 0xCB, 0xFF, 0xC6, 0x18, 0xFF, 0xFF, 0xFF, 0xFF, 0xEF, 0x5D,
    0xFF, 0xF7, 0x7D, 0xFF, 0xF7, 0x9D, 0xFF, 0xF7, 0x7D, 0xFF, 0xD6, 0x7A, 0xFF, 0x94, 0x73, 0xFF,
    0x7B, 0x6F, 0xFF, 0xA4, 0xF4, 0xFF, 0xDE, 0xBA, 0xFF, 0xEF, 0x3C, 0xFF, 0xEF, 0x1C, 0xFF, 0xE6,
    0xFB, 0xFF, 0xEF, 0x5D, 0xFF, 0xDE, 0xBB, 0xFF, 0xCE, 0x18, 0xFF, 0xDE, 0xDB, 0xFF, 0xEF, 0x3C,
    0xFF, 0xE7, 0x1C, 0xFF, 0xEF, 0x1C, 0xFF, 0xEF, 0x3C, 0xFF, 0xEF, 0x3C, 0xFF, 0xEF, 0x3C, 0xFF,
    0xEF, 0x3C, 0xFF, 0xEF, 0x3C, 0xFF, 0xEF, 0x5D, 0xFF, 0xEF, 0x5D, 0xFF, 0xEF, 0x5D, 0xFF, 0xEF,
    0x5D, 0xFF, 0xF7, 0x7D, 0xFF, 0xEF, 0x5D, 0xFF, 0xDE, 0xDB, 0xFF, 0xE6, 0xFB, 0xFF, 0xB5, 0x76,
    0xFF, 0x9C, 0x92, 0xFF, 0xEF, 0x5D, 0xFF, 0xFF, 0xDE, 0xFF, 0xFF, 0xFF, 0xFF, 0xDE, 0xDA, 0xFF,
    0x52, 0x28, 0xFF, 0x18, 0x00, 0xFF, 0x41, 0x23, 0xFF, 0x38, 0xE2, 0xFF, 0x30, 0xA1, 0xFF, 0x10,
    0x20, 0xFF, 0x83, 0xF0, 0xFF, 0xE7, 0x3D, 0xFF, 0xE7, 0x5D, 0xFF, 0x4A, 0xAA, 0xFF, 0x08, 0x60,
    0xFF, 0x19, 0x02, 0xFF, 0x19, 0x22, 0xFF, 0x11, 0x01, 0xFF, 0x21, 0xA3, 0xFF, 0x32, 0x44, 0xFF,
    0x32, 0x85, 0xFF, 0x21, 0xE4, 0xFF, 0x21, 0xA3, 0xFF, 0xC6, 0x56, 0xFF, 0xF7, 0xBD, 0xFF, 0xFF,
    0xDC, 0xFF, 0x6B, 0xCA, 0xFF, 0x11, 0x82, 0xFF, 0x22, 0x03, 0xFF, 0x2A, 0x24, 0xFF, 0x22, 0x03,
    0xFF, 0x2A, 0x44, 0xFF, 0x32, 0x45, 0xFF, 0x11, 0x02, 0xFF, 0x00, 0x00, 0xFF, 0x19, 0x03, 0xFF,
    0xD6, 0xBA, 0xFF, 0xFF, 0xFF, 0xFF, 0xFF, 0xBD, 0xFF, 0xFF, 0x9C, 0xFF, 0xFF, 0x9C, 0xFF, 0xFF,
    0x9C, 0xFF, 0xFF, 0x9C, 0xFF, 0xFF, 0x7C, 0xFF, 0xFF, 0x7B, 0xFF, 0xFF, 0xBD, 0xFF, 0xFF, 0xDE,
    0xFF, 0xDE, 0xB9, 0xFF, 0xB5, 0x33, 0xFF, 0xE6, 0xD9, 0xFF, 0xFF, 0xDD, 0xFF, 0xFF, 0xBD, 0xFF,
    0xFF, 0x9D, 0xFF, 0xFF, 0xBD, 0xFF, 0xFF, 0xFF, 0xFF, 0xF7, 0x9D, 0xFF, 0xC5, 0xD6, 0xFF, 0x9C,
    0x91, 0xFF, 0xA4, 0xB2, 0xFF, 0xB5, 0x55, 0xFF, 0xBD, 0x96, 0xFF, 0xBD, 0xB6, 0xFF, 0xBD, 0x96,
    0xFF, 0xBD, 0x76, 0xFF, 0xBD, 0xB6, 0xFF, 0xAC, 0xF3, 0xFF, 0xBD, 0x75, 0xFF, 0xF7, 0x9D, 0xFF,
    0xFF, 0xFF, 0xFF, 0x94, 0xB1, 0xFF, 0x00, 0x61, 0xFF, 0x19, 0x83, 0xFF, 0x3A, 0xE4, 0xFF, 0x64,
    0x27, 0xFF, 0x3A, 0xE5, 0xFF, 0xCE, 0xD6, 0xFF, 0xF7, 0xDB, 0xFF, 0xFF, 0xB9, 0xFF, 0xFF, 0xDA,
    0xFF, 0xFF, 0xDB, 0xFF, 0xFF, 0xDA, 0xFF, 0xFF, 0xFA, 0xFF, 0xF7, 0x96, 0xFF, 0xD6, 0xD3, 0xFF,
    0xAD, 0xB2, 0xFF, 0x32, 0x46, 0xFF, 0x53, 0x67, 0xFF, 0x74, 0x69, 0xFF, 0x3A, 0xC5, 0xFF, 0x2A,
    0x04, 0xFF, 0x10, 0xE1, 0xFF, 0x6B, 0x6D, 0xFF, 0xEF, 0x7D, 0xFF, 0xFF, 0xDF, 0xFF, 0xFF, 0xFF,
    0xFF, 0xEF, 0x3C, 0xFF, 0x6A, 0x69, 0xFF, 0x48, 0xC2, 0xFF, 0x6A, 0x27, 0xFF, 0xEF, 0x1B, 0xFF,
    0xAD, 0x34, 0xFF, 0xCE, 0x59, 0xFF, 0xFF, 0x9E, 0xFF, 0xEF, 0x5D, 0xFF, 0xEF, 0x3C, 0xFF, 0xEF,
    0x3C, 0xFF, 0xEF, 0x3C, 0xFF, 0xEF, 0x3C, 0xFF, 0xEF, 0x3C, 0xFF, 0xEF, 0x3C, 0xFF, 0xEF, 0x1C,
    0xFF, 0xEF, 0x5D, 0xFF, 0xE6, 0xFC, 0xFF, 0xAD, 0x35, 0xFF, 0xD6, 0x59, 0xFF, 0xF7, 0x7E, 0xFF,
    0xF7, 0x5D, 0xFF, 0xEF, 0x1C, 0xFF, 0xCE, 0x39, 0xFF, 0xD6, 0x7A, 0xFF, 0xE6, 0xDB, 0xFF, 0x73,
    0x4D, 0xFF, 0x7B, 0xAF, 0xFF, 0xE6, 0xDB, 0xFF, 0xEF, 0x3D, 0xFF, 0xEF, 0x1C, 0xFF, 0xEF, 0x1C,
    0xFF, 0xEF, 0x1C, 0xFF, 0xEF, 0x3C, 0xFF, 0xEF, 0x3C, 0xFF, 0xEF, 0x3C, 0xFF, 0xFF, 0xBE, 0xFF,
    0xE7, 0x1C, 0xFF, 0x84, 0x0F, 0xFF, 0x84, 0x4F, 0xFF, 0x9D, 0x11, 0xFF, 0x74, 0x0C, 0xFF, 0xAD,
    0x73, 0xFF, 0xF7, 0x9E, 0xFF, 0xF7, 0x9E, 0xFF, 0xEF, 0x5C, 0xFF, 0xEF, 0x5D, 0xFF, 0xEF, 0x3C,
    0xFF, 0xEF, 0x3C, 0xFF, 0xEF, 0x3C, 0xFF, 0xEF, 0x5D, 0xFF, 0xEF, 0x5D, 0xFF, 0xEF, 0x5C, 0xFF,
    0x5B, 0xA9, 0xFF, 0x5B, 0xC9, 0xEF, 0x5B, 0xC9, 0xE9, 0x63, 0xEA, 0xE6, 0x63, 0xCA, 0xDF, 0x53,
    0x48, 0xD9, 0x29, 0xE4, 0xED, 0x08, 0xA1, 0xFF, 0x39, 0xA7, 0xFE, 0xB5, 0x96, 0xFF, 0xEF, 0x5D,
    0xFF, 0x9C, 0xB3, 0xFF, 0x94, 0x92, 0xFF, 0xA4, 0xF4, 0xFF, 0x6B, 0x0D, 0xFF, 0x7B, 0x8F, 0xFF,
    0xE7, 0x1C, 0xFF, 0xFF, 0xDE, 0xFF, 0xEF, 0x3C, 0xFF, 0xF7, 0x7D, 0xFF, 0xF7, 0x9D, 0xFF, 0xF7,
    0x5D, 0xFF, 0xCE, 0x39, 0xFF, 0x9C, 0x93, 0xFF, 0x73, 0x6F, 0xFF, 0xA4, 0xF4, 0xFF, 0xDE, 0xBB,
    0xFF, 0xEF, 0x3C, 0xFF, 0xEF, 0x1C, 0xFF, 0xE6, 0xFC, 0xFF, 0xEF, 0x3C, 0xFF, 0xE7, 0x1C, 0xFF,
    0xD6, 0x59, 0xFF, 0xD6, 0x79, 0xFF, 0xEF, 0x3C, 0xFF, 0xE7, 0x1C, 0xFF, 0xEF, 0x1C, 0xFF, 0xEF,
    0x3C, 0xFF, 0xEF, 0x3C, 0xFF, 0xEF, 0x3C, 0xFF, 0xEF, 0x3C, 0xFF, 0xEF, 0x3D, 0xFF, 0xEF, 0x5D,
    0xFF, 0xEF, 0x5D, 0xFF, 0xEF, 0x5D, 0xFF, 0xEF, 0x5D, 0xFF, 0xF7, 0x7D, 0xFF, 0xF7, 0x7D, 0xFF,
    0xE7, 0x1C, 0xFF, 0xDE, 0xBB, 0xFF, 0xC5, 0xD7, 0xFF, 0x94, 0x51, 0xFF, 0xE6, 0xFB, 0xFF, 0xFF,
    0xFF, 0xFF, 0xFF, 0xFF, 0xFF, 0x8C, 0x0F, 0xFF, 0x28, 0x81, 0xFF, 0x38, 0xC2, 0xFF, 0x41, 0x23,
    0xFF, 0x30, 0xC2, 0xFF, 0x18, 0x40, 0xFF, 0x4A, 0x28, 0xFF, 0xDE, 0xDB, 0xFF, 0xD6, 0xFC, 0xFF,
    0xCE, 0x9A, 0xFF, 0x31, 0xA6, 0xFF, 0x00, 0x40, 0xFF, 0x11, 0x01, 0xFF, 0x10, 0xE1, 0xFF, 0x19,
    0x82, 0xFF, 0x2A, 0x24, 0xFF, 0x32, 0x44, 0xFF, 0x2A, 0x04, 0xFF, 0x11, 0x62, 0xFF, 0x42, 0xA7,
    0xFF, 0xE7, 0x58, 0xFF, 0xEF, 0x59, 0xFF, 0xFF, 0xDB, 0xFF, 0xBE, 0x33, 0xFF, 0x32, 0x65, 0xFF,
    0x11, 0xA2, 0xFF, 0x2A, 0x44, 0xFF, 0x22, 0x23, 0xFF, 0x2A, 0x24, 0xFF, 0x32, 0x64, 0xFF, 0x2A,
    0x44, 0xFF, 0x08, 0xE1, 0xFF, 0x08, 0x61, 0xFF, 0xAD, 0x75, 0xFF, 0xFF, 0xFF, 0xFF, 0xFF, 0xDD,
    0xFF, 0xFF, 0x9C, 0xFF, 0xFF, 0x9C, 0xFF, 0xFF, 0x9C, 0xFF, 0xFF, 0x7C, 0xFF, 0xFF, 0x9C, 0xFF,
    0xFF, 0x9C, 0xFF, 0xFF, 0x9C, 0xFF, 0xFF, 0x9C, 0xFF, 0xFF, 0xDE, 0xFF, 0xFF, 0x9C, 0xFF, 0xF7,
    0x5B, 0xFF, 0xFF, 0xBC, 0xFF, 0xFF, 0xBD, 0xFF, 0xFF, 0x9D, 0xFF, 0xFF, 0x9D, 0xFF, 0xFF, 0x9D,
    0xFF, 0xFF, 0xDD, 0xFF, 0xFF, 0xFE, 0xFF, 0xF7, 0x5C, 0xFF, 0xC5, 0xD6, 0xFF, 0xA4, 0xB2, 0xFF,
    0x9C, 0x71, 0xFF, 0xA4, 0xD3, 0xFF, 0xB5, 0x34, 0xFF, 0xB5, 0x75, 0xFF, 0xBD, 0x96, 0xFF, 0xB5,
    0x55, 0xFF, 0xAC, 0xF3, 0xFF, 0xDE, 0x99, 0xFF, 0xFF, 0xFF, 0xFF, 0xA5, 0x14, 0xFF, 0x00, 0x61,
    0xFF, 0x21, 0xE3, 0xFF, 0x64, 0x67, 0xFF, 0x74, 0xC8, 0xFF, 0x32, 0x84, 0xFF, 0x42, 0xC6, 0xFF,
    0x9D, 0x4E, 0xFF, 0xF7, 0xB9, 0xFF, 0xFF, 0xFC, 0xFF, 0xFF, 0xDB, 0xFF, 0xFF, 0xDB, 0xFF, 0xFF,
    0xFB, 0xFF, 0xEF, 0x96, 0xFF, 0x7C, 0x69, 0xFF, 0x2A, 0x24, 0xFF, 0x2A, 0x04, 0xFF, 0x7C, 0xA9,
    0xFF, 0x9D, 0xEC, 0xFF, 0x74, 0x49, 0xFF, 0x32, 0x24, 0xFF, 0x00, 0x60, 0xFF, 0x6B, 0x6D, 0xFF,
    0xEF, 0x7E, 0xFF, 0xFF, 0xFF, 0xFF, 0xFF, 0xFF, 0xFF, 0xEF, 0x3C, 0xFF, 0x6A, 0x69, 0xFF, 0x40,
    0x81, 0xFF, 0xB4, 0xF2, 0xFF, 0xF7, 0xBD, 0xFF, 0xA4, 0xD2, 0xFF, 0xDE, 0x99, 0xFF, 0xFF, 0xBE,
    0xFF, 0xEF, 0x5C, 0xFF, 0xEF, 0x3C, 0xFF, 0xEF, 0x3C, 0xFF, 0xEF, 0x3C, 0xFF, 0xEF, 0x3C, 0xFF,
    0xEF, 0x3C, 0xFF, 0xEF, 0x3C, 0xFF, 0xEF, 0x3C, 0xFF, 0xF7, 0x7D, 0xFF, 0xCE, 0x18, 0xFF, 0xAD,
    0x15, 0xFF, 0xE6, 0xDB, 0xFF, 0xF7, 0x7E, 0xFF, 0xEF, 0x3D, 0xFF, 0xEE, 0xFC, 0xFF, 0xCE, 0x18,
    0xFF, 0xD6, 0x9A, 0xFF, 0xE6, 0xFB, 0xFF, 0x73, 0x2C, 0xFF, 0x41, 0xC7, 0xFF, 0xCE, 0x39, 0xFF,
    0xF7, 0x5D, 0xFF, 0xEF, 0x1C, 0xFF, 0xEE, 0xFC, 0xFF, 0xEF, 0x1C, 0xFF, 0xEF, 0x3C, 0xFF, 0xEF,
    0x3D, 0xFF, 0xEF, 0x3C, 0xFF, 0xFF, 0xBE, 0xFF, 0xF7, 0x9E, 0xFF, 0xA5, 0x13, 0xFF, 0x73, 0xEE,
    0xFF, 0x9D, 0x11, 0xFF, 0x7C, 0x2E, 0xFF, 0xD6, 0x99, 0xFF, 0xFF, 0xBE, 0xFF, 0xF7, 0x7D, 0xFF,
    0xEF, 0x5D, 0xFF, 0xEF, 0x5D, 0xFF, 0xEF, 0x5D, 0xFF, 0xEF, 0x3C, 0xFF, 0xEF, 0x3C, 0xFF, 0xEF,
    0x3C, 0xFF, 0xEF, 0x3C, 0xFF, 0xEF, 0x3C, 0xFF, 0x63, 0xEA, 0xD7, 0x5B, 0xCA, 0x9B, 0x53, 0x89,
    0x76, 0x42, 0xE7, 0x62, 0x32, 0x05, 0x40, 0x19, 0x43, 0x38, 0x31, 0x86, 0x9A, 0x73, 0x4E, 0xFB,
    0xCE, 0x39, 0xFE, 0xF7, 0x9E, 0xFE, 0xD6, 0x5A, 0xFF, 0x94, 0x52, 0xFF, 0x9C, 0xB3, 0xFF, 0x9C,
    0xB3, 0xFF, 0x41, 0xE9, 0xFF, 0x9C, 0xD3, 0xFF, 0xF7, 0x7D, 0xFF, 0xF7, 0x7D, 0xFF, 0xEF, 0x5C,
    0xFF, 0xF7, 0x7D, 0xFF, 0xF7, 0x9D, 0xFF, 0xEF, 0x3C, 0xFF, 0xC5, 0xF9, 0xFF, 0xA4, 0xD4, 0xFF,
    0x73, 0x4E, 0xFF, 0xA4, 0xD4, 0xFF, 0xE6, 0xDB, 0xFF, 0xF7, 0x5D, 0xFF, 0xEF, 0x3C, 0xFF, 0xEF,
    0x1C, 0xFF, 0xEF, 0x1C, 0xFF, 0xEF, 0x3C, 0xFF, 0xDE, 0xBA, 0xFF, 0xD6, 0x79, 0xFF, 0xEF, 0x1C,
    0xFF, 0xEF, 0x3C, 0xFF, 0xEF, 0x1C, 0xFF, 0xEF, 0x3C, 0xFF, 0xEF, 0x3C, 0xFF, 0xEF, 0x3C, 0xFF,
    0xEF, 0x3C, 0xFF, 0xEF, 0x3C, 0xFF, 0xEF, 0x5D, 0xFF, 0xEF, 0x5D, 0xFF, 0xEF, 0x5D, 0xFF, 0xEF,
    0x5D, 0xFF, 0xF7, 0x7D, 0xFF, 0xF7, 0x9E, 0xFF, 0xF7, 0x7D, 0xFF, 0xDE, 0xBA, 0xFF, 0xCE, 0x18,
    0xFF, 0x94, 0x30, 0xFF, 0xD6, 0x99, 0xFF, 0xFF, 0xFF, 0xFF, 0xC5, 0xB6, 0xFF, 0x49, 0x85, 0xFF,
    0x38, 0xA1, 0xFF, 0x49, 0x44, 0xFF, 0x41, 0x03, 0xFF, 0x28, 0x81, 0xFF, 0x20, 0xA2, 0xFF, 0xB5,
    0x75, 0xFF, 0xCE, 0x9A, 0xFF, 0xDF, 0x1C, 0xFF, 0xBD, 0xF7, 0xFF, 0x21, 0x24, 0xFF, 0x08, 0x60,
    0xFF, 0x10, 0xE1, 0xFF, 0x19, 0x42, 0xFF, 0x2A, 0x24, 0xFF, 0x2A, 0x04, 0xFF, 0x2A, 0x04, 0xFF,
    0x21, 0xE4, 0xFF, 0x11, 0x62, 0xFF, 0x6B, 0xCA, 0xFF, 0xEF, 0x77, 0xFF, 0xEF, 0x58, 0xFF, 0xF7,
    0x79, 0xFF, 0xF7, 0x98, 0xFF, 0x73, 0xEA, 0xFF, 0x11, 0x61, 0xFF, 0x1A, 0x03, 0xFF, 0x2A, 0x84,
    0xFF, 0x2A, 0x44, 0xFF, 0x2A, 0x24, 0xFF, 0x2A, 0x64, 0xFF, 0x2A, 0x04, 0xFF, 0x00, 0x60, 0xFF,
    0x7C, 0x10, 0xFF, 0xF7, 0xBF, 0xFF, 0xFF, 0xFE, 0xFF, 0xFF, 0x9C, 0xFF, 0xFF, 0x9C, 0xFF, 0xFF,
    0x9C, 0xFF, 0xFF, 0x9C, 0xFF, 0xFF, 0x9C, 0xFF, 0xFF, 0x9C, 0xFF, 0xFF, 0x9C, 0xFF, 0xFF, 0x9C,
    0xFF, 0xFF, 0xBD, 0xFF, 0xFF, 0xBD, 0xFF, 0xFF, 0xBC, 0xFF, 0xFF, 0x9C, 0xFF, 0xFF, 0x9C, 0xFF,
    0xFF, 0x9C, 0xFF, 0xFF, 0x9C, 0xFF, 0xFF, 0x9C, 0xFF, 0xFF, 0x9C, 0xFF, 0xFF, 0x9C, 0xFF, 0xFF,
    0xBD, 0xFF, 0xFF, 0xDD, 0xFF, 0xF7, 0x5B, 0xFF, 0xD6, 0x58, 0xFF, 0xB5, 0x54, 0xFF, 0x9C, 0xB1,
    0xFF, 0x9C, 0x71, 0xFF, 0xA4, 0xB2, 0xFF, 0xAD, 0x33, 0xFF, 0xA4, 0xB2, 0xFF, 0xBD, 0x75, 0xFF,
    0xFF, 0xFF, 0xFF, 0xBD, 0xF7, 0xFF, 0x19, 0x43, 0xFF, 0x43, 0x25, 0xFF, 0x74, 0xC8, 0xFF, 0x7C,
    0xE9, 0xFF, 0x3A, 0xE5, 0xFF, 0x21, 0xE3, 0xFF, 0x5B, 0x67, 0xFF, 0xD6, 0xD5, 0xFF, 0xFF, 0xFC,
    0xFF, 0xFF, 0xDB, 0xFF, 0xFF, 0xFB, 0xFF, 0xFF, 0xFB, 0xFF, 0xD6, 0xF3, 0xFF, 0x6C, 0x49, 0xFF,
    0x32, 0x86, 0xFF, 0x2A, 0x45, 0xFF, 0x7C, 0xCA, 0xFF, 0x85, 0x4A, 0xFF, 0x85, 0x2A, 0xFF, 0x53,
    0x67, 0xFF, 0x08, 0xA0, 0xFF, 0x6B, 0x8E, 0xFF, 0xF7, 0xBF, 0xFF, 0xF7, 0xBE, 0xFF, 0xFF, 0xFF,
    0xFF, 0xE7, 0x1C, 0xFF, 0x51, 0xC6, 0xFF, 0x59, 0xC6, 0xFF, 0xF7, 0x7D, 0xFF, 0xDE, 0xFB, 0xFF,
    0xA4, 0xB2, 0xFF, 0xE6, 0xDB, 0xFF, 0xFF, 0xDE, 0xFF, 0xEF, 0x3C, 0xFF, 0xEF, 0x5D, 0xFF, 0xEF,
    0x5D, 0xFF, 0xEF, 0x3C, 0xFF, 0xEF, 0x3C, 0xFF, 0xEF, 0x3C, 0xFF, 0xEF, 0x3C, 0xFF, 0xEF, 0x5D,
    0xFF, 0xF7, 0x5D, 0xFF, 0xAD, 0x15, 0xFF, 0xBD, 0x96, 0xFF, 0xF7, 0x5D, 0xFF, 0xF7, 0x5D, 0xFF,
    0xEF, 0x3D, 0xFF, 0xE6, 0xFB, 0xFF, 0xCE, 0x18, 0xFF, 0xDE, 0x9A, 0xFF, 0xE6, 0xFB, 0xFF, 0x83,
    0x6C, 0xFF, 0x41, 0x65, 0xFF, 0xA4, 0xD3, 0xFF, 0xF7, 0x7D, 0xFF, 0xEF, 0x3C, 0xFF, 0xEF, 0x1C,
    0xFF, 0xEF, 0x3C, 0xFF, 0xEF, 0x3C, 0xFF, 0xEF, 0x3C, 0xFF, 0xEF, 0x3D, 0xFF, 0xF7, 0x7E, 0xFF,
    0xF7, 0xBE, 0xFF, 0xB5, 0xD7, 0xFF, 0x5B, 0x0B, 0xFF, 0x8C, 0x90, 0xFF, 0x8C, 0x90, 0xFF, 0xEF,
    0x5C, 0xFF, 0xFF, 0xBE, 0xFF, 0xEF, 0x5D, 0xFF, 0xEF, 0x5D, 0xFF, 0xEF, 0x3D, 0xFF, 0xEF, 0x3C,
    0xFF, 0xEF, 0x3C, 0xFF, 0xEF, 0x3C, 0xFF, 0xEF, 0x3C, 0xFF, 0xEF, 0x3C, 0xFF, 0xEF, 0x1C, 0xFF,
    0x32, 0x05, 0x5C, 0x2A, 0x04, 0x27, 0x29, 0x45, 0x13, 0x08, 0xE1, 0x10, 0x18, 0x03, 0x08, 0x00,
    0x00, 0x1B, 0xA4, 0xF4, 0x8E, 0xB5, 0x97, 0xF7, 0xC5, 0xD8, 0xFD, 0xEF, 0x3D, 0xFE, 0xC5, 0xF9,
    0xFF, 0x9C, 0x93, 0xFF, 0xA4, 0xD4, 0xFF, 0x8C, 0x31, 0xFF, 0x41, 0xE9, 0xFF, 0xBD, 0xB6, 0xFF,
    0xF7, 0x5C, 0xFF, 0xEF, 0x3C, 0xFF, 0xEF, 0x7D, 0xFF, 0xF7, 0x7D, 0xFF, 0xF7, 0x9D, 0xFF, 0xE7,
    0x1C, 0xFF, 0xC5, 0xD8, 0xFF, 0xAD, 0x15, 0xFF, 0x6B, 0x2E, 0xFF, 0xA4, 0xB3, 0xFF, 0xE6, 0xDB,
    0xFF, 0xF7, 0x7D, 0xFF, 0xEF, 0x3C, 0xFF, 0xEF, 0x1C, 0xFF, 0xEF, 0x1C, 0xFF, 0xEF, 0x3C, 0xFF,
    0xE6, 0xFB, 0xFF, 0xDE, 0x9A, 0xFF, 0xE6, 0xFB, 0xFF, 0xEF, 0x3C, 0xFF, 0xEF, 0x3C, 0xFF, 0xEF,
    0x3C, 0xFF, 0xEF, 0x3C, 0xFF, 0xEF, 0x3C, 0xFF, 0xEF, 0x3C, 0xFF, 0xEF, 0x3C, 0xFF, 0xEF, 0x3D,
    0xFF, 0xEF, 0x3D, 0xFF, 0xEF, 0x3D, 0xFF, 0xEF, 0x5D, 0xFF, 0xEF, 0x5D, 0xFF, 0xF7, 0x7D, 0xFF,
    0xFF, 0x9E, 0xFF, 0xE7, 0x1C, 0xFF, 0xD6, 0x59, 0xFF, 0x94, 0x30, 0xFF, 0xDE, 0x9A, 0xFF, 0xD6,
    0x58, 0xFF, 0x62, 0x27, 0xFF, 0x40, 0xC2, 0xFF, 0x59, 0x64, 0xFF, 0x51, 0x44, 0xFF, 0x38, 0xC2,
    0xFF, 0x20, 0x40, 0xFF, 0x5A, 0xAA, 0xFF, 0xDF, 0x1B, 0xFF, 0xBE, 0x18, 0xFF, 0xF7, 0xDF, 0xFF,
    0xA5, 0x55, 0xFF, 0x18, 0xE3, 0xFF, 0x08, 0x60, 0xFF, 0x19, 0x22, 0xFF, 0x21, 0xC3, 0xFF, 0x2A,
    0x24, 0xFF, 0x2A, 0x04, 0xFF, 0x2A, 0x04, 0xFF, 0x11, 0x62, 0xFF, 0x11, 0x21, 0xFF, 0x9C, 0xEC,
    0xFF, 0xF7, 0xB9, 0xFF, 0xFF, 0xBB, 0xFF, 0xF7, 0xBB, 0xFF, 0xFF, 0xFB, 0xFF, 0xC6, 0x11, 0xFF,
    0x84, 0x4A, 0xFF, 0x53, 0x27, 0xFF, 0x2A, 0x64, 0xFF, 0x32, 0x85, 0xFF, 0x2A, 0x64, 0xFF, 0x2A,
    0x43, 0xFF, 0x32, 0x64, 0xFF, 0x08, 0xE1, 0xFF, 0x5A, 0xEB, 0xFF, 0xF7, 0x9E, 0xFF, 0xFF, 0xFF,
    0xFF, 0xFF, 0x9C, 0xFF, 0xFF, 0x9C, 0xFF, 0xFF, 0x9C, 0xFF, 0xFF, 0x9C, 0xFF, 0xFF, 0x9C, 0xFF,
    0xFF, 0x9C, 0xFF, 0xFF, 0x9C, 0xFF, 0xFF, 0x9C, 0xFF, 0xFF, 0x9C, 0xFF, 0xFF, 0x9C, 0xFF, 0xFF,
    0x9C, 0xFF, 0xFF, 0x9C, 0xFF, 0xFF, 0x9C, 0xFF, 0xFF, 0x9C, 0xFF, 0xFF, 0x9C, 0xFF, 0xFF, 0x9C,
    0xFF, 0xFF, 0x9C, 0xFF, 0xFF, 0x9C, 0xFF, 0xFF, 0x9C, 0xFF, 0xFF, 0x9C, 0xFF, 0xFF, 0x9C, 0xFF,
    0xFF, 0xBC, 0xFF, 0xF7, 0x7B, 0xFF, 0xEF, 0x1A, 0xFF, 0xDE, 0x98, 0xFF, 0xCE, 0x16, 0xFF, 0xC5,
    0xB5, 0xFF, 0xB5, 0x33, 0xFF, 0xAC, 0xF2, 0xFF, 0xE6, 0xDA, 0xFF, 0xDE, 0xDA, 0xFF, 0x3A, 0xA8,
    0xFF, 0x4B, 0x66, 0xFF, 0x6C, 0xA8, 0xFF, 0x85, 0x2A, 0xFF, 0x5B, 0xE7, 0xFF, 0x32, 0x85, 0xFF,
    0x5B, 0xC8, 0xFF, 0xAD, 0xEF, 0xFF, 0xEF, 0x98, 0xFF, 0xFF, 0xFB, 0xFF, 0xFF, 0xFC, 0xFF, 0xF7,
    0x98, 0xFF, 0xB6, 0x0E, 0xFF, 0x85, 0x0A, 0xFF, 0x4B, 0x48, 0xFF, 0x3A, 0xA6, 0xFF, 0x8D, 0x4B,
    0xFF, 0x85, 0x29, 0xFF, 0x7C, 0xE9, 0xFF, 0x6C, 0x69, 0xFF, 0x32, 0x04, 0xFF, 0x8C, 0x71, 0xFF,
    0xFF, 0xFF, 0xFF, 0xF7, 0xBE, 0xFF, 0xFF, 0xFF, 0xFF, 0xCE, 0x38, 0xFF, 0x41, 0x03, 0xFF, 0xB5,
    0x13, 0xFF, 0xFF, 0xFF, 0xFF, 0xBD, 0xD6, 0xFF, 0x83, 0xCF, 0xFF, 0xDE, 0xDB, 0xFF, 0xFF, 0xDF,
    0xFF, 0xEF, 0x3C, 0xFF, 0xEF, 0x5D, 0xFF, 0xEF, 0x5D, 0xFF, 0xEF, 0x5D, 0xFF, 0xEF, 0x3C, 0xFF,
    0xEF, 0x5C, 0xFF, 0xEF, 0x5D, 0xFF, 0xF7, 0x7D, 0xFF, 0xDE, 0x9A, 0xFF, 0x9C, 0xB3, 0xFF, 0xD6,
    0x59, 0xFF, 0xFF, 0x9E, 0xFF, 0xEF, 0x3D, 0xFF, 0xF7, 0x5D, 0xFF, 0xE6, 0xDB, 0xFF, 0xC5, 0xF8,
    0xFF, 0xDE, 0x9A, 0xFF, 0xDE, 0xBA, 0xFF, 0x9C, 0x4F, 0xFF, 0xA4, 0x70, 0xFF, 0x83, 0xCE, 0xFF,
    0xEF, 0x1C, 0xFF, 0xF7, 0x5D, 0xFF, 0xEF, 0x1C, 0xFF, 0xEF, 0x1C, 0xFF, 0xEF, 0x3C, 0xFF, 0xEF,
    0x3C, 0xFF, 0xEF, 0x5D, 0xFF, 0xF7, 0x5D, 0xFF, 0xFF, 0xDF, 0xFF, 0xD6, 0xBA, 0xFF, 0x4A, 0x69,
    0xFF, 0x5A, 0xEA, 0xFF, 0x9C, 0xF1, 0xFF, 0xF7, 0xBE, 0xFF, 0xFF, 0xBE, 0xFF, 0xEF, 0x5D, 0xFF,
    0xEF, 0x5D, 0xFF, 0xEF, 0x5D, 0xFF, 0xEF, 0x5C, 0xFF, 0xEF, 0x3C, 0xFF, 0xEF, 0x3C, 0xFF, 0xEF,
    0x3C, 0xFF, 0xEF, 0x3C, 0xFF, 0xEF, 0x1C, 0xFF, 0x00, 0x00, 0x25, 0x00, 0x00, 0x04, 0x00, 0x00,
    0x00, 0x00, 0x00, 0x00, 0x00, 0x00, 0x00, 0x00, 0x00, 0x09, 0x9C, 0xD4, 0x6C, 0xA5, 0x15, 0xE0,
    0xAD, 0x36, 0xFD, 0xEF, 0x1C, 0xFE, 0xCE, 0x39, 0xFF, 0x9C, 0xB3, 0xFF, 0xA4, 0xD4, 0xFF, 0x73,
    0x4E, 0xFF, 0x5A, 0xAB, 0xFF, 0xC6, 0x18, 0xFF, 0xE6, 0xDB, 0xFF, 0xE7, 0x1C, 0xFF, 0xF7, 0x7D,
    0xFF, 0xEF, 0x5D, 0xFF, 0xF7, 0x7D, 0xFF, 0xDE, 0xDB, 0xFF, 0xBD, 0xB8, 0xFF, 0xAD, 0x36, 0xFF,
    0x6B, 0x2E, 0xFF, 0x9C, 0x93, 0xFF, 0xE6, 0xFB, 0xFF, 0xF7, 0x7D, 0xFF, 0xEF, 0x5D, 0xFF, 0xEF,
    0x3C, 0xFF, 0xEF, 0x1C, 0xFF, 0xEF, 0x1C, 0xFF, 0xE7, 0x1C, 0xFF, 0xDE, 0xDB, 0xFF, 0xDE, 0xBB,
    0xFF, 0xEF, 0x3C, 0xFF, 0xEF, 0x3C, 0xFF, 0xEF, 0x3C, 0xFF, 0xEF, 0x3C, 0xFF, 0xEF, 0x3C, 0xFF,
    0xEF, 0x5D, 0xFF, 0xEF, 0x3C, 0xFF, 0xEF, 0x3C, 0xFF, 0xEF, 0x3C, 0xFF, 0xEF, 0x3C, 0xFF, 0xEF,
    0x5D, 0xFF, 0xEF, 0x5D, 0xFF, 0xF7, 0x7D, 0xFF, 0xF7, 0x7D, 0xFF, 0xE7, 0x1B, 0xFF, 0xEF, 0x3C,
    0xFF, 0xBD, 0x95, 0xFF, 0x93, 0xEE, 0xFF, 0x6A, 0x47, 0xFF, 0x59, 0x64, 0xFF, 0x61, 0x84, 0xFF,
    0x61, 0x85, 0xFF, 0x59, 0x64, 0xFF, 0x30, 0x81, 0xFF, 0x28, 0xC2, 0xFF, 0xA5, 0x13, 0xFF, 0xD6,
    0xDB, 0xFF, 0xD6, 0xBB, 0xFF, 0xFF, 0xFF, 0xFF, 0x9D, 0x14, 0xFF, 0x10, 0xC2, 0xFF, 0x08, 0x80,
    0xFF, 0x21, 0xC3, 0xFF, 0x2A, 0x24, 0xFF, 0x2A, 0x24, 0xFF, 0x2A, 0x24, 0xFF, 0x19, 0x83, 0xFF,
    0x21, 0xC2, 0xFF, 0x8C, 0x6A, 0xFF, 0xDE, 0xD4, 0xFF, 0xFF, 0xFC, 0xFF, 0xFF, 0xFE, 0xFF, 0xFF,
    0xFD, 0xFF, 0xFF, 0xFE, 0xFF, 0xF7, 0xBA, 0xFF, 0xF7, 0x9A, 0xFF, 0xD6, 0xB7, 0xFF, 0x6B, 0xEB,
    0xFF, 0x3B, 0x26, 0xFF, 0x5C, 0x09, 0xFF, 0x2A, 0x64, 0xFF, 0x21, 0xC3, 0xFF, 0x19, 0x43, 0xFF,
    0x4A, 0x89, 0xFF, 0xEF, 0x7D, 0xFF, 0xFF, 0xFF, 0xFF, 0xF7, 0x9C, 0xFF, 0xFF, 0x9C, 0xFF, 0xFF,
    0x9C, 0xFF, 0xFF, 0x9C, 0xFF, 0xFF, 0x9C, 0xFF, 0xFF, 0x9C, 0xFF, 0xFF, 0x9C, 0xFF, 0xFF, 0x9C,
    0xFF, 0xFF, 0x9C, 0xFF, 0xFF, 0x9C, 0xFF, 0xFF, 0x9C, 0xFF, 0xFF, 0x9C, 0xFF, 0xFF, 0x9C, 0xFF,
    0xFF, 0x9C, 0xFF, 0xFF, 0x9C, 0xFF, 0xFF, 0x9C, 0xFF, 0xFF, 0x9C, 0xFF, 0xFF, 0x9C, 0xFF, 0xFF,
    0x9C, 0xFF, 0xFF, 0x7B, 0xFF, 0xFF, 0x7B, 0xFF, 0xFF, 0x9B, 0xFF, 0xFF, 0x9B, 0xFF, 0xFF, 0x9B,
    0xFF, 0xFF, 0x9B, 0xFF, 0xFF, 0x9B, 0xFF, 0xFF, 0x7B, 0xFF, 0xF7, 0x5B, 0xFF, 0xEF, 0x1A, 0xFF,
    0xFF, 0xBD, 0xFF, 0xE7, 0x5C, 0xFF, 0x6B, 0xED, 0xFF, 0x3B, 0x25, 0xFF, 0x64, 0x68, 0xFF, 0x85,
    0x4A, 0xFF, 0x95, 0xAC, 0xFF, 0x32, 0xC5, 0xFF, 0x63, 0xE9, 0xFF, 0x9D, 0xAD, 0xFF, 0xD7, 0x13,
    0xFF, 0xFF, 0xFA, 0xFF, 0xFF, 0xD9, 0xFF, 0xD6, 0xF2, 0xFF, 0xAE, 0x0D, 0xFF, 0xA6, 0x0D, 0xFF,
    0x6C, 0x4A, 0xFF, 0x5B, 0xC9, 0xFF, 0x9D, 0xED, 0xFF, 0x7C, 0xE9, 0xFF, 0x74, 0xC9, 0xFF, 0x6C,
    0x28, 0xFF, 0x42, 0xA7, 0xFF, 0xAD, 0x75, 0xFF, 0xFF, 0xFF, 0xFF, 0xF7, 0xDE, 0xFF, 0xF7, 0x7D,
    0xFF, 0xA4, 0x91, 0xFF, 0x7B, 0x2B, 0xFF, 0xFF, 0xBE, 0xFF, 0xFF, 0xFF, 0xFF, 0x94, 0x30, 0xFF,
    0x62, 0xCB, 0xFF, 0xDE, 0xBA, 0xFF, 0xFF, 0xDF, 0xFF, 0xEF, 0x3C, 0xFF, 0xEF, 0x5D, 0xFF, 0xEF,
    0x5D, 0xFF, 0xEF, 0x5D, 0xFF, 0xEF, 0x5D, 0xFF, 0xEF, 0x5D, 0xFF, 0xEF, 0x5D, 0xFF, 0xEF, 0x5D,
    0xFF, 0xB5, 0x96, 0xFF, 0xA5, 0x14, 0xFF, 0xEF, 0x1C, 0xFF, 0xFF, 0x9E, 0xFF, 0xEF, 0x3C, 0xFF,
    0xF7, 0x5D, 0xFF, 0xDE, 0xBA, 0xFF, 0xC5, 0xF8, 0xFF, 0xDE, 0xBB, 0xFF, 0xD6, 0x79, 0xFF, 0xA4,
    0x90, 0xFF, 0xDE, 0x78, 0xFF, 0x73, 0x2B, 0xFF, 0xCE, 0x17, 0xFF, 0xF7, 0x7D, 0xFF, 0xEF, 0x3C,
    0xFF, 0xEF, 0x1C, 0xFF, 0xEF, 0x3C, 0xFF, 0xEF, 0x5D, 0xFF, 0xEF, 0x5D, 0xFF, 0xEF, 0x5D, 0xFF,
    0xFF, 0xBE, 0xFF, 0xEF, 0x7D, 0xFF, 0x63, 0x2C, 0xFF, 0x39, 0xC6, 0xFF, 0xC5, 0xF6, 0xFF, 0xFF,
    0xDF, 0xFF, 0xF7, 0x9E, 0xFF, 0xEF, 0x5D, 0xFF, 0xEF, 0x5D, 0xFF, 0xEF, 0x5D, 0xFF, 0xEF, 0x5C,
    0xFF, 0xEF, 0x3C, 0xFF, 0xEF, 0x3C, 0xFF, 0xEF, 0x3C, 0xFF, 0xEF, 0x3C, 0xFF, 0xEF, 0x1C, 0xFF,
    0x00, 0x00, 0x20, 0x00, 0x00, 0x04, 0x00, 0x00, 0x00, 0x00, 0x00, 0x01, 0xFF, 0xFF, 0x02, 0x00,
    0x00, 0x00, 0x5A, 0xAA, 0x43, 0x94, 0x72, 0xBC, 0xAD, 0x56, 0xFC, 0xCE, 0x19, 0xFE, 0xC6, 0x19,
    0xFE, 0x9C, 0xB4, 0xFF, 0xA4, 0xD4, 0xFF, 0x4A, 0x09, 0xFF, 0x6B, 0x4E, 0xFF, 0xBD, 0xD7, 0xFF,
    0xCE, 0x59, 0xFF, 0xE7, 0x1C, 0xFF, 0xF7, 0x7D, 0xFF, 0xEF, 0x5D, 0xFF, 0xEF, 0x5D, 0xFF, 0xD6,
    0x7A, 0xFF, 0xB5, 0x97, 0xFF, 0xB5, 0x56, 0xFF, 0x6B, 0x2E, 0xFF, 0x8C, 0x31, 0xFF, 0xE6, 0xDB,
    0xFF, 0xF7, 0x9D, 0xFF, 0xEF, 0x5D, 0xFF, 0xEF, 0x3C, 0xFF, 0xEF, 0x3C, 0xFF, 0xEF, 0x1C, 0xFF,
    0xEF, 0x3C, 0xFF, 0xE6, 0xFB, 0xFF, 0xD6, 0x9A, 0xFF, 0xEF, 0x1C, 0xFF, 0xEF, 0x5D, 0xFF, 0xEF,
    0x3D, 0xFF, 0xEF, 0x3C, 0xFF, 0xEF, 0x3C, 0xFF, 0xEF, 0x3C, 0xFF, 0xEF, 0x3C, 0xFF, 0xEF, 0x3C,
    0xFF, 0xEF, 0x3C, 0xFF, 0xEF, 0x3C, 0xFF, 0xEF, 0x5D, 0xFF, 0xEF, 0x3C, 0xFF, 0xF7, 0x5D, 0xFF,
    0xF7, 0x9E, 0xFF, 0xC5, 0xD7, 0xFF, 0x73, 0x2C, 0xFF, 0x62, 0x48, 0xFF, 0x51, 0x64, 0xFF, 0x61,
    0x64, 0xFF, 0x69, 0xE6, 0xFF, 0x69, 0xC5, 0xFF, 0x69, 0xA5, 0xFF, 0x61, 0xA5, 0xFF, 0x40, 0xA1,
    0xFF, 0x59, 0xE7, 0xFF, 0xCE, 0x59, 0xFF, 0xCE, 0x9A, 0xFF, 0xF7, 0xBE, 0xFF, 0xFF, 0xFF, 0xFF,
    0x9D, 0x13, 0xFF, 0x10, 0xA2, 0xFF, 0x08, 0xC1, 0xFF, 0x2A, 0x24, 0xFF, 0x32, 0x64, 0xFF, 0x32,
    0x65, 0xFF, 0x19, 0xC3, 0xFF, 0x3A, 0x65, 0xFF, 0xBD, 0xF2, 0xFF, 0xF7, 0xBA, 0xFF, 0xFF, 0xFC,
    0xFF, 0xFF, 0xFD, 0xFF, 0xFF, 0xFE, 0xFF, 0xFF, 0xFE, 0xFF, 0xFF, 0xFE, 0xFF, 0xFF, 0xDB, 0xFF,
    0xFF, 0xFD, 0xFF, 0xEF, 0x59, 0xFF, 0x74, 0x2B, 0xFF, 0x4B, 0xA8, 0xFF, 0x7D, 0x4C, 0xFF, 0x5B,
    0xE8, 0xFF, 0x21, 0xA3, 0xFF, 0x11, 0x22, 0xFF, 0x42, 0x48, 0xFF, 0xE7, 0x5D, 0xFF, 0xFF, 0xFF,
    0xFF, 0xF7, 0x9D, 0xFF, 0xFF, 0x9C, 0xFF, 0xFF, 0x9C, 0xFF, 0xFF, 0x9C, 0xFF, 0xFF, 0x9C, 0xFF,
    0xFF, 0x9C, 0xFF, 0xFF, 0x9C, 0xFF, 0xFF, 0x9C, 0xFF, 0xFF, 0x9C, 0xFF, 0xFF, 0x9C, 0xFF, 0xFF,
    0x9C, 0xFF, 0xFF, 0x9C, 0xFF, 0xFF, 0x9C, 0xFF, 0xFF, 0x9C, 0xFF, 0xFF, 0x9C, 0xFF, 0xFF, 0x9C,
    0xFF, 0xFF, 0x9C, 0xFF, 0xFF, 0x9C, 0xFF, 0xFF, 0x7C, 0xFF, 0xFF, 0x7B, 0xFF, 0xFF, 0x7B, 0xFF,
    0xFF, 0x7B, 0xFF, 0xFF, 0x7B, 0xFF, 0xFF, 0x7B, 0xFF, 0xFF, 0x9B, 0xFF, 0xFF, 0x9B, 0xFF, 0xFF,
    0x9C, 0xFF, 0xFF, 0xBC, 0xFF, 0xFF, 0xBC, 0xFF, 0xFF, 0xFE, 0xFF, 0xFF, 0xDF, 0xFF, 0x9D, 0x53,
    0xFF, 0x32, 0xC5, 0xFF, 0x6C, 0x89, 0xFF, 0x74, 0xC9, 0xFF, 0xBE, 0xD0, 0xFF, 0x84, 0xEB, 0xFF,
    0x5B, 0xA7, 0xFF, 0x95, 0x8C, 0xFF, 0xC6, 0xF0, 0xFF, 0xE7, 0x74, 0xFF, 0xE7, 0x93, 0xFF, 0xCE,
    0xF0, 0xFF, 0xC6, 0xF0, 0xFF, 0xAE, 0x4E, 0xFF, 0x74, 0x8A, 0xFF, 0xA6, 0x0F, 0xFF, 0xA6, 0x0D,
    0xFF, 0x74, 0xC9, 0xFF, 0x7C, 0xEA, 0xFF, 0x53, 0x86, 0xFF, 0x4A, 0xC8, 0xFF, 0xC6, 0x18, 0xFF,
    0xFF, 0xFF, 0xFF, 0xFF, 0xDE, 0xFF, 0xF7, 0x5D, 0xFF, 0xC5, 0xB5, 0xFF, 0xE6, 0xB9, 0xFF, 0xFF,
    0xFE, 0xFF, 0xFF, 0x9D, 0xFF, 0x62, 0xAA, 0xFF, 0x7B, 0xAE, 0xFF, 0xEF, 0x3C, 0xFF, 0xF7, 0x9E,
    0xFF, 0xEF, 0x3C, 0xFF, 0xEF, 0x5D, 0xFF, 0xEF, 0x5D, 0xFF, 0xEF, 0x5D, 0xFF, 0xEF, 0x5D, 0xFF,
    0xEF, 0x5D, 0xFF, 0xF7, 0x7D, 0xFF, 0xDE, 0xDB, 0xFF, 0x9C, 0xB3, 0xFF, 0xC6, 0x18, 0xFF, 0xF7,
    0x9E, 0xFF, 0xF7, 0x7E, 0xFF, 0xEF, 0x3C, 0xFF, 0xF7, 0x5D, 0xFF, 0xDE, 0xBA, 0xFF, 0xC6, 0x18,
    0xFF, 0xDE, 0xDB, 0xFF, 0xCE, 0x38, 0xFF, 0xA4, 0x90, 0xFF, 0xF7, 0x5C, 0xFF, 0x8C, 0x0F, 0xFF,
    0x9C, 0x91, 0xFF, 0xF7, 0x5C, 0xFF, 0xF7, 0x7D, 0xFF, 0xEF, 0x1C, 0xFF, 0xEF, 0x5C, 0xFF, 0xEF,
    0x5D, 0xFF, 0xEF, 0x5D, 0xFF, 0xEF, 0x5D, 0xFF, 0xF7, 0x9E, 0xFF, 0xF7, 0x9E, 0xFF, 0x94, 0x71,
    0xFF, 0x29, 0x24, 0xFF, 0xCE, 0x58, 0xFF, 0xFF, 0xFF, 0xFF, 0xF7, 0x7D, 0xFF, 0xEF, 0x5D, 0xFF,
    0xEF, 0x5D, 0xFF, 0xEF, 0x5D, 0xFF, 0xEF, 0x5D, 0xFF, 0xEF, 0x3C, 0xFF, 0xEF, 0x3C, 0xFF, 0xEF,
    0x3C, 0xFF, 0xEF, 0x3C, 0xFF, 0xEF, 0x1C, 0xFF, 0x00, 0x00, 0x21, 0x00, 0x00, 0x04, 0x00, 0x00,
    0x00, 0x00, 0x00, 0x00, 0x7B, 0xEF, 0x02, 0x00, 0x00, 0x00, 0x18, 0x82, 0x1A, 0x8C, 0x52, 0x80,
    0xAD, 0x56, 0xE8, 0x9C, 0xB4, 0xFC, 0xAD, 0x36, 0xFE, 0xA4, 0xF4, 0xFF, 0x94, 0x73, 0xFF, 0x29,
    0x45, 0xFF, 0x8C, 0x31, 0xFF, 0xC5, 0xF7, 0xFF, 0xD6, 0x59, 0xFF, 0xE7, 0x1C, 0xFF, 0xEF, 0x5D,
    0xFF, 0xEF, 0x5D, 0xFF, 0xEF, 0x3C, 0xFF, 0xCE, 0x39, 0xFF, 0xB5, 0x77, 0xFF, 0xB5, 0x76, 0xFF,
    0x6B, 0x0D, 0xFF, 0x7B, 0x8F, 0xFF, 0xDE, 0xBA, 0xFF, 0xF7, 0x9E, 0xFF, 0xEF, 0x5D, 0xFF, 0xEF,
    0x5D, 0xFF, 0xEF, 0x3C, 0xFF, 0xEF, 0x3C, 0xFF, 0xEF, 0x3C, 0xFF, 0xEF, 0x1C, 0xFF, 0xDE, 0x9A,
    0xFF, 0xDE, 0xBA, 0xFF, 0xF7, 0x7D, 0xFF, 0xEF, 0x5D, 0xFF, 0xEF, 0x5D, 0xFF, 0xEF, 0x3D, 0xFF,
    0xEF, 0x3C, 0xFF, 0xEF, 0x3C, 0xFF, 0xEF, 0x3C, 0xFF, 0xEF, 0x3C, 0xFF, 0xEF, 0x3C, 0xFF, 0xEF,
    0x3C, 0xFF, 0xEF, 0x3C, 0xFF, 0xEF, 0x3C, 0xFF, 0xF7, 0x7D, 0xFF, 0xE6, 0xDB, 0xFF, 0x9C, 0x71,
    0xFF, 0x6A, 0x8A, 0xFF, 0x51, 0x85, 0xFF, 0x69, 0xA5, 0xFF, 0x72, 0x06, 0xFF, 0x69, 0xC6, 0xFF,
    0x71, 0xE6, 0xFF, 0x69, 0x84, 0xFF, 0x51, 0x03, 0xFF, 0x83, 0x2C, 0xFF, 0xD6, 0xBA, 0xFF, 0xE7,
    0x3C, 0xFF, 0xFF, 0xFF, 0xFF, 0xFF, 0xFF, 0xFF, 0x9D, 0x13, 0xFF, 0x18, 0xC2, 0xFF, 0x10, 0xC1,
    0xFF, 0x2A, 0x03, 0xFF, 0x3A, 0xA5, 0xFF, 0x43, 0x06, 0xFF, 0x19, 0xE2, 0xFF, 0x3A, 0x65, 0xFF,
    0xD6, 0xD4, 0xFF, 0xF7, 0x98, 0xFF, 0xF7, 0x98, 0xFF, 0xFF, 0xFC, 0xFF, 0xFF, 0xFD, 0xFF, 0xFF,
    0xFE, 0xFF, 0xFF, 0xBA, 0xFF, 0xF7, 0x76, 0xFF, 0xD6, 0xB2, 0xFF, 0x8C, 0x8C, 0xFF, 0x4B, 0x27,
    0xFF, 0x53, 0xE9, 0xFF, 0x7D, 0x2B, 0xFF, 0x74, 0xCA, 0xFF, 0x4B, 0x66, 0xFF, 0x11, 0x01, 0xFF,
    0x31, 0xA6, 0xFF, 0xDE, 0xFC, 0xFF, 0xFF, 0xFF, 0xFF, 0xFF, 0x9D, 0xFF, 0xFF, 0x9C, 0xFF, 0xFF,
    0x9C, 0xFF, 0xFF, 0x9C, 0xFF, 0xFF, 0x9C, 0xFF, 0xFF, 0x9C, 0xFF, 0xFF, 0x9C, 0xFF, 0xFF, 0x9C,
    0xFF, 0xFF, 0x9C, 0xFF, 0xFF, 0x9C, 0xFF, 0xFF, 0x9C, 0xFF, 0xFF, 0x9C, 0xFF, 0xFF, 0x9C, 0xFF,
    0xFF, 0x9C, 0xFF, 0xFF, 0x9C, 0xFF, 0xFF, 0x7C, 0xFF, 0xFF, 0x7C, 0xFF, 0xFF, 0x9C, 0xFF, 0xFF,
    0x9C, 0xFF, 0xFF, 0x9B, 0xFF, 0xFF, 0x7B, 0xFF, 0xFF, 0x7B, 0xFF, 0xFF, 0x7B, 0xFF, 0xFF, 0x7B,
    0xFF, 0xFF, 0x7B, 0xFF, 0xFF, 0x7B, 0xFF, 0xFF, 0x7B, 0xFF, 0xFF, 0x7C, 0xFF, 0xFF, 0x7C, 0xFF,
    0xFF, 0xBD, 0xFF, 0xFF, 0xFF, 0xFF, 0xD6, 0xBA, 0xFF, 0x42, 0xE7, 0xFF, 0x64, 0x49, 0xFF, 0x6C,
    0x68, 0xFF, 0xB6, 0x6E, 0xFF, 0xD7, 0x52, 0xFF, 0x95, 0x6C, 0xFF, 0x7C, 0xC9, 0xFF, 0x8D, 0x4B,
    0xFF, 0x9D, 0xCC, 0xFF, 0xA6, 0x0D, 0xFF, 0x9E, 0x0D, 0xFF, 0x8D, 0xAC, 0xFF, 0x85, 0x4C, 0xFF,
    0xAE, 0x30, 0xFF, 0xD7, 0x53, 0xFF, 0x95, 0x8B, 0xFF, 0x74, 0xE9, 0xFF, 0x85, 0x4B, 0xFF, 0x42,
    0xC5, 0xFF, 0x6B, 0xAD, 0xFF, 0xEF, 0x3D, 0xFF, 0xFF, 0xFF, 0xFF, 0xF7, 0x9D, 0xFF, 0xEF, 0x1B,
    0xFF, 0xEE, 0xD9, 0xFF, 0xFF, 0xDD, 0xFF, 0xFF, 0xBD, 0xFF, 0xDE, 0xBA, 0xFF, 0x52, 0x08, 0xFF,
    0xB5, 0x75, 0xFF, 0xF7, 0x9D, 0xFF, 0xEF, 0x3C, 0xFF, 0xEF, 0x1C, 0xFF, 0xEF, 0x3C, 0xFF, 0xEF,
    0x3C, 0xFF, 0xEF, 0x5D, 0xFF, 0xEF, 0x5C, 0xFF, 0xF7, 0x5D, 0xFF, 0xEF, 0x3C, 0xFF, 0xBD, 0xB6,
    0xFF, 0xA4, 0xD4, 0xFF, 0xE7, 0x1C, 0xFF, 0xFF, 0x9E, 0xFF, 0xEF, 0x5D, 0xFF, 0xEF, 0x5D, 0xFF,
    0xF7, 0x5D, 0xFF, 0xDE, 0x9A, 0xFF, 0xCE, 0x39, 0xFF, 0xE6, 0xFB, 0xFF, 0xC5, 0xF7, 0xFF, 0xA4,
    0x91, 0xFF, 0xFF, 0x9D, 0xFF, 0xCE, 0x37, 0xFF, 0x83, 0xCE, 0xFF, 0xDE, 0xBA, 0xFF, 0xF7, 0x9E,
    0xFF, 0xEF, 0x3C, 0xFF, 0xEF, 0x5D, 0xFF, 0xEF, 0x5D, 0xFF, 0xEF, 0x5D, 0xFF, 0xEF, 0x3C, 0xFF,
    0xF7, 0x7D, 0xFF, 0xF7, 0x9E, 0xFF, 0xAD, 0x75, 0xFF, 0x41, 0xC6, 0xFF, 0x73, 0x4C, 0xFF, 0xF7,
    0x9E, 0xFF, 0xFF, 0xDF, 0xFF, 0xEF, 0x5D, 0xFF, 0xEF, 0x5D, 0xFF, 0xEF, 0x5D, 0xFF, 0xEF, 0x5D,
    0xFF, 0xEF, 0x3C, 0xFF, 0xEF, 0x3C, 0xFF, 0xEF, 0x3C, 0xFF, 0xEF, 0x3C, 0xFF, 0xEF, 0x1C, 0xFF,
    0x00, 0x00, 0x21, 0x00, 0x00, 0x04, 0x00, 0x00, 0x00, 0x00, 0x00, 0x00, 0x00, 0x00, 0x01, 0xFF,
    0xFF, 0x01, 0x00, 0x00, 0x03, 0x73, 0x6E, 0x4D, 0x9C, 0xD4, 0xC8, 0x9C, 0xB4, 0xFA, 0xA4, 0xF4,
    0xFE, 0xAD, 0x35, 0xFF, 0x73, 0x6E, 0xFF, 0x31, 0x86, 0xFF, 0xBD, 0xB6, 0xFF, 0xD6, 0x9A, 0xFF,
    0xD6, 0x9A, 0xFF, 0xEF, 0x3C, 0xFF, 0xEF, 0x3C, 0xFF, 0xEF, 0x5C, 0xFF, 0xE7, 0x1C, 0xFF, 0xC5,
    0xF8, 0xFF, 0xAD, 0x56, 0xFF, 0xB5, 0x56, 0xFF, 0x6B, 0x2E, 0xFF, 0x6A, 0xED, 0xFF, 0xDE, 0x9A,
    0xFF, 0xF7, 0x9E, 0xFF, 0xF7, 0x5D, 0xFF, 0xEF, 0x5D, 0xFF, 0xEF, 0x3C, 0xFF, 0xEF, 0x3C, 0xFF,
    0xEF, 0x3C, 0xFF, 0xEF, 0x5D, 0xFF, 0xE6, 0xFB, 0xFF, 0xD6, 0x9A, 0xFF, 0xEF, 0x5D, 0xFF, 0xEF,
    0x5D, 0xFF, 0xEF, 0x5D, 0xFF, 0xEF, 0x3D, 0xFF, 0xEF, 0x3C, 0xFF, 0xEF, 0x3C, 0xFF, 0xEF, 0x3C,
    0xFF, 0xEF, 0x3C, 0xFF, 0xEF, 0x3C, 0xFF, 0xEF, 0x3C, 0xFF, 0xEF, 0x3C, 0xFF, 0xEF, 0x3C, 0xFF,
    0xEF, 0x3C, 0xFF, 0xF7, 0x7D, 0xFF, 0xF7, 0x7D, 0xFF, 0xE6, 0xDA, 0xFF, 0x94, 0x0F, 0xFF, 0x59,
    0xC6, 0xFF, 0x59, 0x43, 0xFF, 0x69, 0xA5, 0xFF, 0x7A, 0x06, 0xFF, 0x69, 0x64, 0xFF, 0x59, 0x23,
    0xFF, 0x93, 0xCE, 0xFF, 0xEF, 0x7D, 0xFF, 0xFF, 0xDF, 0xFF, 0xF7, 0xBE, 0xFF, 0xFF, 0xFF, 0xFF,
    0xAD, 0x95, 0xFF, 0x19, 0x03, 0xFF, 0x00, 0x80, 0xFF, 0x32, 0x44, 0xFF, 0x4B, 0x67, 0xFF, 0x53,
    0xA7, 0xFF, 0x32, 0xA5, 0xFF, 0x19, 0x83, 0xFF, 0x3A, 0x45, 0xFF, 0x6B, 0x87, 0xFF, 0xB5, 0xAD,
    0xFF, 0xF7, 0xD8, 0xFF, 0xFF, 0xFB, 0xFF, 0xFF, 0xFC, 0xFF, 0xF7, 0xB8, 0xFF, 0xFF, 0xD5, 0xFF,
    0xAD, 0x8D, 0xFF, 0x53, 0x67, 0xFF, 0x43, 0x48, 0xFF, 0x53, 0xC9, 0xFF, 0x6C, 0xCA, 0xFF, 0x74,
    0xE9, 0xFF, 0x6C, 0x88, 0xFF, 0x32, 0x64, 0xFF, 0x3A, 0x07, 0xFF, 0xE7, 0x1C, 0xFF, 0xFF, 0xFF,
    0xFF, 0xFF, 0x9D, 0xFF, 0xFF, 0x9C, 0xFF, 0xFF, 0x9C, 0xFF, 0xFF, 0x9C, 0xFF, 0xFF, 0x9C, 0xFF,
    0xFF, 0x9C, 0xFF, 0xFF, 0x9C, 0xFF, 0xFF, 0x9C, 0xFF, 0xFF, 0x9C, 0xFF, 0xFF, 0x9C, 0xFF, 0xFF,
    0x9C, 0xFF, 0xFF, 0x9C, 0xFF, 0xFF, 0x9C, 0xFF, 0xFF, 0x9C, 0xFF, 0xFF, 0x9C, 0xFF, 0xFF, 0x7C,
    0xFF, 0xFF, 0x7C, 0xFF, 0xFF, 0x9C, 0xFF, 0xFF, 0x9C, 0xFF, 0xFF, 0x9C, 0xFF, 0xFF, 0x9C, 0xFF,
    0xFF, 0x9C, 0xFF, 0xFF, 0x7C, 0xFF, 0xFF, 0x9C, 0xFF, 0xFF, 0x9C, 0xFF, 0xFF, 0x9C, 0xFF, 0xFF,
    0x9C, 0xFF, 0xFF, 0x9C, 0xFF, 0xFF, 0x9C, 0xFF, 0xFF, 0x9C, 0xFF, 0xFF, 0xFF, 0xFF, 0xF7, 0xBE,
    0xFF, 0x84, 0xB0, 0xFF, 0x43, 0x46, 0xFF, 0x74, 0xEA, 0xFF, 0x7C, 0xCA, 0xFF, 0xD7, 0x31, 0xFF,
    0xDF, 0x92, 0xFF, 0xAE, 0x2E, 0xFF, 0x85, 0x4B, 0xFF, 0x7D, 0x0A, 0xFF, 0x7D, 0x0B, 0xFF, 0x8D,
    0x4C, 0xFF, 0x95, 0xAD, 0xFF, 0xBE, 0x91, 0xFF, 0xEF, 0xD5, 0xFF, 0xCE, 0xD2, 0xFF, 0x7C, 0xEA,
    0xFF, 0x8D, 0x6B, 0xFF, 0x84, 0xEA, 0xFF, 0x4A, 0xA6, 0xFF, 0xAD, 0x75, 0xFF, 0xFF, 0xFF, 0xFF,
    0xFF, 0xFF, 0xFF, 0xF7, 0x5C, 0xFF, 0xDE, 0x78, 0xFF, 0xEE, 0xF9, 0xFF, 0xFF, 0x9C, 0xFF, 0xFF,
    0xBC, 0xFF, 0xBD, 0x95, 0xFF, 0x73, 0x2C, 0xFF, 0xDE, 0xDA, 0xFF, 0xF7, 0x9D, 0xFF, 0xEF, 0x1C,
    0xFF, 0xEF, 0x3C, 0xFF, 0xEF, 0x3C, 0xFF, 0xEF, 0x3C, 0xFF, 0xEF, 0x3C, 0xFF, 0xEF, 0x5D, 0xFF,
    0xEF, 0x5D, 0xFF, 0xD6, 0x59, 0xFF, 0x9C, 0xB3, 0xFF, 0xBD, 0xD7, 0xFF, 0xF7, 0x7E, 0xFF, 0xF7,
    0x7D, 0xFF, 0xEF, 0x3D, 0xFF, 0xEF, 0x5D, 0xFF, 0xEF, 0x5D, 0xFF, 0xDE, 0x9A, 0xFF, 0xD6, 0x7A,
    0xFF, 0xE7, 0x1C, 0xFF, 0xBD, 0xB6, 0xFF, 0xA4, 0xD2, 0xFF, 0xFF, 0xBD, 0xFF, 0xFF, 0xBE, 0xFF,
    0x94, 0x70, 0xFF, 0xCE, 0x17, 0xFF, 0xF7, 0x9D, 0xFF, 0xEF, 0x7D, 0xFF, 0xEF, 0x5D, 0xFF, 0xEF,
    0x5D, 0xFF, 0xEF, 0x5D, 0xFF, 0xEF, 0x3C, 0xFF, 0xEF, 0x5D, 0xFF, 0xF7, 0x7D, 0xFF, 0xBD, 0xB6,
    0xFF, 0x94, 0x2F, 0xFF, 0x49, 0xC6, 0xFF, 0xAD, 0x13, 0xFF, 0xFF, 0xDF, 0xFF, 0xF7, 0x9E, 0xFF,
    0xEF, 0x5C, 0xFF, 0xEF, 0x7D, 0xFF, 0xEF, 0x5D, 0xFF, 0xEF, 0x3C, 0xFF, 0xEF, 0x3C, 0xFF, 0xEF,
    0x3C, 0xFF, 0xEF, 0x3C, 0xFF, 0xEF, 0x1C, 0xFF, 0x00, 0x00, 0x21, 0x00, 0x00, 0x04, 0x00, 0x00,
    0x00, 0x00, 0x00, 0x00, 0x00, 0x00, 0x01, 0xFF, 0xFF, 0x01, 0x00, 0x00, 0x00, 0x31, 0x86, 0x29,
    0x8C, 0x31, 0x92, 0xAD, 0x56, 0xE8, 0xA5, 0x15, 0xFC, 0xAD, 0x35, 0xFE, 0x42, 0x09, 0xFF, 0x63,
    0x2D, 0xFF, 0xE7, 0x1B, 0xFF, 0xDE, 0xBA, 0xFF, 0xD6, 0x9A, 0xFF, 0xEF, 0x3C, 0xFF, 0xEF, 0x3C,
    0xFF, 0xEF, 0x3C, 0xFF, 0xE6, 0xDB, 0xFF, 0xBD, 0xB7, 0xFF, 0xAD, 0x36, 0xFF, 0xAD, 0x56, 0xFF,
    0x84, 0x11, 0xFF, 0x6A, 0xED, 0xFF, 0xD6, 0x59, 0xFF, 0xF7, 0x9E, 0xFF, 0xF7, 0x5D, 0xFF, 0xEF,
    0x5D, 0xFF, 0xEF, 0x5D, 0xFF, 0xEF, 0x3C, 0xFF, 0xEF, 0x3C, 0xFF, 0xF7, 0x5D, 0xFF, 0xEF, 0x5D,
    0xFF, 0xDE, 0x9A, 0xFF, 0xE6, 0xFB, 0xFF, 0xF7, 0x7D, 0xFF, 0xEF, 0x5D, 0xFF, 0xEF, 0x3D, 0xFF,
    0xEF, 0x3C, 0xFF, 0xEF, 0x3C, 0xFF, 0xEF, 0x3C, 0xFF, 0xEF, 0x3C, 0xFF, 0xEF, 0x3C, 0xFF, 0xEF,
    0x3C, 0xFF, 0xEF, 0x3C, 0xFF, 0xEF, 0x1C, 0xFF, 0xEF, 0x3C, 0xFF, 0xEF, 0x3C, 0xFF, 0xF7, 0x5D,
    0xFF, 0xFF, 0xDE, 0xFF, 0xBD, 0xB6, 0xFF, 0x7B, 0x2C, 0xFF, 0x8B, 0x6C, 0xFF, 0x72, 0x26, 0xFF,
    0x69, 0x64, 0xFF, 0x71, 0xA5, 0xFF, 0x59, 0x03, 0xFF, 0x93, 0xEF, 0xFF, 0xFF, 0xFF, 0xFF, 0xFF,
    0xFF, 0xFF, 0xF7, 0xBE, 0xFF, 0xFF, 0xFF, 0xFF, 0xCE, 0x9A, 0xFF, 0x21, 0x45, 0xFF, 0x11, 0x21,
    0xFF, 0x53, 0xA8, 0xFF, 0x53, 0xA7, 0xFF, 0x53, 0xA7, 0xFF, 0x6C, 0x49, 0xFF, 0x32, 0x65, 0xFF,
    0x00, 0x00, 0xFF, 0x29, 0xE4, 0xFF, 0x95, 0x29, 0xFF, 0xE7, 0x52, 0xFF, 0xFF, 0xFA, 0xFF, 0xF7,
    0xDB, 0xFF, 0xF7, 0xD8, 0xFF, 0xFF, 0xF6, 0xFF, 0xAD, 0xEE, 0xFF, 0x64, 0x4A, 0xFF, 0x53, 0xCA,
    0xFF, 0x53, 0xA9, 0xFF, 0x7C, 0xEB, 0xFF, 0x74, 0xE9, 0xFF, 0x6C, 0x88, 0xFF, 0x53, 0x86, 0xFF,
    0x63, 0xAC, 0xFF, 0xEF, 0x7D, 0xFF, 0xFF, 0xFF, 0xFF, 0xFF, 0x9D, 0xFF, 0xFF, 0x9C, 0xFF, 0xFF,
    0x9C, 0xFF, 0xFF, 0x9C, 0xFF, 0xFF, 0x9C, 0xFF, 0xFF, 0x9C, 0xFF, 0xFF, 0x9C, 0xFF, 0xFF, 0x9C,
    0xFF, 0xFF, 0x9C, 0xFF, 0xFF, 0x9C, 0xFF, 0xFF, 0x9C, 0xFF, 0xFF, 0x9C, 0xFF, 0xFF, 0x9C, 0xFF,
    0xFF, 0x9C, 0xFF, 0xFF, 0x9C, 0xFF, 0xFF, 0x9C, 0xFF, 0xFF, 0x9C, 0xFF, 0xFF, 0x9C, 0xFF, 0xFF,
    0x9C, 0xFF, 0xFF, 0x9C, 0xFF, 0xFF, 0x9C, 0xFF, 0xFF, 0x9C, 0xFF, 0xFF, 0x9C, 0xFF, 0xFF, 0x9C,
    0xFF, 0xFF, 0x9C, 0xFF, 0xFF, 0x9C, 0xFF, 0xFF, 0x9C, 0xFF, 0xFF, 0x9C, 0xFF, 0xFF, 0x9C, 0xFF,
    0xFF, 0x9C, 0xFF, 0xFF, 0xBD, 0xFF, 0xFF, 0xFF, 0xFF, 0xD6, 0xDA, 0xFF, 0x42, 0xE8, 0xFF, 0x6C,
    0x8A, 0xFF, 0x74, 0xAA, 0xFF, 0x8D, 0x6B, 0xFF, 0xD7, 0x51, 0xFF, 0xE7, 0xD2, 0xFF, 0xCF, 0x11,
    0xFF, 0xBE, 0xB0, 0xFF, 0xBE, 0xB0, 0xFF, 0xCE, 0xF2, 0xFF, 0xDF, 0x74, 0xFF, 0xF7, 0xF5, 0xFF,
    0xEF, 0xD5, 0xFF, 0xC6, 0xB0, 0xFF, 0x9D, 0xAC, 0xFF, 0xAE, 0x4D, 0xFF, 0x5B, 0x66, 0xFF, 0x84,
    0x2E, 0xFF, 0xEF, 0x5D, 0xFF, 0xFF, 0xFF, 0xFF, 0xF7, 0xBE, 0xFF, 0xF7, 0x5B, 0xFF, 0xEE, 0xD9,
    0xFF, 0xF7, 0x5A, 0xFF, 0xFF, 0x9B, 0xFF, 0xFF, 0xBC, 0xFF, 0xB5, 0x13, 0xFF, 0xAC, 0xF3, 0xFF,
    0xEF, 0x3C, 0xFF, 0xF7, 0x5D, 0xFF, 0xE7, 0x1C, 0xFF, 0xEF, 0x3C, 0xFF, 0xEF, 0x3C, 0xFF, 0xEF,
    0x3C, 0xFF, 0xEF, 0x3C, 0xFF, 0xF7, 0x5D, 0xFF, 0xDE, 0xBB, 0xFF, 0xAD, 0x35, 0xFF, 0x9C, 0x93,
    0xFF, 0xE6, 0xFB, 0xFF, 0xF7, 0x7D, 0xFF, 0xEF, 0x5D, 0xFF, 0xEF, 0x3D, 0xFF, 0xEF, 0x5D, 0xFF,
    0xEF, 0x3D, 0xFF, 0xDE, 0xBA, 0xFF, 0xDE, 0xDB, 0xFF, 0xEF, 0x3C, 0xFF, 0xB5, 0x95, 0xFF, 0xAD,
    0x13, 0xFF, 0xFF, 0xDE, 0xFF, 0xFF, 0xFF, 0xFF, 0xB5, 0x74, 0xFF, 0xBD, 0x95, 0xFF, 0xF7, 0x5D,
    0xFF, 0xF7, 0x9E, 0xFF, 0xEF, 0x3D, 0xFF, 0xEF, 0x5D, 0xFF, 0xEF, 0x5D, 0xFF, 0xEF, 0x3C, 0xFF,
    0xEF, 0x5C, 0xFF, 0xEF, 0x5D, 0xFF, 0xBD, 0xB6, 0xFF, 0xB5, 0x13, 0xFF, 0xA4, 0x2E, 0xFF, 0x62,
    0x69, 0xFF, 0xD6, 0x9A, 0xFF, 0xFF, 0xFF, 0xFF, 0xEF, 0x5C, 0xFF, 0xEF, 0x5D, 0xFF, 0xEF, 0x5D,
    0xFF, 0xEF, 0x3C, 0xFF, 0xEF, 0x3C, 0xFF, 0xEF, 0x3C, 0xFF, 0xEF, 0x3C, 0xFF, 0xEF, 0x1C, 0xFF,
    0x00, 0x00, 0x21, 0x00, 0x00, 0x04, 0x00, 0x00, 0x00, 0x00, 0x00, 0x00, 0x00, 0x00, 0x00, 0xFF,
    0xFF, 0x01, 0x00, 0x00, 0x00, 0x00, 0x00, 0x0B, 0x63, 0x2C, 0x54, 0xAD, 0x35, 0xC5, 0xAD, 0x35,
    0xFA, 0x8C, 0x51, 0xFF, 0x29, 0x46, 0xFF, 0xB5, 0x96, 0xFF, 0xF7, 0x7D, 0xFF, 0xCE, 0x59, 0xFF,
    0xD6, 0x7A, 0xFF, 0xEF, 0x3C, 0xFF, 0xEF, 0x3C, 0xFF, 0xEF, 0x3C, 0xFF, 0xDE, 0xBB, 0xFF, 0xB5,
    0x76, 0xFF, 0xA5, 0x15, 0xFF, 0xAD, 0x56, 0xFF, 0x9C, 0xB3, 0xFF, 0x6A, 0xEC, 0xFF, 0xC5, 0xF7,
    0xFF, 0xF7, 0x9E, 0xFF, 0xF7, 0x7D, 0xFF, 0xEF, 0x5D, 0xFF, 0xEF, 0x5D, 0xFF, 0xEF, 0x5D, 0xFF,
    0xEF, 0x5D, 0xFF, 0xEF, 0x5D, 0xFF, 0xF7, 0x7D, 0xFF, 0xE6, 0xFB, 0xFF, 0xCE, 0x59, 0xFF, 0xEF,
    0x5D, 0xFF, 0xEF, 0x5D, 0xFF, 0xEF, 0x3D, 0xFF, 0xEF, 0x3C, 0xFF, 0xEF, 0x3C, 0xFF, 0xEF, 0x3C,
    0xFF, 0xEF, 0x3C, 0xFF, 0xEF, 0x3D, 0xFF, 0xEF, 0x3C, 0xFF, 0xEF, 0x3C, 0xFF, 0xEF, 0x3C, 0xFF,
    0xEF, 0x3C, 0xFF, 0xEF, 0x3C, 0xFF, 0xEF, 0x3C, 0xFF, 0xE6, 0xDB, 0xFF, 0xC5, 0xD7, 0xFF, 0x8B,
    0xEF, 0xFF, 0xCD, 0xF7, 0xFF, 0xAC, 0xD1, 0xFF, 0x61, 0x64, 0xFF, 0x61, 0x02, 0xFF, 0x61, 0x43,
    0xFF, 0x93, 0xAE, 0xFF, 0xFF, 0xFF, 0xFF, 0xFF, 0xFF, 0xFF, 0xFF, 0xDF, 0xFF, 0xFF, 0xFF, 0xFF,
    0xF7, 0x9D, 0xFF, 0x42, 0x28, 0xFF, 0x3A, 0x65, 0xFF, 0x64, 0x09, 0xFF, 0x3A, 0xE6, 0xFF, 0x5B,
    0xE8, 0xFF, 0xA6, 0x0D, 0xFF, 0x63, 0xE9, 0xFF, 0x08, 0xC2, 0xFF, 0x53, 0x49, 0xFF, 0x9D, 0x8C,
    0xFF, 0xC6, 0x6E, 0xFF, 0xFF, 0xF8, 0xFF, 0xFF, 0xFA, 0xFF, 0xFF, 0xD9, 0xFF, 0xF7, 0x96, 0xFF,
    0xB6, 0x0F, 0xFF, 0x74, 0x8B, 0xFF, 0x53, 0xC9, 0xFF, 0x6C, 0x4A, 0xFF, 0x9D, 0xCD, 0xFF, 0x74,
    0xC9, 0xFF, 0x6C, 0x68, 0xFF, 0x4B, 0x25, 0xFF, 0x7C, 0x6F, 0xFF, 0xF7, 0xBE, 0xFF, 0xFF, 0xFF,
    0xFF, 0xFF, 0x9C, 0xFF, 0xFF, 0x9C, 0xFF, 0xFF, 0x9C, 0xFF, 0xFF, 0x9C, 0xFF, 0xFF, 0x9C, 0xFF,
    0xFF, 0x9C, 0xFF, 0xFF, 0x9C, 0xFF, 0xFF, 0x9C, 0xFF, 0xFF, 0x9C, 0xFF, 0xFF, 0x9C, 0xFF, 0xFF,
    0x9C, 0xFF, 0xFF, 0x9C, 0xFF, 0xFF, 0x9C, 0xFF, 0xFF, 0x9C, 0xFF, 0xFF, 0x9C, 0xFF, 0xFF, 0x9C,
    0xFF, 0xFF, 0x9C, 0xFF, 0xFF, 0x9C, 0xFF, 0xFF, 0x9C, 0xFF, 0xFF, 0x9C, 0xFF, 0xFF, 0x9C, 0xFF,
    0xFF, 0x9C, 0xFF, 0xFF, 0x9C, 0xFF, 0xFF, 0x9C, 0xFF, 0xFF, 0x9C, 0xFF, 0xFF, 0x9C, 0xFF, 0xFF,
    0x9C, 0xFF, 0xFF, 0x9C, 0xFF, 0xFF, 0x9C, 0xFF, 0xFF, 0xBD, 0xFF, 0xFF, 0x9C, 0xFF, 0xFF, 0xDE,
    0xFF, 0xFF, 0xFF, 0xFF, 0xA5, 0x33, 0xFF, 0x42, 0xE7, 0xFF, 0x8D, 0x6D, 0xFF, 0x8D, 0x6C, 0xFF,
    0xB6, 0x6F, 0xFF, 0xE7, 0xB2, 0xFF, 0xEF, 0xD2, 0xFF, 0xEF, 0xD3, 0xFF, 0xEF, 0xF3, 0xFF, 0xF7,
    0xF4, 0xFF, 0xEF, 0xD4, 0xFF, 0xDF, 0x73, 0xFF, 0xDF, 0x73, 0xFF, 0xDF, 0x92, 0xFF, 0xCF, 0x10,
    0xFF, 0x8C, 0xCA, 0xFF, 0x63, 0x69, 0xFF, 0xD6, 0xBA, 0xFF, 0xFF, 0xFF, 0xFF, 0xFF, 0xBD, 0xFF,
    0xF7, 0x7C, 0xFF, 0xFF, 0x7B, 0xFF, 0xFF, 0x9B, 0xFF, 0xFF, 0x7B, 0xFF, 0xFF, 0x7B, 0xFF, 0xEF,
    0x1A, 0xFF, 0x94, 0x30, 0xFF, 0xCE, 0x38, 0xFF, 0xF7, 0x5D, 0xFF, 0xEF, 0x3C, 0xFF, 0xE7, 0x1C,
    0xFF, 0xEF, 0x1C, 0xFF, 0xEF, 0x1C, 0xFF, 0xEF, 0x3C, 0xFF, 0xEF, 0x5D, 0xFF, 0xE6, 0xFC, 0xFF,
    0xBD, 0xB7, 0xFF, 0x94, 0x52, 0xFF, 0xBD, 0xB7, 0xFF, 0xF7, 0x5D, 0xFF, 0xEF, 0x5D, 0xFF, 0xEF,
    0x3C, 0xFF, 0xEF, 0x3C, 0xFF, 0xEF, 0x5D, 0xFF, 0xEF, 0x3C, 0xFF, 0xDE, 0xBA, 0xFF, 0xE7, 0x1C,
    0xFF, 0xEF, 0x3C, 0xFF, 0xAD, 0x54, 0xFF, 0xB5, 0x54, 0xFF, 0xFF, 0xFE, 0xFF, 0xFF, 0xFF, 0xFF,
    0xCE, 0x58, 0xFF, 0xA4, 0xF2, 0xFF, 0xE7, 0x1B, 0xFF, 0xFF, 0xBE, 0xFF, 0xEF, 0x3C, 0xFF, 0xEF,
    0x5D, 0xFF, 0xEF, 0x3D, 0xFF, 0xEF, 0x1C, 0xFF, 0xEF, 0x3C, 0xFF, 0xEF, 0x3C, 0xFF, 0xBD, 0xD6,
    0xFF, 0xA4, 0xB1, 0xFF, 0xDD, 0xB4, 0xFF, 0x41, 0x65, 0xFF, 0xB5, 0x96, 0xFF, 0xFF, 0xFF, 0xFF,
    0xEF, 0x5D, 0xFF, 0xEF, 0x3C, 0xFF, 0xEF, 0x5C, 0xFF, 0xEF, 0x3C, 0xFF, 0xEF, 0x3C, 0xFF, 0xEF,
    0x3C, 0xFF, 0xEF, 0x3C, 0xFF, 0xEF, 0x3C, 0xFF, 0x00, 0x00, 0x21, 0x00, 0x00, 0x04, 0x00, 0x00,
    0x00, 0x00, 0x00, 0x00, 0x00, 0x00, 0x00, 0x00, 0x00, 0x01, 0x00, 0x00, 0x00, 0x00, 0x00, 0x00,
    0x31, 0x46, 0x29, 0x94, 0x92, 0x98, 0xB5, 0x96, 0xF3, 0x52, 0x8B, 0xFE, 0x4A, 0x49, 0xFF, 0xEF,
    0x5C, 0xFF, 0xF7, 0x7D, 0xFF, 0xC6, 0x18, 0xFF, 0xD6, 0x9A, 0xFF, 0xEF, 0x3C, 0xFF, 0xEF, 0x3C,
    0xFF, 0xEF, 0x3C, 0xFF, 0xD6, 0x9A, 0xFF, 0xAD, 0x36, 0xFF, 0xAD, 0x36, 0xFF, 0xB5, 0x77, 0xFF,
    0x8C, 0x32, 0xFF, 0x39, 0x66, 0xFF, 0xB5, 0x76, 0xFF, 0xF7, 0x9E, 0xFF, 0xF7, 0x7D, 0xFF, 0xEF,
    0x3C, 0xFF, 0xEF, 0x5D, 0xFF, 0xEF, 0x5D, 0xFF, 0xEF, 0x5D, 0xFF, 0xEF, 0x5D, 0xFF, 0xF7, 0x7D,
    0xFF, 0xEF, 0x5D, 0xFF, 0xCE, 0x39, 0xFF, 0xDE, 0xBA, 0xFF, 0xF7, 0x7D, 0xFF, 0xEF, 0x5D, 0xFF,
    0xEF, 0x3C, 0xFF, 0xEF, 0x3C, 0xFF, 0xEF, 0x3C, 0xFF, 0xEF, 0x3C, 0xFF, 0xEF, 0x3D, 0xFF, 0xEF,
    0x3C, 0xFF, 0xEF, 0x3C, 0xFF, 0xEF, 0x3C, 0xFF, 0xEF, 0x3C, 0xFF, 0xEF, 0x3C, 0xFF, 0xEF, 0x5D,
    0xFF, 0xF7, 0x7D, 0xFF, 0xD6, 0x79, 0xFF, 0x7B, 0x6D, 0xFF, 0xA4, 0xD2, 0xFF, 0xEF, 0x3C, 0xFF,
    0xA4, 0x50, 0xFF, 0x50, 0xA1, 0xFF, 0x58, 0xC2, 0xFF, 0x82, 0xEB, 0xFF, 0xF7, 0x9E, 0xFF, 0xFF,
    0xFF, 0xFF, 0xFF, 0xDF, 0xFF, 0xFF, 0xDF, 0xFF, 0xFF, 0xFF, 0xFF, 0x73, 0xCE, 0xFF, 0x32, 0x45,
    0xFF, 0x32, 0x85, 0xFF, 0x43, 0x27, 0xFF, 0x74, 0xAA, 0xFF, 0xAE, 0x4E, 0xFF, 0x8D, 0x2C, 0xFF,
    0x2A, 0x05, 0xFF, 0x4B, 0x08, 0xFF, 0x95, 0x8C, 0xFF, 0xAE, 0x0D, 0xFF, 0xEF, 0x74, 0xFF, 0xFF,
    0xF8, 0xFF, 0xFF, 0xF8, 0xFF, 0xE7, 0x34, 0xFF, 0x9D, 0xAD, 0xFF, 0x64, 0x4A, 0xFF, 0x6C, 0x6A,
    0xFF, 0xAE, 0x4E, 0xFF, 0xBE, 0x8F, 0xFF, 0x74, 0x88, 0xFF, 0x74, 0xA9, 0xFF, 0x3A, 0xA5, 0xFF,
    0x84, 0xB2, 0xFF, 0xF7, 0xDF, 0xFF, 0xFF, 0xDE, 0xFF, 0xFF, 0x7C, 0xFF, 0xFF, 0x9C, 0xFF, 0xFF,
    0x9C, 0xFF, 0xFF, 0x9C, 0xFF, 0xFF, 0x9C, 0xFF, 0xFF, 0x9C, 0xFF, 0xFF, 0x9C, 0xFF, 0xFF, 0x9C,
    0xFF, 0xFF, 0x9C, 0xFF, 0xFF, 0x9C, 0xFF, 0xFF, 0x9C, 0xFF, 0xFF, 0x9C, 0xFF, 0xFF, 0x9C, 0xFF,
    0xFF, 0x9C, 0xFF, 0xFF, 0x9C, 0xFF, 0xFF, 0x9C, 0xFF, 0xFF, 0x9C, 0xFF, 0xFF, 0x9C, 0xFF, 0xFF,
    0x9C, 0xFF, 0xFF, 0x9C, 0xFF, 0xFF, 0x9C, 0xFF, 0xFF, 0x9C, 0xFF, 0xFF, 0x9C, 0xFF, 0xFF, 0x9C,
    0xFF, 0xFF, 0x9C, 0xFF, 0xFF, 0x9C, 0xFF, 0xFF, 0x9C, 0xFF, 0xFF, 0x9C, 0xFF, 0xFF, 0x9C, 0xFF,
    0xFF, 0x9C, 0xFF, 0xFF, 0x9C, 0xFF, 0xFF, 0x9C, 0xFF, 0xFF, 0xDD, 0xFF, 0xFF, 0xDE, 0xFF, 0x7C,
    0x2E, 0xFF, 0x6C, 0x2B, 0xFF, 0xA6, 0x0F, 0xFF, 0xD7, 0x52, 0xFF, 0xEF, 0xD3, 0xFF, 0xE7, 0xB2,
    0xFF, 0xE7, 0x92, 0xFF, 0xE7, 0x92, 0xFF, 0xE7, 0x92, 0xFF, 0xE7, 0x93, 0xFF, 0xEF, 0xB4, 0xFF,
    0xEF, 0xF4, 0xFF, 0xE7, 0xB2, 0xFF, 0xAD, 0xCE, 0xFF, 0x73, 0xAB, 0xFF, 0xCE, 0x58, 0xFF, 0xFF,
    0xDE, 0xFF, 0xF7, 0x7D, 0xFF, 0xF7, 0x5B, 0xFF, 0xFF, 0x7B, 0xFF, 0xFF, 0x5B, 0xFF, 0xFF, 0x5B,
    0xFF, 0xFF, 0x7B, 0xFF, 0xFF, 0x9B, 0xFF, 0xBD, 0x54, 0xFF, 0x7B, 0x4D, 0xFF, 0xE6, 0xDA, 0xFF,
    0xF7, 0x5D, 0xFF, 0xEF, 0x1C, 0xFF, 0xEF, 0x1C, 0xFF, 0xEF, 0x1C, 0xFF, 0xEF, 0x3C, 0xFF, 0xF7,
    0x5D, 0xFF, 0xEF, 0x3C, 0xFF, 0xCE, 0x19, 0xFF, 0x9C, 0x93, 0xFF, 0x9C, 0x93, 0xFF, 0xE6, 0xFB,
    0xFF, 0xEF, 0x3D, 0xFF, 0xEF, 0x3C, 0xFF, 0xEF, 0x1C, 0xFF, 0xEF, 0x1C, 0xFF, 0xEF, 0x3D, 0xFF,
    0xEF, 0x1C, 0xFF, 0xDE, 0xDB, 0xFF, 0xF7, 0x5D, 0xFF, 0xEF, 0x1C, 0xFF, 0xAD, 0x13, 0xFF, 0xC5,
    0xD6, 0xFF, 0xFF, 0xFF, 0xFF, 0xFF, 0xFF, 0xFF, 0xEF, 0x3C, 0xFF, 0x9C, 0x91, 0xFF, 0xD6, 0x99,
    0xFF, 0xFF, 0xDE, 0xFF, 0xEF, 0x5D, 0xFF, 0xEF, 0x5D, 0xFF, 0xEF, 0x3C, 0xFF, 0xEF, 0x1C, 0xFF,
    0xEF, 0x1C, 0xFF, 0xEF, 0x3C, 0xFF, 0xC6, 0x17, 0xFF, 0x9C, 0x0F, 0xFF, 0x83, 0x0A, 0xFF, 0x41,
    0xC7, 0xFF, 0xCE, 0x59, 0xFF, 0xFF, 0xDE, 0xFF, 0xEF, 0x3C, 0xFF, 0xEF, 0x3C, 0xFF, 0xEF, 0x5C,
    0xFF, 0xEF, 0x3C, 0xFF, 0xEF, 0x3C, 0xFF, 0xEF, 0x3C, 0xFF, 0xEF, 0x3C, 0xFF, 0xEF, 0x3C, 0xFF,
    0x00, 0x00, 0x21, 0x00, 0x00, 0x04, 0x00, 0x00, 0x00, 0x00, 0x00, 0x00, 0x00, 0x00, 0x00, 0x00,
    0x00, 0x00, 0x00, 0x00, 0x01, 0x00, 0x00, 0x00, 0x00, 0x00, 0x0C, 0x7B, 0xCF, 0x5B, 0xAD, 0x55,
    0xC7, 0x39, 0xC7, 0xD2, 0x94, 0x72, 0xFA, 0xFF, 0xDF, 0xFF, 0xEF, 0x3C, 0xFF, 0xC5, 0xF7, 0xFF,
    0xD6, 0x7A, 0xFF, 0xEF, 0x3C, 0xFF, 0xEF, 0x3C, 0xFF, 0xEF, 0x1C, 0xFF, 0xD6, 0x5A, 0xFF, 0xAD,
    0x15, 0xFF, 0xAD, 0x56, 0xFF, 0xBD, 0x97, 0xFF, 0x6B, 0x0D, 0xFF, 0x10, 0x42, 0xFF, 0xAC, 0xF4,
    0xFF, 0xFF, 0x9E, 0xFF, 0xF7, 0x9E, 0xFF, 0xE7, 0x1C, 0xFF, 0xEF, 0x3D, 0xFF, 0xF7, 0x7D, 0xFF,
    0xEF, 0x5D, 0xFF, 0xEF, 0x5D, 0xFF, 0xEF, 0x5D, 0xFF, 0xF7, 0x7E, 0xFF, 0xE6, 0xFB, 0xFF, 0xC5,
    0xD7, 0xFF, 0xEF, 0x3D, 0xFF, 0xF7, 0x7D, 0xFF, 0xEF, 0x3C, 0xFF, 0xEF, 0x3C, 0xFF, 0xEF, 0x3C,
    0xFF, 0xEF, 0x3C, 0xFF, 0xEF, 0x3C, 0xFF, 0xEF, 0x3C, 0xFF, 0xEF, 0x3C, 0xFF, 0xEF, 0x3C, 0xFF,
    0xEF, 0x3C, 0xFF, 0xEF, 0x3D, 0xFF, 0xEF, 0x3C, 0xFF, 0xF7, 0x9E, 0xFF, 0xEF, 0x1C, 0xFF, 0x94,
    0x31, 0xFF, 0x6A, 0xEB, 0xFF, 0xD6, 0xBA, 0xFF, 0xF7, 0x9D, 0xFF, 0x93, 0x6C, 0xFF, 0x48, 0x40,
    0xFF, 0x61, 0x64, 0xFF, 0xDE, 0x59, 0xFF, 0xFF, 0xFF, 0xFF, 0xFF, 0xBE, 0xFF, 0xF7, 0xBE, 0xFF,
    0xFF, 0xFF, 0xFF, 0xB5, 0xD6, 0xFF, 0x21, 0x84, 0xFF, 0x19, 0xA2, 0xFF, 0x6C, 0x6A, 0xFF, 0x85,
    0x2A, 0xFF, 0x8D, 0x6B, 0xFF, 0xB6, 0x6E, 0xFF, 0x8D, 0x0C, 0xFF, 0x4B, 0x07, 0xFF, 0x85, 0x0C,
    0xFF, 0x9D, 0xEE, 0xFF, 0xB6, 0x4F, 0xFF, 0xDF, 0x74, 0xFF, 0xE7, 0x94, 0xFF, 0xB6, 0x50, 0xFF,
    0x85, 0x0C, 0xFF, 0x6C, 0xAA, 0xFF, 0xA6, 0x0E, 0xFF, 0xE7, 0x92, 0xFF, 0xA5, 0xEC, 0xFF, 0x74,
    0xC9, 0xFF, 0x74, 0xC9, 0xFF, 0x3A, 0xA7, 0xFF, 0xBE, 0x18, 0xFF, 0xFF, 0xFF, 0xFF, 0xFF, 0xBC,
    0xFF, 0xFF, 0x7B, 0xFF, 0xFF, 0x9C, 0xFF, 0xFF, 0x9C, 0xFF, 0xFF, 0x9C, 0xFF, 0xFF, 0x9C, 0xFF,
    0xFF, 0x9C, 0xFF, 0xFF, 0x9C, 0xFF, 0xFF, 0x9C, 0xFF, 0xFF, 0x9C, 0xFF, 0xFF, 0x9C, 0xFF, 0xFF,
    0x9C, 0xFF, 0xFF, 0x9C, 0xFF, 0xFF, 0x9C, 0xFF, 0xFF, 0x9C, 0xFF, 0xFF, 0x9C, 0xFF, 0xFF, 0x9C,
    0xFF, 0xFF, 0x9C, 0xFF, 0xFF, 0x9C, 0xFF, 0xFF, 0x9C, 0xFF, 0xFF, 0x9C, 0xFF, 0xFF, 0x9C, 0xFF,
    0xFF, 0x9C, 0xFF, 0xFF, 0x9C, 0xFF, 0xFF, 0x9C, 0xFF, 0xFF, 0x9C, 0xFF, 0xFF, 0x9C, 0xFF, 0xFF,
    0x9C, 0xFF, 0xFF, 0x9C, 0xFF, 0xFF, 0x9C, 0xFF, 0xFF, 0x9C, 0xFF, 0xFF, 0x9C, 0xFF, 0xFF, 0x9C,
    0xFF, 0xFF, 0x9C, 0xFF, 0xFF, 0xDD, 0xFF, 0xF7, 0x9C, 0xFF, 0x7C, 0x0D, 0xFF, 0x74, 0x6B, 0xFF,
    0xBE, 0x70, 0xFF, 0xDF, 0x72, 0xFF, 0xE7, 0x92, 0xFF, 0xE7, 0xB2, 0xFF, 0xE7, 0x92, 0xFF, 0xE7,
    0x92, 0xFF, 0xE7, 0x93, 0xFF, 0xE7, 0x73, 0xFF, 0xCE, 0xF0, 0xFF, 0x95, 0x2B, 0xFF, 0x7C, 0x0C,
    0xFF, 0xCE, 0x79, 0xFF, 0xFF, 0xFF, 0xFF, 0xEE, 0xFA, 0xFF, 0xEE, 0xD9, 0xFF, 0xFF, 0x9C, 0xFF,
    0xFF, 0x7C, 0xFF, 0xFF, 0x5B, 0xFF, 0xFF, 0x5B, 0xFF, 0xFF, 0x9C, 0xFF, 0xF7, 0x7C, 0xFF, 0x8B,
    0xEE, 0xFF, 0x9C, 0xB2, 0xFF, 0xF7, 0x5D, 0xFF, 0xEF, 0x3C, 0xFF, 0xEF, 0x1C, 0xFF, 0xEF, 0x1C,
    0xFF, 0xEF, 0x3C, 0xFF, 0xF7, 0x5D, 0xFF, 0xEF, 0x3D, 0xFF, 0xD6, 0x7A, 0xFF, 0xA4, 0xF4, 0xFF,
    0x8C, 0x11, 0xFF, 0xC5, 0xF8, 0xFF, 0xF7, 0x5D, 0xFF, 0xEF, 0x1C, 0xFF, 0xEF, 0x1C, 0xFF, 0xEF,
    0x1C, 0xFF, 0xEF, 0x1C, 0xFF, 0xEF, 0x3D, 0xFF, 0xEF, 0x1C, 0xFF, 0xE6, 0xFB, 0xFF, 0xF7, 0x9E,
    0xFF, 0xEF, 0x1C, 0xFF, 0xA4, 0xF3, 0xFF, 0xCE, 0x38, 0xFF, 0xFF, 0xFF, 0xFF, 0xFF, 0xDF, 0xFF,
    0xFF, 0xFF, 0xFF, 0x9C, 0xB2, 0xFF, 0xC5, 0xF7, 0xFF, 0xFF, 0x9E, 0xFF, 0xF7, 0x7D, 0xFF, 0xEF,
    0x3C, 0xFF, 0xEF, 0x3C, 0xFF, 0xEF, 0x1C, 0xFF, 0xE7, 0x1C, 0xFF, 0xEF, 0x3C, 0xFF, 0xD6, 0x59,
    0xFF, 0x5A, 0x48, 0xFF, 0x18, 0x41, 0xFF, 0x94, 0x72, 0xFF, 0xF7, 0x7E, 0xFF, 0xF7, 0x5D, 0xFF,
    0xE7, 0x1C, 0xFF, 0xEF, 0x3C, 0xFF, 0xEF, 0x3C, 0xFF, 0xEF, 0x3C, 0xFF, 0xEF, 0x3C, 0xFF, 0xEF,
    0x3C, 0xFF, 0xEF, 0x3C, 0xFF, 0xEF, 0x1C, 0xFF, 0x00, 0x00, 0x21, 0x00, 0x00, 0x04, 0x00, 0x00,
    0x00, 0x00, 0x00, 0x00, 0x00, 0x00, 0x00, 0x00, 0x00, 0x00, 0x00, 0x00, 0x01, 0x00, 0x00, 0x00,
    0x00, 0x00, 0x01, 0x52, 0x8A, 0x26, 0x73, 0x8E, 0x69, 0x62, 0xEB, 0x7F, 0xDE, 0xBB, 0xE7, 0xFF,
    0xBE, 0xFF, 0xE7, 0x1C, 0xFF, 0xC5, 0xD7, 0xFF, 0xD6, 0x7A, 0xFF, 0xEF, 0x3C, 0xFF, 0xEF, 0x3C,
    0xFF, 0xEF, 0x1C, 0xFF, 0xCE, 0x39, 0xFF, 0xAD, 0x15, 0xFF, 0xB5, 0x77, 0xFF, 0xB5, 0x77, 0xFF,
    0x5A, 0x8A, 0xFF, 0x49, 0xC6, 0xFF, 0x94, 0x51, 0xFF, 0xEF, 0x5D, 0xFF, 0xFF, 0xBE, 0xFF, 0xE6,
    0xFC, 0xFF, 0xE7, 0x1C, 0xFF, 0xF7, 0x7D, 0xFF, 0xF7, 0x7D, 0xFF, 0xEF, 0x5D, 0xFF, 0xEF, 0x5D,
    0xFF, 0xF7, 0x7D, 0xFF, 0xF7, 0x7D, 0xFF, 0xC5, 0xF8, 0xFF, 0xCE, 0x39, 0xFF, 0xF7, 0x7D, 0xFF,
    0xF7, 0x5D, 0xFF, 0xEF, 0x3C, 0xFF, 0xEF, 0x3C, 0xFF, 0xEF, 0x3C, 0xFF, 0xEF, 0x3C, 0xFF, 0xEF,
    0x3C, 0xFF, 0xEF, 0x3C, 0xFF, 0xEF, 0x3C, 0xFF, 0xEF, 0x3C, 0xFF, 0xEF, 0x3D, 0xFF, 0xEF, 0x5D,
    0xFF, 0xEF, 0x5D, 0xFF, 0xFF, 0xBE, 0xFF, 0xBD, 0xB6, 0xFF, 0x5A, 0x69, 0xFF, 0x9C, 0xB2, 0xFF,
    0xFF, 0xFF, 0xFF, 0xF7, 0x5C, 0xFF, 0x8B, 0x2B, 0xFF, 0x38, 0x40, 0xFF, 0x8B, 0x8D, 0xFF, 0xFF,
    0xDF, 0xFF, 0xFF, 0xDF, 0xFF, 0xF7, 0xBE, 0xFF, 0xFF, 0xDF, 0xFF, 0xF7, 0x9D, 0xFF, 0x52, 0xC9,
    0xFF, 0x29, 0xC3, 0xFF, 0x74, 0xCA, 0xFF, 0x85, 0x4A, 0xFF, 0x74, 0xC9, 0xFF, 0xAE, 0x2D, 0xFF,
    0xD7, 0x72, 0xFF, 0x9D, 0xCE, 0xFF, 0x74, 0x6A, 0xFF, 0x85, 0x4D, 0xFF, 0x8D, 0xAE, 0xFF, 0x95,
    0xEE, 0xFF, 0x95, 0xCE, 0xFF, 0x8D, 0x6D, 0xFF, 0x8D, 0x6D, 0xFF, 0xAE, 0x6F, 0xFF, 0xE7, 0xB2,
    0xFF, 0xC6, 0xAF, 0xFF, 0x85, 0x29, 0xFF, 0x8D, 0x6A, 0xFF, 0x5B, 0xE8, 0xFF, 0x5B, 0x8C, 0xFF,
    0xEF, 0x7D, 0xFF, 0xFF, 0xDE, 0xFF, 0xFF, 0x7C, 0xFF, 0xFF, 0x7C, 0xFF, 0xFF, 0x7C, 0xFF, 0xFF,
    0x9C, 0xFF, 0xFF, 0x9C, 0xFF, 0xFF, 0x7C, 0xFF, 0xFF, 0x9C, 0xFF, 0xFF, 0x7C, 0xFF, 0xFF, 0x7C,
    0xFF, 0xFF, 0x9C, 0xFF, 0xFF, 0x9C, 0xFF, 0xFF, 0x9C, 0xFF, 0xFF, 0x9C, 0xFF, 0xFF, 0x9C, 0xFF,
    0xFF, 0x9C, 0xFF, 0xFF, 0x9C, 0xFF, 0xFF, 0x9C, 0xFF, 0xFF, 0x9C, 0xFF, 0xFF, 0x9C, 0xFF, 0xFF,
    0x9C, 0xFF, 0xFF, 0x9C, 0xFF, 0xFF, 0x9C, 0xFF, 0xFF, 0x9C, 0xFF, 0xFF, 0x9C, 0xFF, 0xFF, 0x9C,
    0xFF, 0xFF, 0x9C, 0xFF, 0xFF, 0x9C, 0xFF, 0xFF, 0x9C, 0xFF, 0xFF, 0x9C, 0xFF, 0xFF, 0x9C, 0xFF,
    0xFF, 0x9C, 0xFF, 0xFF, 0x9C, 0xFF, 0xFF, 0x9C, 0xFF, 0xFF, 0x7B, 0xFF, 0xFF, 0x7B, 0xFF, 0xFF,
    0xDD, 0xFF, 0xF7, 0x9C, 0xFF, 0x84, 0x6E, 0xFF, 0x6B, 0xAA, 0xFF, 0x95, 0x0D, 0xFF, 0xAD, 0xEE,
    0xFF, 0xB6, 0x0F, 0xFF, 0xBE, 0x4F, 0xFF, 0xBE, 0x4F, 0xFF, 0xAD, 0xAE, 0xFF, 0x94, 0xEC, 0xFF,
    0x6B, 0x88, 0xFF, 0x4A, 0x46, 0xFF, 0xCE, 0x38, 0xFF, 0xFF, 0xFF, 0xFF, 0xF7, 0x5B, 0xFF, 0xF7,
    0x1A, 0xFF, 0xFF, 0x7C, 0xFF, 0xFF, 0x9C, 0xFF, 0xFF, 0x7C, 0xFF, 0xFF, 0x7C, 0xFF, 0xFF, 0x7C,
    0xFF, 0xFF, 0xBC, 0xFF, 0xE6, 0xFA, 0xFF, 0x8B, 0xEF, 0xFF, 0xDE, 0x9A, 0xFF, 0xEF, 0x5D, 0xFF,
    0xEF, 0x3C, 0xFF, 0xEF, 0x1C, 0xFF, 0xEF, 0x3C, 0xFF, 0xEF, 0x5D, 0xFF, 0xEF, 0x3C, 0xFF, 0xDE,
    0xBA, 0xFF, 0xB5, 0x56, 0xFF, 0x8C, 0x11, 0xFF, 0xAD, 0x35, 0xFF, 0xEF, 0x3D, 0xFF, 0xEF, 0x3C,
    0xFF, 0xEF, 0x1C, 0xFF, 0xEF, 0x1C, 0xFF, 0xEF, 0x1C, 0xFF, 0xEF, 0x1C, 0xFF, 0xEF, 0x3C, 0xFF,
    0xE7, 0x1C, 0xFF, 0xE6, 0xFB, 0xFF, 0xFF, 0xBE, 0xFF, 0xE6, 0xFB, 0xFF, 0x9C, 0xB2, 0xFF, 0xD6,
    0x79, 0xFF, 0xFF, 0xFF, 0xFF, 0xFF, 0xDF, 0xFF, 0xFF, 0xFF, 0xFF, 0xB5, 0x75, 0xFF, 0xB5, 0x75,
    0xFF, 0xF7, 0x5D, 0xFF, 0xF7, 0x9E, 0xFF, 0xEF, 0x3C, 0xFF, 0xEF, 0x3C, 0xFF, 0xE7, 0x1C, 0xFF,
    0xE6, 0xFC, 0xFF, 0xEF, 0x3C, 0xFF, 0xCE, 0x38, 0xFF, 0x39, 0xA6, 0xFF, 0x6B, 0x2D, 0xFF, 0xF7,
    0x7D, 0xFF, 0xF7, 0x7D, 0xFF, 0xE6, 0xFB, 0xFF, 0xEF, 0x3C, 0xFF, 0xEF, 0x3C, 0xFF, 0xEF, 0x3C,
    0xFF, 0xEF, 0x3C, 0xFF, 0xEF, 0x3C, 0xFF, 0xEF, 0x3C, 0xFF, 0xEF, 0x3C, 0xFF, 0xEF, 0x1C, 0xFF,
    0x00, 0x00, 0x21, 0x00, 0x00, 0x04, 0x00, 0x00, 0x00, 0x00, 0x00, 0x00, 0x00, 0x00, 0x00, 0x00,
    0x00, 0x00, 0x00, 0x00, 0x00, 0x00, 0x00, 0x01, 0x00, 0x00, 0x00, 0x00, 0x00, 0x02, 0x00, 0x20,
    0x26, 0x7B, 0xAF, 0x82, 0xFF, 0xDF, 0xEE, 0xF7, 0x9D, 0xFF, 0xE6, 0xDB, 0xFF, 0xBD, 0xB7, 0xFF,
    0xD6, 0x7A, 0xFF, 0xEF, 0x3C, 0xFF, 0xEF, 0x5C, 0xFF, 0xEF, 0x1C, 0xFF, 0xC5, 0xF8, 0xFF, 0xAD,
    0x15, 0xFF, 0xB5, 0x98, 0xFF, 0x9C, 0xD4, 0xFF, 0x7A, 0xEA, 0xFF, 0xB4, 0x6F, 0xFF, 0x7B, 0x4D,
    0xFF, 0xDE, 0xBB, 0xFF, 0xFF, 0xDF, 0xFF, 0xE6, 0xFC, 0xFF, 0xDE, 0xDB, 0xFF, 0xEF, 0x5D, 0xFF,
    0xF7, 0x7D, 0xFF, 0xEF, 0x5D, 0xFF, 0xEF, 0x3D, 0xFF, 0xEF, 0x5D, 0xFF, 0xF7, 0x7D, 0xFF, 0xE6,
    0xFC, 0xFF, 0xB5, 0x56, 0xFF, 0xDE, 0xDB, 0xFF, 0xF7, 0x9E, 0xFF, 0xEF, 0x5D, 0xFF, 0xEF, 0x5D,
    0xFF, 0xEF, 0x5D, 0xFF, 0xEF, 0x5C, 0xFF, 0xEF, 0x5D, 0xFF, 0xEF, 0x5D, 0xFF, 0xEF, 0x3D, 0xFF,
    0xEF, 0x5D, 0xFF, 0xEF, 0x5D, 0xFF, 0xEF, 0x5D, 0xFF, 0xEF, 0x5D, 0xFF, 0xF7, 0x9E, 0xFF, 0xF7,
    0x7D, 0xFF, 0x6B, 0x2C, 0xFF, 0x5A, 0xAA, 0xFF, 0xD6, 0x9A, 0xFF, 0xFF, 0xFF, 0xFF, 0xF7, 0x7C,
    0xFF, 0x8B, 0x6C, 0xFF, 0x41, 0x04, 0xFF, 0xC5, 0xD6, 0xFF, 0xFF, 0xFF, 0xFF, 0xFF, 0xDF, 0xFF,
    0xF7, 0xBE, 0xFF, 0xFF, 0xFF, 0xFF, 0xB5, 0xB6, 0xFF, 0x42, 0x66, 0xFF, 0x5B, 0xA7, 0xFF, 0x95,
    0xAC, 0xFF, 0x7D, 0x0A, 0xFF, 0x85, 0x2A, 0xFF, 0xC6, 0xAF, 0xFF, 0xF7, 0xF4, 0xFF, 0xCF, 0x12,
    0xFF, 0xA6, 0x2F, 0xFF, 0x9D, 0xEE, 0xFF, 0x95, 0xCE, 0xFF, 0x9E, 0x0E, 0xFF, 0xBE, 0xB0, 0xFF,
    0xD7, 0x72, 0xFF, 0xF7, 0xF3, 0xFF, 0xD7, 0x51, 0xFF, 0x8D, 0x6B, 0xFF, 0x7D, 0x29, 0xFF, 0x8D,
    0x4A, 0xFF, 0x42, 0xE7, 0xFF, 0xAD, 0x95, 0xFF, 0xFF, 0xFF, 0xFF, 0xFF, 0x9C, 0xFF, 0xFF, 0x7B,
    0xFF, 0xFF, 0x7C, 0xFF, 0xFF, 0x7C, 0xFF, 0xFF, 0x9C, 0xFF, 0xFF, 0x9B, 0xFF, 0xFF, 0x9B, 0xFF,
    0xFF, 0x7C, 0xFF, 0xFF, 0x7C, 0xFF, 0xFF, 0x7C, 0xFF, 0xFF, 0x7C, 0xFF, 0xFF, 0x7C, 0xFF, 0xFF,
    0x9C, 0xFF, 0xFF, 0x9C, 0xFF, 0xFF, 0x9C, 0xFF, 0xFF, 0x9C, 0xFF, 0xFF, 0x9C, 0xFF, 0xFF, 0x9C,
    0xFF, 0xFF, 0x9C, 0xFF, 0xFF, 0xBD, 0xFF, 0xFF, 0xDE, 0xFF, 0xFF, 0xDE, 0xFF, 0xFF, 0xBD, 0xFF,
    0xFF, 0x9C, 0xFF, 0xFF, 0x9C, 0xFF, 0xFF, 0x9C, 0xFF, 0xFF, 0x9C, 0xFF, 0xFF, 0x9C, 0xFF, 0xFF,
    0x9C, 0xFF, 0xFF, 0x9C, 0xFF, 0xFF, 0x9C, 0xFF, 0xFF, 0x9C, 0xFF, 0xFF, 0x9C, 0xFF, 0xFF, 0x7C,
    0xFF, 0xFF, 0x9C, 0xFF, 0xFF, 0x7B, 0xFF, 0xFF, 0x7B, 0xFF, 0xFF, 0xBC, 0xFF, 0xFF, 0xDD, 0xFF,
    0xE6, 0xF9, 0xFF, 0xC6, 0x15, 0xFF, 0xAD, 0x72, 0xFF, 0xAD, 0x30, 0xFF, 0xBD, 0xD2, 0xFF, 0xC5,
    0xD2, 0xFF, 0xA4, 0xCF, 0xFF, 0xAD, 0x31, 0xFF, 0xC5, 0xF5, 0xFF, 0xD5, 0xF6, 0xFF, 0xEE, 0xFA,
    0xFF, 0xFF, 0x7C, 0xFF, 0xFF, 0x7C, 0xFF, 0xFF, 0x9C, 0xFF, 0xFF, 0x7C, 0xFF, 0xFF, 0x7C, 0xFF,
    0xFF, 0x7C, 0xFF, 0xFF, 0x7C, 0xFF, 0xFF, 0xBD, 0xFF, 0xFF, 0xBD, 0xFF, 0xBD, 0xB6, 0xFF, 0xAD,
    0x13, 0xFF, 0xF7, 0x7D, 0xFF, 0xEF, 0x5C, 0xFF, 0xEF, 0x1C, 0xFF, 0xEF, 0x1C, 0xFF, 0xEF, 0x3C,
    0xFF, 0xE7, 0x1C, 0xFF, 0xDE, 0x9A, 0xFF, 0xB5, 0x76, 0xFF, 0x8C, 0x11, 0xFF, 0xA4, 0xB3, 0xFF,
    0xDE, 0xBB, 0xFF, 0xEF, 0x5D, 0xFF, 0xEF, 0x3C, 0xFF, 0xEF, 0x1C, 0xFF, 0xEF, 0x1C, 0xFF, 0xEF,
    0x1C, 0xFF, 0xEF, 0x3C, 0xFF, 0xEF, 0x3C, 0xFF, 0xE7, 0x1C, 0xFF, 0xE7, 0x1C, 0xFF, 0xFF, 0xBE,
    0xFF, 0xDE, 0xBA, 0xFF, 0x9C, 0x92, 0xFF, 0xDE, 0xDA, 0xFF, 0xFF, 0xFF, 0xFF, 0xFF, 0xDF, 0xFF,
    0xFF, 0xFF, 0xFF, 0xD6, 0x58, 0xFF, 0xAD, 0x34, 0xFF, 0xE6, 0xFC, 0xFF, 0xFF, 0xBE, 0xFF, 0xEF,
    0x3C, 0xFF, 0xEF, 0x3C, 0xFF, 0xE7, 0x1C, 0xFF, 0xE7, 0x1C, 0xFF, 0xE7, 0x1C, 0xFF, 0xB5, 0x96,
    0xFF, 0x7B, 0x8E, 0xFF, 0xE6, 0xFB, 0xFF, 0xF7, 0x7D, 0xFF, 0xEF, 0x1C, 0xFF, 0xEF, 0x1C, 0xFF,
    0xEF, 0x3C, 0xFF, 0xEF, 0x3C, 0xFF, 0xEF, 0x3C, 0xFF, 0xEF, 0x3C, 0xFF, 0xEF, 0x3C, 0xFF, 0xEF,
    0x1C, 0xFF, 0xEF, 0x1C, 0xFF, 0xEF, 0x3C, 0xFF, 0x00, 0x00, 0x21, 0x00, 0x00, 0x04, 0x00, 0x00,
    0x00, 0x00, 0x00, 0x00, 0x00, 0x00, 0x00, 0x00, 0x00, 0x00, 0x00, 0x00, 0x00, 0x00, 0x00, 0x00,
    0x00, 0x00, 0x00, 0x00, 0x00, 0x00, 0x29, 0x65, 0x26, 0xA5, 0x13, 0xB0, 0xFF, 0xDF, 0xF5, 0xF7,
    0x7D, 0xFF, 0xDE, 0xBB, 0xFF, 0xB5, 0x77, 0xFF, 0xCE, 0x39, 0xFF, 0xEF, 0x1C, 0xFF, 0xF7, 0x5C,
    0xFF, 0xE6, 0xFB, 0xFF, 0xBD, 0xB7, 0xFF, 0xAD, 0x56, 0xFF, 0xBD, 0xB8, 0xFF, 0x83, 0xB0, 0xFF,
    0x93, 0x6C, 0xFF, 0xD5, 0x93, 0xFF, 0x62, 0x8A, 0xFF, 0xC5, 0xD8, 0xFF, 0xFF, 0xDE, 0xFF, 0xEF,
    0x3C, 0xFF, 0xD6, 0x7A, 0xFF, 0xE6, 0xFC, 0xFF, 0xF7, 0x9E, 0xFF, 0xEF, 0x5D, 0xFF, 0xEF, 0x5D,
    0xFF, 0xEF, 0x5D, 0xFF, 0xEF, 0x5D, 0xFF, 0xF7, 0x9E, 0xFF, 0xCE, 0x18, 0xFF, 0xB5, 0x76, 0xFF,
    0xEF, 0x3C, 0xFF, 0xF7, 0x9E, 0xFF, 0xEF, 0x5D, 0xFF, 0xEF, 0x5D, 0xFF, 0xEF, 0x5D, 0xFF, 0xEF,
    0x5D, 0xFF, 0xEF, 0x5D, 0xFF, 0xEF, 0x5D, 0xFF, 0xEF, 0x5D, 0xFF, 0xEF, 0x5D, 0xFF, 0xEF, 0x5D,
    0xFF, 0xEF, 0x5D, 0xFF, 0xEF, 0x1C, 0xFF, 0xFF, 0xFF, 0xFF, 0xB5, 0x95, 0xFF, 0x39, 0x86, 0xFF,
    0x94, 0x50, 0xFF, 0xFF, 0xFF, 0xFF, 0xFF, 0xFF, 0xFF, 0xF7, 0x9D, 0xFF, 0xBD, 0x33, 0xFF, 0xA4,
    0x70, 0xFF, 0xEF, 0x3B, 0xFF, 0xFF, 0xDE, 0xFF, 0xF7, 0xBE, 0xFF, 0xF7, 0xBE, 0xFF, 0xFF, 0xFF,
    0xFF, 0x8C, 0x90, 0xFF, 0x42, 0xA5, 0xFF, 0x7C, 0xEA, 0xFF, 0x95, 0xED, 0xFF, 0x85, 0x2A, 0xFF,
    0x95, 0x8C, 0xFF, 0xD7, 0x52, 0xFF, 0xF7, 0xF4, 0xFF, 0xEF, 0xF4, 0xFF, 0xE7, 0xB3, 0xFF, 0xE7,
    0xB3, 0xFF, 0xEF, 0xD4, 0xFF, 0xF7, 0xF4, 0xFF, 0xEF, 0xD3, 0xFF, 0xEF, 0xF3, 0xFF, 0xDF, 0x91,
    0xFF, 0xC6, 0xCF, 0xFF, 0xA5, 0xCD, 0xFF, 0x63, 0xC8, 0xFF, 0x73, 0xCD, 0xFF, 0xF7, 0xBE, 0xFF,
    0xFF, 0xBD, 0xFF, 0xFF, 0x7C, 0xFF, 0xFF, 0x7B, 0xFF, 0xFF, 0x7C, 0xFF, 0xFF, 0x7C, 0xFF, 0xFF,
    0x9C, 0xFF, 0xFF, 0x9C, 0xFF, 0xFF, 0x7C, 0xFF, 0xFF, 0x9C, 0xFF, 0xFF, 0x7C, 0xFF, 0xFF, 0x7C,
    0xFF, 0xFF, 0x7C, 0xFF, 0xFF, 0x9C, 0xFF, 0xFF, 0x9C, 0xFF, 0xFF, 0x9C, 0xFF, 0xFF, 0x9C, 0xFF,
    0xFF, 0x9C, 0xFF, 0xFF, 0x9C, 0xFF, 0xFF, 0x9C, 0xFF, 0xFF, 0xBD, 0xFF, 0xFF, 0xDE, 0xFF, 0xFF,
    0xFF, 0xFF, 0xFF, 0xFF, 0xFF, 0xFF, 0xDE, 0xFF, 0xFF, 0xBD, 0xFF, 0xFF, 0x9C, 0xFF, 0xFF, 0x9C,
    0xFF, 0xFF, 0x9C, 0xFF, 0xFF, 0x9C, 0xFF, 0xFF, 0x9C, 0xFF, 0xFF, 0x9C, 0xFF, 0xFF, 0x9C, 0xFF,
    0xFF, 0x9C, 0xFF, 0xFF, 0x9C, 0xFF, 0xFF, 0x7C, 0xFF, 0xFF, 0x7C, 0xFF, 0xFF, 0x7C, 0xFF, 0xFF,
    0x9C, 0xFF, 0xFF, 0x7C, 0xFF, 0xFF, 0x9C, 0xFF, 0xFF, 0xBD, 0xFF, 0xFF, 0xDD, 0xFF, 0xFF, 0xBC,
    0xFF, 0xFF, 0x9B, 0xFF, 0xFF, 0x7B, 0xFF, 0xFF, 0x5A, 0xFF, 0xFF, 0x5B, 0xFF, 0xFF, 0x7B, 0xFF,
    0xFF, 0x9C, 0xFF, 0xFF, 0xBC, 0xFF, 0xFF, 0x7B, 0xFF, 0xFF, 0x5B, 0xFF, 0xFF, 0x7C, 0xFF, 0xFF,
    0x7C, 0xFF, 0xFF, 0x7C, 0xFF, 0xFF, 0x7C, 0xFF, 0xFF, 0x7C, 0xFF, 0xFF, 0x7C, 0xFF, 0xFF, 0xDD,
    0xFF, 0xE7, 0x1B, 0xFF, 0x9C, 0x91, 0xFF, 0xDE, 0xDA, 0xFF, 0xF7, 0x9D, 0xFF, 0xEF, 0x5C, 0xFF,
    0xEF, 0x1C, 0xFF, 0xEF, 0x3C, 0xFF, 0xE6, 0xDB, 0xFF, 0xD6, 0x9A, 0xFF, 0xB5, 0x56, 0xFF, 0x83,
    0xD0, 0xFF, 0x94, 0x72, 0xFF, 0xCE, 0x39, 0xFF, 0xEF, 0x3D, 0xFF, 0xEF, 0x3D, 0xFF, 0xEF, 0x1C,
    0xFF, 0xEF, 0x1C, 0xFF, 0xEF, 0x1C, 0xFF, 0xEF, 0x1C, 0xFF, 0xEF, 0x3C, 0xFF, 0xEF, 0x3C, 0xFF,
    0xE7, 0x1C, 0xFF, 0xEF, 0x1C, 0xFF, 0xFF, 0x9E, 0xFF, 0xD6, 0x79, 0xFF, 0x9C, 0x71, 0xFF, 0xEF,
    0x1B, 0xFF, 0xFF, 0xFF, 0xFF, 0xFF, 0xFF, 0xFF, 0xFF, 0xBD, 0xFF, 0xA4, 0x6F, 0xFF, 0x8C, 0x0F,
    0xFF, 0xE6, 0xFB, 0xFF, 0xFF, 0xDF, 0xFF, 0xEF, 0x3C, 0xFF, 0xEF, 0x3C, 0xFF, 0xE7, 0x1B, 0xFF,
    0xE6, 0xFC, 0xFF, 0xE6, 0xDB, 0xFF, 0xAD, 0x34, 0xFF, 0x8C, 0x30, 0xFF, 0xEF, 0x3C, 0xFF, 0xEF,
    0x5D, 0xFF, 0xEF, 0x1C, 0xFF, 0xEF, 0x3C, 0xFF, 0xEF, 0x3C, 0xFF, 0xEF, 0x3C, 0xFF, 0xEF, 0x3C,
    0xFF, 0xEF, 0x3C, 0xFF, 0xEF, 0x3C, 0xFF, 0xEF, 0x1C, 0xFF, 0xEF, 0x1C, 0xFF, 0xEF, 0x5D, 0xFF,
    0x00, 0x00, 0x21, 0x00, 0x00, 0x04, 0x00, 0x00, 0x00, 0x00, 0x00, 0x00, 0x00, 0x00, 0x00, 0x00,
    0x00, 0x00, 0x00, 0x00, 0x00, 0x00, 0x00, 0x01, 0x00, 0x00, 0x00, 0x00, 0x00, 0x00, 0x63, 0x0C,
    0x3D, 0xD6, 0x99, 0xDD, 0xF7, 0x9D, 0xFF, 0xEF, 0x3C, 0xFF, 0xDE, 0x9A, 0xFF, 0xB5, 0x56, 0xFF,
    0xC5, 0xF8, 0xFF, 0xE6, 0xFC, 0xFF, 0xF7, 0x7D, 0xFF, 0xE6, 0xFB, 0xFF, 0xBD, 0x97, 0xFF, 0xB5,
    0x77, 0xFF, 0xBD, 0x97, 0xFF, 0x6A, 0xCC, 0xFF, 0xAC, 0x8F, 0xFF, 0xF7, 0x19, 0xFF, 0x6A, 0xAB,
    0xFF, 0xAC, 0xF4, 0xFF, 0xF7, 0x7D, 0xFF, 0xF7, 0x7D, 0xFF, 0xD6, 0x79, 0xFF, 0xDE, 0x9A, 0xFF,
    0xF7, 0x7D, 0xFF, 0xEF, 0x5D, 0xFF, 0xEF, 0x5D, 0xFF, 0xEF, 0x5D, 0xFF, 0xEF, 0x5D, 0xFF, 0xF7,
    0x7D, 0xFF, 0xEF, 0x5D, 0xFF, 0xAD, 0x35, 0xFF, 0xC5, 0xD8, 0xFF, 0xF7, 0x7D, 0xFF, 0xF7, 0x9D,
    0xFF, 0xEF, 0x5D, 0xFF, 0xEF, 0x5D, 0xFF, 0xEF, 0x5D, 0xFF, 0xEF, 0x5D, 0xFF, 0xEF, 0x5D, 0xFF,
    0xEF, 0x5D, 0xFF, 0xEF, 0x5D, 0xFF, 0xEF, 0x5D, 0xFF, 0xEF, 0x3D, 0xFF, 0xEF, 0x3C, 0xFF, 0xF7,
    0x5D, 0xFF, 0xFF, 0xBE, 0xFF, 0x6B, 0x0C, 0xFF, 0x4A, 0x08, 0xFF, 0xDE, 0xDA, 0xFF, 0xFF, 0xFF,
    0xFF, 0xF7, 0x9D, 0xFF, 0xFF, 0xFE, 0xFF, 0xE6, 0xB9, 0xFF, 0xBD, 0x53, 0xFF, 0xEF, 0x1B, 0xFF,
    0xFF, 0xDE, 0xFF, 0xF7, 0xBE, 0xFF, 0xFF, 0xFF, 0xFF, 0xF7, 0x9D, 0xFF, 0x7B, 0xED, 0xFF, 0x4A,
    0xE5, 0xFF, 0x9D, 0xCD, 0xFF, 0xAE, 0x6E, 0xFF, 0xA5, 0xEE, 0xFF, 0xCF, 0x12, 0xFF, 0xEF, 0xD5,
    0xFF, 0xEF, 0xD4, 0xFF, 0xEF, 0xF4, 0xFF, 0xEF, 0xF4, 0xFF, 0xEF, 0xD4, 0xFF, 0xEF, 0xD4, 0xFF,
    0xEF, 0xB3, 0xFF, 0xE7, 0xB3, 0xFF, 0xFF, 0xF5, 0xFF, 0xFF, 0xD5, 0xFF, 0x9D, 0x6D, 0xFF, 0x6B,
    0xAC, 0xFF, 0xE7, 0x1B, 0xFF, 0xFF, 0xFE, 0xFF, 0xFF, 0x9C, 0xFF, 0xFF, 0x9C, 0xFF, 0xFF, 0x9C,
    0xFF, 0xFF, 0x7C, 0xFF, 0xFF, 0x7C, 0xFF, 0xFF, 0x9C, 0xFF, 0xFF, 0x9C, 0xFF, 0xFF, 0x7C, 0xFF,
    0xFF, 0x9C, 0xFF, 0xFF, 0x9C, 0xFF, 0xFF, 0x9C, 0xFF, 0xFF, 0x9C, 0xFF, 0xFF, 0x9C, 0xFF, 0xFF,
    0x9C, 0xFF, 0xFF, 0x9C, 0xFF, 0xFF, 0x9C, 0xFF, 0xFF, 0x9C, 0xFF, 0xFF, 0x9C, 0xFF, 0xFF, 0x9C,
    0xFF, 0xFF, 0xBD, 0xFF, 0xFF, 0xDE, 0xFF, 0xFF, 0xBD, 0xFF, 0xFF, 0xDE, 0xFF, 0xFF, 0xFF, 0xFF,
    0xFF, 0xDE, 0xFF, 0xFF, 0x9C, 0xFF, 0xFF, 0x9C, 0xFF, 0xFF, 0x9C, 0xFF, 0xFF, 0x9C, 0xFF, 0xFF,
    0x9C, 0xFF, 0xFF, 0x9C, 0xFF, 0xFF, 0x9C, 0xFF, 0xFF, 0x9C, 0xFF, 0xFF, 0x9C, 0xFF, 0xFF, 0x7C,
    0xFF, 0xFF, 0x9C, 0xFF, 0xFF, 0x7C, 0xFF, 0xFF, 0x9C, 0xFF, 0xFF, 0x9C, 0xFF, 0xFF, 0x9C, 0xFF,
    0xFF, 0x7B, 0xFF, 0xFF, 0x7B, 0xFF, 0xFF, 0x7B, 0xFF, 0xFF, 0x5B, 0xFF, 0xFF, 0x3A, 0xFF, 0xFF,
    0x3A, 0xFF, 0xFF, 0x3A, 0xFF, 0xFF, 0x3A, 0xFF, 0xFF, 0x3A, 0xFF, 0xFF, 0x5B, 0xFF, 0xFF, 0x5B,
    0xFF, 0xFF, 0x5B, 0xFF, 0xFF, 0x5B, 0xFF, 0xFF, 0x7B, 0xFF, 0xFF, 0x7C, 0xFF, 0xFF, 0x7C, 0xFF,
    0xFF, 0x5B, 0xFF, 0xFF, 0xDD, 0xFF, 0xF7, 0xBD, 0xFF, 0xB5, 0x75, 0xFF, 0xAD, 0x34, 0xFF, 0xFF,
    0xDE, 0xFF, 0xF7, 0x5D, 0xFF, 0xEF, 0x3C, 0xFF, 0xEF, 0x1C, 0xFF, 0xDE, 0xDB, 0xFF, 0xD6, 0x7A,
    0xFF, 0xAC, 0xF5, 0xFF, 0x83, 0x8F, 0xFF, 0x94, 0x32, 0xFF, 0xC5, 0xD8, 0xFF, 0xDE, 0xDB, 0xFF,
    0xEF, 0x5D, 0xFF, 0xEF, 0x3C, 0xFF, 0xEF, 0x3C, 0xFF, 0xEF, 0x1C, 0xFF, 0xEF, 0x1C, 0xFF, 0xEF,
    0x1C, 0xFF, 0xEF, 0x3C, 0xFF, 0xEF, 0x1C, 0xFF, 0xEF, 0x1C, 0xFF, 0xEF, 0x3D, 0xFF, 0xF7, 0x9E,
    0xFF, 0xCE, 0x38, 0xFF, 0xA4, 0xB2, 0xFF, 0xFF, 0x7B, 0xFF, 0xFF, 0x3A, 0xFF, 0xC4, 0xF1, 0xFF,
    0x6A, 0x26, 0xFF, 0x30, 0xE2, 0xFF, 0x73, 0x4D, 0xFF, 0xE7, 0x1C, 0xFF, 0xFF, 0xDF, 0xFF, 0xEF,
    0x3C, 0xFF, 0xEF, 0x3C, 0xFF, 0xE6, 0xFB, 0xFF, 0xE6, 0xFB, 0xFF, 0xDE, 0xBA, 0xFF, 0xA4, 0xF3,
    0xFF, 0x9C, 0x92, 0xFF, 0xEF, 0x5C, 0xFF, 0xF7, 0x5D, 0xFF, 0xEF, 0x3C, 0xFF, 0xEF, 0x5D, 0xFF,
    0xEF, 0x5C, 0xFF, 0xEF, 0x3C, 0xFF, 0xEF, 0x3C, 0xFF, 0xEF, 0x3C, 0xFF, 0xEF, 0x3C, 0xFF, 0xEF,
    0x1C, 0xFF, 0xEF, 0x3C, 0xFF, 0xFF, 0x9E, 0xFF, 0x00, 0x00, 0x21, 0x00, 0x00, 0x04, 0x00, 0x00,
    0x00, 0x00, 0x00, 0x00, 0x00, 0x00, 0x00, 0x00, 0x00, 0x00, 0x00, 0x00, 0x00, 0xF8, 0x00, 0x01,
    0x00, 0x00, 0x00, 0x00, 0x00, 0x0E, 0x7B, 0xAE, 0x68, 0xF7, 0x7D, 0xED, 0xEF, 0x3C, 0xFF, 0xEF,
    0x1C, 0xFF, 0xDE, 0x9A, 0xFF, 0xB5, 0x56, 0xFF, 0xBD, 0xB7, 0xFF, 0xE6, 0xDB, 0xFF, 0xF7, 0x7D,
    0xFF, 0xE6, 0xDB, 0xFF, 0xB5, 0x76, 0xFF, 0xB5, 0x97, 0xFF, 0xAD, 0x36, 0xFF, 0x62, 0x6A, 0xFF,
    0xD5, 0xB4, 0xFF, 0xFF, 0xDC, 0xFF, 0x8B, 0x8D, 0xFF, 0x83, 0xD0, 0xFF, 0xDE, 0xDB, 0xFF, 0xFF,
    0xBE, 0xFF, 0xD6, 0x7A, 0xFF, 0xCE, 0x39, 0xFF, 0xEF, 0x3C, 0xFF, 0xF7, 0x7D, 0xFF, 0xEF, 0x5D,
    0xFF, 0xEF, 0x5D, 0xFF, 0xEF, 0x5D, 0xFF, 0xEF, 0x5D, 0xFF, 0xF7, 0x9E, 0xFF, 0xD6, 0x7A, 0xFF,
    0xA4, 0xD4, 0xFF, 0xCE, 0x39, 0xFF, 0xF7, 0x9E, 0xFF, 0xF7, 0x7D, 0xFF, 0xEF, 0x5D, 0xFF, 0xEF,
    0x5D, 0xFF, 0xEF, 0x5D, 0xFF, 0xEF, 0x5D, 0xFF, 0xEF, 0x5D, 0xFF, 0xEF, 0x3C, 0xFF, 0xEF, 0x3C,
    0xFF, 0xEF, 0x3C, 0xFF, 0xEF, 0x3C, 0xFF, 0xE6, 0xFB, 0xFF, 0xFF, 0xDF, 0xFF, 0xCE, 0x38, 0xFF,
    0x52, 0x48, 0xFF, 0x8C, 0x0F, 0xFF, 0xFF, 0xFF, 0xFF, 0xF7, 0x5C, 0xFF, 0xFF, 0x9C, 0xFF, 0xFF,
    0x7C, 0xFF, 0xE6, 0xB9, 0xFF, 0xF7, 0x3B, 0xFF, 0xFF, 0x9D, 0xFF, 0xFF, 0xBE, 0xFF, 0xF7, 0xBE,
    0xFF, 0xFF, 0xFF, 0xFF, 0xEF, 0x3C, 0xFF, 0x7C, 0x0D, 0xFF, 0x4A, 0xE5, 0xFF, 0x9D, 0xAE, 0xFF,
    0xE7, 0x94, 0xFF, 0xF7, 0xF6, 0xFF, 0xF7, 0xF6, 0xFF, 0xEF, 0xD6, 0xFF, 0xEF, 0xD5, 0xFF, 0xF7,
    0xF5, 0xFF, 0xF7, 0xF5, 0xFF, 0xF7, 0xF5, 0xFF, 0xFF, 0xF6, 0xFF, 0xFF, 0xF6, 0xFF, 0xDF, 0x33,
    0xFF, 0x7C, 0x4B, 0xFF, 0x6B, 0xAC, 0xFF, 0xDE, 0xFB, 0xFF, 0xFF, 0xFE, 0xFF, 0xFF, 0x9C, 0xFF,
    0xFF, 0x9C, 0xFF, 0xFF, 0x9C, 0xFF, 0xFF, 0x9C, 0xFF, 0xFF, 0x7C, 0xFF, 0xFF, 0x9C, 0xFF, 0xFF,
    0x7C, 0xFF, 0xFF, 0x7C, 0xFF, 0xFF, 0x9C, 0xFF, 0xFF, 0x7C, 0xFF, 0xFF, 0x9C, 0xFF, 0xFF, 0x9C,
    0xFF, 0xFF, 0x9C, 0xFF, 0xFF, 0x9C, 0xFF, 0xFF, 0x9C, 0xFF, 0xFF, 0x9C, 0xFF, 0xFF, 0x9C, 0xFF,
    0xFF, 0x9C, 0xFF, 0xFF, 0x9C, 0xFF, 0xFF, 0x9C, 0xFF, 0xFF, 0xBD, 0xFF, 0xFF, 0x9C, 0xFF, 0xF6,
    0xFA, 0xFF, 0xF7, 0x5B, 0xFF, 0xFF, 0xDE, 0xFF, 0xFF, 0xBD, 0xFF, 0xFF, 0x9C, 0xFF, 0xFF, 0x9C,
    0xFF, 0xFF, 0x9C, 0xFF, 0xFF, 0x9C, 0xFF, 0xFF, 0x9C, 0xFF, 0xFF, 0x9C, 0xFF, 0xFF, 0x9C, 0xFF,
    0xFF, 0x9C, 0xFF, 0xFF, 0x9C, 0xFF, 0xFF, 0x9C, 0xFF, 0xFF, 0x9C, 0xFF, 0xFF, 0x9C, 0xFF, 0xFF,
    0x7C, 0xFF, 0xFF, 0x9C, 0xFF, 0xFF, 0x9C, 0xFF, 0xFF, 0x7B, 0xFF, 0xFF, 0x7B, 0xFF, 0xFF, 0x5B,
    0xFF, 0xFF, 0x3B, 0xFF, 0xFF, 0x3A, 0xFF, 0xFF, 0x3A, 0xFF, 0xFF, 0x1A, 0xFF, 0xFF, 0x1A, 0xFF,
    0xFF, 0x3A, 0xFF, 0xFF, 0x3A, 0xFF, 0xFF, 0x3B, 0xFF, 0xFF, 0x5B, 0xFF, 0xFF, 0x5B, 0xFF, 0xFF,
    0x5B, 0xFF, 0xFF, 0x7B, 0xFF, 0xFF, 0x5B, 0xFF, 0xFF, 0x7C, 0xFF, 0xFF, 0xDE, 0xFF, 0xCE, 0x58,
    0xFF, 0x94, 0x71, 0xFF, 0xEF, 0x5C, 0xFF, 0xF7, 0x7D, 0xFF, 0xEF, 0x3C, 0xFF, 0xEF, 0x1C, 0xFF,
    0xE6, 0xFB, 0xFF, 0xCE, 0x39, 0xFF, 0x9C, 0x93, 0xFF, 0x7B, 0x6F, 0xFF, 0x94, 0x52, 0xFF, 0xBD,
    0x97, 0xFF, 0xCE, 0x5A, 0xFF, 0xEF, 0x3D, 0xFF, 0xEF, 0x3C, 0xFF, 0xEF, 0x1C, 0xFF, 0xEF, 0x1C,
    0xFF, 0xEF, 0x1C, 0xFF, 0xE7, 0x1C, 0xFF, 0xE7, 0x1C, 0xFF, 0xEF, 0x1C, 0xFF, 0xE7, 0x1C, 0xFF,
    0xE6, 0xFB, 0xFF, 0xEF, 0x5D, 0xFF, 0xF7, 0x9E, 0xFF, 0xBD, 0xB6, 0xFF, 0x6A, 0xEB, 0xFF, 0x7A,
    0xC9, 0xFF, 0x61, 0xE5, 0xFF, 0x51, 0x85, 0xFF, 0x83, 0x8E, 0xFF, 0xB5, 0x75, 0xFF, 0x94, 0xB3,
    0xFF, 0xD6, 0x79, 0xFF, 0xFF, 0xBE, 0xFF, 0xEF, 0x5D, 0xFF, 0xEF, 0x3C, 0xFF, 0xE6, 0xFB, 0xFF,
    0xE6, 0xFB, 0xFF, 0xDE, 0x9A, 0xFF, 0x9C, 0x92, 0xFF, 0xAD, 0x34, 0xFF, 0xF7, 0x5D, 0xFF, 0xEF,
    0x3C, 0xFF, 0xEF, 0x3C, 0xFF, 0xEF, 0x5D, 0xFF, 0xEF, 0x5D, 0xFF, 0xEF, 0x5C, 0xFF, 0xEF, 0x5C,
    0xFF, 0xEF, 0x5C, 0xFF, 0xEF, 0x5C, 0xFF, 0xEF, 0x3C, 0xFF, 0xEF, 0x3C, 0xFF, 0xFF, 0xDF, 0xFF,
    0x00, 0x00, 0x21, 0x00, 0x00, 0x04, 0x00, 0x00, 0x00, 0x00, 0x00, 0x00, 0x00, 0x00, 0x00, 0x00,
    0x00, 0x00, 0x00, 0x00, 0x00, 0x00, 0x00, 0x00, 0x00, 0x00, 0x00, 0x20, 0xC3, 0x26, 0x9C, 0xB2,
    0x9E, 0xFF, 0xBE, 0xF4, 0xEE, 0xFB, 0xFF, 0xEF, 0x1C, 0xFF, 0xDE, 0x9A, 0xFF, 0xB5, 0x76, 0xFF,
    0xB5, 0x76, 0xFF, 0xDE, 0xBA, 0xFF, 0xF7, 0x7D, 0xFF, 0xDE, 0x9A, 0xFF, 0xB5, 0x76, 0xFF, 0xB5,
    0x97, 0xFF, 0x9C, 0x93, 0xFF, 0x72, 0xAA, 0xFF, 0xEE, 0xB7, 0xFF, 0xFF, 0xBC, 0xFF, 0xB5, 0x13,
    0xFF, 0x6A, 0xEC, 0xFF, 0xC6, 0x18, 0xFF, 0xFF, 0xBF, 0xFF, 0xDE, 0x9A, 0xFF, 0xC5, 0xF8, 0xFF,
    0xDE, 0xBB, 0xFF, 0xF7, 0x9E, 0xFF, 0xEF, 0x5D, 0xFF, 0xEF, 0x5D, 0xFF, 0xEF, 0x5D, 0xFF, 0xEF,
    0x5D, 0xFF, 0xF7, 0x5D, 0xFF, 0xF7, 0x7D, 0xFF, 0xB5, 0x97, 0xFF, 0xA4, 0xD4, 0xFF, 0xD6, 0x7A,
    0xFF, 0xFF, 0x9E, 0xFF, 0xF7, 0x7D, 0xFF, 0xEF, 0x3D, 0xFF, 0xEF, 0x5D, 0xFF, 0xEF, 0x5D, 0xFF,
    0xEF, 0x5D, 0xFF, 0xEF, 0x3C, 0xFF, 0xEF, 0x3C, 0xFF, 0xEF, 0x3C, 0xFF, 0xEF, 0x1C, 0xFF, 0xEF,
    0x1C, 0xFF, 0xE7, 0x1B, 0xFF, 0xFF, 0xFF, 0xFF, 0xA4, 0xF3, 0xFF, 0x52, 0x48, 0xFF, 0xC5, 0xD6,
    0xFF, 0xFF, 0xFF, 0xFF, 0xF7, 0x3B, 0xFF, 0xFF, 0x7C, 0xFF, 0xFF, 0x9C, 0xFF, 0xFF, 0x7C, 0xFF,
    0xFF, 0x7C, 0xFF, 0xF7, 0x5B, 0xFF, 0xF7, 0x7C, 0xFF, 0xFF, 0xBD, 0xFF, 0xFF, 0xFF, 0xFF, 0xEF,
    0x7D, 0xFF, 0xA5, 0x53, 0xFF, 0x74, 0x0B, 0xFF, 0x9D, 0x2E, 0xFF, 0xCE, 0xD3, 0xFF, 0xEF, 0x97,
    0xFF, 0xF7, 0xF7, 0xFF, 0xF7, 0xF7, 0xFF, 0xF7, 0xF6, 0xFF, 0xEF, 0xB5, 0xFF, 0xD7, 0x13, 0xFF,
    0xBE, 0x30, 0xFF, 0xA5, 0x6F, 0xFF, 0x6B, 0xAA, 0xFF, 0x5A, 0xCA, 0xFF, 0xBD, 0x95, 0xFF, 0xFF,
    0xFF, 0xFF, 0xFF, 0x7C, 0xFF, 0xFF, 0x7B, 0xFF, 0xFF, 0x9C, 0xFF, 0xFF, 0x9C, 0xFF, 0xFF, 0x7C,
    0xFF, 0xFF, 0x7C, 0xFF, 0xFF, 0x7C, 0xFF, 0xFF, 0x7C, 0xFF, 0xFF, 0x9C, 0xFF, 0xFF, 0x9C, 0xFF,
    0xFF, 0x7C, 0xFF, 0xFF, 0x9C, 0xFF, 0xFF, 0x9C, 0xFF, 0xFF, 0x9C, 0xFF, 0xFF, 0x7C, 0xFF, 0xFF,
    0x9C, 0xFF, 0xFF, 0x9C, 0xFF, 0xFF, 0x9C, 0xFF, 0xFF, 0x9C, 0xFF, 0xFF, 0x9C, 0xFF, 0xFF, 0x9C,
    0xFF, 0xFF, 0x9C, 0xFF, 0xFF, 0x7C, 0xFF, 0xFF, 0x5B, 0xFF, 0xFF, 0x7C, 0xFF, 0xFF, 0x9D, 0xFF,
    0xFF, 0x9C, 0xFF, 0xFF, 0x9C, 0xFF, 0xFF, 0x9C, 0xFF, 0xFF, 0x9C, 0xFF, 0xFF, 0x9C, 0xFF, 0xFF,
    0x9C, 0xFF, 0xFF, 0x9C, 0xFF, 0xFF, 0x9C, 0xFF, 0xFF, 0x9C, 0xFF, 0xFF, 0x9C, 0xFF, 0xFF, 0x9C,
    0xFF, 0xFF, 0x9C, 0xFF, 0xFF, 0x9C, 0xFF, 0xFF, 0x7C, 0xFF, 0xFF, 0x9C, 0xFF, 0xFF, 0x7C, 0xFF,
    0xFF, 0x7B, 0xFF, 0xFF, 0x7B, 0xFF, 0xFF, 0x5B, 0xFF, 0xFF, 0x5B, 0xFF, 0xFF, 0x3A, 0xFF, 0xFF,
    0x3A, 0xFF, 0xFF, 0x3A, 0xFF, 0xFF, 0x3A, 0xFF, 0xFF, 0x3A, 0xFF, 0xFF, 0x3A, 0xFF, 0xFF, 0x3B,
    0xFF, 0xFF, 0x5B, 0xFF, 0xFF, 0x5B, 0xFF, 0xFF, 0x5B, 0xFF, 0xFF, 0x5B, 0xFF, 0xF7, 0x3B, 0xFF,
    0xFF, 0xFE, 0xFF, 0xE6, 0xDA, 0xFF, 0x9C, 0x72, 0xFF, 0xC6, 0x18, 0xFF, 0xFF, 0x9E, 0xFF, 0xEF,
    0x1C, 0xFF, 0xEF, 0x5C, 0xFF, 0xE6, 0xFB, 0xFF, 0xB5, 0x76, 0xFF, 0x7B, 0xB0, 0xFF, 0x73, 0x4F,
    0xFF, 0x9C, 0x93, 0xFF, 0xBD, 0x77, 0xFF, 0xCE, 0x19, 0xFF, 0xE7, 0x1C, 0xFF, 0xEF, 0x3C, 0xFF,
    0xE7, 0x1C, 0xFF, 0xEF, 0x1C, 0xFF, 0xEF, 0x1C, 0xFF, 0xE7, 0x1C, 0xFF, 0xE7, 0x1C, 0xFF, 0xE7,
    0x1C, 0xFF, 0xEF, 0x3C, 0xFF, 0xDE, 0xDB, 0xFF, 0xDE, 0xBA, 0xFF, 0xF7, 0x7D, 0xFF, 0xF7, 0x7D,
    0xFF, 0xA4, 0xD3, 0xFF, 0x39, 0x85, 0xFF, 0x5A, 0x48, 0xFF, 0x94, 0x10, 0xFF, 0xCE, 0x18, 0xFF,
    0xEF, 0x7D, 0xFF, 0xF7, 0xBE, 0xFF, 0x94, 0xD3, 0xFF, 0xC5, 0xF8, 0xFF, 0xFF, 0xBE, 0xFF, 0xEF,
    0x5D, 0xFF, 0xE7, 0x1C, 0xFF, 0xE6, 0xDB, 0xFF, 0xE6, 0xDB, 0xFF, 0xD6, 0x59, 0xFF, 0x94, 0x51,
    0xFF, 0xC5, 0xF7, 0xFF, 0xF7, 0x7D, 0xFF, 0xEF, 0x3C, 0xFF, 0xEF, 0x3C, 0xFF, 0xEF, 0x5C, 0xFF,
    0xEF, 0x5D, 0xFF, 0xEF, 0x5D, 0xFF, 0xEF, 0x5D, 0xFF, 0xEF, 0x5D, 0xFF, 0xEF, 0x5D, 0xFF, 0xEF,
    0x5D, 0xFF, 0xF7, 0x7D, 0xFF, 0xFF, 0xFF, 0xFE, 0x00, 0x00, 0x21, 0x00, 0x00, 0x04, 0x00, 0x00,
    0x00, 0x00, 0x00, 0x00, 0x00, 0x00, 0x00, 0x00, 0x00, 0x00, 0x00, 0x00, 0x01, 0xFF, 0xFF, 0x01,
    0x00, 0x00, 0x00, 0x52, 0x8A, 0x3D, 0xC5, 0xD7, 0xCF, 0xFF, 0x9D, 0xFB, 0xE6, 0xFB, 0xFF, 0xEF,
    0x1C, 0xFF, 0xDE, 0x9A, 0xFF, 0xB5, 0x77, 0xFF, 0xB5, 0x56, 0xFF, 0xDE, 0xBA, 0xFF, 0xF7, 0x7D,
    0xFF, 0xD6, 0x5A, 0xFF, 0xB5, 0x97, 0xFF, 0xB5, 0x97, 0xFF, 0x83, 0xB0, 0xFF, 0x8B, 0x4C, 0xFF,
    0xFF, 0x19, 0xFF, 0xFF, 0x9B, 0xFF, 0xE6, 0xF9, 0xFF, 0x62, 0xAA, 0xFF, 0xAD, 0x15, 0xFF, 0xF7,
    0x7E, 0xFF, 0xE6, 0xFB, 0xFF, 0xC5, 0xD7, 0xFF, 0xCE, 0x39, 0xFF, 0xF7, 0x7D, 0xFF, 0xEF, 0x7D,
    0xFF, 0xEF, 0x5D, 0xFF, 0xEF, 0x5D, 0xFF, 0xEF, 0x5D, 0xFF, 0xEF, 0x3C, 0xFF, 0xF7, 0x7D, 0xFF,
    0xE6, 0xFC, 0xFF, 0xA4, 0xF4, 0xFF, 0xA4, 0xF4, 0xFF, 0xD6, 0x7A, 0xFF, 0xF7, 0x7D, 0xFF, 0xF7,
    0x7D, 0xFF, 0xEF, 0x5D, 0xFF, 0xEF, 0x5D, 0xFF, 0xEF, 0x5D, 0xFF, 0xEF, 0x3C, 0xFF, 0xEF, 0x3C,
    0xFF, 0xEF, 0x1C, 0xFF, 0xEF, 0x1C, 0xFF, 0xEF, 0x1C, 0xFF, 0xE6, 0xDB, 0xFF, 0xF7, 0x7D, 0xFF,
    0xF7, 0x7D, 0xFF, 0x83, 0xCE, 0xFF, 0x62, 0xCA, 0xFF, 0xEF, 0x5C, 0xFF, 0xFF, 0xBD, 0xFF, 0xFF,
    0x5B, 0xFF, 0xFF, 0x9C, 0xFF, 0xFF, 0x7C, 0xFF, 0xFF, 0x7C, 0xFF, 0xF7, 0x3A, 0xFF, 0xF7, 0x1A,
    0xFF, 0xF7, 0x5B, 0xFF, 0xFF, 0xDD, 0xFF, 0xFF, 0xBD, 0xFF, 0xEF, 0x1B, 0xFF, 0xDE, 0x98, 0xFF,
    0xAD, 0x93, 0xFF, 0x63, 0x4A, 0xFF, 0x5B, 0x0A, 0xFF, 0x7B, 0xEC, 0xFF, 0x9D, 0x2F, 0xFF, 0xAD,
    0xB1, 0xFF, 0xA5, 0x50, 0xFF, 0x94, 0xAE, 0xFF, 0x94, 0x8F, 0xFF, 0xA5, 0x32, 0xFF, 0xBD, 0xD6,
    0xFF, 0xDE, 0xB9, 0xFF, 0xFF, 0x9C, 0xFF, 0xFF, 0x9C, 0xFF, 0xFF, 0x7B, 0xFF, 0xFF, 0x9C, 0xFF,
    0xFF, 0x9C, 0xFF, 0xFF, 0x9C, 0xFF, 0xFF, 0x7C, 0xFF, 0xFF, 0x9C, 0xFF, 0xFF, 0x9C, 0xFF, 0xFF,
    0x7C, 0xFF, 0xFF, 0x7C, 0xFF, 0xFF, 0x7C, 0xFF, 0xFF, 0x7C, 0xFF, 0xFF, 0x9C, 0xFF, 0xFF, 0x9C,
    0xFF, 0xFF, 0x9C, 0xFF, 0xFF, 0x9C, 0xFF, 0xFF, 0x9C, 0xFF, 0xFF, 0x9C, 0xFF, 0xFF, 0x9C, 0xFF,
    0xFF, 0x9C, 0xFF, 0xFF, 0x9C, 0xFF, 0xFF, 0x9C, 0xFF, 0xFF, 0x9C, 0xFF, 0xFF, 0x9C, 0xFF, 0xFF,
    0x9C, 0xFF, 0xFF, 0x9C, 0xFF, 0xFF, 0x9C, 0xFF, 0xFF, 0x9C, 0xFF, 0xFF, 0x9C, 0xFF, 0xFF, 0x9C,
    0xFF, 0xFF, 0x9C, 0xFF, 0xFF, 0x9C, 0xFF, 0xFF, 0x9C, 0xFF, 0xFF, 0x9C, 0xFF, 0xFF, 0x9C, 0xFF,
    0xFF, 0x9C, 0xFF, 0xFF, 0x9C, 0xFF, 0xFF, 0x7C, 0xFF, 0xFF, 0x9C, 0xFF, 0xFF, 0x9C, 0xFF, 0xFF,
    0x7C, 0xFF, 0xFF, 0x7C, 0xFF, 0xFF, 0x7C, 0xFF, 0xFF, 0x7B, 0xFF, 0xFF, 0x7B, 0xFF, 0xFF, 0x5B,
    0xFF, 0xFF, 0x5B, 0xFF, 0xFF, 0x5B, 0xFF, 0xFF, 0x5B, 0xFF, 0xFF, 0x5B, 0xFF, 0xFF, 0x3A, 0xFF,
    0xFF, 0x3A, 0xFF, 0xFF, 0x3A, 0xFF, 0xFF, 0x5B, 0xFF, 0xFF, 0x3B, 0xFF, 0xFF, 0x5B, 0xFF, 0xFF,
    0x5B, 0xFF, 0xFF, 0x5B, 0xFF, 0xFF, 0xDD, 0xFF, 0xEF, 0x3B, 0xFF, 0xAD, 0x13, 0xFF, 0xB5, 0x75,
    0xFF, 0xFF, 0xDF, 0xFF, 0xF7, 0x9E, 0xFF, 0xEF, 0x5D, 0xFF, 0xCE, 0x59, 0xFF, 0x9C, 0x92, 0xFF,
    0x7B, 0x8F, 0xFF, 0x83, 0xD0, 0xFF, 0xA4, 0xD4, 0xFF, 0xBD, 0x97, 0xFF, 0xCE, 0x19, 0xFF, 0xE6,
    0xDB, 0xFF, 0xEF, 0x3C, 0xFF, 0xE7, 0x1C, 0xFF, 0xE7, 0x1C, 0xFF, 0xE7, 0x1C, 0xFF, 0xEF, 0x1C,
    0xFF, 0xE7, 0x1C, 0xFF, 0xE7, 0x1C, 0xFF, 0xE7, 0x1C, 0xFF, 0xEF, 0x1C, 0xFF, 0xDE, 0xBA, 0xFF,
    0xDE, 0xBA, 0xFF, 0xF7, 0x9E, 0xFF, 0xE6, 0xFB, 0xFF, 0x94, 0x91, 0xFF, 0x94, 0x91, 0xFF, 0xDE,
    0xDB, 0xFF, 0xF7, 0x7E, 0xFF, 0xFF, 0xFF, 0xFF, 0xFF, 0xFF, 0xFF, 0xEF, 0x7D, 0xFF, 0x8C, 0x72,
    0xFF, 0xBD, 0xD7, 0xFF, 0xFF, 0xBE, 0xFF, 0xEF, 0x5D, 0xFF, 0xE6, 0xFB, 0xFF, 0xE6, 0xDB, 0xFF,
    0xE6, 0xDB, 0xFF, 0xCE, 0x18, 0xFF, 0x8C, 0x30, 0xFF, 0xDE, 0xBA, 0xFF, 0xF7, 0x5D, 0xFF, 0xEF,
    0x3C, 0xFF, 0xEF, 0x3C, 0xFF, 0xEF, 0x3C, 0xFF, 0xEF, 0x5C, 0xFF, 0xEF, 0x5D, 0xFF, 0xEF, 0x5D,
    0xFF, 0xEF, 0x5D, 0xFF, 0xEF, 0x5D, 0xFF, 0xEF, 0x7D, 0xFF, 0xF7, 0x9E, 0xFE, 0xE7, 0x3C, 0xFE,
    0x00, 0x00, 0x21, 0x00, 0x00, 0x04, 0x00, 0x00, 0x00, 0x00, 0x00, 0x00, 0x00, 0x00, 0x00, 0x00,
    0x00, 0x00, 0x78, 0x00, 0x02, 0xFF, 0xFF, 0x01, 0x21, 0x24, 0x07, 0x7B, 0xAE, 0x59, 0xE6, 0xFB,
    0xEB, 0xF7, 0x5C, 0xFE, 0xE6, 0xFB, 0xFF, 0xEF, 0x1C, 0xFF, 0xDE, 0xBB, 0xFF, 0xBD, 0x97, 0xFF,
    0xAD, 0x56, 0xFF, 0xD6, 0x7A, 0xFF, 0xF7, 0x7D, 0xFF, 0xD6, 0x39, 0xFF, 0xBD, 0x97, 0xFF, 0xAD,
    0x76, 0xFF, 0x73, 0x2D, 0xFF, 0xAC, 0x6F, 0xFF, 0xFF, 0x7A, 0xFF, 0xFF, 0x9C, 0xFF, 0xFF, 0xDE,
    0xFF, 0x73, 0x2C, 0xFF, 0x83, 0xCF, 0xFF, 0xE7, 0x1C, 0xFF, 0xEF, 0x5D, 0xFF, 0xC5, 0xD8, 0xFF,
    0xBD, 0xB7, 0xFF, 0xE7, 0x1C, 0xFF, 0xF7, 0x9E, 0xFF, 0xEF, 0x5D, 0xFF, 0xEF, 0x5D, 0xFF, 0xEF,
    0x5C, 0xFF, 0xEF, 0x3C, 0xFF, 0xEF, 0x3C, 0xFF, 0xF7, 0x7D, 0xFF, 0xCE, 0x59, 0xFF, 0x9C, 0x93,
    0xFF, 0xAD, 0x15, 0xFF, 0xD6, 0x7A, 0xFF, 0xEF, 0x3C, 0xFF, 0xF7, 0x7D, 0xFF, 0xEF, 0x5D, 0xFF,
    0xEF, 0x3C, 0xFF, 0xEF, 0x3C, 0xFF, 0xEF, 0x3C, 0xFF, 0xEF, 0x3C, 0xFF, 0xEF, 0x1C, 0xFF, 0xEF,
    0x1C, 0xFF, 0xEF, 0x1C, 0xFF, 0xE6, 0xDB, 0xFF, 0xFF, 0xBE, 0xFF, 0xDE, 0xBA, 0xFF, 0x73, 0x4D,
    0xFF, 0x8C, 0x2F, 0xFF, 0xFF, 0xFF, 0xFF, 0xFF, 0x9C, 0xFF, 0xFF, 0x7C, 0xFF, 0xFF, 0x7C, 0xFF,
    0xFF, 0x7C, 0xFF, 0xFF, 0x5B, 0xFF, 0xF7, 0x3B, 0xFF, 0xF7, 0x5B, 0xFF, 0xFF, 0x9C, 0xFF, 0xF7,
    0x1A, 0xFF, 0xF6, 0xFA, 0xFF, 0xFF, 0xDD, 0xFF, 0xEE, 0xF9, 0xFF, 0x9C, 0xB2, 0xFF, 0x94, 0x71,
    0xFF, 0xA4, 0xF2, 0xFF, 0xBD, 0xD5, 0xFF, 0xD6, 0x77, 0xFF, 0xCE, 0x77, 0xFF, 0xD6, 0x77, 0xFF,
    0xDE, 0xB9, 0xFF, 0xF7, 0x5B, 0xFF, 0xFF, 0xDD, 0xFF, 0xFF, 0xFE, 0xFF, 0xFF, 0x9C, 0xFF, 0xFF,
    0x7B, 0xFF, 0xFF, 0x9C, 0xFF, 0xFF, 0x7C, 0xFF, 0xFF, 0x9C, 0xFF, 0xFF, 0x9C, 0xFF, 0xFF, 0x9C,
    0xFF, 0xFF, 0x9C, 0xFF, 0xFF, 0x9C, 0xFF, 0xFF, 0x7C, 0xFF, 0xFF, 0x7C, 0xFF, 0xFF, 0x7C, 0xFF,
    0xFF, 0x9C, 0xFF, 0xFF, 0x9C, 0xFF, 0xFF, 0x9C, 0xFF, 0xFF, 0x9C, 0xFF, 0xFF, 0x9C, 0xFF, 0xFF,
    0x9C, 0xFF, 0xFF, 0x9C, 0xFF, 0xFF, 0x9C, 0xFF, 0xFF, 0x9C, 0xFF, 0xFF, 0x9C, 0xFF, 0xFF, 0x9C,
    0xFF, 0xFF, 0x9C, 0xFF, 0xFF, 0x9C, 0xFF, 0xFF, 0x9C, 0xFF, 0xFF, 0x9C, 0xFF, 0xFF, 0x9C, 0xFF,
    0xFF, 0x9C, 0xFF, 0xFF, 0x9C, 0xFF, 0xFF, 0x9C, 0xFF, 0xFF, 0x9C, 0xFF, 0xFF, 0x9C, 0xFF, 0xFF,
    0x9C, 0xFF, 0xFF, 0x9C, 0xFF, 0xFF, 0x9C, 0xFF, 0xFF, 0x9C, 0xFF, 0xFF, 0x9C, 0xFF, 0xFF, 0x9C,
    0xFF, 0xFF, 0x7C, 0xFF, 0xFF, 0x9C, 0xFF, 0xFF, 0x9C, 0xFF, 0xFF, 0x7C, 0xFF, 0xFF, 0x7C, 0xFF,
    0xFF, 0x7B, 0xFF, 0xFF, 0x7B, 0xFF, 0xFF, 0x5B, 0xFF, 0xFF, 0x5B, 0xFF, 0xFF, 0x5B, 0xFF, 0xFF,
    0x5B, 0xFF, 0xFF, 0x5B, 0xFF, 0xFF, 0x5B, 0xFF, 0xFF, 0x5B, 0xFF, 0xFF, 0x5B, 0xFF, 0xFF, 0x5B,
    0xFF, 0xFF, 0x3B, 0xFF, 0xFF, 0x3B, 0xFF, 0xFF, 0x3B, 0xFF, 0xFF, 0x9C, 0xFF, 0xE7, 0x1A, 0xFF,
    0xB5, 0x95, 0xFF, 0xB5, 0x96, 0xFF, 0xE7, 0x1C, 0xFF, 0xD6, 0x99, 0xFF, 0xB5, 0x55, 0xFF, 0x9C,
    0x92, 0xFF, 0x73, 0x6E, 0xFF, 0x8C, 0x11, 0xFF, 0xAD, 0x15, 0xFF, 0xBD, 0x76, 0xFF, 0xBD, 0x97,
    0xFF, 0xCE, 0x19, 0xFF, 0xE6, 0xDB, 0xFF, 0xEF, 0x3C, 0xFF, 0xE6, 0xFB, 0xFF, 0xE7, 0x1C, 0xFF,
    0xE7, 0x1C, 0xFF, 0xE7, 0x1C, 0xFF, 0xEF, 0x1C, 0xFF, 0xEF, 0x1C, 0xFF, 0xE7, 0x1C, 0xFF, 0xEF,
    0x1C, 0xFF, 0xE6, 0xFB, 0xFF, 0xDE, 0xBA, 0xFF, 0xE6, 0xDB, 0xFF, 0xFF, 0x9E, 0xFF, 0xD6, 0x79,
    0xFF, 0x8C, 0x51, 0xFF, 0xD6, 0x79, 0xFF, 0xFF, 0xFF, 0xFF, 0xF7, 0x9E, 0xFF, 0xF7, 0x9E, 0xFF,
    0xFF, 0xFF, 0xFF, 0xEF, 0x3C, 0xFF, 0x8C, 0x51, 0xFF, 0xBD, 0xD7, 0xFF, 0xFF, 0xBE, 0xFF, 0xEF,
    0x3C, 0xFF, 0xE6, 0xFB, 0xFF, 0xE6, 0xFB, 0xFF, 0xE6, 0xDA, 0xFF, 0xB5, 0x55, 0xFF, 0x9C, 0x92,
    0xFF, 0xEF, 0x5D, 0xFF, 0xEF, 0x3C, 0xFF, 0xEF, 0x1C, 0xFF, 0xEF, 0x3C, 0xFF, 0xEF, 0x3C, 0xFF,
    0xEF, 0x3C, 0xFF, 0xEF, 0x5C, 0xFF, 0xEF, 0x5D, 0xFF, 0xEF, 0x5D, 0xFF, 0xEF, 0x5D, 0xFF, 0xF7,
    0x9E, 0xFF, 0xF7, 0xBE, 0xFF, 0xA5, 0x35, 0xFB, 0x00, 0x00, 0x21, 0x00, 0x00, 0x04, 0x00, 0x00,
    0x00, 0x00, 0x00, 0x00, 0x00, 0x00, 0x01, 0x00, 0x00, 0x00, 0x00, 0x00, 0x00, 0x00, 0x00, 0x01,
    0x00, 0x00, 0x1F, 0x94, 0x92, 0x88, 0xFF, 0xBE, 0xF4, 0xEF, 0x1C, 0xFE, 0xEF, 0x1C, 0xFF, 0xEF,
    0x1C, 0xFF, 0xE6, 0xDB, 0xFF, 0xBD, 0xB8, 0xFF, 0xAD, 0x35, 0xFF, 0xD6, 0x59, 0xFF, 0xF7, 0x5D,
    0xFF, 0xD6, 0x59, 0xFF, 0xBD, 0xB8, 0xFF, 0xA5, 0x15, 0xFF, 0x72, 0xCB, 0xFF, 0xCD, 0x53, 0xFF,
    0xFF, 0xBC, 0xFF, 0xFF, 0x9C, 0xFF, 0xFF, 0xFF, 0xFF, 0x9C, 0xB1, 0xFF, 0x5A, 0x49, 0xFF, 0xC5,
    0xD7, 0xFF, 0xF7, 0x7E, 0xFF, 0xC5, 0xD8, 0xFF, 0xBD, 0x97, 0xFF, 0xDE, 0x9A, 0xFF, 0xF7, 0x9E,
    0xFF, 0xEF, 0x5D, 0xFF, 0xEF, 0x5D, 0xFF, 0xEF, 0x3C, 0xFF, 0xEF, 0x1C, 0xFF, 0xEF, 0x1C, 0xFF,
    0xEF, 0x3C, 0xFF, 0xF7, 0x5D, 0xFF, 0xBD, 0xB7, 0xFF, 0x9C, 0x73, 0xFF, 0xB5, 0x56, 0xFF, 0xD6,
    0x5A, 0xFF, 0xEE, 0xFC, 0xFF, 0xF7, 0x7D, 0xFF, 0xF7, 0x5D, 0xFF, 0xEF, 0x3C, 0xFF, 0xEF, 0x3C,
    0xFF, 0xEF, 0x3C, 0xFF, 0xEF, 0x1C, 0xFF, 0xEF, 0x1C, 0xFF, 0xEF, 0x1C, 0xFF, 0xEF, 0x1C, 0xFF,
    0xEF, 0x1C, 0xFF, 0xFF, 0xDF, 0xFF, 0xD6, 0x79, 0xFF, 0x73, 0x4C, 0xFF, 0xB5, 0x54, 0xFF, 0xFF,
    0xFF, 0xFF, 0xFF, 0x9D, 0xFF, 0xFF, 0x9C, 0xFF, 0xFF, 0x9C, 0xFF, 0xFF, 0x7C, 0xFF, 0xFF, 0x7C,
    0xFF, 0xFF, 0x7C, 0xFF, 0xFF, 0x7C, 0xFF, 0xFF, 0x7B, 0xFF, 0xF7, 0x5B, 0xFF, 0xFF, 0x5B, 0xFF,
    0xFF, 0x7B, 0xFF, 0xFF, 0x9C, 0xFF, 0xFF, 0xDD, 0xFF, 0xFF, 0xDD, 0xFF, 0xFF, 0xBD, 0xFF, 0xFF,
    0xBD, 0xFF, 0xFF, 0xDD, 0xFF, 0xFF, 0xFD, 0xFF, 0xFF, 0xFD, 0xFF, 0xFF, 0xBC, 0xFF, 0xFF, 0x7B,
    0xFF, 0xFF, 0x5B, 0xFF, 0xFF, 0x7B, 0xFF, 0xFF, 0x7C, 0xFF, 0xFF, 0x9C, 0xFF, 0xFF, 0x9C, 0xFF,
    0xFF, 0x9C, 0xFF, 0xFF, 0x9C, 0xFF, 0xFF, 0x9C, 0xFF, 0xFF, 0x7C, 0xFF, 0xFF, 0x7C, 0xFF, 0xFF,
    0x7C, 0xFF, 0xFF, 0x9C, 0xFF, 0xFF, 0x9C, 0xFF, 0xFF, 0x9C, 0xFF, 0xFF, 0x9C, 0xFF, 0xFF, 0x9C,
    0xFF, 0xFF, 0x9C, 0xFF, 0xFF, 0x9C, 0xFF, 0xFF, 0x9C, 0xFF, 0xFF, 0x9C, 0xFF, 0xFF, 0x9C, 0xFF,
    0xFF, 0x9C, 0xFF, 0xFF, 0x9C, 0xFF, 0xFF, 0x9C, 0xFF, 0xFF, 0x9C, 0xFF, 0xFF, 0x9C, 0xFF, 0xFF,
    0x9C, 0xFF, 0xFF, 0x9C, 0xFF, 0xFF, 0x9C, 0xFF, 0xFF, 0x9C, 0xFF, 0xFF, 0x9C, 0xFF, 0xFF, 0x9C,
    0xFF, 0xFF, 0x9C, 0xFF, 0xFF, 0x9C, 0xFF, 0xFF, 0x9C, 0xFF, 0xFF, 0x9C, 0xFF, 0xFF, 0x9C, 0xFF,
    0xFF, 0x9C, 0xFF, 0xFF, 0x9C, 0xFF, 0xFF, 0x9C, 0xFF, 0xFF, 0x7C, 0xFF, 0xFF, 0x9C, 0xFF, 0xFF,
    0x9C, 0xFF, 0xFF, 0x9C, 0xFF, 0xFF, 0x7C, 0xFF, 0xFF, 0x7B, 0xFF, 0xFF, 0x7B, 0xFF, 0xFF, 0x7C,
    0xFF, 0xFF, 0x7B, 0xFF, 0xFF, 0x5B, 0xFF, 0xFF, 0x7B, 0xFF, 0xFF, 0x7B, 0xFF, 0xFF, 0x5B, 0xFF,
    0xFF, 0x5B, 0xFF, 0xFF, 0x5B, 0xFF, 0xFF, 0x5B, 0xFF, 0xFF, 0x5B, 0xFF, 0xFF, 0x3B, 0xFF, 0xFF,
    0x9C, 0xFF, 0xDE, 0x98, 0xFF, 0x94, 0x71, 0xFF, 0x8C, 0x31, 0xFF, 0xB5, 0x75, 0xFF, 0xAD, 0x55,
    0xFF, 0x9C, 0x91, 0xFF, 0x83, 0xAE, 0xFF, 0x39, 0x25, 0xFF, 0x5A, 0x8B, 0xFF, 0xBD, 0xB7, 0xFF,
    0xCE, 0x19, 0xFF, 0xBD, 0x97, 0xFF, 0xCE, 0x18, 0xFF, 0xE6, 0xFC, 0xFF, 0xEF, 0x3C, 0xFF, 0xE7,
    0x1B, 0xFF, 0xE7, 0x1C, 0xFF, 0xE7, 0x1C, 0xFF, 0xEF, 0x1C, 0xFF, 0xEF, 0x1C, 0xFF, 0xEF, 0x1C,
    0xFF, 0xEF, 0x1C, 0xFF, 0xE7, 0x1C, 0xFF, 0xEF, 0x3C, 0xFF, 0xDE, 0x9A, 0xFF, 0xDE, 0x9A, 0xFF,
    0xE6, 0xFB, 0xFF, 0xFF, 0x9E, 0xFF, 0xC6, 0x18, 0xFF, 0x83, 0xEF, 0xFF, 0xD6, 0x79, 0xFF, 0xE7,
    0x1B, 0xFF, 0xEF, 0x3C, 0xFF, 0xF7, 0x7D, 0xFF, 0xFF, 0xDF, 0xFF, 0xE7, 0x1C, 0xFF, 0x84, 0x10,
    0xFF, 0xBD, 0xB6, 0xFF, 0xFF, 0xBE, 0xFF, 0xEF, 0x3C, 0xFF, 0xE6, 0xDB, 0xFF, 0xEF, 0x1C, 0xFF,
    0xDE, 0x9A, 0xFF, 0x9C, 0x92, 0xFF, 0xB5, 0x96, 0xFF, 0xF7, 0x7D, 0xFF, 0xEF, 0x1C, 0xFF, 0xEF,
    0x1C, 0xFF, 0xEF, 0x3C, 0xFF, 0xEF, 0x3C, 0xFF, 0xEF, 0x3C, 0xFF, 0xEF, 0x3C, 0xFF, 0xEF, 0x5D,
    0xFF, 0xEF, 0x5D, 0xFF, 0xEF, 0x5D, 0xFF, 0xFF, 0xBE, 0xFB, 0xF7, 0x9E, 0xDA, 0x6B, 0x2D, 0xAA,
    0x00, 0x00, 0x21, 0x00, 0x00, 0x04, 0x00, 0x00, 0x00, 0x00, 0x00, 0x00, 0xF8, 0x00, 0x01, 0x00,
    0x00, 0x00, 0x18, 0xA1, 0x19, 0x39, 0x24, 0x37, 0x62, 0xAA, 0x66, 0xAD, 0x34, 0xCA, 0xFF, 0xFF,
    0xFB, 0xEF, 0x1C, 0xFE, 0xEF, 0x1C, 0xFF, 0xEF, 0x3C, 0xFF, 0xEF, 0x1C, 0xFF, 0xC5, 0xF8, 0xFF,
    0xAD, 0x36, 0xFF, 0xCE, 0x18, 0xFF, 0xEF, 0x3C, 0xFF, 0xD6, 0x7A, 0xFF, 0xB5, 0xB8, 0xFF, 0x9C,
    0xB4, 0xFF, 0x72, 0xCB, 0xFF, 0xE6, 0x56, 0xFF, 0xFF, 0xFD, 0xFF, 0xFF, 0xBD, 0xFF, 0xFF, 0xFE,
    0xFF, 0xE6, 0xDA, 0xFF, 0x41, 0xA6, 0xFF, 0x8C, 0x31, 0xFF, 0xEF, 0x1D, 0xFF, 0xCD, 0xF8, 0xFF,
    0xB5, 0x56, 0xFF, 0xC6, 0x18, 0xFF, 0xEF, 0x3D, 0xFF, 0xF7, 0x7D, 0xFF, 0xEF, 0x3C, 0xFF, 0xEF,
    0x3C, 0xFF, 0xEF, 0x1C, 0xFF, 0xEF, 0x1C, 0xFF, 0xE7, 0x1C, 0xFF, 0xF7, 0x5D, 0xFF, 0xEF, 0x1C,
    0xFF, 0xB5, 0x56, 0xFF, 0x9C, 0x73, 0xFF, 0xB5, 0x76, 0xFF, 0xD6, 0x59, 0xFF, 0xE6, 0xDB, 0xFF,
    0xEF, 0x5D, 0xFF, 0xF7, 0x5D, 0xFF, 0xEF, 0x3C, 0xFF, 0xEF, 0x1C, 0xFF, 0xEF, 0x1C, 0xFF, 0xEF,
    0x1C, 0xFF, 0xEF, 0x1C, 0xFF, 0xEF, 0x3C, 0xFF, 0xE7, 0x1C, 0xFF, 0xEF, 0x5D, 0xFF, 0xFF, 0xFF,
    0xFF, 0xC6, 0x38, 0xFF, 0x73, 0x4D, 0xFF, 0xC5, 0xF6, 0xFF, 0xFF, 0xFF, 0xFF, 0xFF, 0xBD, 0xFF,
    0xFF, 0x7C, 0xFF, 0xFF, 0x7C, 0xFF, 0xFF, 0x7C, 0xFF, 0xFF, 0x7C, 0xFF, 0xFF, 0x7C, 0xFF, 0xFF,
    0x7C, 0xFF, 0xFF, 0x9C, 0xFF, 0xFF, 0x7C, 0xFF, 0xFF, 0x9C, 0xFF, 0xFF, 0x9C, 0xFF, 0xFF, 0x9C,
    0xFF, 0xFF, 0x9C, 0xFF, 0xFF, 0x7C, 0xFF, 0xFF, 0x5B, 0xFF, 0xFF, 0x5B, 0xFF, 0xFF, 0x3B, 0xFF,
    0xF7, 0x3B, 0xFF, 0xF7, 0x3B, 0xFF, 0xFF, 0x5B, 0xFF, 0xFF, 0x7B, 0xFF, 0xFF, 0x7B, 0xFF, 0xFF,
    0x7B, 0xFF, 0xFF, 0x7B, 0xFF, 0xFF, 0x9C, 0xFF, 0xFF, 0x9C, 0xFF, 0xFF, 0x9C, 0xFF, 0xFF, 0x9C,
    0xFF, 0xFF, 0x7C, 0xFF, 0xFF, 0x7C, 0xFF, 0xFF, 0x7C, 0xFF, 0xFF, 0x9C, 0xFF, 0xFF, 0x9C, 0xFF,
    0xFF, 0x9C, 0xFF, 0xFF, 0x9C, 0xFF, 0xFF, 0x9C, 0xFF, 0xFF, 0x9C, 0xFF, 0xFF, 0x9C, 0xFF, 0xFF,
    0x9C, 0xFF, 0xFF, 0x9C, 0xFF, 0xFF, 0x9C, 0xFF, 0xFF, 0x9C, 0xFF, 0xFF, 0x9C, 0xFF, 0xFF, 0x9C,
    0xFF, 0xFF, 0x9C, 0xFF, 0xFF, 0x9C, 0xFF, 0xFF, 0x9C, 0xFF, 0xFF, 0x9C, 0xFF, 0xFF, 0x9C, 0xFF,
    0xFF, 0x9C, 0xFF, 0xFF, 0x9C, 0xFF, 0xFF, 0x9C, 0xFF, 0xFF, 0x9C, 0xFF, 0xFF, 0x9C, 0xFF, 0xFF,
    0x9C, 0xFF, 0xFF, 0x9C, 0xFF, 0xFF, 0x9C, 0xFF, 0xFF, 0x9C, 0xFF, 0xFF, 0x9C, 0xFF, 0xFF, 0x9C,
    0xFF, 0xFF, 0x9C, 0xFF, 0xFF, 0x9C, 0xFF, 0xFF, 0x9C, 0xFF, 0xFF, 0x9C, 0xFF, 0xFF, 0x9C, 0xFF,
    0xFF, 0x7B, 0xFF, 0xFF, 0x7B, 0xFF, 0xFF, 0x7C, 0xFF, 0xFF, 0x7C, 0xFF, 0xFF, 0x7B, 0xFF, 0xFF,
    0x7B, 0xFF, 0xFF, 0x7B, 0xFF, 0xFF, 0x7B, 0xFF, 0xFF, 0x5B, 0xFF, 0xFF, 0x5B, 0xFF, 0xFF, 0x5B,
    0xFF, 0xFF, 0x5B, 0xFF, 0xFF, 0x5B, 0xFF, 0xFF, 0x9C, 0xFF, 0xDE, 0x98, 0xFF, 0xB5, 0x34, 0xFF,
    0xB5, 0x75, 0xFF, 0xBD, 0xB5, 0xFF, 0xBD, 0xD6, 0xFF, 0xD6, 0x38, 0xFF, 0x9C, 0x2F, 0xFF, 0x20,
    0x41, 0xFF, 0x83, 0x8F, 0xFF, 0xC5, 0xF8, 0xFF, 0xBD, 0x97, 0xFF, 0xCE, 0x19, 0xFF, 0xEF, 0x1C,
    0xFF, 0xEF, 0x5D, 0xFF, 0xE7, 0x1C, 0xFF, 0xE7, 0x1C, 0xFF, 0xE7, 0x1C, 0xFF, 0xEF, 0x1C, 0xFF,
    0xEF, 0x3C, 0xFF, 0xEF, 0x3C, 0xFF, 0xEF, 0x3C, 0xFF, 0xEF, 0x3C, 0xFF, 0xEF, 0x3C, 0xFF, 0xEF,
    0x1C, 0xFF, 0xD6, 0x59, 0xFF, 0xDE, 0xBB, 0xFF, 0xEF, 0x5D, 0xFF, 0xF7, 0x9E, 0xFF, 0xB5, 0x96,
    0xFF, 0x7B, 0xCE, 0xFF, 0xE6, 0xFA, 0xFF, 0xE7, 0x1B, 0xFF, 0xEF, 0x5C, 0xFF, 0xF7, 0x7D, 0xFF,
    0xFF, 0xDF, 0xFF, 0xDE, 0xDA, 0xFF, 0x7B, 0xAF, 0xFF, 0xBD, 0xB6, 0xFF, 0xFF, 0xDE, 0xFF, 0xEF,
    0x3C, 0xFF, 0xE6, 0xFB, 0xFF, 0xEF, 0x3C, 0xFF, 0xCE, 0x18, 0xFF, 0x8C, 0x30, 0xFF, 0xDE, 0xBA,
    0xFF, 0xEF, 0x5C, 0xFF, 0xE7, 0x1C, 0xFF, 0xEF, 0x1C, 0xFF, 0xEF, 0x3C, 0xFF, 0xEF, 0x3C, 0xFF,
    0xEF, 0x3C, 0xFF, 0xEF, 0x3C, 0xFF, 0xEF, 0x3C, 0xFF, 0xEF, 0x3C, 0xFF, 0xF7, 0x7D, 0xFF, 0xFF,
    0xBE, 0xF1, 0xD6, 0xBA, 0xA3, 0x18, 0xE3, 0x4C, 0x00, 0x00, 0x21, 0x00, 0x00, 0x04, 0x00, 0x00,
    0x00, 0x00, 0x00, 0x01, 0xFF, 0xFF, 0x01, 0x00, 0x00, 0x01, 0x9C, 0x4F, 0x56, 0x93, 0xEE, 0xAD,
    0x73, 0x4C, 0xC8, 0xBD, 0xB6, 0xF9, 0xFF, 0xFF, 0xFF, 0xEF, 0x3C, 0xFF, 0xEF, 0x3C, 0xFF, 0xEF,
    0x3C, 0xFF, 0xEF, 0x3C, 0xFF, 0xCE, 0x19, 0xFF, 0xB5, 0x56, 0xFF, 0xBD, 0xB7, 0xFF, 0xE6, 0xFB,
    0xFF, 0xDE, 0xBA, 0xFF, 0xB5, 0xB8, 0xFF, 0x94, 0x52, 0xFF, 0x72, 0xEB, 0xFF, 0xF7, 0x3A, 0xFF,
    0xFF, 0xFE, 0xFF, 0xFF, 0xBD, 0xFF, 0xF7, 0x9D, 0xFF, 0xFF, 0xFF, 0xFF, 0x62, 0xCB, 0xFF, 0x6A,
    0xEC, 0xFF, 0xD6, 0x7A, 0xFF, 0xD6, 0x39, 0xFF, 0xAD, 0x15, 0xFF, 0xBD, 0x97, 0xFF, 0xD6, 0x9A,
    0xFF, 0xF7, 0x7D, 0xFF, 0xEF, 0x3C, 0xFF, 0xEF, 0x1C, 0xFF, 0xEF, 0x1C, 0xFF, 0xEF, 0x1C, 0xFF,
    0xEF, 0x3C, 0xFF, 0xE7, 0x1C, 0xFF, 0xF7, 0x7D, 0xFF, 0xE6, 0xDB, 0xFF, 0xAD, 0x15, 0xFF, 0x9C,
    0x93, 0xFF, 0xB5, 0x97, 0xFF, 0xCE, 0x19, 0xFF, 0xE6, 0xDB, 0xFF, 0xEF, 0x3C, 0xFF, 0xF7, 0x5D,
    0xFF, 0xEF, 0x3C, 0xFF, 0xEF, 0x1C, 0xFF, 0xEF, 0x1C, 0xFF, 0xEF, 0x1C, 0xFF, 0xEF, 0x1C, 0xFF,
    0xEF, 0x3C, 0xFF, 0xEF, 0x3C, 0xFF, 0xF7, 0x7D, 0xFF, 0xFF, 0xDF, 0xFF, 0xBD, 0xF7, 0xFF, 0x7B,
    0x8E, 0xFF, 0xCE, 0x38, 0xFF, 0xFF, 0xFE, 0xFF, 0xFF, 0xBD, 0xFF, 0xFF, 0x5C, 0xFF, 0xFF, 0x7B,
    0xFF, 0xFF, 0x7B, 0xFF, 0xFF, 0x5B, 0xFF, 0xFF, 0x5B, 0xFF, 0xFF, 0x5B, 0xFF, 0xFF, 0x7B, 0xFF,
    0xFF, 0x7C, 0xFF, 0xFF, 0x5B, 0xFF, 0xFF, 0x5B, 0xFF, 0xFF, 0x5B, 0xFF, 0xFF, 0x5B, 0xFF, 0xFF,
    0x5B, 0xFF, 0xFF, 0x5B, 0xFF, 0xFF, 0x5B, 0xFF, 0xFF, 0x5B, 0xFF, 0xFF, 0x5B, 0xFF, 0xFF, 0x7B,
    0xFF, 0xFF, 0x7B, 0xFF, 0xFF, 0x7B, 0xFF, 0xFF, 0x7C, 0xFF, 0xFF, 0x7B, 0xFF, 0xFF, 0x7C, 0xFF,
    0xFF, 0x9C, 0xFF, 0xFF, 0x9C, 0xFF, 0xFF, 0x9C, 0xFF, 0xFF, 0x7C, 0xFF, 0xFF, 0x7C, 0xFF, 0xFF,
    0x7C, 0xFF, 0xFF, 0x9C, 0xFF, 0xFF, 0x9C, 0xFF, 0xFF, 0x9C, 0xFF, 0xFF, 0x9C, 0xFF, 0xFF, 0x9C,
    0xFF, 0xFF, 0x9C, 0xFF, 0xFF, 0x9C, 0xFF, 0xFF, 0x9C, 0xFF, 0xFF, 0x9C, 0xFF, 0xFF, 0x9C, 0xFF,
    0xFF, 0x9C, 0xFF, 0xFF, 0x9C, 0xFF, 0xFF, 0x9C, 0xFF, 0xFF, 0x9C, 0xFF, 0xFF, 0x9C, 0xFF, 0xFF,
    0x9C, 0xFF, 0xFF, 0x9C, 0xFF, 0xFF, 0x9C, 0xFF, 0xFF, 0x9C, 0xFF, 0xFF, 0x9C, 0xFF, 0xFF, 0x9C,
    0xFF, 0xFF, 0x9C, 0xFF, 0xFF, 0x9C, 0xFF, 0xFF, 0x9C, 0xFF, 0xFF, 0x9C, 0xFF, 0xFF, 0x9C, 0xFF,
    0xFF, 0x9C, 0xFF, 0xFF, 0x9C, 0xFF, 0xFF, 0x9C, 0xFF, 0xFF, 0x9C, 0xFF, 0xFF, 0x9C, 0xFF, 0xFF,
    0x9C, 0xFF, 0xFF, 0x9C, 0xFF, 0xFF, 0x9C, 0xFF, 0xFF, 0x7C, 0xFF, 0xFF, 0x7C, 0xFF, 0xFF, 0x7C,
    0xFF, 0xFF, 0x7C, 0xFF, 0xFF, 0x7C, 0xFF, 0xFF, 0x7C, 0xFF, 0xFF, 0x7C, 0xFF, 0xFF, 0x7B, 0xFF,
    0xFF, 0x7B, 0xFF, 0xFF, 0x7B, 0xFF, 0xFF, 0x7B, 0xFF, 0xFF, 0x5B, 0xFF, 0xFF, 0x5B, 0xFF, 0xFF,
    0x7B, 0xFF, 0xFF, 0xBC, 0xFF, 0xFF, 0xDD, 0xFF, 0xFF, 0xBD, 0xFF, 0xFF, 0xBD, 0xFF, 0xFF, 0xFF,
    0xFF, 0xFF, 0xFF, 0xFF, 0x8B, 0x8D, 0xFF, 0x30, 0xC3, 0xFF, 0x94, 0x11, 0xFF, 0xBD, 0xD7, 0xFF,
    0xD6, 0x9A, 0xFF, 0xF7, 0x5D, 0xFF, 0xF7, 0x5D, 0xFF, 0xEF, 0x1C, 0xFF, 0xEF, 0x1C, 0xFF, 0xEF,
    0x1C, 0xFF, 0xE7, 0x1C, 0xFF, 0xEF, 0x1C, 0xFF, 0xEF, 0x3C, 0xFF, 0xEF, 0x3C, 0xFF, 0xEF, 0x3C,
    0xFF, 0xEF, 0x3C, 0xFF, 0xF7, 0x7D, 0xFF, 0xDE, 0xDB, 0xFF, 0xCE, 0x39, 0xFF, 0xE6, 0xFB, 0xFF,
    0xFF, 0xBE, 0xFF, 0xEF, 0x5D, 0xFF, 0xA4, 0xF3, 0xFF, 0x84, 0x0F, 0xFF, 0xEF, 0x5C, 0xFF, 0xE6,
    0xFB, 0xFF, 0xEF, 0x3C, 0xFF, 0xEF, 0x5C, 0xFF, 0xFF, 0xDF, 0xFF, 0xCE, 0x59, 0xFF, 0x7B, 0xCF,
    0xFF, 0xC6, 0x18, 0xFF, 0xFF, 0xDE, 0xFF, 0xE7, 0x1C, 0xFF, 0xEF, 0x5D, 0xFF, 0xEF, 0x1C, 0xFF,
    0xA5, 0x14, 0xFF, 0xA4, 0xD3, 0xFF, 0xF7, 0x7D, 0xFF, 0xE7, 0x1B, 0xFF, 0xE7, 0x1C, 0xFF, 0xEF,
    0x1C, 0xFF, 0xEF, 0x3C, 0xFF, 0xEF, 0x3C, 0xFF, 0xEF, 0x3C, 0xFF, 0xEF, 0x3C, 0xFF, 0xEF, 0x3C,
    0xFF, 0xEF, 0x3C, 0xFF, 0xF7, 0x9D, 0xFE, 0xFF, 0xDF, 0xD9, 0x8C, 0x71, 0x72, 0x00, 0x20, 0x31,
    0x00, 0x00, 0x21, 0x00, 0x00, 0x04, 0x00, 0x00, 0x00, 0x00, 0x00, 0x01, 0xFF, 0xFF, 0x01, 0x00,
    0x00, 0x07, 0xDE, 0x57, 0x84, 0xB5, 0x12, 0xFD, 0x62, 0xCA, 0xFC, 0xCE, 0x59, 0xFF, 0xFF, 0xDF,
    0xFF, 0xEF, 0x3C, 0xFF, 0xEF, 0x5D, 0xFF, 0xEF, 0x5D, 0xFF, 0xF7, 0x7D, 0xFF, 0xCE, 0x59, 0xFF,
    0xB5, 0x97, 0xFF, 0xB5, 0x76, 0xFF, 0xCE, 0x59, 0xFF, 0xDE, 0x9A, 0xFF, 0xBD, 0xF9, 0xFF, 0x8C,
    0x11, 0xFF, 0x7B, 0x2B, 0xFF, 0xFF, 0x9C, 0xFF, 0xFF, 0xDE, 0xFF, 0xFF, 0xBD, 0xFF, 0xF7, 0x7C,
    0xFF, 0xFF, 0xFF, 0xFF, 0xA4, 0xF3, 0xFF, 0x4A, 0x29, 0xFF, 0xAD, 0x15, 0xFF, 0xD6, 0x7A, 0xFF,
    0xAD, 0x15, 0xFF, 0xB5, 0x56, 0xFF, 0xC5, 0xD8, 0xFF, 0xEF, 0x1C, 0xFF, 0xEF, 0x5D, 0xFF, 0xEF,
    0x1C, 0xFF, 0xEF, 0x3C, 0xFF, 0xEF, 0x3C, 0xFF, 0xEF, 0x3C, 0xFF, 0xEF, 0x3C, 0xFF, 0xEF, 0x3C,
    0xFF, 0xF7, 0x9E, 0xFF, 0xDE, 0xBB, 0xFF, 0xA4, 0xF5, 0xFF, 0x9C, 0xB4, 0xFF, 0xB5, 0x76, 0xFF,
    0xCE, 0x18, 0xFF, 0xDE, 0x9B, 0xFF, 0xEF, 0x1C, 0xFF, 0xEF, 0x3C, 0xFF, 0xEF, 0x3C, 0xFF, 0xEF,
    0x3C, 0xFF, 0xEF, 0x1C, 0xFF, 0xEF, 0x1C, 0xFF, 0xEF, 0x3C, 0xFF, 0xEF, 0x5D, 0xFF, 0xEF, 0x3D,
    0xFF, 0xF7, 0x7D, 0xFF, 0xFF, 0xFF, 0xFF, 0xBD, 0xF8, 0xFF, 0x83, 0xCE, 0xFF, 0xCE, 0x37, 0xFF,
    0xFF, 0xBD, 0xFF, 0xFF, 0xBC, 0xFF, 0xFF, 0x5B, 0xFF, 0xFF, 0x3B, 0xFF, 0xFF, 0x5B, 0xFF, 0xFF,
    0x5B, 0xFF, 0xFF, 0x5B, 0xFF, 0xFF, 0x7B, 0xFF, 0xFF, 0x7C, 0xFF, 0xFF, 0x7C, 0xFF, 0xFF, 0x7B,
    0xFF, 0xFF, 0x5B, 0xFF, 0xFF, 0x5B, 0xFF, 0xFF, 0x5B, 0xFF, 0xFF, 0x5B, 0xFF, 0xFF, 0x5B, 0xFF,
    0xFF, 0x5B, 0xFF, 0xFF, 0x5B, 0xFF, 0xFF, 0x5B, 0xFF, 0xFF, 0x7B, 0xFF, 0xFF, 0x7B, 0xFF, 0xFF,
    0x7C, 0xFF, 0xFF, 0x7B, 0xFF, 0xFF, 0x9C, 0xFF, 0xFF, 0x9C, 0xFF, 0xFF, 0x7C, 0xFF, 0xFF, 0x7C,
    0xFF, 0xFF, 0x7C, 0xFF, 0xFF, 0x9C, 0xFF, 0xFF, 0x9C, 0xFF, 0xFF, 0x9C, 0xFF, 0xFF, 0x9C, 0xFF,
    0xFF, 0x9C, 0xFF, 0xFF, 0x9C, 0xFF, 0xFF, 0x9C, 0xFF, 0xFF, 0x9C, 0xFF, 0xFF, 0x9C, 0xFF, 0xFF,
    0x9C, 0xFF, 0xFF, 0x9C, 0xFF, 0xFF, 0x9C, 0xFF, 0xFF, 0x9C, 0xFF, 0xFF, 0x9C, 0xFF, 0xFF, 0x9C,
    0xFF, 0xFF, 0x9C, 0xFF, 0xFF, 0x9C, 0xFF, 0xFF, 0x9C, 0xFF, 0xFF, 0x9C, 0xFF, 0xFF, 0x9C, 0xFF,
    0xFF, 0x9C, 0xFF, 0xFF, 0x9C, 0xFF, 0xFF, 0x9C, 0xFF, 0xFF, 0x9C, 0xFF, 0xFF, 0x7C, 0xFF, 0xFF,
    0x7C, 0xFF, 0xFF, 0x9C, 0xFF, 0xFF, 0x9C, 0xFF, 0xFF, 0x9C, 0xFF, 0xFF, 0x9C, 0xFF, 0xFF, 0x9C,
    0xFF, 0xFF, 0x9C, 0xFF, 0xFF, 0x9C, 0xFF, 0xFF, 0x9C, 0xFF, 0xFF, 0x9C, 0xFF, 0xFF, 0x7C, 0xFF,
    0xFF, 0x9C, 0xFF, 0xFF, 0x7C, 0xFF, 0xFF, 0x9C, 0xFF, 0xFF, 0x9C, 0xFF, 0xFF, 0x7C, 0xFF, 0xFF,
    0x7C, 0xFF, 0xFF, 0x7C, 0xFF, 0xFF, 0x7C, 0xFF, 0xFF, 0x7C, 0xFF, 0xFF, 0x7C, 0xFF, 0xFF, 0x7B,
    0xFF, 0xFF, 0x7B, 0xFF, 0xFF, 0x7B, 0xFF, 0xFF, 0x7B, 0xFF, 0xFF, 0x7B, 0xFF, 0xFF, 0x9C, 0xFF,
    0xFF, 0xBD, 0xFF, 0xFF, 0xDE, 0xFF, 0xFF, 0xFF, 0xFF, 0xDE, 0xDA, 0xFF, 0x49, 0xA6, 0xFF, 0x5A,
    0x29, 0xFF, 0x9C, 0x73, 0xFF, 0xDE, 0xBB, 0xFF, 0xF7, 0x9D, 0xFF, 0xEF, 0x5D, 0xFF, 0xEF, 0x3C,
    0xFF, 0xEF, 0x3C, 0xFF, 0xEF, 0x3C, 0xFF, 0xEF, 0x3C, 0xFF, 0xEF, 0x1C, 0xFF, 0xEF, 0x1C, 0xFF,
    0xEF, 0x3C, 0xFF, 0xEF, 0x3C, 0xFF, 0xEF, 0x3D, 0xFF, 0xEF, 0x5D, 0xFF, 0xF7, 0x7D, 0xFF, 0xCE,
    0x39, 0xFF, 0xD6, 0x7A, 0xFF, 0xEF, 0x3C, 0xFF, 0xFF, 0xDF, 0xFF, 0xE6, 0xFB, 0xFF, 0x8C, 0x51,
    0xFF, 0x9C, 0xD2, 0xFF, 0xF7, 0x7C, 0xFF, 0xE6, 0xFB, 0xFF, 0xEF, 0x5C, 0xFF, 0xEF, 0x3C, 0xFF,
    0xFF, 0xFF, 0xFF, 0xBD, 0xB6, 0xFF, 0x8C, 0x30, 0xFF, 0xDE, 0xBA, 0xFF, 0xFF, 0xBE, 0xFF, 0xE7,
    0x1C, 0xFF, 0xF7, 0x9E, 0xFF, 0xCE, 0x39, 0xFF, 0x8C, 0x30, 0xFF, 0xDE, 0xBA, 0xFF, 0xF7, 0x7D,
    0xFF, 0xE6, 0xFB, 0xFF, 0xEF, 0x1C, 0xFF, 0xEF, 0x1C, 0xFF, 0xEF, 0x3C, 0xFF, 0xEF, 0x3C, 0xFF,
    0xEF, 0x3C, 0xFF, 0xEF, 0x3C, 0xFF, 0xEF, 0x3C, 0xFF, 0xEF, 0x3C, 0xFF, 0xF7, 0x7D, 0xF7, 0xEF,
    0x7D, 0xAF, 0x29, 0x65, 0x38, 0x08, 0x61, 0x27, 0x00, 0x00, 0x21, 0x00, 0x00, 0x04, 0x00, 0x00,
    0x00, 0x00, 0x00, 0x01, 0xFF, 0xFF, 0x02, 0x00, 0x00, 0x09, 0xBD, 0x32, 0x6E, 0x9C, 0x0E, 0xCD,
    0x6A, 0xEB, 0xDD, 0xDE, 0xBA, 0xFD, 0xFF, 0xBE, 0xFF, 0xEF, 0x3C, 0xFF, 0xEF, 0x5D, 0xFF, 0xEF,
    0x5D, 0xFF, 0xF7, 0x9D, 0xFF, 0xD6, 0x9A, 0xFF, 0xBD, 0x97, 0xFF, 0xB5, 0x76, 0xFF, 0xBD, 0x97,
    0xFF, 0xCE, 0x19, 0xFF, 0xBD, 0xF8, 0xFF, 0x7B, 0x8F, 0xFF, 0x83, 0x4C, 0xFF, 0xFF, 0xDD, 0xFF,
    0xFF, 0xDE, 0xFF, 0xFF, 0x9D, 0xFF, 0xFF, 0x9C, 0xFF, 0xFF, 0xFE, 0xFF, 0xD6, 0x78, 0xFF, 0x31,
    0x45, 0xFF, 0x5A, 0x6B, 0xFF, 0xC5, 0xF8, 0xFF, 0xB5, 0x77, 0xFF, 0xAD, 0x15, 0xFF, 0xB5, 0x56,
    0xFF, 0xD6, 0x5A, 0xFF, 0xEF, 0x5D, 0xFF, 0xEF, 0x3C, 0xFF, 0xEF, 0x3C, 0xFF, 0xEF, 0x3C, 0xFF,
    0xEF, 0x3C, 0xFF, 0xEF, 0x3C, 0xFF, 0xEF, 0x3C, 0xFF, 0xEF, 0x5D, 0xFF, 0xF7, 0x9E, 0xFF, 0xDE,
    0xDB, 0xFF, 0xAD, 0x36, 0xFF, 0xA4, 0xD4, 0xFF, 0xAD, 0x35, 0xFF, 0xC5, 0xD8, 0xFF, 0xCE, 0x39,
    0xFF, 0xDE, 0x9B, 0xFF, 0xE6, 0xFC, 0xFF, 0xEF, 0x3C, 0xFF, 0xEF, 0x1C, 0xFF, 0xEF, 0x1C, 0xFF,
    0xEF, 0x3C, 0xFF, 0xEF, 0x3D, 0xFF, 0xEF, 0x7D, 0xFF, 0xEF, 0x7D, 0xFF, 0xF7, 0x7D, 0xFF, 0xFF,
    0xFF, 0xFF, 0xC6, 0x38, 0xFF, 0x83, 0xEF, 0xFF, 0xBD, 0xD6, 0xFF, 0xF7, 0x7B, 0xFF, 0xFF, 0x9B,
    0xFF, 0xFF, 0x5B, 0xFF, 0xFF, 0x5B, 0xFF, 0xFF, 0x5B, 0xFF, 0xFF, 0x5C, 0xFF, 0xFF, 0x7C, 0xFF,
    0xFF, 0x7C, 0xFF, 0xFF, 0x7C, 0xFF, 0xFF, 0x7B, 0xFF, 0xFF, 0x5B, 0xFF, 0xFF, 0x5B, 0xFF, 0xFF,
    0x5B, 0xFF, 0xFF, 0x5B, 0xFF, 0xFF, 0x5B, 0xFF, 0xFF, 0x5B, 0xFF, 0xFF, 0x5B, 0xFF, 0xFF, 0x5B,
    0xFF, 0xFF, 0x7B, 0xFF, 0xFF, 0x7C, 0xFF, 0xFF, 0x7C, 0xFF, 0xFF, 0x7C, 0xFF, 0xFF, 0x9C, 0xFF,
    0xFF, 0x9C, 0xFF, 0xFF, 0x7C, 0xFF, 0xFF, 0x7C, 0xFF, 0xFF, 0x7C, 0xFF, 0xFF, 0x9C, 0xFF, 0xFF,
    0x9C, 0xFF, 0xFF, 0x9C, 0xFF, 0xFF, 0x9C, 0xFF, 0xFF, 0x9C, 0xFF, 0xFF, 0x9C, 0xFF, 0xFF, 0x9C,
    0xFF, 0xFF, 0x9C, 0xFF, 0xFF, 0x9C, 0xFF, 0xFF, 0x9C, 0xFF, 0xFF, 0x9C, 0xFF, 0xFF, 0x9C, 0xFF,
    0xFF, 0x9C, 0xFF, 0xFF, 0x9C, 0xFF, 0xFF, 0x9C, 0xFF, 0xFF, 0x9C, 0xFF, 0xFF, 0x9C, 0xFF, 0xFF,
    0x9C, 0xFF, 0xFF, 0x9C, 0xFF, 0xFF, 0x9C, 0xFF, 0xFF, 0x9C, 0xFF, 0xFF, 0x9C, 0xFF, 0xFF, 0x7C,
    0xFF, 0xFF, 0x7C, 0xFF, 0xFF, 0x7C, 0xFF, 0xFF, 0x9C, 0xFF, 0xFF, 0x9C, 0xFF, 0xFF, 0x9C, 0xFF,
    0xFF, 0x9C, 0xFF, 0xFF, 0x9C, 0xFF, 0xFF, 0x9C, 0xFF, 0xFF, 0x9C, 0xFF, 0xFF, 0x9C, 0xFF, 0xFF,
    0x9C, 0xFF, 0xFF, 0x9C, 0xFF, 0xFF, 0x7C, 0xFF, 0xFF, 0x9C, 0xFF, 0xFF, 0x7C, 0xFF, 0xFF, 0x7C,
    0xFF, 0xFF, 0x9C, 0xFF, 0xFF, 0x9C, 0xFF, 0xFF, 0x9C, 0xFF, 0xFF, 0x9C, 0xFF, 0xFF, 0x7C, 0xFF,
    0xFF, 0x7C, 0xFF, 0xFF, 0x7C, 0xFF, 0xFF, 0x7B, 0xFF, 0xFF, 0x7B, 0xFF, 0xFF, 0x7B, 0xFF, 0xFF,
    0x7B, 0xFF, 0xFF, 0x7B, 0xFF, 0xFF, 0x7C, 0xFF, 0xF7, 0x7C, 0xFF, 0xFF, 0xDE, 0xFF, 0xFF, 0xFF,
    0xFF, 0xAD, 0x12, 0xFF, 0x41, 0x65, 0xFF, 0x83, 0x6E, 0xFF, 0xA4, 0xF4, 0xFF, 0xE7, 0x1C, 0xFF,
    0xEF, 0x3C, 0xFF, 0xEF, 0x3C, 0xFF, 0xEF, 0x3D, 0xFF, 0xEF, 0x3C, 0xFF, 0xEF, 0x3C, 0xFF, 0xEF,
    0x3C, 0xFF, 0xEF, 0x3C, 0xFF, 0xEF, 0x3C, 0xFF, 0xEF, 0x3C, 0xFF, 0xEF, 0x3C, 0xFF, 0xEF, 0x5D,
    0xFF, 0xF7, 0x7E, 0xFF, 0xE6, 0xFB, 0xFF, 0xC5, 0xD7, 0xFF, 0xE6, 0xFB, 0xFF, 0xF7, 0x7D, 0xFF,
    0xFF, 0xFF, 0xFF, 0xCE, 0x59, 0xFF, 0x7B, 0xCE, 0xFF, 0xBD, 0xD6, 0xFF, 0xEF, 0x5C, 0xFF, 0xE6,
    0xFB, 0xFF, 0xEF, 0x5C, 0xFF, 0xEF, 0x3C, 0xFF, 0xFF, 0xFF, 0xFF, 0xA4, 0xF3, 0xFF, 0x94, 0x92,
    0xFF, 0xE7, 0x1C, 0xFF, 0xF7, 0x9E, 0xFF, 0xF7, 0x9E, 0xFF, 0xEF, 0x1C, 0xFF, 0x9C, 0xD3, 0xFF,
    0xAD, 0x34, 0xFF, 0xFF, 0xDF, 0xFF, 0xEF, 0x3C, 0xFF, 0xEF, 0x1C, 0xFF, 0xEF, 0x1C, 0xFF, 0xEF,
    0x1C, 0xFF, 0xEF, 0x3C, 0xFF, 0xEF, 0x3C, 0xFF, 0xEF, 0x1C, 0xFF, 0xEF, 0x1C, 0xFF, 0xE6, 0xFB,
    0xFF, 0xEF, 0x5D, 0xFF, 0xF7, 0x9E, 0xE2, 0xBD, 0xD7, 0x7E, 0x00, 0x00, 0x15, 0x00, 0x20, 0x21,
    0x00, 0x00, 0x21, 0x00, 0x00, 0x04, 0x00, 0x00, 0x00, 0x00, 0x00, 0x01, 0xF8, 0x00, 0x01, 0x00,
    0x00, 0x00, 0x38, 0xE2, 0x22, 0x18, 0x00, 0x42, 0x83, 0xEF, 0x82, 0xDE, 0xDB, 0xF3, 0xF7, 0x9E,
    0xFD, 0xEF, 0x3C, 0xFF, 0xEF, 0x5D, 0xFF, 0xEF, 0x5D, 0xFF, 0xF7, 0x9E, 0xFF, 0xDE, 0xDB, 0xFF,
    0xBD, 0xB7, 0xFF, 0xB5, 0x76, 0xFF, 0xB5, 0x97, 0xFF, 0xC5, 0xF8, 0xFF, 0xB5, 0x77, 0xFF, 0x6B,
    0x2E, 0xFF, 0x8B, 0xEE, 0xFF, 0xFF, 0xFF, 0xFF, 0xF7, 0xBE, 0xFF, 0xFF, 0x9D, 0xFF, 0xFF, 0x9C,
    0xFF, 0xFF, 0xDD, 0xFF, 0xF7, 0x7C, 0xFF, 0x52, 0x48, 0xFF, 0x08, 0x41, 0xFF, 0x83, 0xF0, 0xFF,
    0xC5, 0xD8, 0xFF, 0xAD, 0x15, 0xFF, 0xAD, 0x36, 0xFF, 0xBD, 0x97, 0xFF, 0xE6, 0xDB, 0xFF, 0xEF,
    0x3D, 0xFF, 0xEF, 0x3C, 0xFF, 0xEF, 0x3C, 0xFF, 0xEF, 0x3C, 0xFF, 0xEF, 0x5D, 0xFF, 0xEF, 0x5D,
    0xFF, 0xEF, 0x5D, 0xFF, 0xF7, 0x9E, 0xFF, 0xF7, 0x9E, 0xFF, 0xDE, 0x9A, 0xFF, 0xBD, 0x97, 0xFF,
    0xA4, 0xD4, 0xFF, 0x8C, 0x31, 0xFF, 0xA4, 0xD4, 0xFF, 0xBD, 0x97, 0xFF, 0xCE, 0x19, 0xFF, 0xDE,
    0x9A, 0xFF, 0xE6, 0xFC, 0xFF, 0xEF, 0x1C, 0xFF, 0xEF, 0x3C, 0xFF, 0xEF, 0x3C, 0xFF, 0xEF, 0x5D,
    0xFF, 0xF7, 0x7D, 0xFF, 0xEF, 0x7D, 0xFF, 0xEF, 0x7D, 0xFF, 0xFF, 0xFF, 0xFF, 0xDE, 0xDB, 0xFF,
    0x8C, 0x31, 0xFF, 0x9C, 0xD2, 0xFF, 0xE6, 0xD9, 0xFF, 0xFF, 0x9C, 0xFF, 0xFF, 0x7B, 0xFF, 0xFF,
    0x5B, 0xFF, 0xFF, 0x5B, 0xFF, 0xFF, 0x7C, 0xFF, 0xFF, 0x7C, 0xFF, 0xFF, 0x7B, 0xFF, 0xFF, 0x5B,
    0xFF, 0xFF, 0x5B, 0xFF, 0xFF, 0x5B, 0xFF, 0xFF, 0x5B, 0xFF, 0xFF, 0x5B, 0xFF, 0xFF, 0x5B, 0xFF,
    0xFF, 0x5B, 0xFF, 0xFF, 0x5B, 0xFF, 0xFF, 0x7B, 0xFF, 0xFF, 0x7B, 0xFF, 0xFF, 0x7B, 0xFF, 0xFF,
    0x7C, 0xFF, 0xFF, 0x7C, 0xFF, 0xFF, 0x7C, 0xFF, 0xFF, 0x9C, 0xFF, 0xFF, 0x9C, 0xFF, 0xFF, 0x9C,
    0xFF, 0xFF, 0x9C, 0xFF, 0xFF, 0x9C, 0xFF, 0xFF, 0x9C, 0xFF, 0xFF, 0x9C, 0xFF, 0xFF, 0x9C, 0xFF,
    0xFF, 0x9C, 0xFF, 0xFF, 0x9C, 0xFF, 0xFF, 0x9C, 0xFF, 0xFF, 0x9C, 0xFF, 0xFF, 0x9C, 0xFF, 0xFF,
    0x9C, 0xFF, 0xFF, 0x9C, 0xFF, 0xFF, 0x9C, 0xFF, 0xFF, 0x9C, 0xFF, 0xFF, 0x9C, 0xFF, 0xFF, 0x9C,
    0xFF, 0xFF, 0x9C, 0xFF, 0xFF, 0xBD, 0xFF, 0xFF, 0x9D, 0xFF, 0xFF, 0x9D, 0xFF, 0xFF, 0x9C, 0xFF,
    0xFF, 0x9C, 0xFF, 0xFF, 0x9C, 0xFF, 0xFF, 0x9C, 0xFF, 0xFF, 0x9C, 0xFF, 0xFF, 0x9C, 0xFF, 0xFF,
    0x9C, 0xFF, 0xFF, 0x9C, 0xFF, 0xFF, 0x9C, 0xFF, 0xFF, 0x9C, 0xFF, 0xFF, 0x9C, 0xFF, 0xFF, 0x9C,
    0xFF, 0xFF, 0x9C, 0xFF, 0xFF, 0x9C, 0xFF, 0xFF, 0x7C, 0xFF, 0xFF, 0x7C, 0xFF, 0xFF, 0x7C, 0xFF,
    0xFF, 0x7C, 0xFF, 0xFF, 0x9C, 0xFF, 0xFF, 0x9C, 0xFF, 0xFF, 0x9C, 0xFF, 0xFF, 0x9C, 0xFF, 0xFF,
    0x9C, 0xFF, 0xFF, 0x9C, 0xFF, 0xFF, 0x9C, 0xFF, 0xFF, 0x9C, 0xFF, 0xFF, 0x9C, 0xFF, 0xFF, 0x7C,
    0xFF, 0xFF, 0x7B, 0xFF, 0xFF, 0x7B, 0xFF, 0xFF, 0x7B, 0xFF, 0xFF, 0x7B, 0xFF, 0xFF, 0x9C, 0xFF,
    0xF7, 0x7C, 0xFF, 0xFF, 0xFF, 0xFF, 0xDE, 0xBA, 0xFF, 0x5A, 0x28, 0xFF, 0x62, 0xAB, 0xFF, 0x7B,
    0x6E, 0xFF, 0xBD, 0x97, 0xFF, 0xDE, 0xDB, 0xFF, 0xDE, 0xDB, 0xFF, 0xEF, 0x3D, 0xFF, 0xEF, 0x5D,
    0xFF, 0xEF, 0x3C, 0xFF, 0xEF, 0x3C, 0xFF, 0xEF, 0x3C, 0xFF, 0xEF, 0x3C, 0xFF, 0xEF, 0x3C, 0xFF,
    0xEF, 0x3C, 0xFF, 0xEF, 0x5D, 0xFF, 0xEF, 0x5D, 0xFF, 0xF7, 0x7E, 0xFF, 0xC6, 0x18, 0xFF, 0xCE,
    0x18, 0xFF, 0xEF, 0x5D, 0xFF, 0xF7, 0x7D, 0xFF, 0xFF, 0xFF, 0xFF, 0xB5, 0xB6, 0xFF, 0x73, 0xAE,
    0xFF, 0xDE, 0xBA, 0xFF, 0xEF, 0x3C, 0xFF, 0xE7, 0x1B, 0xFF, 0xEF, 0x3C, 0xFF, 0xEF, 0x5D, 0xFF,
    0xFF, 0xBE, 0xFF, 0x8C, 0x31, 0xFF, 0xA4, 0xF4, 0xFF, 0xEF, 0x3C, 0xFF, 0xF7, 0x9E, 0xFF, 0xFF,
    0xBE, 0xFF, 0xBD, 0xB6, 0xFF, 0x94, 0x71, 0xFF, 0xEF, 0x3C, 0xFF, 0xF7, 0x9E, 0xFF, 0xEF, 0x3C,
    0xFF, 0xEF, 0x3C, 0xFF, 0xEF, 0x3C, 0xFF, 0xEF, 0x3C, 0xFF, 0xEF, 0x3C, 0xFF, 0xEF, 0x3B, 0xFF,
    0xEF, 0x3B, 0xFF, 0xE7, 0x1B, 0xFE, 0xE6, 0xFB, 0xFF, 0xF7, 0x7D, 0xF6, 0xEF, 0x5D, 0xB5, 0x4A,
    0x49, 0x43, 0x18, 0xC3, 0x0A, 0x00, 0x20, 0x21, 0x00, 0x00, 0x21, 0x00, 0x00, 0x04, 0x00, 0x00,
    0x00, 0x00, 0x00, 0x00, 0x00, 0x00, 0x00, 0x00, 0x00, 0x00, 0xBD, 0xF7, 0x04, 0x39, 0xE7, 0x04,
    0x83, 0xCF, 0x57, 0xD6, 0x9A, 0xEC, 0xFF, 0x9E, 0xFC, 0xEF, 0x3C, 0xFE, 0xEF, 0x5D, 0xFF, 0xEF,
    0x5D, 0xFF, 0xF7, 0x9D, 0xFF, 0xE7, 0x1C, 0xFF, 0xBD, 0xD7, 0xFF, 0xB5, 0x76, 0xFF, 0xB5, 0x76,
    0xFF, 0xC5, 0xF8, 0xFF, 0xAD, 0x36, 0xFF, 0x6B, 0x0D, 0xFF, 0xAC, 0xD2, 0xFF, 0xFF, 0xFF, 0xFF,
    0xF7, 0x9D, 0xFF, 0xFF, 0x9C, 0xFF, 0xFF, 0xBC, 0xFF, 0xFF, 0x9C, 0xFF, 0xFF, 0xFE, 0xFF, 0x8C,
    0x0F, 0xFF, 0x10, 0x21, 0xFF, 0x41, 0xE8, 0xFF, 0xAD, 0x15, 0xFF, 0xBD, 0x97, 0xFF, 0xAD, 0x15,
    0xFF, 0xB5, 0x36, 0xFF, 0xC5, 0xF8, 0xFF, 0xEF, 0x3C, 0xFF, 0xEF, 0x3D, 0xFF, 0xEF, 0x3C, 0xFF,
    0xEF, 0x5D, 0xFF, 0xEF, 0x5D, 0xFF, 0xEF, 0x5D, 0xFF, 0xEF, 0x5D, 0xFF, 0xEF, 0x5D, 0xFF, 0xF7,
    0x9E, 0xFF, 0xF7, 0x7D, 0xFF, 0xD6, 0x79, 0xFF, 0xBD, 0xB7, 0xFF, 0xAD, 0x15, 0xFF, 0x83, 0xD0,
    0xFF, 0x83, 0xB0, 0xFF, 0xA4, 0xB4, 0xFF, 0xBD, 0x97, 0xFF, 0xCE, 0x39, 0xFF, 0xDE, 0xBA, 0xFF,
    0xE7, 0x1C, 0xFF, 0xEF, 0x5D, 0xFF, 0xEF, 0x5D, 0xFF, 0xEF, 0x5D, 0xFF, 0xEF, 0x7D, 0xFF, 0xEF,
    0x5D, 0xFF, 0xEF, 0x5D, 0xFF, 0xFF, 0xBE, 0xFF, 0xEF, 0x7D, 0xFF, 0xA5, 0x14, 0xFF, 0x8C, 0x31,
    0xFF, 0xBD, 0xD6, 0xFF, 0xF7, 0x5B, 0xFF, 0xFF, 0xBD, 0xFF, 0xFF, 0x9C, 0xFF, 0xFF, 0x7C, 0xFF,
    0xFF, 0x7C, 0xFF, 0xFF, 0x7B, 0xFF, 0xFF, 0x5B, 0xFF, 0xFF, 0x5B, 0xFF, 0xFF, 0x5B, 0xFF, 0xFF,
    0x5B, 0xFF, 0xFF, 0x5B, 0xFF, 0xFF, 0x5B, 0xFF, 0xFF, 0x5B, 0xFF, 0xFF, 0x7B, 0xFF, 0xFF, 0x7B,
    0xFF, 0xFF, 0x7B, 0xFF, 0xFF, 0x7B, 0xFF, 0xFF, 0x7C, 0xFF, 0xFF, 0x7C, 0xFF, 0xFF, 0x7C, 0xFF,
    0xFF, 0x9C, 0xFF, 0xFF, 0x9C, 0xFF, 0xFF, 0x9C, 0xFF, 0xFF, 0x9C, 0xFF, 0xFF, 0x9C, 0xFF, 0xFF,
    0x9C, 0xFF, 0xFF, 0x9C, 0xFF, 0xFF, 0x9C, 0xFF, 0xFF, 0x9C, 0xFF, 0xFF, 0x9C, 0xFF, 0xFF, 0x9C,
    0xFF, 0xFF, 0x9C, 0xFF, 0xFF, 0x9C, 0xFF, 0xFF, 0x9C, 0xFF, 0xFF, 0x9C, 0xFF, 0xFF, 0x9C, 0xFF,
    0xFF, 0x9C, 0xFF, 0xFF, 0x9C, 0xFF, 0xFF, 0x9C, 0xFF, 0xFF, 0xBD, 0xFF, 0xFF, 0xBD, 0xFF, 0xFF,
    0xDE, 0xFF, 0xFF, 0xDD, 0xFF, 0xFF, 0xBD, 0xFF, 0xFF, 0x9C, 0xFF, 0xFF, 0x9C, 0xFF, 0xFF, 0x9C,
    0xFF, 0xFF, 0x9C, 0xFF, 0xFF, 0x7C, 0xFF, 0xFF, 0x7C, 0xFF, 0xFF, 0x9C, 0xFF, 0xFF, 0x9C, 0xFF,
    0xFF, 0x9C, 0xFF, 0xFF, 0x9C, 0xFF, 0xFF, 0x9C, 0xFF, 0xFF, 0x9C, 0xFF, 0xFF, 0x9C, 0xFF, 0xFF,
    0x9C, 0xFF, 0xFF, 0x9C, 0xFF, 0xFF, 0x7C, 0xFF, 0xFF, 0x7C, 0xFF, 0xFF, 0x9C, 0xFF, 0xFF, 0x9C,
    0xFF, 0xFF, 0x9C, 0xFF, 0xFF, 0x9C, 0xFF, 0xFF, 0x9C, 0xFF, 0xFF, 0x9C, 0xFF, 0xFF, 0x9C, 0xFF,
    0xFF, 0x9C, 0xFF, 0xFF, 0x9C, 0xFF, 0xFF, 0x9C, 0xFF, 0xFF, 0x7C, 0xFF, 0xFF, 0x7B, 0xFF, 0xFF,
    0x7B, 0xFF, 0xFF, 0x7B, 0xFF, 0xF7, 0x7B, 0xFF, 0xFF, 0xFE, 0xFF, 0xF7, 0x9D, 0xFF, 0x83, 0xCE,
    0xFF, 0x31, 0x25, 0xFF, 0x83, 0xAF, 0xFF, 0x73, 0x6E, 0xFF, 0xCE, 0x5A, 0xFF, 0xD6, 0x7A, 0xFF,
    0xDE, 0xDB, 0xFF, 0xEF, 0x3C, 0xFF, 0xEF, 0x5C, 0xFF, 0xEF, 0x3C, 0xFF, 0xEF, 0x3C, 0xFF, 0xEF,
    0x3C, 0xFF, 0xEF, 0x3C, 0xFF, 0xEF, 0x3C, 0xFF, 0xEF, 0x3C, 0xFF, 0xEF, 0x5D, 0xFF, 0xF7, 0x7D,
    0xFF, 0xE6, 0xDB, 0xFF, 0xB5, 0x76, 0xFF, 0xDE, 0xBB, 0xFF, 0xF7, 0x7D, 0xFF, 0xF7, 0x7D, 0xFF,
    0xF7, 0xBE, 0xFF, 0x94, 0xB2, 0xFF, 0x7B, 0xEE, 0xFF, 0xF7, 0x7C, 0xFF, 0xE7, 0x1B, 0xFF, 0xE7,
    0x1C, 0xFF, 0xEF, 0x5C, 0xFF, 0xF7, 0xBE, 0xFF, 0xE6, 0xFB, 0xFF, 0x7B, 0xAF, 0xFF, 0xBD, 0xD7,
    0xFF, 0xF7, 0x7D, 0xFF, 0xFF, 0xFF, 0xFF, 0xD6, 0x79, 0xFF, 0x94, 0x71, 0xFF, 0xCE, 0x38, 0xFF,
    0xFF, 0xFF, 0xFF, 0xEF, 0x3C, 0xFF, 0xEF, 0x5D, 0xFF, 0xEF, 0x3C, 0xFF, 0xEF, 0x3C, 0xFF, 0xEF,
    0x3C, 0xFF, 0xEF, 0x3C, 0xFF, 0xE7, 0x1B, 0xFF, 0xE7, 0x1B, 0xFF, 0xE6, 0xFA, 0xFE, 0xEF, 0x3C,
    0xFF, 0xEF, 0x5D, 0xE0, 0xBD, 0xB6, 0x7C, 0x00, 0x00, 0x11, 0x7B, 0xEF, 0x04, 0x00, 0x20, 0x21,
    0x00, 0x00, 0x21, 0x00, 0x00, 0x04, 0x00, 0x00, 0x00, 0x00, 0x00, 0x00, 0x00, 0x00, 0x00, 0x00,
    0x00, 0x01, 0xFF, 0xFF, 0x01, 0x00, 0x00, 0x00, 0x73, 0x6D, 0x4B, 0xCE, 0x38, 0xE0, 0xFF, 0x9E,
    0xFC, 0xE7, 0x1C, 0xFE, 0xEF, 0x3C, 0xFF, 0xEF, 0x5D, 0xFF, 0xEF, 0x7D, 0xFF, 0xEF, 0x5D, 0xFF,
    0xC5, 0xF8, 0xFF, 0xB5, 0x56, 0xFF, 0xB5, 0x56, 0xFF, 0xC5, 0xD8, 0xFF, 0xA4, 0xF5, 0xFA, 0x73,
    0x2D, 0xEF, 0xC5, 0xB5, 0xF7, 0xFF, 0xFF, 0xFF, 0xFF, 0xDE, 0xFE, 0xFF, 0xDD, 0xFE, 0xFF, 0xDD,
    0xFE, 0xFF, 0x9C, 0xFF, 0xFF, 0xFF, 0xFE, 0xAD, 0x54, 0xFE, 0x5A, 0x89, 0xFE, 0x39, 0xA7, 0xFF,
    0x6B, 0x2E, 0xFF, 0xC5, 0xD8, 0xFF, 0xB5, 0x56, 0xFF, 0xAD, 0x36, 0xFF, 0xB5, 0x56, 0xFF, 0xDE,
    0x9A, 0xFF, 0xF7, 0x5D, 0xFF, 0xEF, 0x5D, 0xFF, 0xEF, 0x5D, 0xFF, 0xEF, 0x5D, 0xFF, 0xEF, 0x5D,
    0xFF, 0xEF, 0x5D, 0xFF, 0xF7, 0x5D, 0xFF, 0xEF, 0x5D, 0xFF, 0xF7, 0x9E, 0xFF, 0xF7, 0x7D, 0xFF,
    0xCE, 0x39, 0xFF, 0xB5, 0x76, 0xFF, 0xBD, 0x97, 0xFF, 0x9C, 0x93, 0xFF, 0x7B, 0x6F, 0xFF, 0x7B,
    0x4F, 0xFF, 0x94, 0x31, 0xFF, 0xB5, 0x35, 0xFF, 0xCE, 0x39, 0xFF, 0xE6, 0xFB, 0xFF, 0xEF, 0x5D,
    0xFF, 0xF7, 0x7E, 0xFF, 0xF7, 0x7E, 0xFF, 0xF7, 0x7D, 0xFF, 0xEF, 0x7D, 0xFF, 0xEF, 0x5D, 0xFF,
    0xF7, 0x7D, 0xFF, 0xFF, 0xBE, 0xFF, 0xDE, 0xBA, 0xFF, 0xAD, 0x14, 0xFF, 0xA4, 0xF3, 0xFF, 0xCE,
    0x58, 0xFF, 0xF7, 0x9C, 0xFF, 0xFF, 0xDD, 0xFF, 0xFF, 0x9C, 0xFF, 0xFF, 0x7C, 0xFF, 0xFF, 0x7B,
    0xFF, 0xFF, 0x5B, 0xFF, 0xFF, 0x5B, 0xFF, 0xFF, 0x5B, 0xFF, 0xFF, 0x7B, 0xFF, 0xFF, 0x7B, 0xFF,
    0xFF, 0x7B, 0xFF, 0xFF, 0x7B, 0xFF, 0xFF, 0x7B, 0xFF, 0xFF, 0x7C, 0xFF, 0xFF, 0x7C, 0xFF, 0xFF,
    0x7C, 0xFF, 0xFF, 0x7C, 0xFF, 0xFF, 0x9C, 0xFF, 0xFF, 0x9C, 0xFF, 0xFF, 0x9C, 0xFF, 0xFF, 0x9C,
    0xFF, 0xFF, 0x9C, 0xFF, 0xFF, 0x9C, 0xFF, 0xFF, 0x9C, 0xFF, 0xFF, 0x9C, 0xFF, 0xFF, 0x9C, 0xFF,
    0xFF, 0x9C, 0xFF, 0xFF, 0x9C, 0xFF, 0xFF, 0x9C, 0xFF, 0xFF, 0x9C, 0xFF, 0xFF, 0x9C, 0xFF, 0xFF,
    0x9C, 0xFF, 0xFF, 0x9C, 0xFF, 0xFF, 0x9C, 0xFF, 0xFF, 0x9C, 0xFF, 0xFF, 0x9C, 0xFF, 0xFF, 0xDE,
    0xFF, 0xFF, 0xFE, 0xFF, 0xF7, 0x5C, 0xFF, 0xEF, 0x1A, 0xFF, 0xFF, 0x9C, 0xFF, 0xFF, 0xBD, 0xFF,
    0xFF, 0xBD, 0xFF, 0xFF, 0x9C, 0xFF, 0xFF, 0x9C, 0xFF, 0xFF, 0x9C, 0xFF, 0xFF, 0x9C, 0xFF, 0xFF,
    0x9C, 0xFF, 0xFF, 0x9C, 0xFF, 0xFF, 0x9C, 0xFF, 0xFF, 0x9C, 0xFF, 0xFF, 0x9C, 0xFF, 0xFF, 0x9C,
    0xFF, 0xFF, 0x9C, 0xFF, 0xFF, 0x9C, 0xFF, 0xFF, 0x9C, 0xFF, 0xFF, 0x9C, 0xFF, 0xFF, 0x9C, 0xFF,
    0xFF, 0x9C, 0xFF, 0xFF, 0x9C, 0xFF, 0xFF, 0x9C, 0xFF, 0xFF, 0x9C, 0xFF, 0xFF, 0x9C, 0xFF, 0xFF,
    0x9C, 0xFF, 0xFF, 0x9C, 0xFF, 0xFF, 0x9C, 0xFF, 0xFF, 0x9C, 0xFF, 0xFF, 0x9C, 0xFF, 0xFF, 0x9C,
    0xFF, 0xFF, 0x9C, 0xFF, 0xFF, 0x7C, 0xFF, 0xFF, 0x7C, 0xFF, 0xF7, 0x5B, 0xFF, 0xFF, 0xBC, 0xFF,
    0xFF, 0xFE, 0xFF, 0xA4, 0xB1, 0xFF, 0x31, 0x24, 0xFF, 0x73, 0x4E, 0xFF, 0x7B, 0x6F, 0xFF, 0x84,
    0x11, 0xFF, 0xD6, 0x9A, 0xFF, 0xCE, 0x39, 0xFF, 0xE6, 0xFC, 0xFF, 0xEF, 0x5D, 0xFF, 0xEF, 0x3C,
    0xFF, 0xEF, 0x3C, 0xFF, 0xEF, 0x3C, 0xFF, 0xEF, 0x3C, 0xFF, 0xEF, 0x3C, 0xFF, 0xEF, 0x3C, 0xFF,
    0xEF, 0x3C, 0xFF, 0xEF, 0x5D, 0xFF, 0xEF, 0x5D, 0xFF, 0xBD, 0xB7, 0xFF, 0xC5, 0xD8, 0xFF, 0xEF,
    0x3D, 0xFF, 0xEF, 0x3C, 0xFF, 0xFF, 0xBE, 0xFF, 0xE6, 0xFB, 0xFF, 0x73, 0x8E, 0xFF, 0x8C, 0x50,
    0xFF, 0xFF, 0xDE, 0xFF, 0xDE, 0xDA, 0xFF, 0xE7, 0x3C, 0xFF, 0xEF, 0x5C, 0xFF, 0xFF, 0xFF, 0xFF,
    0xB5, 0xB6, 0xFF, 0x83, 0xEF, 0xFF, 0xD6, 0x9A, 0xFF, 0xFF, 0xFF, 0xFF, 0xE7, 0x3C, 0xFF, 0x94,
    0x91, 0xFF, 0xA5, 0x34, 0xFF, 0xFF, 0xFF, 0xFF, 0xF7, 0x7D, 0xFF, 0xEF, 0x5D, 0xFF, 0xEF, 0x5D,
    0xFF, 0xEF, 0x5C, 0xFF, 0xEF, 0x3C, 0xFF, 0xEF, 0x3C, 0xFF, 0xEF, 0x3C, 0xFF, 0xEF, 0x3B, 0xFF,
    0xE7, 0x1B, 0xFE, 0xE6, 0xFB, 0xFF, 0xF7, 0x7D, 0xF2, 0xE6, 0xFB, 0xAA, 0x39, 0xA6, 0x3F, 0x52,
    0xAA, 0x03, 0x31, 0x86, 0x05, 0x00, 0x00, 0x21, 0x00, 0x00, 0x21, 0x00, 0x00, 0x04, 0x00, 0x00,
    0x00, 0x00, 0x00, 0x00, 0x00, 0x00, 0x00, 0x00, 0x00, 0x01, 0xFF, 0xFF, 0x01, 0x00, 0x00, 0x00,
    0x5A, 0xCA, 0x3F, 0xBD, 0xD6, 0xC9, 0xFF, 0xBE, 0xFA, 0xE6, 0xFB, 0xFE, 0xEF, 0x3C, 0xFF, 0xEF,
    0x3D, 0xFF, 0xEF, 0x5D, 0xFF, 0xF7, 0x7D, 0xFF, 0xCE, 0x39, 0xFF, 0xB5, 0x56, 0xFE, 0xAD, 0x56,
    0xFF, 0xBD, 0xB7, 0xFF, 0xAD, 0x15, 0xD6, 0x62, 0x8B, 0x9B, 0xAC, 0x70, 0xB6, 0xF6, 0xB8, 0xE9,
    0xF6, 0xD8, 0xF3, 0xF6, 0xF9, 0xF4, 0xFF, 0x19, 0xF4, 0xFE, 0xF9, 0xF4, 0xFF, 0xDD, 0xF7, 0xC5,
    0x94, 0xF3, 0x83, 0x8D, 0xED, 0x62, 0xEB, 0xF4, 0x52, 0xAB, 0xFF, 0x8C, 0x32, 0xFF, 0xC5, 0xF8,
    0xFF, 0xAD, 0x35, 0xFF, 0xB5, 0x56, 0xFF, 0xBD, 0xB7, 0xFF, 0xEF, 0x1C, 0xFF, 0xF7, 0x7D, 0xFF,
    0xF7, 0x7D, 0xFF, 0xEF, 0x5D, 0xFF, 0xEF, 0x5D, 0xFF, 0xEF, 0x5D, 0xFF, 0xEF, 0x5D, 0xFF, 0xEF,
    0x5D, 0xFF, 0xEF, 0x5D, 0xFF, 0xF7, 0x7D, 0xFF, 0xEF, 0x5D, 0xFF, 0xCE, 0x39, 0xFF, 0xB5, 0x56,
    0xFF, 0xBD, 0x77, 0xFF, 0xB5, 0x56, 0xFF, 0x9C, 0x73, 0xFF, 0x7B, 0x90, 0xFF, 0x73, 0x2E, 0xFF,
    0x7B, 0x6F, 0xFF, 0x94, 0x51, 0xFF, 0xBD, 0x96, 0xFF, 0xDE, 0x9A, 0xFF, 0xDE, 0xBA, 0xFF, 0xE6,
    0xFB, 0xFF, 0xE7, 0x1C, 0xFF, 0xE7, 0x1C, 0xFF, 0xE7, 0x1C, 0xFF, 0xEF, 0x1C, 0xFF, 0xEF, 0x3C,
    0xFF, 0xDE, 0x9A, 0xFF, 0xB5, 0x55, 0xFF, 0x8C, 0x31, 0xFF, 0x83, 0xEF, 0xFF, 0xAD, 0x34, 0xFF,
    0xF7, 0x7C, 0xFF, 0xFF, 0xBD, 0xFF, 0xFF, 0x7C, 0xFF, 0xFF, 0x7B, 0xFF, 0xFF, 0x7B, 0xFF, 0xFF,
    0x7B, 0xFF, 0xFF, 0x7B, 0xFF, 0xFF, 0x7B, 0xFF, 0xFF, 0x7B, 0xFF, 0xFF, 0x7B, 0xFF, 0xFF, 0x7B,
    0xFF, 0xFF, 0x7C, 0xFF, 0xFF, 0x7C, 0xFF, 0xFF, 0x9C, 0xFF, 0xFF, 0x9C, 0xFF, 0xFF, 0x9C, 0xFF,
    0xFF, 0x9C, 0xFF, 0xFF, 0x9C, 0xFF, 0xFF, 0x9C, 0xFF, 0xFF, 0x9C, 0xFF, 0xFF, 0x9C, 0xFF, 0xFF,
    0x9C, 0xFF, 0xFF, 0x9C, 0xFF, 0xFF, 0x9C, 0xFF, 0xFF, 0x9C, 0xFF, 0xFF, 0x9C, 0xFF, 0xFF, 0x9C,
    0xFF, 0xFF, 0x9C, 0xFF, 0xFF, 0x9C, 0xFF, 0xFF, 0x9C, 0xFF, 0xFF, 0x9C, 0xFF, 0xFF, 0x9C, 0xFF,
    0xFF, 0xBC, 0xFF, 0xFF, 0xFE, 0xFF, 0xEF, 0x1B, 0xFF, 0xC5, 0x33, 0xFF, 0xBC, 0xD1, 0xFF, 0xBC,
    0xD2, 0xFF, 0xA3, 0xCE, 0xFF, 0x93, 0x8E, 0xFF, 0xE6, 0xB9, 0xFF, 0xFF, 0xDD, 0xFF, 0xFF, 0x9C,
    0xFF, 0xFF, 0x9C, 0xFF, 0xFF, 0x9C, 0xFF, 0xFF, 0x9C, 0xFF, 0xFF, 0x9C, 0xFF, 0xFF, 0x9C, 0xFF,
    0xFF, 0x9C, 0xFF, 0xFF, 0x9C, 0xFF, 0xFF, 0x9C, 0xFF, 0xFF, 0x9C, 0xFF, 0xFF, 0x9C, 0xFF, 0xFF,
    0x9C, 0xFF, 0xFF, 0x9C, 0xFF, 0xFF, 0x9C, 0xFF, 0xFF, 0x9C, 0xFF, 0xFF, 0x9C, 0xFF, 0xFF, 0x9C,
    0xFF, 0xFF, 0x9C, 0xFF, 0xFF, 0x9C, 0xFF, 0xFF, 0x9C, 0xFF, 0xFF, 0x9C, 0xFF, 0xFF, 0x9C, 0xFF,
    0xFF, 0x9C, 0xFF, 0xFF, 0x9C, 0xFF, 0xFF, 0x9C, 0xFF, 0xFF, 0x9C, 0xFF, 0xFF, 0x9C, 0xFF, 0xF7,
    0x5B, 0xFF, 0xFF, 0xBD, 0xFF, 0xFF, 0xFF, 0xFF, 0xA4, 0x91, 0xFF, 0x31, 0x03, 0xFF, 0x6A, 0xED,
    0xFF, 0x94, 0x32, 0xFF, 0x62, 0xED, 0xFF, 0xA5, 0x15, 0xFF, 0xCE, 0x39, 0xFF, 0xC6, 0x18, 0xFF,
    0xE7, 0x1C, 0xFF, 0xEF, 0x5D, 0xFF, 0xEF, 0x3C, 0xFF, 0xEF, 0x3C, 0xFF, 0xEF, 0x3C, 0xFF, 0xEF,
    0x3C, 0xFF, 0xEF, 0x3C, 0xFF, 0xEF, 0x3C, 0xFF, 0xEF, 0x5D, 0xFF, 0xEF, 0x5D, 0xFF, 0xD6, 0x9A,
    0xFF, 0xAD, 0x35, 0xFF, 0xDE, 0x9A, 0xFF, 0xF7, 0x5D, 0xFF, 0xE6, 0xFB, 0xFF, 0xFF, 0xFF, 0xFF,
    0xBD, 0xB7, 0xFF, 0x52, 0x89, 0xFF, 0xA5, 0x12, 0xFF, 0xFF, 0xDE, 0xFF, 0xDE, 0xDA, 0xFF, 0xEF,
    0x3C, 0xFF, 0xEF, 0x7D, 0xFF, 0xFF, 0xDF, 0xFF, 0x84, 0x30, 0xFF, 0xA4, 0xF3, 0xFF, 0xF7, 0xBE,
    0xFF, 0xF7, 0xBE, 0xFF, 0x94, 0x71, 0xFF, 0x94, 0x92, 0xFF, 0xF7, 0x9E, 0xFF, 0xFF, 0xDE, 0xFF,
    0xEF, 0x5D, 0xFF, 0xEF, 0x5D, 0xFF, 0xEF, 0x5D, 0xFF, 0xEF, 0x5C, 0xFF, 0xEF, 0x5C, 0xFF, 0xEF,
    0x3C, 0xFF, 0xEF, 0x3C, 0xFF, 0xEF, 0x3C, 0xFE, 0xE7, 0x1B, 0xFE, 0xEF, 0x7D, 0xFF, 0xEF, 0x3C,
    0xD6, 0xA4, 0xF3, 0x6B, 0x00, 0x00, 0x10, 0x00, 0x00, 0x00, 0x00, 0x00, 0x04, 0x00, 0x00, 0x21,
    0x00, 0x00, 0x21, 0x00, 0x00, 0x04, 0x00, 0x00, 0x00, 0x00, 0x00, 0x00, 0x00, 0x00, 0x00, 0x00,
    0x00, 0x00, 0xFF, 0xFF, 0x01, 0x00, 0x00, 0x00, 0x10, 0xA2, 0x2B, 0xA5, 0x14, 0xA2, 0xFF, 0xDE,
    0xF7, 0xE6, 0xFC, 0xFE, 0xEF, 0x3C, 0xFF, 0xEF, 0x5D, 0xFF, 0xEF, 0x5D, 0xFF, 0xF7, 0x9E, 0xFF,
    0xD6, 0x7A, 0xFF, 0xB5, 0x56, 0xFE, 0xAD, 0x35, 0xFE, 0xBD, 0xB7, 0xFF, 0xAD, 0x15, 0xC9, 0x4A,
    0x08, 0x59, 0x49, 0x44, 0x3C, 0x7A, 0xA9, 0x64, 0x82, 0xC9, 0x7A, 0x8B, 0x0A, 0x86, 0x8B, 0x2A,
    0x8B, 0x93, 0x2A, 0x91, 0x9B, 0xAC, 0x93, 0x83, 0x0A, 0x7B, 0x39, 0x45, 0x61, 0x9C, 0x91, 0x93,
    0x6B, 0x6D, 0xE3, 0x4A, 0x4A, 0xFE, 0xBD, 0xB7, 0xFE, 0xBD, 0x97, 0xFF, 0xB5, 0x76, 0xFF, 0xB5,
    0x76, 0xFF, 0xD6, 0x59, 0xFF, 0xF7, 0x7D, 0xFF, 0xF7, 0x7D, 0xFF, 0xEF, 0x7D, 0xFF, 0xEF, 0x5D,
    0xFF, 0xEF, 0x5D, 0xFF, 0xEF, 0x5D, 0xFF, 0xEF, 0x5D, 0xFF, 0xEF, 0x5D, 0xFF, 0xEF, 0x5D, 0xFF,
    0xF7, 0x7D, 0xFF, 0xEF, 0x5D, 0xFF, 0xD6, 0x5A, 0xFF, 0xB5, 0x56, 0xFF, 0xB5, 0x56, 0xFF, 0xBD,
    0x77, 0xFF, 0xB5, 0x77, 0xFF, 0xA4, 0xD4, 0xFF, 0x9C, 0x73, 0xFF, 0x8B, 0xF0, 0xFF, 0x5A, 0x8A,
    0xFF, 0x62, 0xAA, 0xFF, 0x9C, 0x30, 0xFF, 0x94, 0x0F, 0xFF, 0x94, 0x10, 0xFF, 0x94, 0x10, 0xFF,
    0x8C, 0x10, 0xFF, 0x8B, 0xF0, 0xFF, 0x94, 0x31, 0xFF, 0x9C, 0x72, 0xFF, 0xA4, 0xD3, 0xFF, 0xAD,
    0x14, 0xFF, 0xB5, 0x55, 0xFF, 0xD6, 0x58, 0xFF, 0xFF, 0x9C, 0xFF, 0xFF, 0x9C, 0xFF, 0xFF, 0x7C,
    0xFF, 0xFF, 0x7B, 0xFF, 0xFF, 0x7B, 0xFF, 0xFF, 0x7B, 0xFF, 0xFF, 0x7B, 0xFF, 0xFF, 0x7B, 0xFF,
    0xFF, 0x7B, 0xFF, 0xFF, 0x7B, 0xFF, 0xFF, 0x7C, 0xFF, 0xFF, 0x7C, 0xFF, 0xFF, 0x9C, 0xFF, 0xFF,
    0x9C, 0xFF, 0xFF, 0x9C, 0xFF, 0xFF, 0x9C, 0xFF, 0xFF, 0x9C, 0xFF, 0xFF, 0x9C, 0xFF, 0xFF, 0x9C,
    0xFF, 0xFF, 0x9C, 0xFF, 0xFF, 0x9C, 0xFF, 0xFF, 0x9C, 0xFF, 0xFF, 0x9C, 0xFF, 0xFF, 0x9C, 0xFF,
    0xFF, 0x9C, 0xFF, 0xFF, 0x9C, 0xFF, 0xFF, 0x9C, 0xFF, 0xFF, 0x9C, 0xFF, 0xFF, 0x9C, 0xFF, 0xFF,
    0x9C, 0xFF, 0xFF, 0x9C, 0xFF, 0xFF, 0x9C, 0xFF, 0xFF, 0xFE, 0xFF, 0xDE, 0x58, 0xFF, 0xA4, 0x30,
    0xFF, 0xBC, 0xF2, 0xFF, 0xEE, 0xFA, 0xFF, 0xEE, 0xD9, 0xFF, 0xC5, 0x54, 0xFF, 0xB4, 0xD3, 0xFF,
    0xE6, 0xD9, 0xFF, 0xFF, 0xBD, 0xFF, 0xFF, 0x9C, 0xFF, 0xFF, 0x9C, 0xFF, 0xFF, 0x9C, 0xFF, 0xFF,
    0x9C, 0xFF, 0xFF, 0x9C, 0xFF, 0xFF, 0x9C, 0xFF, 0xFF, 0x9C, 0xFF, 0xFF, 0x9C, 0xFF, 0xFF, 0x9C,
    0xFF, 0xFF, 0x9C, 0xFF, 0xFF, 0x9C, 0xFF, 0xFF, 0x9C, 0xFF, 0xFF, 0x9C, 0xFF, 0xFF, 0x9C, 0xFF,
    0xFF, 0x9C, 0xFF, 0xFF, 0x9C, 0xFF, 0xFF, 0x7C, 0xFF, 0xFF, 0x7C, 0xFF, 0xFF, 0x7C, 0xFF, 0xFF,
    0x9C, 0xFF, 0xFF, 0x9C, 0xFF, 0xFF, 0x9C, 0xFF, 0xFF, 0x9C, 0xFF, 0xFF, 0x9C, 0xFF, 0xFF, 0x9D,
    0xFF, 0xF7, 0x9D, 0xFF, 0xF7, 0x7C, 0xFF, 0xFF, 0xFF, 0xFF, 0xFF, 0xDE, 0xFF, 0x94, 0x0E, 0xFF,
    0x31, 0x04, 0xFF, 0x62, 0xCC, 0xFF, 0x9C, 0x93, 0xFF, 0x73, 0x8F, 0xFF, 0x6B, 0x0E, 0xFF, 0xBD,
    0xB8, 0xFF, 0xBD, 0x96, 0xFF, 0xD6, 0x7A, 0xFF, 0xEF, 0x3C, 0xFF, 0xEF, 0x3C, 0xFF, 0xEF, 0x3C,
    0xFF, 0xEF, 0x3C, 0xFF, 0xEF, 0x3C, 0xFF, 0xEF, 0x3C, 0xFF, 0xEF, 0x3C, 0xFF, 0xEF, 0x3C, 0xFF,
    0xEF, 0x5D, 0xFF, 0xE7, 0x1C, 0xFF, 0xAD, 0x35, 0xFF, 0xBD, 0xB7, 0xFF, 0xEF, 0x1C, 0xFF, 0xEF,
    0x3C, 0xFF, 0xE6, 0xFB, 0xFF, 0xFF, 0xDF, 0xFF, 0x8C, 0x50, 0xFF, 0x42, 0x27, 0xFF, 0xC6, 0x16,
    0xFF, 0xFF, 0xBD, 0xFF, 0xE6, 0xFB, 0xFF, 0xEF, 0x3C, 0xFF, 0xFF, 0xDE, 0xFF, 0xCE, 0x59, 0xFF,
    0x73, 0x8D, 0xFF, 0xE6, 0xFB, 0xFF, 0xF7, 0xBE, 0xFF, 0x8C, 0x71, 0xFF, 0x94, 0x72, 0xFF, 0xEF,
    0x5C, 0xFF, 0xFF, 0xFF, 0xFF, 0xEF, 0x5D, 0xFF, 0xEF, 0x5D, 0xFF, 0xEF, 0x5D, 0xFF, 0xEF, 0x5D,
    0xFF, 0xEF, 0x5D, 0xFF, 0xEF, 0x5C, 0xFF, 0xEF, 0x5C, 0xFF, 0xEF, 0x5C, 0xFF, 0xEF, 0x3C, 0xFE,
    0xEF, 0x3B, 0xFD, 0xFF, 0xBE, 0xEC, 0xD6, 0x9A, 0x97, 0x18, 0xE3, 0x2B, 0xFF, 0xFF, 0x01, 0x00,
    0x00, 0x00, 0x00, 0x00, 0x04, 0x00, 0x00, 0x21, 0x00, 0x00, 0x21, 0x00, 0x00, 0x04, 0x00, 0x00,
    0x00, 0x00, 0x00, 0x00, 0x00, 0x00, 0x00, 0x00, 0x00, 0x00, 0x00, 0x00, 0x01, 0x00, 0x00, 0x00,
    0x00, 0x00, 0x0F, 0x8C, 0x30, 0x71, 0xF7, 0x9D, 0xF2, 0xEF, 0x3C, 0xFE, 0xEF, 0x3C, 0xFF, 0xEF,
    0x5D, 0xFF, 0xEF, 0x3D, 0xFF, 0xF7, 0x7D, 0xFF, 0xDE, 0xDB, 0xFF, 0xB5, 0x76, 0xFE, 0xA4, 0xF5,
    0xFE, 0xBD, 0x97, 0xFF, 0xAD, 0x15, 0xCA, 0x42, 0x29, 0x4B, 0x00, 0x00, 0x07, 0x00, 0x00, 0x0E,
    0x00, 0x00, 0x16, 0x00, 0x00, 0x1C, 0x00, 0x00, 0x1E, 0x00, 0x00, 0x21, 0x00, 0x00, 0x24, 0x08,
    0x00, 0x17, 0x00, 0x00, 0x0A, 0x7C, 0x0F, 0x50, 0x9C, 0xD2, 0xC7, 0x63, 0x0C, 0xFE, 0x6B, 0x0D,
    0xFD, 0xCE, 0x39, 0xFF, 0xB5, 0x76, 0xFF, 0xBD, 0x96, 0xFF, 0xBD, 0x97, 0xFF, 0xDE, 0xBB, 0xFF,
    0xF7, 0x9D, 0xFF, 0xF7, 0x7D, 0xFF, 0xEF, 0x5D, 0xFF, 0xEF, 0x5D, 0xFF, 0xEF, 0x3D, 0xFF, 0xEF,
    0x3D, 0xFF, 0xEF, 0x3D, 0xFF, 0xEF, 0x3C, 0xFF, 0xEF, 0x3C, 0xFF, 0xEF, 0x5D, 0xFF, 0xEF, 0x3C,
    0xFF, 0xDE, 0x9A, 0xFF, 0xBD, 0x97, 0xFF, 0xAD, 0x36, 0xFF, 0xB5, 0x77, 0xFF, 0xBD, 0xB8, 0xFF,
    0xC5, 0xD8, 0xFF, 0xCD, 0xF8, 0xFF, 0x7B, 0x8F, 0xFF, 0x39, 0x24, 0xFF, 0xB4, 0xF2, 0xFF, 0xDE,
    0xBA, 0xFF, 0xCD, 0xF6, 0xFF, 0xC5, 0xD6, 0xFF, 0xC5, 0xB6, 0xFF, 0xC5, 0xD6, 0xFF, 0xCE, 0x17,
    0xFF, 0xD6, 0x79, 0xFF, 0xE7, 0x1B, 0xFF, 0xF7, 0x7D, 0xFF, 0xF7, 0xBD, 0xFF, 0xFF, 0xDE, 0xFF,
    0xFF, 0xBD, 0xFF, 0xFF, 0x9C, 0xFF, 0xFF, 0x7C, 0xFF, 0xFF, 0x7C, 0xFF, 0xFF, 0x7C, 0xFF, 0xFF,
    0x7C, 0xFF, 0xFF, 0x7B, 0xFF, 0xFF, 0x7C, 0xFF, 0xFF, 0x7C, 0xFF, 0xFF, 0x7C, 0xFF, 0xFF, 0x7C,
    0xFF, 0xFF, 0x9C, 0xFF, 0xFF, 0x9C, 0xFF, 0xFF, 0x9C, 0xFF, 0xFF, 0x9C, 0xFF, 0xFF, 0x9C, 0xFF,
    0xFF, 0x9C, 0xFF, 0xFF, 0x9C, 0xFF, 0xFF, 0x9C, 0xFF, 0xFF, 0x9C, 0xFF, 0xFF, 0x9C, 0xFF, 0xFF,
    0x9C, 0xFF, 0xFF, 0x9C, 0xFF, 0xFF, 0x9C, 0xFF, 0xFF, 0x9C, 0xFF, 0xFF, 0x9C, 0xFF, 0xFF, 0x9C,
    0xFF, 0xFF, 0x9C, 0xFF, 0xFF, 0x9C, 0xFF, 0xFF, 0x9C, 0xFF, 0xFF, 0x9C, 0xFF, 0xFF, 0xBD, 0xFF,
    0xFF, 0xBD, 0xFF, 0xDE, 0x58, 0xFF, 0xD6, 0x17, 0xFF, 0xF7, 0x7D, 0xFF, 0xFF, 0xDD, 0xFF, 0xFF,
    0xBC, 0xFF, 0xFF, 0x9C, 0xFF, 0xF7, 0x9C, 0xFF, 0xFF, 0x7C, 0xFF, 0xFF, 0x7C, 0xFF, 0xFF, 0x9C,
    0xFF, 0xFF, 0x9C, 0xFF, 0xFF, 0x9C, 0xFF, 0xFF, 0x9C, 0xFF, 0xFF, 0x9C, 0xFF, 0xFF, 0x9C, 0xFF,
    0xFF, 0x9C, 0xFF, 0xFF, 0x9C, 0xFF, 0xFF, 0x9C, 0xFF, 0xFF, 0x9C, 0xFF, 0xFF, 0x9C, 0xFF, 0xFF,
    0x9C, 0xFF, 0xFF, 0x9C, 0xFF, 0xFF, 0x9C, 0xFF, 0xFF, 0x9C, 0xFF, 0xFF, 0x9C, 0xFF, 0xFF, 0x7C,
    0xFF, 0xFF, 0x7C, 0xFF, 0xFF, 0x7C, 0xFF, 0xFF, 0x7C, 0xFF, 0xFF, 0x7C, 0xFF, 0xFF, 0x9C, 0xFF,
    0xFF, 0x9C, 0xFF, 0xFF, 0x9C, 0xFF, 0xF7, 0x7C, 0xFF, 0xF7, 0x7D, 0xFF, 0xFF, 0xFF, 0xFF, 0xEF,
    0x3B, 0xFF, 0x7B, 0x2B, 0xFF, 0x39, 0x45, 0xFF, 0x6B, 0x0D, 0xFF, 0x9C, 0xB4, 0xFF, 0x84, 0x11,
    0xFF, 0x62, 0xED, 0xFF, 0x84, 0x11, 0xFF, 0xC5, 0xD8, 0xFF, 0xBD, 0x97, 0xFF, 0xE6, 0xFB, 0xFF,
    0xEF, 0x3C, 0xFF, 0xEF, 0x3C, 0xFF, 0xEF, 0x3C, 0xFF, 0xEF, 0x3C, 0xFF, 0xEF, 0x3C, 0xFF, 0xEF,
    0x3C, 0xFF, 0xEF, 0x3C, 0xFF, 0xEF, 0x5D, 0xFF, 0xEF, 0x3D, 0xFF, 0xBD, 0xB7, 0xFF, 0xA4, 0xF4,
    0xFF, 0xDE, 0xBB, 0xFF, 0xEF, 0x3C, 0xFF, 0xE6, 0xFB, 0xFF, 0xEF, 0x3C, 0xFF, 0xEF, 0x3C, 0xFF,
    0x5A, 0xEB, 0xFF, 0x52, 0x68, 0xFF, 0xE6, 0xFA, 0xFF, 0xF7, 0x5C, 0xFF, 0xE7, 0x1B, 0xFF, 0xEF,
    0x5D, 0xFF, 0xEF, 0x7D, 0xFF, 0x8C, 0x50, 0xFF, 0xBD, 0xF6, 0xFF, 0xE7, 0x3B, 0xFF, 0x84, 0x50,
    0xFF, 0x94, 0x91, 0xFF, 0xEF, 0x5D, 0xFF, 0xFF, 0xFF, 0xFF, 0xEF, 0x5C, 0xFF, 0xEF, 0x5D, 0xFF,
    0xEF, 0x5D, 0xFF, 0xEF, 0x5D, 0xFF, 0xEF, 0x5C, 0xFF, 0xEF, 0x5D, 0xFF, 0xEF, 0x5C, 0xFF, 0xEF,
    0x5C, 0xFF, 0xEF, 0x5C, 0xFE, 0xE7, 0x1B, 0xFD, 0xFF, 0xDE, 0xF3, 0xE7, 0x1C, 0xBA, 0x6B, 0x6D,
    0x52, 0x00, 0x00, 0x08, 0xFF, 0xFF, 0x01, 0x00, 0x00, 0x00, 0x00, 0x00, 0x04, 0x00, 0x00, 0x21,
    0x00, 0x00, 0x21, 0x00, 0x00, 0x04, 0x00, 0x00, 0x00, 0x00, 0x00, 0x00, 0x00, 0x00, 0x00, 0x00,
    0x00, 0x00, 0x00, 0x00, 0x01, 0x00, 0x00, 0x00, 0x00, 0x00, 0x01, 0x7B, 0xAE, 0x4F, 0xE6, 0xFB,
    0xE9, 0xF7, 0x7D, 0xFE, 0xEF, 0x1C, 0xFF, 0xEF, 0x3C, 0xFF, 0xEF, 0x3C, 0xFF, 0xF7, 0x5D, 0xFF,
    0xEF, 0x1C, 0xFF, 0xBD, 0xB7, 0xFE, 0xA4, 0xD4, 0xFE, 0xB5, 0x76, 0xFF, 0xA5, 0x15, 0xCD, 0x52,
    0x8A, 0x52, 0x31, 0x86, 0x05, 0x00, 0x00, 0x00, 0x00, 0x00, 0x00, 0x00, 0x00, 0x00, 0x00, 0x00,
    0x00, 0x00, 0x00, 0x00, 0x00, 0x00, 0x00, 0x00, 0x00, 0x00, 0x00, 0x00, 0x00, 0x18, 0xE3, 0x28,
    0xAD, 0x74, 0x9A, 0xA5, 0x12, 0xF7, 0x41, 0xE7, 0xFE, 0x9C, 0x93, 0xFE, 0xCE, 0x19, 0xFF, 0xBD,
    0x96, 0xFF, 0xB5, 0x76, 0xFF, 0xBD, 0xD7, 0xFF, 0xE6, 0xFC, 0xFF, 0xF7, 0x9E, 0xFF, 0xEF, 0x5D,
    0xFF, 0xEF, 0x5D, 0xFF, 0xEF, 0x3D, 0xFF, 0xEF, 0x3C, 0xFF, 0xEF, 0x3C, 0xFF, 0xEF, 0x3C, 0xFF,
    0xEF, 0x3C, 0xFF, 0xEF, 0x1C, 0xFF, 0xEF, 0x3C, 0xFF, 0xEF, 0x3D, 0xFF, 0xE6, 0xDB, 0xFF, 0xC5,
    0xF8, 0xFF, 0xAD, 0x36, 0xFF, 0xB5, 0x56, 0xFF, 0xBD, 0x97, 0xFF, 0xD6, 0x7A, 0xFF, 0xBD, 0x97,
    0xFF, 0x52, 0x28, 0xFF, 0x72, 0xC9, 0xFF, 0xFF, 0xDE, 0xFF, 0xFF, 0xFF, 0xFF, 0xFF, 0xDE, 0xFF,
    0xFF, 0xDE, 0xFF, 0xFF, 0xFE, 0xFF, 0xFF, 0xFD, 0xFF, 0xFF, 0xFE, 0xFF, 0xFF, 0xFE, 0xFF, 0xFF,
    0xFE, 0xFF, 0xFF, 0xFE, 0xFF, 0xFF, 0xDD, 0xFF, 0xFF, 0x9D, 0xFF, 0xFF, 0x9C, 0xFF, 0xFF, 0x7C,
    0xFF, 0xFF, 0x7C, 0xFF, 0xFF, 0x7C, 0xFF, 0xFF, 0x7C, 0xFF, 0xFF, 0x7C, 0xFF, 0xFF, 0x7C, 0xFF,
    0xFF, 0x7C, 0xFF, 0xFF, 0x9C, 0xFF, 0xFF, 0x9C, 0xFF, 0xFF, 0x9C, 0xFF, 0xFF, 0x9C, 0xFF, 0xFF,
    0x9C, 0xFF, 0xFF, 0x9C, 0xFF, 0xFF, 0x9C, 0xFF, 0xFF, 0x9C, 0xFF, 0xFF, 0x9C, 0xFF, 0xFF, 0x9C,
    0xFF, 0xFF, 0x9C, 0xFF, 0xFF, 0x9C, 0xFF, 0xFF, 0x9C, 0xFF, 0xFF, 0x9C, 0xFF, 0xFF, 0x9C, 0xFF,
    0xFF, 0x9C, 0xFF, 0xFF, 0x9C, 0xFF, 0xFF, 0x9C, 0xFF, 0xFF, 0x9C, 0xFF, 0xFF, 0x9C, 0xFF, 0xFF,
    0x9C, 0xFF, 0xFF, 0x9C, 0xFF, 0xFF, 0xBD, 0xFF, 0xFF, 0x9C, 0xFF, 0xFF, 0xDF, 0xFF, 0xFF, 0xFF,
    0xFF, 0xFF, 0xFF, 0xFF, 0xFF, 0xFE, 0xFF, 0xFF, 0xFE, 0xFF, 0xFF, 0xFE, 0xFF, 0xFF, 0xBC, 0xFF,
    0xFF, 0x7B, 0xFF, 0xFF, 0x7B, 0xFF, 0xFF, 0x7B, 0xFF, 0xFF, 0x7C, 0xFF, 0xFF, 0x7C, 0xFF, 0xFF,
    0x7C, 0xFF, 0xFF, 0x7C, 0xFF, 0xFF, 0x9C, 0xFF, 0xFF, 0x9C, 0xFF, 0xFF, 0x9C, 0xFF, 0xFF, 0x9C,
    0xFF, 0xFF, 0x9C, 0xFF, 0xFF, 0x9C, 0xFF, 0xFF, 0x9C, 0xFF, 0xFF, 0x9C, 0xFF, 0xFF, 0x9C, 0xFF,
    0xFF, 0x9C, 0xFF, 0xFF, 0x9C, 0xFF, 0xFF, 0x9C, 0xFF, 0xFF, 0x7C, 0xFF, 0xFF, 0x7B, 0xFF, 0xFF,
    0x7B, 0xFF, 0xFF, 0x7B, 0xFF, 0xFF, 0x7B, 0xFF, 0xF7, 0x5B, 0xFF, 0xFF, 0x7C, 0xFF, 0xFF, 0xFF,
    0xFF, 0xFF, 0xFF, 0xFF, 0xC5, 0xD6, 0xFF, 0x62, 0x48, 0xFF, 0x49, 0xA6, 0xFF, 0x7B, 0x8F, 0xFF,
    0x9C, 0xB4, 0xFF, 0x94, 0x73, 0xFF, 0x73, 0x6F, 0xFF, 0x62, 0xCC, 0xFF, 0xAD, 0x15, 0xFF, 0xB5,
    0x76, 0xFF, 0xCE, 0x39, 0xFF, 0xEF, 0x1C, 0xFF, 0xEF, 0x3C, 0xFF, 0xEF, 0x3C, 0xFF, 0xEF, 0x3C,
    0xFF, 0xEF, 0x3C, 0xFF, 0xEF, 0x3C, 0xFF, 0xEF, 0x3C, 0xFF, 0xEF, 0x5D, 0xFF, 0xEF, 0x5D, 0xFF,
    0xCE, 0x39, 0xFF, 0xA4, 0xD4, 0xFF, 0xCE, 0x18, 0xFF, 0xEF, 0x3D, 0xFF, 0xEF, 0x1C, 0xFF, 0xE6,
    0xDB, 0xFF, 0xFF, 0xBE, 0xFF, 0xC5, 0xF7, 0xFF, 0x39, 0xE7, 0xFF, 0x6B, 0x4B, 0xFF, 0xF7, 0x5B,
    0xFF, 0xEF, 0x1B, 0xFF, 0xEF, 0x3C, 0xFF, 0xF7, 0x9D, 0xFF, 0xC6, 0x17, 0xFF, 0x9C, 0xD2, 0xFF,
    0xB5, 0xB4, 0xFF, 0x5B, 0x2A, 0xFF, 0x6B, 0x6C, 0xFF, 0xE7, 0x1C, 0xFF, 0xFF, 0xFF, 0xFF, 0xEF,
    0x5C, 0xFF, 0xEF, 0x3C, 0xFF, 0xEF, 0x5C, 0xFF, 0xEF, 0x5C, 0xFF, 0xEF, 0x5C, 0xFF, 0xEF, 0x5C,
    0xFF, 0xEF, 0x5C, 0xFF, 0xEF, 0x5C, 0xFF, 0xEF, 0x5C, 0xFF, 0xEF, 0x3C, 0xFD, 0xF7, 0x7D, 0xFE,
    0xF7, 0xBE, 0xD9, 0xAD, 0x75, 0x73, 0x00, 0x00, 0x17, 0x00, 0x00, 0x00, 0xFF, 0xFF, 0x01, 0x00,
    0x00, 0x00, 0x00, 0x00, 0x04, 0x00, 0x00, 0x21, 0x00, 0x00, 0x21, 0x00, 0x00, 0x04, 0x00, 0x00,
    0x00, 0x00, 0x00, 0x00, 0x00, 0x00, 0x00, 0x00, 0x00, 0x00, 0x00, 0x00, 0x00, 0x00, 0x00, 0x00,
    0x00, 0x00, 0x00, 0x39, 0xE7, 0x34, 0xB5, 0xB6, 0xBC, 0xFF, 0xDF, 0xF9, 0xEF, 0x1C, 0xFE, 0xEF,
    0x3C, 0xFF, 0xEF, 0x3C, 0xFF, 0xEF, 0x3C, 0xFF, 0xEF, 0x5D, 0xFF, 0xCE, 0x18, 0xFF, 0xA4, 0xD4,
    0xFE, 0xB5, 0x56, 0xFF, 0xAD, 0x15, 0xD2, 0x5A, 0xEC, 0x5B, 0x00, 0x00, 0x07, 0x7B, 0xEF, 0x02,
    0xF8, 0x00, 0x01, 0xF8, 0x00, 0x01, 0xFF, 0xE0, 0x01, 0xFF, 0xE0, 0x01, 0x00, 0x00, 0x00, 0x7B,
    0xEF, 0x02, 0xFF, 0xFF, 0x01, 0x00, 0x00, 0x07, 0x8C, 0x70, 0x63, 0xBD, 0xF6, 0xDE, 0x7B, 0xCE,
    0xFD, 0x4A, 0x29, 0xFE, 0xBD, 0xB7, 0xFF, 0xBD, 0xD7, 0xFF, 0xBD, 0x97, 0xFF, 0xB5, 0x96, 0xFF,
    0xC6, 0x18, 0xFF, 0xEF, 0x3C, 0xFF, 0xF7, 0x7D, 0xFF, 0xEF, 0x3C, 0xFF, 0xEF, 0x3C, 0xFF, 0xEF,
    0x3C, 0xFF, 0xEF, 0x1C, 0xFF, 0xEF, 0x3C, 0xFF, 0xEF, 0x3C, 0xFF, 0xEF, 0x1C, 0xFF, 0xEF, 0x1C,
    0xFF, 0xEF, 0x1C, 0xFF, 0xEF, 0x3C, 0xFF, 0xEF, 0x1C, 0xFF, 0xD6, 0x7A, 0xFF, 0xBD, 0x97, 0xFF,
    0xB5, 0x36, 0xFF, 0xC5, 0xD8, 0xFF, 0xD6, 0x5A, 0xFF, 0x83, 0xF0, 0xFF, 0x28, 0x41, 0xFF, 0x93,
    0x6C, 0xFF, 0xFF, 0x9D, 0xFF, 0xFF, 0xFF, 0xFF, 0xFF, 0xBE, 0xFF, 0xFF, 0xBD, 0xFF, 0xFF, 0xBD,
    0xFF, 0xFF, 0x9C, 0xFF, 0xFF, 0x9C, 0xFF, 0xFF, 0x9D, 0xFF, 0xFF, 0x9D, 0xFF, 0xFF, 0x9C, 0xFF,
    0xFF, 0x9D, 0xFF, 0xFF, 0x9C, 0xFF, 0xFF, 0x9C, 0xFF, 0xFF, 0x9C, 0xFF, 0xFF, 0x9C, 0xFF, 0xFF,
    0x9C, 0xFF, 0xFF, 0x9C, 0xFF, 0xFF, 0x9C, 0xFF, 0xFF, 0x7C, 0xFF, 0xFF, 0x9C, 0xFF, 0xFF, 0x9C,
    0xFF, 0xFF, 0x9C, 0xFF, 0xFF, 0x9C, 0xFF, 0xFF, 0x9C, 0xFF, 0xFF, 0x9C, 0xFF, 0xFF, 0x9C, 0xFF,
    0xFF, 0x9C, 0xFF, 0xFF, 0x9C, 0xFF, 0xFF, 0x9C, 0xFF, 0xFF, 0x9C, 0xFF, 0xFF, 0x9C, 0xFF, 0xFF,
    0x9C, 0xFF, 0xFF, 0x9C, 0xFF, 0xFF, 0x9C, 0xFF, 0xFF, 0x9C, 0xFF, 0xFF, 0x9C, 0xFF, 0xFF, 0x9C,
    0xFF, 0xFF, 0x9C, 0xFF, 0xFF, 0x9C, 0xFF, 0xFF, 0x9C, 0xFF, 0xFF, 0x9C, 0xFF, 0xFF, 0x9D, 0xFF,
    0xFF, 0xFF, 0xFF, 0xEF, 0x5C, 0xFF, 0xBD, 0x54, 0xFF, 0xAC, 0xB1, 0xFF, 0xB4, 0xF2, 0xFF, 0xBD,
    0x54, 0xFF, 0xDE, 0x98, 0xFF, 0xFF, 0xDD, 0xFF, 0xFF, 0xDD, 0xFF, 0xF7, 0x5A, 0xFF, 0xFF, 0x5B,
    0xFF, 0xFF, 0x7B, 0xFF, 0xFF, 0x7B, 0xFF, 0xFF, 0x7B, 0xFF, 0xFF, 0x7C, 0xFF, 0xFF, 0x9C, 0xFF,
    0xFF, 0x9C, 0xFF, 0xFF, 0x9C, 0xFF, 0xFF, 0x9C, 0xFF, 0xFF, 0x9C, 0xFF, 0xFF, 0x9C, 0xFF, 0xFF,
    0x9C, 0xFF, 0xFF, 0x9C, 0xFF, 0xFF, 0x9C, 0xFF, 0xFF, 0x9C, 0xFF, 0xFF, 0x9C, 0xFF, 0xFF, 0x9C,
    0xFF, 0xFF, 0x7C, 0xFF, 0xFF, 0x7B, 0xFF, 0xFF, 0x5B, 0xFE, 0xF7, 0x3A, 0xFE, 0xF7, 0x5B, 0xFF,
    0xFF, 0xFE, 0xFF, 0xFF, 0xFF, 0xFF, 0xE6, 0xB9, 0xFF, 0x93, 0xEE, 0xFF, 0x49, 0xA6, 0xFF, 0x51,
    0xE8, 0xFF, 0x83, 0xF1, 0xFF, 0x9C, 0xB4, 0xFF, 0x8C, 0x52, 0xFF, 0x83, 0xF1, 0xFF, 0x6B, 0x0D,
    0xFF, 0x6B, 0x2E, 0xFF, 0xBD, 0x96, 0xFF, 0xB5, 0x56, 0xFF, 0xDE, 0xDB, 0xFF, 0xEF, 0x1C, 0xFF,
    0xEF, 0x3C, 0xFF, 0xEF, 0x3C, 0xFF, 0xEF, 0x3C, 0xFF, 0xEF, 0x3D, 0xFF, 0xEF, 0x3C, 0xFF, 0xEF,
    0x5D, 0xFF, 0xF7, 0x7D, 0xFF, 0xD6, 0x9A, 0xFF, 0xA4, 0xF4, 0xFF, 0xB5, 0x76, 0xFF, 0xEF, 0x1C,
    0xFF, 0xEF, 0x3C, 0xFF, 0xEE, 0xFC, 0xFF, 0xE6, 0xDB, 0xFF, 0xFF, 0xDF, 0xFF, 0x84, 0x30, 0xFF,
    0x29, 0x44, 0xFF, 0x8C, 0x6F, 0xFF, 0xEF, 0x5B, 0xFF, 0xEF, 0x3B, 0xFF, 0xEF, 0x5C, 0xFF, 0xC6,
    0x18, 0xFF, 0x83, 0xEF, 0xFF, 0x84, 0x2E, 0xFF, 0x73, 0xEC, 0xFF, 0x21, 0x83, 0xFF, 0x94, 0xF2,
    0xFF, 0xFF, 0xFF, 0xFF, 0xF7, 0x7D, 0xFF, 0xE7, 0x1B, 0xFF, 0xEF, 0x5C, 0xFF, 0xEF, 0x5C, 0xFF,
    0xEF, 0x3C, 0xFF, 0xEF, 0x3C, 0xFF, 0xEF, 0x3C, 0xFF, 0xEF, 0x5C, 0xFF, 0xEF, 0x5C, 0xFF, 0xEF,
    0x5C, 0xFE, 0xEF, 0x3B, 0xFD, 0xFF, 0xFF, 0xEE, 0xCE, 0x79, 0x9B, 0x42, 0x28, 0x2F, 0x00, 0x00,
    0x00, 0xFF, 0xFF, 0x01, 0x00, 0x00, 0x00, 0x00, 0x00, 0x00, 0x00, 0x00, 0x04, 0x00, 0x00, 0x21,
    0x00, 0x00, 0x21, 0x00, 0x00, 0x04, 0x00, 0x00, 0x00, 0x00, 0x00, 0x00, 0x00, 0x00, 0x00, 0x00,
    0x00, 0x00, 0x00, 0x00, 0x00, 0x00, 0x00, 0x01, 0x00, 0x00, 0x00, 0x00, 0x00, 0x12, 0x7B, 0xCF,
    0x70, 0xFF, 0xBE, 0xED, 0xEF, 0x5D, 0xFF, 0xEF, 0x3C, 0xFF, 0xEF, 0x1C, 0xFF, 0xE7, 0x1C, 0xFF,
    0xEF, 0x5D, 0xFF, 0xD6, 0x7A, 0xFF, 0xAD, 0x15, 0xFE, 0xAD, 0x15, 0xFF, 0xAC, 0xF5, 0xD9, 0x73,
    0x4E, 0x66, 0x00, 0x00, 0x07, 0xFF, 0xFF, 0x01, 0x00, 0x00, 0x00, 0x00, 0x00, 0x00, 0x00, 0x00,
    0x00, 0x00, 0x00, 0x00, 0x00, 0x00, 0x00, 0x00, 0x00, 0x01, 0xFF, 0xFF, 0x01, 0x00, 0x00, 0x00,
    0x42, 0x27, 0x3C, 0xAD, 0x53, 0xB9, 0xC6, 0x15, 0xFB, 0x62, 0xEB, 0xFE, 0x73, 0x4D, 0xFF, 0xCE,
    0x39, 0xFF, 0xBD, 0xB7, 0xFF, 0xBD, 0x97, 0xFF, 0xBD, 0x97, 0xFF, 0xCE, 0x39, 0xFF, 0xEF, 0x1C,
    0xFF, 0xEF, 0x5D, 0xFF, 0xEF, 0x3C, 0xFF, 0xEF, 0x1C, 0xFF, 0xEF, 0x1C, 0xFF, 0xEF, 0x3C, 0xFF,
    0xEF, 0x3C, 0xFF, 0xEF, 0x3C, 0xFF, 0xEF, 0x3C, 0xFF, 0xE7, 0x1C, 0xFF, 0xE7, 0x1C, 0xFF, 0xEF,
    0x3C, 0xFF, 0xF7, 0x5D, 0xFF, 0xE6, 0xDC, 0xFF, 0xC5, 0xF8, 0xFF, 0xB5, 0x76, 0xFF, 0xCE, 0x39,
    0xFF, 0xBD, 0x97, 0xFF, 0x49, 0xC8, 0xFF, 0x30, 0x61, 0xFF, 0x8B, 0x6C, 0xFF, 0xEF, 0x1B, 0xFF,
    0xFF, 0xFF, 0xFF, 0xFF, 0xBE, 0xFF, 0xF7, 0x5C, 0xFF, 0xFF, 0x7C, 0xFF, 0xFF, 0x9C, 0xFF, 0xFF,
    0xBD, 0xFF, 0xFF, 0xBD, 0xFF, 0xFF, 0xBD, 0xFF, 0xFF, 0x9C, 0xFF, 0xFF, 0x9C, 0xFF, 0xFF, 0x9C,
    0xFF, 0xFF, 0x9C, 0xFF, 0xFF, 0x9C, 0xFF, 0xFF, 0x9C, 0xFF, 0xFF, 0x9C, 0xFF, 0xFF, 0x9C, 0xFF,
    0xFF, 0x9C, 0xFF, 0xFF, 0x9C, 0xFF, 0xFF, 0x9C, 0xFF, 0xFF, 0x9C, 0xFF, 0xFF, 0x9C, 0xFF, 0xFF,
    0x9C, 0xFF, 0xFF, 0x9C, 0xFF, 0xFF, 0x9C, 0xFF, 0xFF, 0x9C, 0xFF, 0xFF, 0x9C, 0xFF, 0xFF, 0x9C,
    0xFF, 0xFF, 0x9C, 0xFF, 0xFF, 0x9C, 0xFF, 0xFF, 0x9C, 0xFF, 0xFF, 0x9C, 0xFF, 0xFF, 0x9C, 0xFF,
    0xFF, 0x9C, 0xFF, 0xFF, 0x9C, 0xFF, 0xFF, 0x9C, 0xFF, 0xFF, 0x9C, 0xFF, 0xFF, 0x9C, 0xFF, 0xFF,
    0x9C, 0xFF, 0xFF, 0x9C, 0xFF, 0xFF, 0xDE, 0xFF, 0xEF, 0x3C, 0xFF, 0xA4, 0xB1, 0xFF, 0x94, 0x0F,
    0xFF, 0xB5, 0x33, 0xFF, 0xA4, 0x91, 0xFF, 0x93, 0xEE, 0xFF, 0x8B, 0xCE, 0xFF, 0xAC, 0xF2, 0xFF,
    0xEF, 0x1A, 0xFF, 0xFF, 0xFD, 0xFF, 0xFF, 0x7B, 0xFF, 0xFF, 0x5B, 0xFF, 0xFF, 0x7B, 0xFF, 0xFF,
    0x7B, 0xFF, 0xFF, 0x7B, 0xFF, 0xFF, 0x9C, 0xFF, 0xFF, 0x9C, 0xFF, 0xFF, 0x9C, 0xFF, 0xFF, 0x9C,
    0xFF, 0xFF, 0x9C, 0xFF, 0xFF, 0x9C, 0xFF, 0xFF, 0x9C, 0xFF, 0xFF, 0x9C, 0xFF, 0xFF, 0x9C, 0xFF,
    0xFF, 0x9C, 0xFF, 0xFF, 0x9C, 0xFF, 0xFF, 0x9C, 0xFE, 0xFF, 0x5B, 0xFE, 0xF7, 0x5B, 0xFE, 0xFF,
    0x9C, 0xFF, 0xFF, 0xFE, 0xFF, 0xFF, 0xFE, 0xFE, 0xE7, 0x1A, 0xFF, 0xA4, 0x91, 0xFF, 0x62, 0x47,
    0xFF, 0x39, 0x24, 0xFF, 0x5A, 0x6B, 0xFF, 0x94, 0x73, 0xFF, 0x9C, 0xB4, 0xFF, 0x83, 0xF1, 0xFE,
    0x8C, 0x32, 0xFF, 0x7B, 0xB0, 0xFF, 0x5A, 0xAB, 0xFF, 0x94, 0x31, 0xFF, 0xB5, 0x76, 0xFF, 0xCE,
    0x18, 0xFF, 0xE7, 0x1C, 0xFF, 0xE7, 0x1C, 0xFF, 0xE7, 0x1C, 0xFF, 0xEF, 0x3C, 0xFF, 0xEF, 0x5D,
    0xFF, 0xEF, 0x3C, 0xFF, 0xEF, 0x5D, 0xFF, 0xF7, 0x7D, 0xFF, 0xE6, 0xDB, 0xFF, 0xAD, 0x55, 0xFF,
    0xA4, 0xD4, 0xFF, 0xDE, 0x9B, 0xFF, 0xF7, 0x5D, 0xFF, 0xEF, 0x1C, 0xFF, 0xE6, 0xFC, 0xFF, 0xF7,
    0x5D, 0xFF, 0xDE, 0xBA, 0xFF, 0x52, 0xAA, 0xFF, 0x39, 0xC6, 0xFF, 0xAD, 0x52, 0xFF, 0xEF, 0x3A,
    0xFF, 0xF7, 0x7C, 0xFF, 0xEF, 0x3C, 0xFF, 0xB5, 0x75, 0xFF, 0x84, 0x4F, 0xFF, 0x94, 0xEF, 0xFF,
    0xA5, 0x6F, 0xFF, 0x4A, 0xA6, 0xFF, 0xAD, 0x94, 0xFF, 0xFF, 0xBE, 0xFF, 0xEF, 0x5C, 0xFF, 0xE7,
    0x3B, 0xFF, 0xEF, 0x5B, 0xFF, 0xE7, 0x5B, 0xFF, 0xEF, 0x3B, 0xFF, 0xEF, 0x3B, 0xFF, 0xEF, 0x3C,
    0xFF, 0xEF, 0x5C, 0xFF, 0xEF, 0x5C, 0xFF, 0xE7, 0x1B, 0xFD, 0xFF, 0xDE, 0xF4, 0xE7, 0x1B, 0xB9,
    0x6B, 0x6D, 0x4D, 0x00, 0x00, 0x08, 0x00, 0x00, 0x00, 0x00, 0x00, 0x01, 0x00, 0x00, 0x00, 0x00,
    0x00, 0x00, 0x00, 0x00, 0x04, 0x00, 0x00, 0x21, 0x00, 0x00, 0x21, 0x00, 0x00, 0x04, 0x00, 0x00,
    0x00, 0x00, 0x00, 0x00, 0x00, 0x00, 0x00, 0x00, 0x00, 0x00, 0x00, 0x00, 0x00, 0x00, 0x00, 0x01,
    0x00, 0x00, 0x00, 0x00, 0x00, 0x00, 0x39, 0xE7, 0x33, 0xC6, 0x18, 0xBF, 0xFF, 0xDF, 0xFB, 0xE7,
    0x1C, 0xFF, 0xE7, 0x1C, 0xFF, 0xE6, 0xFC, 0xFF, 0xEF, 0x1C, 0xFF, 0xE6, 0xDB, 0xFF, 0xBD, 0x76,
    0xFE, 0xAC, 0xF5, 0xFF, 0xAC, 0xF5, 0xDF, 0x83, 0xD0, 0x6F, 0x00, 0x00, 0x07, 0xFF, 0xFF, 0x01,
    0x00, 0x00, 0x00, 0x00, 0x00, 0x00, 0x00, 0x00, 0x00, 0x00, 0x00, 0x00, 0x00, 0x00, 0x00, 0x00,
    0x00, 0x00, 0x07, 0xFF, 0x01, 0xFF, 0xFF, 0x01, 0x10, 0x82, 0x1E, 0x8C, 0x4F, 0x87, 0xCE, 0x77,
    0xEE, 0xA5, 0x32, 0xFD, 0x52, 0x8A, 0xFF, 0x94, 0x52, 0xFF, 0xCE, 0x39, 0xFF, 0xC5, 0xD7, 0xFF,
    0xBD, 0xB7, 0xFF, 0xBD, 0x97, 0xFF, 0xCE, 0x39, 0xFF, 0xEF, 0x1C, 0xFF, 0xEF, 0x3C, 0xFF, 0xE7,
    0x1C, 0xFF, 0xEF, 0x1C, 0xFF, 0xEF, 0x1C, 0xFF, 0xEF, 0x1C, 0xFF, 0xEF, 0x3C, 0xFF, 0xEF, 0x3C,
    0xFF, 0xEF, 0x3C, 0xFF, 0xEF, 0x1C, 0xFF, 0xEF, 0x1C, 0xFF, 0xEF, 0x3C, 0xFF, 0xF7, 0x7D, 0xFF,
    0xEF, 0x1C, 0xFF, 0xC5, 0xF8, 0xFF, 0xC5, 0xD7, 0xFF, 0xCE, 0x5A, 0xFF, 0x9C, 0x93, 0xFF, 0x49,
    0xC8, 0xFF, 0x41, 0x04, 0xFF, 0x7A, 0xEA, 0xFF, 0xCE, 0x37, 0xFF, 0xFF, 0xFE, 0xFF, 0xFF, 0xFF,
    0xFF, 0xFF, 0xBD, 0xFF, 0xFF, 0x7C, 0xFF, 0xFF, 0x9C, 0xFF, 0xFF, 0x9D, 0xFF, 0xFF, 0xBC, 0xFF,
    0xFF, 0x9C, 0xFF, 0xFF, 0x9C, 0xFF, 0xFF, 0x7C, 0xFF, 0xFF, 0x9C, 0xFF, 0xFF, 0x9C, 0xFF, 0xFF,
    0x9C, 0xFF, 0xFF, 0x9C, 0xFF, 0xFF, 0x9C, 0xFF, 0xFF, 0x9C, 0xFF, 0xFF, 0x9C, 0xFF, 0xFF, 0x9C,
    0xFF, 0xFF, 0x9C, 0xFF, 0xFF, 0x9C, 0xFF, 0xFF, 0x9C, 0xFF, 0xFF, 0x9C, 0xFF, 0xFF, 0x9C, 0xFF,
    0xFF, 0x9C, 0xFF, 0xFF, 0x9C, 0xFF, 0xFF, 0x9C, 0xFF, 0xFF, 0x9C, 0xFF, 0xFF, 0x9C, 0xFF, 0xFF,
    0x9C, 0xFF, 0xFF, 0x9C, 0xFF, 0xFF, 0x9C, 0xFF, 0xFF, 0x9C, 0xFF, 0xFF, 0x9C, 0xFF, 0xFF, 0x9C,
    0xFF, 0xFF, 0x9C, 0xFF, 0xFF, 0x9C, 0xFF, 0xFF, 0x9D, 0xFF, 0xFF, 0x9C, 0xFF, 0xFF, 0xFF, 0xFF,
    0xB5, 0x13, 0xFF, 0x8B, 0xEF, 0xFF, 0xDE, 0xDA, 0xFF, 0xFF, 0xFF, 0xFF, 0xF7, 0x7C, 0xFF, 0xDE,
    0xD9, 0xFF, 0xB5, 0x54, 0xFF, 0x8B, 0xAE, 0xFF, 0x94, 0x0F, 0xFF, 0xD6, 0x58, 0xFF, 0xFF, 0xFD,
    0xFF, 0xFF, 0x9B, 0xFF, 0xF7, 0x5A, 0xFF, 0xFF, 0x7B, 0xFF, 0xFF, 0x7B, 0xFF, 0xFF, 0x9C, 0xFF,
    0xFF, 0x9C, 0xFF, 0xFF, 0x9C, 0xFF, 0xFF, 0x9C, 0xFF, 0xFF, 0x9C, 0xFF, 0xFF, 0x9C, 0xFF, 0xFF,
    0x9C, 0xFF, 0xFF, 0x9D, 0xFF, 0xFF, 0x9D, 0xFF, 0xFF, 0x9C, 0xFF, 0xF7, 0x7C, 0xFE, 0xFF, 0x9C,
    0xFF, 0xFF, 0xDD, 0xFF, 0xFF, 0xFE, 0xFF, 0xFF, 0xBD, 0xFF, 0xDE, 0xD9, 0xFF, 0xB5, 0x12, 0xFF,
    0x62, 0x68, 0xFF, 0x30, 0xE3, 0xFF, 0x41, 0x86, 0xFF, 0x73, 0x6F, 0xFF, 0x94, 0x74, 0xFF, 0x8C,
    0x32, 0xFF, 0x7B, 0xD0, 0xFE, 0x84, 0x12, 0xFF, 0x8C, 0x32, 0xFF, 0x6A, 0xED, 0xFF, 0x62, 0xCC,
    0xFF, 0xB5, 0x55, 0xFF, 0xBD, 0x96, 0xFF, 0xE6, 0xDB, 0xFF, 0xE7, 0x1C, 0xFF, 0xE7, 0x1C, 0xFF,
    0xE7, 0x1C, 0xFF, 0xEF, 0x3C, 0xFF, 0xEF, 0x3C, 0xFF, 0xEF, 0x3C, 0xFF, 0xF7, 0x7D, 0xFF, 0xE7,
    0x1C, 0xFF, 0xBD, 0x96, 0xFF, 0x9C, 0xD4, 0xFF, 0xC5, 0xD8, 0xFF, 0xF7, 0x5D, 0xFF, 0xEF, 0x3D,
    0xFF, 0xEF, 0x1C, 0xFF, 0xE6, 0xFB, 0xFF, 0xFF, 0xDF, 0xFF, 0x94, 0x91, 0xFF, 0x63, 0x2B, 0xFF,
    0x73, 0xCD, 0xFF, 0xA5, 0x32, 0xFF, 0xE7, 0x1A, 0xFF, 0xEF, 0x5C, 0xFF, 0xEF, 0x3C, 0xFF, 0xDE,
    0xFB, 0xFF, 0xD6, 0xB9, 0xFF, 0xE7, 0x58, 0xFF, 0xC6, 0x72, 0xFF, 0x4A, 0xA7, 0xFF, 0xBD, 0xD6,
    0xFF, 0xFF, 0xDD, 0xFF, 0xE7, 0x3B, 0xFF, 0xE7, 0x3B, 0xFF, 0xE7, 0x3B, 0xFF, 0xE7, 0x3B, 0xFF,
    0xE7, 0x3B, 0xFF, 0xE7, 0x3B, 0xFF, 0xEF, 0x3B, 0xFF, 0xEF, 0x5B, 0xFF, 0xE7, 0x1A, 0xFE, 0xF7,
    0x7C, 0xF3, 0xF7, 0x9D, 0xC9, 0x8C, 0x70, 0x69, 0x00, 0x00, 0x16, 0x00, 0x00, 0x00, 0x00, 0x00,
    0x01, 0x00, 0x00, 0x01, 0x00, 0x00, 0x00, 0x00, 0x00, 0x00, 0x00, 0x00, 0x04, 0x00, 0x00, 0x21,
    0x00, 0x00, 0x21, 0x00, 0x00, 0x04, 0x00, 0x00, 0x00, 0x00, 0x00, 0x00, 0x00, 0x00, 0x00, 0x00,
    0x00, 0x00, 0x00, 0x00, 0x00, 0x00, 0x00, 0x00, 0x00, 0x00, 0x00, 0x00, 0x00, 0x01, 0x00, 0x00,
    0x11, 0x63, 0x0C, 0x6C, 0xF7, 0x7D, 0xE2, 0xF7, 0x7D, 0xFF, 0xE6, 0xFC, 0xFE, 0xE6, 0xFB, 0xFF,
    0xE7, 0x1C, 0xFF, 0xEF, 0x1C, 0xFF, 0xCE, 0x18, 0xFE, 0xAC, 0xF5, 0xFF, 0xA4, 0xF4, 0xE3, 0x8C,
    0x31, 0x7B, 0x00, 0x00, 0x0A, 0xFF, 0xFF, 0x01, 0x00, 0x00, 0x00, 0x00, 0x00, 0x00, 0x00, 0x00,
    0x00, 0x00, 0x00, 0x00, 0x00, 0x00, 0x00, 0x00, 0x00, 0x00, 0x00, 0x00, 0x01, 0x00, 0x00, 0x00,
    0x00, 0x00, 0x05, 0x63, 0x2C, 0x51, 0xBD, 0xD5, 0xCE, 0xBD, 0xF5, 0xFC, 0x8C, 0x6F, 0xFE, 0x52,
    0x49, 0xFF, 0xA4, 0xD3, 0xFF, 0xCE, 0x39, 0xFF, 0xCE, 0x19, 0xFF, 0xC5, 0xF8, 0xFF, 0xBD, 0x97,
    0xFF, 0xCE, 0x39, 0xFF, 0xEF, 0x1C, 0xFF, 0xEF, 0x1C, 0xFF, 0xE7, 0x1C, 0xFF, 0xE7, 0x1C, 0xFF,
    0xEF, 0x1C, 0xFF, 0xEF, 0x1C, 0xFF, 0xEF, 0x1C, 0xFF, 0xEF, 0x3C, 0xFF, 0xEF, 0x3C, 0xFF, 0xEF,
    0x3C, 0xFF, 0xEF, 0x3C, 0xFF, 0xEF, 0x3D, 0xFF, 0xF7, 0x7E, 0xFF, 0xE7, 0x1C, 0xFF, 0xC5, 0xF8,
    0xFF, 0xC5, 0xF8, 0xFF, 0xC5, 0xD8, 0xFF, 0x7B, 0x8F, 0xFF, 0x6A, 0xED, 0xFF, 0x39, 0x05, 0xFF,
    0x41, 0x64, 0xFF, 0x9C, 0x4F, 0xFF, 0xE6, 0xD9, 0xFF, 0xFF, 0xFD, 0xFF, 0xFF, 0xFF, 0xFF, 0xFF,
    0xDE, 0xFF, 0xFF, 0x9D, 0xFF, 0xFF, 0x7C, 0xFF, 0xFF, 0x7C, 0xFF, 0xFF, 0x7C, 0xFF, 0xFF, 0x9C,
    0xFF, 0xFF, 0x9C, 0xFF, 0xFF, 0x9C, 0xFF, 0xFF, 0x9C, 0xFF, 0xFF, 0x9C, 0xFF, 0xFF, 0x9C, 0xFF,
    0xFF, 0x9C, 0xFF, 0xFF, 0x9C, 0xFF, 0xFF, 0x9C, 0xFF, 0xFF, 0x9C, 0xFF, 0xFF, 0x9C, 0xFF, 0xFF,
    0x9C, 0xFF, 0xFF, 0x9C, 0xFF, 0xFF, 0x9C, 0xFF, 0xFF, 0x9C, 0xFF, 0xFF, 0x9C, 0xFF, 0xFF, 0x9C,
    0xFF, 0xFF, 0x9C, 0xFF, 0xFF, 0x9C, 0xFF, 0xFF, 0x9C, 0xFF, 0xFF, 0x9C, 0xFF, 0xFF, 0x9C, 0xFF,
    0xFF, 0x9C, 0xFF, 0xFF, 0x9C, 0xFF, 0xFF, 0x9C, 0xFF, 0xFF, 0x9C, 0xFF, 0xFF, 0x9C, 0xFF, 0xFF,
    0x9D, 0xFF, 0xFF, 0xBD, 0xFF, 0xFF, 0xFE, 0xFF, 0x8B, 0xEE, 0xFF, 0xAC, 0xF3, 0xFF, 0xFF, 0xDE,
    0xFF, 0xF7, 0x7C, 0xFF, 0xFF, 0x9C, 0xFF, 0xFF, 0xFD, 0xFF, 0xFF, 0xFE, 0xFF, 0xEF, 0x3B, 0xFF,
    0x9C, 0x90, 0xFF, 0x7B, 0x4C, 0xFF, 0xC5, 0xF6, 0xFF, 0xFF, 0xDD, 0xFF, 0xFF, 0x9C, 0xFF, 0xFF,
    0x7B, 0xFF, 0xFF, 0x9C, 0xFF, 0xFF, 0x9C, 0xFF, 0xFF, 0x9C, 0xFF, 0xFF, 0x9C, 0xFF, 0xFF, 0xBD,
    0xFF, 0xFF, 0xBD, 0xFF, 0xFF, 0xBD, 0xFF, 0xFF, 0x9C, 0xFF, 0xFF, 0x9C, 0xFF, 0xFF, 0x9D, 0xFF,
    0xFF, 0xBE, 0xFF, 0xFF, 0xFF, 0xFF, 0xFF, 0xFF, 0xFF, 0xF7, 0x9C, 0xF8, 0xE7, 0x1A, 0xDA, 0xCD,
    0xF6, 0xB7, 0x72, 0xEA, 0xC5, 0x30, 0xE3, 0xFC, 0x31, 0x05, 0xFF, 0x62, 0xCD, 0xFF, 0x8C, 0x32,
    0xFF, 0x8C, 0x53, 0xFF, 0x83, 0xF1, 0xFF, 0x84, 0x11, 0xFF, 0x8C, 0x32, 0xFF, 0x9C, 0x94, 0xFF,
    0x7B, 0xB0, 0xFF, 0x5A, 0x8B, 0xFF, 0x8C, 0x10, 0xFF, 0xC5, 0xD7, 0xFF, 0xD6, 0x59, 0xFF, 0xE7,
    0x1C, 0xFF, 0xE6, 0xFC, 0xFF, 0xE7, 0x1C, 0xFF, 0xEF, 0x1C, 0xFF, 0xEF, 0x3C, 0xFF, 0xEF, 0x3C,
    0xFF, 0xEF, 0x5D, 0xFF, 0xE6, 0xFB, 0xFF, 0xBD, 0xB7, 0xFF, 0x9C, 0xD4, 0xFF, 0xB5, 0x76, 0xFF,
    0xE6, 0xDB, 0xFF, 0xF7, 0x7D, 0xFF, 0xEF, 0x3D, 0xFF, 0xEF, 0x1C, 0xFF, 0xF7, 0x5D, 0xFF, 0xEF,
    0x3C, 0xFF, 0x6B, 0x4C, 0xFF, 0xA5, 0x33, 0xFF, 0xA5, 0x52, 0xFF, 0x8C, 0x6F, 0xFF, 0xEF, 0x3B,
    0xFF, 0xEF, 0x5C, 0xFF, 0xEF, 0x3C, 0xFF, 0xFF, 0xBE, 0xFF, 0xF7, 0xBC, 0xFF, 0xE7, 0x77, 0xFF,
    0x94, 0xEC, 0xFF, 0x4A, 0xA7, 0xFF, 0xC6, 0x57, 0xFF, 0xFF, 0xBD, 0xFF, 0xE7, 0x1A, 0xFF, 0xE7,
    0x3A, 0xFF, 0xE7, 0x3B, 0xFF, 0xE7, 0x3B, 0xFF, 0xE7, 0x3B, 0xFF, 0xE7, 0x3B, 0xFF, 0xE7, 0x3B,
    0xFF, 0xE7, 0x3A, 0xFF, 0xE7, 0x3B, 0xFC, 0xF7, 0xBD, 0xD4, 0xA5, 0x33, 0x7A, 0x18, 0xE3, 0x21,
    0xFF, 0xFF, 0x01, 0xFF, 0xFF, 0x01, 0x00, 0x00, 0x01, 0x00, 0x00, 0x00, 0x00, 0x00, 0x00, 0x00,
    0x00, 0x00, 0x00, 0x00, 0x04, 0x00, 0x00, 0x21, 0x00, 0x00, 0x21, 0x00, 0x00, 0x04, 0x00, 0x00,
    0x00, 0x00, 0x00, 0x00, 0x00, 0x00, 0x00, 0x00, 0x00, 0x00, 0x00, 0x00, 0x00, 0x00, 0x00, 0x00,
    0x00, 0x00, 0x01, 0x00, 0x00, 0x00, 0x00, 0x00, 0x00, 0x18, 0xC3, 0x25, 0xAD, 0x34, 0x9F, 0xFF,
    0xBE, 0xF4, 0xEF, 0x3D, 0xFF, 0xE6, 0xFB, 0xFF, 0xE6, 0xFB, 0xFF, 0xEF, 0x3C, 0xFF, 0xDE, 0x9A,
    0xFE, 0xB5, 0x56, 0xFF, 0xA4, 0xD4, 0xF0, 0x9C, 0xB3, 0x97, 0x08, 0x00, 0x1D, 0xFF, 0xFF, 0x02,
    0x00, 0x00, 0x00, 0x00, 0x00, 0x00, 0x00, 0x00, 0x00, 0x00, 0x00, 0x00, 0x00, 0x00, 0x00, 0x00,
    0x00, 0x00, 0x00, 0x00, 0x01, 0x00, 0x00, 0x00, 0x00, 0x00, 0x00, 0x31, 0xA6, 0x27, 0x94, 0xB1,
    0x99, 0xCE, 0x57, 0xF6, 0xAD, 0x52, 0xFE, 0x83, 0xEE, 0xFF, 0x4A, 0x49, 0xFF, 0xA5, 0x14, 0xFF,
    0xDE, 0x7A, 0xFF, 0xDE, 0x9A, 0xFF, 0xCE, 0x18, 0xFF, 0xBD, 0x97, 0xFF, 0xD6, 0x39, 0xFF, 0xEF,
    0x1C, 0xFF, 0xEF, 0x1C, 0xFF, 0xEF, 0x1C, 0xFF, 0xEF, 0x1C, 0xFF, 0xEF, 0x1C, 0xFF, 0xEF, 0x1C,
    0xFF, 0xEF, 0x3C, 0xFF, 0xEF, 0x3C, 0xFF, 0xEF, 0x3C, 0xFF, 0xEF, 0x3C, 0xFF, 0xEF, 0x3C, 0xFF,
    0xEF, 0x5D, 0xFF, 0xF7, 0x7E, 0xFF, 0xDE, 0xDB, 0xFF, 0xC5, 0xD7, 0xFF, 0xC5, 0xD8, 0xFF, 0x94,
    0x52, 0xFF, 0x6B, 0x0D, 0xFF, 0x83, 0xD1, 0xFF, 0x41, 0x87, 0xFF, 0x20, 0x41, 0xFF, 0x59, 0xE6,
    0xFF, 0xAC, 0xD1, 0xFF, 0xE6, 0xDA, 0xFF, 0xFF, 0xDE, 0xFF, 0xFF, 0xFE, 0xFF, 0xFF, 0xDE, 0xFF,
    0xFF, 0xBC, 0xFF, 0xFF, 0x7C, 0xFF, 0xFF, 0x7B, 0xFF, 0xFF, 0x7B, 0xFF, 0xFF, 0x7B, 0xFF, 0xFF,
    0x9B, 0xFF, 0xFF, 0x9C, 0xFF, 0xFF, 0x9C, 0xFF, 0xFF, 0x9C, 0xFF, 0xFF, 0x9C, 0xFF, 0xFF, 0x9C,
    0xFF, 0xFF, 0x9C, 0xFF, 0xFF, 0x9C, 0xFF, 0xFF, 0x9C, 0xFF, 0xFF, 0x9C, 0xFF, 0xFF, 0x9C, 0xFF,
    0xFF, 0x9C, 0xFF, 0xFF, 0x9C, 0xFF, 0xFF, 0x9C, 0xFF, 0xFF, 0x9C, 0xFF, 0xFF, 0x9C, 0xFF, 0xFF,
    0x9C, 0xFF, 0xFF, 0x9C, 0xFF, 0xFF, 0x9C, 0xFF, 0xFF, 0x9C, 0xFF, 0xFF, 0x9C, 0xFF, 0xFF, 0x9C,
    0xFF, 0xFF, 0x9C, 0xFF, 0xFF, 0x9C, 0xFF, 0xFF, 0x9C, 0xFF, 0xFF, 0xBD, 0xFF, 0xFF, 0xFE, 0xFF,
    0x9C, 0x2F, 0xFF, 0xAC, 0xD2, 0xFF, 0xF7, 0x9C, 0xFF, 0xFF, 0x7B, 0xFF, 0xF7, 0x5B, 0xFF, 0xF7,
    0x5A, 0xFF, 0xF7, 0x5A, 0xFF, 0xFF, 0xDD, 0xFF, 0xFF, 0xFE, 0xFF, 0xB5, 0x33, 0xFF, 0x6A, 0xC9,
    0xFF, 0xC5, 0xF6, 0xFF, 0xFF, 0xFD, 0xFF, 0xFF, 0x9C, 0xFF, 0xFF, 0x7B, 0xFF, 0xFF, 0x9C, 0xFF,
    0xFF, 0x9D, 0xFF, 0xFF, 0x9D, 0xFF, 0xFF, 0x9D, 0xFF, 0xFF, 0x9D, 0xFF, 0xFF, 0x9D, 0xFF, 0xFF,
    0xBE, 0xFF, 0xFF, 0xDE, 0xFF, 0xFF, 0xFF, 0xFF, 0xFF, 0xFF, 0xFF, 0xF7, 0x9E, 0xEE, 0xEF, 0x1B,
    0xD0, 0xC5, 0xB5, 0xA5, 0x62, 0x88, 0x66, 0x00, 0x00, 0x2F, 0x18, 0x83, 0x55, 0x4A, 0x6B, 0xC4,
    0x83, 0xF2, 0xD6, 0x84, 0x12, 0xD9, 0x7B, 0xB1, 0xDB, 0x7B, 0xB0, 0xDD, 0x83, 0xF1, 0xDE, 0x8C,
    0x12, 0xDD, 0x94, 0x73, 0xDA, 0x94, 0x93, 0xC8, 0x5A, 0xAC, 0xDD, 0x6B, 0x0D, 0xFE, 0xBD, 0x96,
    0xFE, 0xC6, 0x18, 0xFF, 0xE6, 0xFC, 0xFF, 0xE6, 0xFC, 0xFF, 0xE7, 0x1C, 0xFF, 0xE7, 0x1C, 0xFF,
    0xEF, 0x1C, 0xFF, 0xEF, 0x3C, 0xFF, 0xEF, 0x3D, 0xFF, 0xDE, 0xDB, 0xFF, 0xBD, 0x97, 0xFF, 0x9C,
    0xD4, 0xFF, 0xAD, 0x35, 0xFF, 0xCE, 0x39, 0xFF, 0xEF, 0x5D, 0xFF, 0xEF, 0x5D, 0xFF, 0xEF, 0x5D,
    0xFF, 0xE7, 0x1C, 0xFF, 0xFF, 0xFF, 0xFF, 0x9C, 0xD3, 0xFF, 0x63, 0x2B, 0xFF, 0xCE, 0x78, 0xFF,
    0xA5, 0x52, 0xFF, 0x7C, 0x2E, 0xFF, 0xE7, 0x3B, 0xFF, 0xF7, 0x7D, 0xFF, 0xEF, 0x5C, 0xFF, 0xF7,
    0x5D, 0xFF, 0xE6, 0xF9, 0xFF, 0xDF, 0x15, 0xFF, 0x84, 0x8B, 0xFF, 0x53, 0x09, 0xFF, 0xCE, 0x99,
    0xFF, 0xF7, 0x9D, 0xFF, 0xE7, 0x1A, 0xFF, 0xE7, 0x1A, 0xFF, 0xE7, 0x3A, 0xFF, 0xE7, 0x3A, 0xFF,
    0xE7, 0x3A, 0xFF, 0xE7, 0x3B, 0xFF, 0xE7, 0x3A, 0xFF, 0xE7, 0x3A, 0xFF, 0xF7, 0xBC, 0xE7, 0xBE,
    0x16, 0x93, 0x39, 0xE7, 0x2C, 0xFF, 0xFF, 0x01, 0xFF, 0xFF, 0x01, 0x00, 0x00, 0x01, 0x00, 0x00,
    0x00, 0x00, 0x00, 0x00, 0x00, 0x00, 0x00, 0x00, 0x00, 0x00, 0x00, 0x00, 0x04, 0x00, 0x00, 0x21,
    0x00, 0x00, 0x21, 0x00, 0x00, 0x04, 0x00, 0x00, 0x00, 0x00, 0x00, 0x00, 0x00, 0x00, 0x00, 0x00,
    0x00, 0x00, 0x00, 0x00, 0x00, 0x00, 0x00, 0x00, 0x00, 0x00, 0x00, 0x00, 0x00, 0x00, 0x00, 0x00,
    0x01, 0x39, 0xE7, 0x04, 0x18, 0xC3, 0x3D, 0xCE, 0x59, 0xB7, 0xF7, 0x7D, 0xFB, 0xEF, 0x3C, 0xFF,
    0xE6, 0xFB, 0xFE, 0xEF, 0x1C, 0xFF, 0xEF, 0x1C, 0xFE, 0xC5, 0xD8, 0xFF, 0xAD, 0x15, 0xFF, 0xA4,
    0xD4, 0xC5, 0x31, 0x86, 0x42, 0x31, 0x86, 0x05, 0x00, 0x00, 0x00, 0x00, 0x00, 0x00, 0x00, 0x00,
    0x00, 0x00, 0x00, 0x00, 0x00, 0x00, 0x00, 0x00, 0x00, 0x00, 0x00, 0x00, 0x00, 0x00, 0x00, 0x01,
    0x00, 0x00, 0x00, 0x00, 0x00, 0x06, 0x6B, 0x4D, 0x53, 0xCE, 0x37, 0xD6, 0xB5, 0x94, 0xFE, 0xB5,
    0x73, 0xFF, 0x73, 0x6D, 0xFF, 0x4A, 0x29, 0xFF, 0xB5, 0x76, 0xFF, 0xE6, 0xFC, 0xFF, 0xE6, 0xDB,
    0xFF, 0xD6, 0x59, 0xFF, 0xC5, 0xB7, 0xFF, 0xD6, 0x59, 0xFF, 0xEF, 0x3C, 0xFF, 0xEF, 0x3C, 0xFF,
    0xEF, 0x3C, 0xFF, 0xEF, 0x3C, 0xFF, 0xEF, 0x3C, 0xFF, 0xEF, 0x3C, 0xFF, 0xEF, 0x3C, 0xFF, 0xEF,
    0x3C, 0xFF, 0xEF, 0x3C, 0xFF, 0xEF, 0x3C, 0xFF, 0xEF, 0x5D, 0xFF, 0xEF, 0x5D, 0xFF, 0xEF, 0x5D,
    0xFF, 0xDE, 0x9A, 0xFF, 0xB5, 0x76, 0xFF, 0xAD, 0x35, 0xFF, 0x62, 0xAC, 0xFF, 0x73, 0x4F, 0xFF,
    0x94, 0x32, 0xFF, 0x6B, 0x0D, 0xFF, 0x31, 0x25, 0xFF, 0x20, 0x61, 0xFF, 0x51, 0xA6, 0xFF, 0x9C,
    0x4F, 0xFF, 0xDE, 0xB8, 0xFF, 0xF7, 0x9D, 0xFF, 0xFF, 0xDD, 0xFF, 0xFF, 0xBD, 0xFF, 0xFF, 0x9C,
    0xFF, 0xFF, 0x9C, 0xFF, 0xFF, 0x9B, 0xFF, 0xFF, 0x7B, 0xFF, 0xFF, 0x9C, 0xFF, 0xFF, 0x9C, 0xFF,
    0xFF, 0x9C, 0xFF, 0xFF, 0x9D, 0xFF, 0xFF, 0x9D, 0xFF, 0xFF, 0x9D, 0xFF, 0xFF, 0x9C, 0xFF, 0xFF,
    0x9C, 0xFF, 0xFF, 0x9C, 0xFF, 0xFF, 0x9C, 0xFF, 0xFF, 0x9C, 0xFF, 0xFF, 0x9C, 0xFF, 0xFF, 0x9C,
    0xFF, 0xFF, 0x9C, 0xFF, 0xFF, 0x9C, 0xFF, 0xFF, 0x9C, 0xFF, 0xFF, 0x9C, 0xFF, 0xFF, 0x9C, 0xFF,
    0xFF, 0x9C, 0xFF, 0xFF, 0x9C, 0xFF, 0xFF, 0x9C, 0xFF, 0xFF, 0x9C, 0xFF, 0xFF, 0x9C, 0xFF, 0xFF,
    0x9C, 0xFF, 0xFF, 0x9C, 0xFF, 0xFF, 0xFF, 0xFF, 0xC5, 0xB5, 0xFF, 0xA4, 0x70, 0xFF, 0xE6, 0xDA,
    0xFF, 0xFF, 0xFD, 0xFF, 0xF7, 0x5A, 0xFF, 0xFF, 0x9B, 0xFF, 0xFF, 0x7B, 0xFF, 0xFF, 0x5B, 0xFF,
    0xFF, 0x9B, 0xFF, 0xFF, 0xFE, 0xFF, 0xB5, 0x33, 0xFF, 0x6A, 0xA9, 0xFF, 0xCE, 0x17, 0xFF, 0xFF,
    0xFE, 0xFF, 0xF7, 0x7C, 0xFF, 0xFF, 0x9C, 0xFF, 0xFF, 0x9D, 0xFF, 0xFF, 0xBD, 0xFF, 0xFF, 0xBD,
    0xFF, 0xFF, 0xBE, 0xFF, 0xFF, 0xDF, 0xFF, 0xFF, 0xFF, 0xFF, 0xFF, 0xDF, 0xFF, 0xEF, 0x5C, 0xFE,
    0xDE, 0x58, 0xD7, 0x9C, 0x0F, 0x94, 0x39, 0x03, 0x4E, 0x00, 0x00, 0x1D, 0x00, 0x00, 0x0A, 0x42,
    0xEB, 0x0B, 0x5A, 0xCB, 0x28, 0x63, 0x0D, 0x53, 0x52, 0xAB, 0x58, 0x5A, 0xCC, 0x5E, 0x6B, 0x2E,
    0x65, 0x6B, 0x4F, 0x68, 0x73, 0x6F, 0x6B, 0x6B, 0x6E, 0x69, 0x6B, 0x2D, 0x5C, 0x20, 0xE4, 0x44,
    0x5A, 0x8A, 0x92, 0xA4, 0xB3, 0xFC, 0xCE, 0x39, 0xFE, 0xDE, 0xBA, 0xFE, 0xEF, 0x1C, 0xFF, 0xE7,
    0x1C, 0xFF, 0xE7, 0x1C, 0xFF, 0xEF, 0x1C, 0xFF, 0xE7, 0x1C, 0xFF, 0xE6, 0xDC, 0xFF, 0xDE, 0x7A,
    0xFF, 0xB5, 0x56, 0xFF, 0x9C, 0xB4, 0xFF, 0xAD, 0x35, 0xFF, 0xC5, 0xF8, 0xFF, 0xE6, 0xFB, 0xFF,
    0xEF, 0x5D, 0xFF, 0xEF, 0x3C, 0xFF, 0xEF, 0x3D, 0xFF, 0xF7, 0x7D, 0xFF, 0xF7, 0x9E, 0xFF, 0x52,
    0x6A, 0xFF, 0x52, 0x69, 0xFF, 0xCE, 0x78, 0xFF, 0x9D, 0x32, 0xFF, 0x7C, 0x4E, 0xFF, 0xE7, 0x1A,
    0xFF, 0xF7, 0x7D, 0xFF, 0xEF, 0x5D, 0xFF, 0xF7, 0x7D, 0xFF, 0xE7, 0x19, 0xFF, 0xDF, 0x35, 0xFF,
    0x7C, 0x4A, 0xFF, 0x63, 0x8A, 0xFF, 0xD6, 0xD9, 0xFF, 0xF7, 0x9C, 0xFF, 0xE7, 0x1A, 0xFF, 0xE7,
    0x3A, 0xFF, 0xE7, 0x3A, 0xFF, 0xE7, 0x3A, 0xFF, 0xE7, 0x3B, 0xFF, 0xE7, 0x5B, 0xFF, 0xE7, 0x3A,
    0xFF, 0xEF, 0x9A, 0xEA, 0xCE, 0x97, 0xA0, 0x3A, 0x07, 0x3A, 0x39, 0xE7, 0x04, 0xFF, 0xFF, 0x01,
    0x00, 0x00, 0x01, 0x00, 0x00, 0x00, 0x00, 0x00, 0x00, 0x00, 0x00, 0x00, 0x00, 0x00, 0x00, 0x00,
    0x00, 0x00, 0x00, 0x00, 0x04, 0x00, 0x00, 0x21, 0x00, 0x00, 0x21, 0x00, 0x00, 0x04, 0x00, 0x00,
    0x00, 0x00, 0x00, 0x00, 0x00, 0x00, 0x00, 0x00, 0x00, 0x00, 0x00, 0x00, 0x00, 0x00, 0x00, 0x00,
    0x00, 0x00, 0x00, 0x00, 0x00, 0x00, 0x00, 0x00, 0x00, 0x00, 0x00, 0x00, 0x10, 0xA2, 0x0B, 0x39,
    0xA6, 0x55, 0xE7, 0x1C, 0xC2, 0xF7, 0x7D, 0xFC, 0xEF, 0x1C, 0xFF, 0xE6, 0xFB, 0xFE, 0xF7, 0x5D,
    0xFF, 0xDE, 0x9A, 0xFE, 0xB5, 0x76, 0xFF, 0xA4, 0xF4, 0xDB, 0x73, 0x6D, 0x67, 0x00, 0x00, 0x0A,
    0x00, 0x00, 0x00, 0x00, 0x00, 0x00, 0x00, 0x00, 0x00, 0x00, 0x00, 0x00, 0x00, 0x00, 0x00, 0x00,
    0x00, 0x00, 0x00, 0x00, 0x00, 0x00, 0x00, 0x00, 0x00, 0x00, 0x00, 0x00, 0x00, 0x00, 0x10, 0xA3,
    0x23, 0x94, 0x71, 0x92, 0xE6, 0xFA, 0xF3, 0xAD, 0x33, 0xFF, 0xBD, 0xD5, 0xFF, 0x5A, 0xEB, 0xFF,
    0x5A, 0x8A, 0xFF, 0xCE, 0x18, 0xFF, 0xEF, 0x3D, 0xFF, 0xE6, 0xDB, 0xFF, 0xDE, 0xBA, 0xFF, 0xCE,
    0x18, 0xFF, 0xD6, 0x7A, 0xFF, 0xEF, 0x1C, 0xFF, 0xEF, 0x5D, 0xFF, 0xEF, 0x3C, 0xFF, 0xEF, 0x3C,
    0xFF, 0xEF, 0x3C, 0xFF, 0xE7, 0x1C, 0xFF, 0xEF, 0x3C, 0xFF, 0xEF, 0x3C, 0xFF, 0xEF, 0x3C, 0xFF,
    0xEF, 0x3D, 0xFF, 0xEF, 0x3D, 0xFF, 0xEF, 0x5D, 0xFF, 0xEF, 0x3C, 0xFF, 0xCE, 0x19, 0xFF, 0xB5,
    0x56, 0xFF, 0x8C, 0x11, 0xFF, 0x5A, 0x8B, 0xFF, 0x7B, 0xB0, 0xFF, 0x8C, 0x12, 0xFF, 0x8B, 0xF2,
    0xFF, 0x73, 0x2E, 0xFF, 0x41, 0x87, 0xFF, 0x18, 0x61, 0xFF, 0x39, 0x23, 0xFF, 0x7B, 0x4B, 0xFF,
    0xBD, 0x54, 0xFF, 0xEE, 0xFA, 0xFF, 0xFF, 0xBD, 0xFF, 0xFF, 0xDE, 0xFF, 0xFF, 0xDD, 0xFF, 0xFF,
    0xBD, 0xFF, 0xFF, 0x9D, 0xFF, 0xFF, 0x9D, 0xFF, 0xFF, 0xBD, 0xFF, 0xFF, 0xBD, 0xFF, 0xFF, 0xBD,
    0xFF, 0xFF, 0xBD, 0xFF, 0xFF, 0xBC, 0xFF, 0xFF, 0x9C, 0xFF, 0xFF, 0x9C, 0xFF, 0xFF, 0x9C, 0xFF,
    0xFF, 0x9C, 0xFF, 0xFF, 0x9C, 0xFF, 0xFF, 0x9C, 0xFF, 0xFF, 0x9C, 0xFF, 0xFF, 0x9C, 0xFF, 0xFF,
    0x9C, 0xFF, 0xFF, 0x9C, 0xFF, 0xFF, 0x9C, 0xFF, 0xFF, 0x9C, 0xFF, 0xFF, 0x9C, 0xFF, 0xFF, 0x9C,
    0xFF, 0xFF, 0x9C, 0xFF, 0xFF, 0x9C, 0xFF, 0xFF, 0x9C, 0xFF, 0xFF, 0x9C, 0xFF, 0xFF, 0xDD, 0xFF,
    0xFF, 0xBD, 0xFF, 0xBD, 0x13, 0xFF, 0xBD, 0x33, 0xFF, 0xFF, 0xBD, 0xFF, 0xFF, 0x9C, 0xFF, 0xFF,
    0x7B, 0xFF, 0xFF, 0x7B, 0xFF, 0xFF, 0x7B, 0xFF, 0xFF, 0x7B, 0xFF, 0xFF, 0x7B, 0xFF, 0xFF, 0xFE,
    0xFF, 0x8B, 0xCE, 0xFF, 0x6A, 0xAA, 0xFF, 0xDE, 0xBA, 0xFF, 0xFF, 0xFF, 0xFF, 0xF7, 0x7C, 0xFF,
    0xFF, 0xBD, 0xFF, 0xFF, 0xDE, 0xFF, 0xFF, 0xFF, 0xFF, 0xFF, 0xDF, 0xFF, 0xFF, 0xBD, 0xFF, 0xDE,
    0x58, 0xFF, 0xAC, 0xB1, 0xFE, 0x72, 0xA9, 0xD9, 0x38, 0xE3, 0x69, 0x00, 0x00, 0x1C, 0x19, 0xE7,
    0x08, 0xFF, 0xFF, 0x02, 0xFF, 0xFF, 0x01, 0x00, 0x00, 0x01, 0x00, 0x00, 0x06, 0x00, 0x00, 0x0A,
    0x00, 0x00, 0x0A, 0x00, 0x00, 0x0A, 0x00, 0x00, 0x0B, 0x00, 0x00, 0x0C, 0x00, 0x00, 0x0C, 0x10,
    0x80, 0x0D, 0x00, 0x00, 0x0B, 0x08, 0x41, 0x2E, 0x9C, 0x72, 0xA1, 0xCE, 0x18, 0xFD, 0xD6, 0x7A,
    0xFD, 0xEF, 0x3C, 0xFE, 0xE7, 0x1C, 0xFF, 0xEF, 0x1C, 0xFF, 0xEF, 0x1C, 0xFF, 0xE6, 0xFC, 0xFF,
    0xDE, 0x9B, 0xFF, 0xCE, 0x39, 0xFF, 0xAC, 0xF5, 0xFF, 0x94, 0x53, 0xFF, 0xAC, 0xF5, 0xFF, 0xBD,
    0xB7, 0xFF, 0xD6, 0x9A, 0xFF, 0xF7, 0x5D, 0xFF, 0xEF, 0x1C, 0xFF, 0xEF, 0x3C, 0xFF, 0xEF, 0x3C,
    0xFF, 0xFF, 0xFF, 0xFF, 0x94, 0x92, 0xFF, 0x6B, 0x6D, 0xFF, 0x63, 0x2B, 0xFF, 0xA5, 0x53, 0xFF,
    0x9D, 0x31, 0xFF, 0x84, 0x8E, 0xFF, 0xDE, 0xD9, 0xFF, 0xFF, 0x9D, 0xFF, 0xEF, 0x7D, 0xFF, 0xF7,
    0x7D, 0xFF, 0xE7, 0x19, 0xFF, 0xDF, 0x34, 0xFF, 0x6C, 0x09, 0xFF, 0x73, 0xED, 0xFF, 0xDE, 0xFA,
    0xFF, 0xF7, 0x7C, 0xFF, 0xDE, 0xF9, 0xFF, 0xE7, 0x3A, 0xFF, 0xE7, 0x3A, 0xFF, 0xE7, 0x3B, 0xFF,
    0xE7, 0x5B, 0xFF, 0xE7, 0x5A, 0xFF, 0xEF, 0x7A, 0xEA, 0xD6, 0xD6, 0xA5, 0x42, 0x46, 0x42, 0x18,
    0xE3, 0x09, 0x00, 0x00, 0x00, 0x00, 0x00, 0x00, 0x00, 0x00, 0x00, 0x00, 0x00, 0x00, 0x00, 0x00,
    0x00, 0x00, 0x00, 0x00, 0x00, 0x00, 0x00, 0x00, 0x00, 0x00, 0x00, 0x00, 0x04, 0x00, 0x00, 0x21,
    0x00, 0x00, 0x21, 0x00, 0x00, 0x04, 0x00, 0x00, 0x00, 0x00, 0x00, 0x00, 0x00, 0x00, 0x00, 0x00,
    0x00, 0x00, 0x00, 0x00, 0x00, 0x00, 0x00, 0x00, 0x00, 0x00, 0x00, 0x00, 0x00, 0x00, 0x00, 0x00,
    0x00, 0x00, 0x00, 0x00, 0x00, 0x00, 0x00, 0x00, 0x00, 0x13, 0x52, 0x6A, 0x64, 0xE6, 0xFC, 0xC7,
    0xF7, 0x9D, 0xFB, 0xE7, 0x1C, 0xFF, 0xEF, 0x3C, 0xFE, 0xEF, 0x5D, 0xFE, 0xCE, 0x39, 0xFF, 0xA4,
    0xF4, 0xEA, 0x9C, 0x92, 0x89, 0x00, 0x00, 0x17, 0x00, 0x00, 0x00, 0x00, 0x00, 0x00, 0x00, 0x00,
    0x00, 0x00, 0x00, 0x00, 0x00, 0x00, 0x00, 0x00, 0x00, 0x00, 0x00, 0x00, 0x00, 0x00, 0x00, 0x00,
    0x00, 0x00, 0x01, 0x00, 0x00, 0x00, 0x00, 0x00, 0x01, 0x5A, 0xAA, 0x45, 0xD6, 0xB9, 0xD2, 0xE6,
    0xFA, 0xFF, 0xBD, 0x94, 0xFF, 0xBD, 0xD6, 0xFF, 0x5A, 0xAB, 0xFF, 0x63, 0x0C, 0xFF, 0xD6, 0x7A,
    0xFF, 0xF7, 0x7D, 0xFF, 0xE7, 0x1C, 0xFF, 0xE7, 0x1C, 0xFF, 0xD6, 0x9A, 0xFF, 0xD6, 0x79, 0xFF,
    0xE6, 0xFB, 0xFF, 0xEF, 0x5D, 0xFF, 0xEF, 0x3C, 0xFF, 0xEF, 0x3C, 0xFF, 0xE7, 0x1C, 0xFF, 0xE6,
    0xFB, 0xFF, 0xEF, 0x3C, 0xFF, 0xEF, 0x3D, 0xFF, 0xEF, 0x3D, 0xFF, 0xEF, 0x3C, 0xFF, 0xEF, 0x1C,
    0xFF, 0xEF, 0x1C, 0xFF, 0xE6, 0xFC, 0xFF, 0xBD, 0xB7, 0xFF, 0xAD, 0x35, 0xFF, 0x6B, 0x0D, 0xFF,
    0x62, 0xED, 0xFF, 0x7B, 0xB0, 0xFF, 0x83, 0xD1, 0xFF, 0x83, 0xF1, 0xFF, 0x8C, 0x12, 0xFF, 0x73,
    0x6F, 0xFF, 0x4A, 0x09, 0xFF, 0x20, 0xC3, 0xFF, 0x20, 0x82, 0xFF, 0x41, 0x65, 0xFF, 0x72, 0xEB,
    0xFF, 0xBD, 0x13, 0xFF, 0xE6, 0xD9, 0xFF, 0xFF, 0x9D, 0xFF, 0xFF, 0xFF, 0xFF, 0xFF, 0xFF, 0xFF,
    0xFF, 0xFF, 0xFF, 0xFF, 0xDF, 0xFF, 0xFF, 0xBE, 0xFF, 0xFF, 0xBD, 0xFF, 0xFF, 0x9C, 0xFF, 0xFF,
    0x9C, 0xFF, 0xFF, 0x7C, 0xFF, 0xFF, 0x9C, 0xFF, 0xFF, 0x9C, 0xFF, 0xFF, 0x9C, 0xFF, 0xFF, 0x9C,
    0xFF, 0xFF, 0x9C, 0xFF, 0xFF, 0x9C, 0xFF, 0xFF, 0x9C, 0xFF, 0xFF, 0x9C, 0xFF, 0xFF, 0x9C, 0xFF,
    0xFF, 0x9C, 0xFF, 0xFF, 0x9C, 0xFF, 0xFF, 0x9C, 0xFF, 0xFF, 0x9C, 0xFF, 0xFF, 0x9C, 0xFF, 0xFF,
    0x9C, 0xFF, 0xFF, 0x9D, 0xFF, 0xFF, 0x9D, 0xFF, 0xFF, 0xFE, 0xFF, 0xF7, 0x7C, 0xFF, 0xC5, 0x53,
    0xFF, 0xC5, 0x53, 0xFF, 0xF7, 0x7C, 0xFF, 0xFF, 0xBC, 0xFF, 0xFF, 0x5B, 0xFF, 0xFF, 0x7B, 0xFF,
    0xFF, 0x7B, 0xFF, 0xFF, 0x7B, 0xFF, 0xFF, 0xBC, 0xFF, 0xF7, 0x7C, 0xFF, 0x62, 0x89, 0xFF, 0x83,
    0xCE, 0xFF, 0xFF, 0xBE, 0xFF, 0xFF, 0xFF, 0xFF, 0xFF, 0xDF, 0xFF, 0xF7, 0x7D, 0xFF, 0xD6, 0x58,
    0xFF, 0xA4, 0x50, 0xFF, 0x72, 0x89, 0xFF, 0x41, 0x24, 0xFF, 0x38, 0xE3, 0xE3, 0x49, 0xE8, 0x88,
    0x4A, 0x69, 0x27, 0x00, 0x00, 0x03, 0x00, 0x00, 0x01, 0x00, 0x00, 0x00, 0x00, 0x00, 0x00, 0x00,
    0x00, 0x00, 0x00, 0x00, 0x00, 0x00, 0x00, 0x00, 0x00, 0x00, 0x00, 0x00, 0x00, 0x00, 0x00, 0x00,
    0x00, 0x00, 0x00, 0x00, 0x00, 0x00, 0x01, 0x00, 0x00, 0x00, 0x00, 0x00, 0x14, 0x8C, 0x10, 0x6E,
    0xC5, 0xD7, 0xD8, 0xD6, 0x9A, 0xFF, 0xEF, 0x3D, 0xFD, 0xEF, 0x3D, 0xFF, 0xEF, 0x3D, 0xFF, 0xEF,
    0x1C, 0xFF, 0xDE, 0xBB, 0xFF, 0xCE, 0x39, 0xFF, 0xCE, 0x39, 0xFF, 0xA4, 0xB4, 0xFF, 0x83, 0xF1,
    0xFF, 0xA4, 0xD4, 0xFF, 0xB5, 0x76, 0xFF, 0xCE, 0x19, 0xFF, 0xEF, 0x1C, 0xFF, 0xEF, 0x1C, 0xFF,
    0xEF, 0x1C, 0xFF, 0xEF, 0x1C, 0xFF, 0xF7, 0x7D, 0xFF, 0xDE, 0xBA, 0xFF, 0x4A, 0x28, 0xFF, 0xCE,
    0x59, 0xFF, 0xBE, 0x17, 0xFF, 0x7B, 0xCD, 0xFF, 0x7C, 0x0D, 0xFF, 0x95, 0x10, 0xFF, 0xD6, 0x98,
    0xFF, 0xFF, 0xBE, 0xFF, 0xEF, 0x7D, 0xFF, 0xF7, 0x9D, 0xFF, 0xDF, 0x18, 0xFF, 0xDF, 0x54, 0xFF,
    0x6B, 0xE8, 0xFF, 0x7C, 0x4E, 0xFF, 0xE7, 0x1B, 0xFF, 0xEF, 0x5A, 0xFF, 0xDE, 0xD8, 0xFF, 0xE7,
    0x3A, 0xFF, 0xEF, 0x5B, 0xFF, 0xEF, 0x5B, 0xFF, 0xEF, 0x7A, 0xFF, 0xE7, 0x78, 0xF1, 0xCE, 0xD5,
    0xA6, 0x42, 0x67, 0x48, 0x00, 0x00, 0x0C, 0x00, 0x00, 0x00, 0x00, 0x00, 0x00, 0x00, 0x00, 0x00,
    0x00, 0x00, 0x00, 0x00, 0x00, 0x00, 0x00, 0x00, 0x00, 0x00, 0x00, 0x00, 0x00, 0x00, 0x00, 0x00,
    0x00, 0x00, 0x00, 0x00, 0x04, 0x00, 0x00, 0x21, 0x00, 0x00, 0x21, 0x00, 0x00, 0x04, 0x00, 0x00,
    0x00, 0x00, 0x00, 0x00, 0x00, 0x00, 0x00, 0x00, 0x00, 0x00, 0x00, 0x00, 0x00, 0x00, 0x00, 0x00,
    0x00, 0x00, 0x00, 0x00, 0x00, 0x00, 0x00, 0x00, 0x00, 0x00, 0x00, 0x00, 0x00, 0x00, 0x00, 0x00,
    0x00, 0x00, 0x00, 0x00, 0x17, 0x4A, 0x49, 0x5F, 0xDE, 0xBA, 0xC1, 0xFF, 0xBE, 0xF9, 0xEF, 0x3C,
    0xFE, 0xF7, 0x5D, 0xFC, 0xEF, 0x1C, 0xFF, 0xBD, 0x97, 0xF1, 0xA4, 0xD4, 0xAE, 0x39, 0xC7, 0x42,
    0x00, 0x00, 0x08, 0x00, 0x00, 0x00, 0x00, 0x00, 0x00, 0x00, 0x00, 0x00, 0x00, 0x00, 0x00, 0x00,
    0x00, 0x00, 0x00, 0x00, 0x00, 0x00, 0x00, 0x00, 0x00, 0x00, 0x00, 0x00, 0x00, 0x00, 0x00, 0x00,
    0x00, 0x00, 0x00, 0x17, 0x7B, 0xCF, 0x7E, 0xFF, 0xFF, 0xE5, 0xD6, 0x99, 0xFF, 0xBD, 0xB5, 0xFF,
    0xBD, 0xD6, 0xFF, 0x63, 0x0C, 0xFF, 0x6B, 0x2D, 0xFF, 0xDE, 0xBA, 0xFF, 0xFF, 0xDF, 0xFF, 0xEF,
    0x3C, 0xFF, 0xEF, 0x5D, 0xFF, 0xE6, 0xFB, 0xFF, 0xDE, 0xBA, 0xFF, 0xE7, 0x1C, 0xFF, 0xEF, 0x5D,
    0xFF, 0xEF, 0x3C, 0xFF, 0xEF, 0x5D, 0xFF, 0xE6, 0xFB, 0xFF, 0xDE, 0xBB, 0xFF, 0xE7, 0x1C, 0xFF,
    0xEF, 0x5D, 0xFF, 0xEF, 0x1C, 0xFF, 0xE6, 0xFC, 0xFF, 0xE6, 0xFC, 0xFF, 0xE6, 0xFC, 0xFF, 0xD6,
    0x7A, 0xFF, 0xBD, 0x97, 0xFF, 0xA4, 0xB3, 0xFF, 0x52, 0x6B, 0xFF, 0x6B, 0x2E, 0xFF, 0x83, 0xD1,
    0xFF, 0x7B, 0xB0, 0xFF, 0x7B, 0xB0, 0xFF, 0x83, 0xD1, 0xFF, 0x84, 0x11, 0xFF, 0x7B, 0xD0, 0xFF,
    0x63, 0x0D, 0xFE, 0x4A, 0x29, 0xF8, 0x39, 0x66, 0xF5, 0x28, 0xC3, 0xF2, 0x30, 0xE3, 0xFD, 0x5A,
    0x28, 0xFE, 0x8B, 0xCD, 0xFF, 0xBD, 0x53, 0xFF, 0xDE, 0x78, 0xFF, 0xF7, 0x7C, 0xFF, 0xFF, 0xFF,
    0xFF, 0xFF, 0xFF, 0xFF, 0xFF, 0xFF, 0xFF, 0xFF, 0xFF, 0xFF, 0xFF, 0xDE, 0xFF, 0xFF, 0xBD, 0xFE,
    0xFF, 0x9C, 0xFE, 0xF7, 0x7C, 0xFE, 0xF7, 0x7C, 0xFE, 0xF7, 0x7C, 0xFF, 0xF7, 0x7C, 0xFF, 0xF7,
    0x7C, 0xFF, 0xF7, 0x7C, 0xFF, 0xF7, 0x7C, 0xFF, 0xF7, 0x7C, 0xFF, 0xFF, 0x7C, 0xFF, 0xFF, 0x7C,
    0xFF, 0xFF, 0x7C, 0xFF, 0xFF, 0x7B, 0xFF, 0xFF, 0x7C, 0xFF, 0xFF, 0x9C, 0xFF, 0xFF, 0x9D, 0xFF,
    0xF7, 0x9D, 0xFF, 0xFF, 0xFF, 0xFF, 0xF7, 0x9E, 0xFF, 0xBD, 0x32, 0xFF, 0xA4, 0x4E, 0xFF, 0xEE,
    0xF9, 0xFF, 0xFF, 0xBC, 0xFF, 0xFF, 0x7B, 0xFF, 0xFF, 0x9B, 0xFF, 0xFF, 0x7B, 0xFF, 0xFF, 0x5B,
    0xFF, 0xFF, 0xFE, 0xFF, 0xD6, 0x57, 0xFF, 0x6A, 0xCA, 0xFF, 0x8C, 0x30, 0xFF, 0xBD, 0x95, 0xFF,
    0x7B, 0x6C, 0xFF, 0x52, 0x28, 0xFF, 0x39, 0x24, 0xFF, 0x39, 0x45, 0xFF, 0x49, 0xC7, 0xFF, 0x5A,
    0x8B, 0xEB, 0x7B, 0xD0, 0xB2, 0x73, 0x6E, 0x5F, 0x21, 0x86, 0x1A, 0x00, 0x00, 0x01, 0x00, 0x00,
    0x00, 0x00, 0x00, 0x00, 0x00, 0x00, 0x00, 0x00, 0x00, 0x00, 0x00, 0x00, 0x00, 0x00, 0x00, 0x00,
    0x00, 0x00, 0x00, 0x00, 0x00, 0x00, 0x00, 0x00, 0x00, 0x00, 0x00, 0x01, 0x00, 0x00, 0x00, 0x10,
    0x00, 0x0E, 0x63, 0x0C, 0x5A, 0xBD, 0xB7, 0xC4, 0xE6, 0xDB, 0xFB, 0xEF, 0x3D, 0xFE, 0xF7, 0x7E,
    0xFE, 0xEF, 0x5D, 0xFF, 0xE6, 0xFC, 0xFF, 0xD6, 0x5A, 0xFF, 0xCE, 0x19, 0xFF, 0xC6, 0x18, 0xFF,
    0x94, 0x32, 0xFF, 0x7B, 0x8F, 0xFF, 0xA4, 0xD4, 0xFF, 0xB5, 0x56, 0xFF, 0xC5, 0xD8, 0xFF, 0xE6,
    0xDB, 0xFF, 0xE6, 0xFC, 0xFF, 0xE6, 0xFB, 0xFF, 0xE6, 0xFC, 0xFF, 0xEF, 0x1C, 0xFF, 0xFF, 0xBE,
    0xFF, 0x63, 0x2C, 0xFF, 0x73, 0xAE, 0xFF, 0xEF, 0x7D, 0xFF, 0xFF, 0xFF, 0xFF, 0x8C, 0x50, 0xFF,
    0x53, 0x09, 0xFF, 0x8C, 0xCF, 0xFF, 0xCE, 0x97, 0xFF, 0xF7, 0xBE, 0xFF, 0xF7, 0x9D, 0xFF, 0xF7,
    0x9D, 0xFF, 0xDE, 0xF7, 0xFF, 0xDF, 0x54, 0xFF, 0x63, 0xE8, 0xFF, 0x7C, 0x4E, 0xFF, 0xDE, 0xFA,
    0xFF, 0xE6, 0xF8, 0xFF, 0xD6, 0xD7, 0xFF, 0xEF, 0x7A, 0xFF, 0xEF, 0x7B, 0xFF, 0xEF, 0x5A, 0xFF,
    0xE7, 0x58, 0xFF, 0xC6, 0x94, 0xD9, 0x4A, 0xC6, 0x5C, 0x00, 0x00, 0x13, 0x00, 0x00, 0x00, 0x00,
    0x00, 0x00, 0x00, 0x00, 0x00, 0x00, 0x00, 0x00, 0x00, 0x00, 0x00, 0x00, 0x00, 0x00, 0x00, 0x00,
    0x00, 0x00, 0x00, 0x00, 0x00, 0x00, 0x00, 0x00, 0x00, 0x00, 0x00, 0x00, 0x04, 0x00, 0x20, 0x21,
    0x00, 0x00, 0x21, 0x00, 0x00, 0x04, 0x00, 0x00, 0x00, 0x00, 0x00, 0x00, 0x00, 0x00, 0x00, 0x00,
    0x00, 0x00, 0x00, 0x00, 0x00, 0x00, 0x00, 0x00, 0x00, 0x00, 0x00, 0x00, 0x00, 0x00, 0x00, 0x00,
    0x00, 0x00, 0x00, 0x00, 0x00, 0x00, 0x00, 0x00, 0x00, 0x00, 0x00, 0x00, 0x00, 0x00, 0x00, 0x11,
    0x42, 0x08, 0x53, 0xC5, 0xF7, 0xB7, 0xFF, 0xBE, 0xF5, 0xFF, 0xBE, 0xFF, 0xEF, 0x5D, 0xFD, 0xDE,
    0xDB, 0xFD, 0xAD, 0x35, 0xDB, 0x83, 0xF0, 0x7B, 0x08, 0x41, 0x17, 0x00, 0x00, 0x00, 0x00, 0x00,
    0x00, 0x00, 0x00, 0x00, 0x00, 0x00, 0x00, 0x00, 0x00, 0x00, 0x00, 0x00, 0x00, 0x00, 0x00, 0x00,
    0x00, 0x00, 0x00, 0x00, 0x00, 0x00, 0x00, 0x00, 0x00, 0x00, 0x00, 0x01, 0x18, 0xE3, 0x33, 0xBD,
    0xD6, 0xAD, 0xFF, 0xFF, 0xF7, 0xCE, 0x38, 0xFE, 0xBD, 0xB6, 0xFF, 0xC6, 0x17, 0xFF, 0x73, 0x8D,
    0xFF, 0x63, 0x0C, 0xFF, 0xD6, 0x9A, 0xFF, 0xFF, 0xFF, 0xFF, 0xEF, 0x3D, 0xFF, 0xEF, 0x5D, 0xFF,
    0xEF, 0x3C, 0xFF, 0xE7, 0x1C, 0xFF, 0xEF, 0x3C, 0xFF, 0xEF, 0x3C, 0xFF, 0xEF, 0x3C, 0xFF, 0xEF,
    0x5D, 0xFF, 0xE6, 0xFB, 0xFF, 0xD6, 0x9A, 0xFF, 0xDE, 0xBA, 0xFF, 0xE7, 0x1B, 0xFF, 0xE6, 0xDB,
    0xFF, 0xDE, 0xBB, 0xFF, 0xDE, 0xBB, 0xFF, 0xCE, 0x39, 0xFF, 0xB5, 0x56, 0xFF, 0xC5, 0xB7, 0xFF,
    0x83, 0xAF, 0xFF, 0x52, 0x4A, 0xFF, 0x73, 0x6F, 0xFF, 0x7B, 0xB0, 0xFE, 0x73, 0x8F, 0xFE, 0x7B,
    0x90, 0xFD, 0x7B, 0xB0, 0xFE, 0x83, 0xD1, 0xFD, 0x8C, 0x11, 0xEC, 0x8C, 0x52, 0xC3, 0x6B, 0x4D,
    0xA1, 0x52, 0x6A, 0xA0, 0x5A, 0xAB, 0xE1, 0x41, 0xC8, 0xFC, 0x39, 0x45, 0xFF, 0x31, 0x04, 0xFF,
    0x41, 0x44, 0xFF, 0x52, 0x07, 0xFF, 0x73, 0x0A, 0xFF, 0x94, 0x0F, 0xFF, 0xB5, 0x33, 0xFF, 0xD6,
    0x17, 0xFF, 0xEE, 0xD9, 0xFF, 0xF7, 0x5B, 0xF2, 0xFF, 0xBD, 0xF5, 0xFF, 0xFF, 0xF8, 0xFF, 0xFF,
    0xF8, 0xFF, 0xFF, 0xFE, 0xFF, 0xFF, 0xFF, 0xFF, 0xFF, 0xFF, 0xFF, 0xFF, 0xFF, 0xFF, 0xFE, 0xFF,
    0xFF, 0xBD, 0xFF, 0xFF, 0xBD, 0xFF, 0xFF, 0xBD, 0xFF, 0xFF, 0x9C, 0xFF, 0xFF, 0x9C, 0xFF, 0xFF,
    0x9D, 0xFF, 0xFF, 0xBD, 0xFF, 0xFF, 0xDE, 0xFF, 0xFF, 0xDE, 0xFF, 0xFF, 0xDF, 0xFF, 0xFF, 0xFF,
    0xFF, 0xF7, 0x9D, 0xFF, 0xB5, 0x13, 0xFF, 0xA4, 0x70, 0xFF, 0xFF, 0xBC, 0xFF, 0xFF, 0x9B, 0xFF,
    0xFF, 0x9B, 0xFF, 0xFF, 0x7B, 0xFF, 0xFF, 0x7B, 0xFF, 0xF7, 0x7C, 0xFF, 0xFF, 0xFF, 0xFF, 0x9C,
    0x92, 0xFF, 0x28, 0xE4, 0xFF, 0x29, 0x05, 0xFF, 0x39, 0xA7, 0xFF, 0x4A, 0x09, 0xFF, 0x5A, 0xCC,
    0xFF, 0x73, 0x6F, 0xFF, 0x7B, 0xD0, 0xF2, 0x83, 0xF1, 0xB0, 0x73, 0xB0, 0x6D, 0x39, 0xE7, 0x2A,
    0x00, 0x00, 0x05, 0x00, 0x00, 0x00, 0x00, 0x00, 0x01, 0x00, 0x00, 0x00, 0x00, 0x00, 0x00, 0x00,
    0x00, 0x00, 0x00, 0x00, 0x00, 0x00, 0x00, 0x00, 0x00, 0x00, 0x00, 0x00, 0x00, 0x00, 0x00, 0x00,
    0x01, 0xFF, 0xFF, 0x01, 0x10, 0x82, 0x0E, 0x4A, 0x29, 0x50, 0xBD, 0xB7, 0xB9, 0xE6, 0xFC, 0xF8,
    0xEF, 0x5D, 0xFF, 0xFF, 0x9E, 0xFD, 0xEF, 0x5D, 0xFE, 0xDE, 0xBB, 0xFF, 0xCE, 0x39, 0xFF, 0xCE,
    0x39, 0xFF, 0xB5, 0x56, 0xFF, 0x73, 0x6F, 0xFF, 0x7B, 0x6F, 0xFF, 0xAC, 0xF5, 0xFF, 0xAD, 0x35,
    0xFF, 0xBD, 0xB7, 0xFF, 0xDE, 0xBB, 0xFF, 0xE6, 0xFB, 0xFF, 0xE6, 0xDB, 0xFF, 0xE6, 0xFB, 0xFF,
    0xE6, 0xFC, 0xFF, 0xF7, 0x7D, 0xFF, 0xAD, 0x34, 0xFF, 0x39, 0xC7, 0xFF, 0xD6, 0x9A, 0xFF, 0xF7,
    0xBE, 0xFF, 0xFF, 0xDE, 0xFF, 0xD6, 0xB9, 0xFF, 0x63, 0x6B, 0xFF, 0x5B, 0x49, 0xFF, 0xCE, 0x76,
    0xFF, 0xF7, 0xBD, 0xFF, 0xF7, 0x7D, 0xFF, 0xF7, 0x7D, 0xFF, 0xD6, 0xF7, 0xFF, 0xDF, 0x54, 0xFF,
    0x63, 0xE8, 0xFF, 0x74, 0x0D, 0xFF, 0xD6, 0x97, 0xFF, 0xE6, 0xF8, 0xFF, 0xE7, 0x19, 0xFF, 0xEF,
    0x9B, 0xFF, 0xE7, 0x39, 0xFF, 0xE7, 0x78, 0xFF, 0xB6, 0x12, 0xFF, 0x42, 0x65, 0xDD, 0x6B, 0xC8,
    0x6B, 0x31, 0xE4, 0x21, 0x00, 0x00, 0x04, 0x00, 0x00, 0x00, 0x00, 0x00, 0x00, 0x00, 0x00, 0x00,
    0x00, 0x00, 0x00, 0x00, 0x00, 0x00, 0x00, 0x00, 0x00, 0x00, 0x00, 0x00, 0x00, 0x00, 0x00, 0x00,
    0x00, 0x00, 0x00, 0x00, 0x04, 0x00, 0x20, 0x21, 0x00, 0x00, 0x21, 0x00, 0x00, 0x04, 0x00, 0x00,
    0x00, 0x00, 0x00, 0x00, 0x00, 0x00, 0x00, 0x00, 0x00, 0x00, 0x00, 0x00, 0x00, 0x00, 0x00, 0x00,
    0x00, 0x00, 0x00, 0x00, 0x00, 0x00, 0x00, 0x00, 0x00, 0x00, 0x00, 0x00, 0x00, 0x00, 0x00, 0x00,
    0x00, 0x00, 0x00, 0x00, 0x00, 0x00, 0x00, 0x00, 0x00, 0x00, 0x0A, 0x39, 0xE7, 0x3E, 0xA5, 0x14,
    0x9E, 0xEF, 0x5D, 0xE7, 0xFF, 0xFF, 0xFB, 0xF7, 0x9E, 0xFF, 0xCE, 0x39, 0xEE, 0x94, 0x92, 0xA9,
    0x4A, 0x29, 0x46, 0x31, 0x86, 0x0A, 0xFF, 0xFF, 0x01, 0x00, 0x00, 0x01, 0x00, 0x00, 0x00, 0x00,
    0x00, 0x00, 0x00, 0x00, 0x00, 0x00, 0x00, 0x00, 0x00, 0x00, 0x00, 0x00, 0x00, 0x00, 0x00, 0x00,
    0x00, 0x00, 0x00, 0x00, 0x00, 0x00, 0x05, 0x42, 0x08, 0x4E, 0xE7, 0x1B, 0xD1, 0xFF, 0xDF, 0xFF,
    0xCE, 0x79, 0xFE, 0xBD, 0xF7, 0xFE, 0xC6, 0x37, 0xFF, 0x83, 0xEF, 0xFF, 0x63, 0x0B, 0xFF, 0xC6,
    0x18, 0xFF, 0xFF, 0xFF, 0xFF, 0xEF, 0x3D, 0xFF, 0xE7, 0x1C, 0xFF, 0xEF, 0x3C, 0xFF, 0xEF, 0x3C,
    0xFF, 0xEF, 0x3C, 0xFF, 0xEF, 0x3D, 0xFF, 0xEF, 0x5D, 0xFF, 0xEF, 0x5D, 0xFF, 0xE6, 0xFB, 0xFF,
    0xCE, 0x59, 0xFF, 0xCE, 0x18, 0xFF, 0xD6, 0x79, 0xFF, 0xDE, 0x9A, 0xFF, 0xDE, 0x9A, 0xFF, 0xD6,
    0x7A, 0xFF, 0xBD, 0x97, 0xFF, 0xB5, 0x56, 0xFF, 0xBD, 0x76, 0xFF, 0x62, 0xCC, 0xFE, 0x5A, 0xAC,
    0xFF, 0x7B, 0xD0, 0xFC, 0x83, 0xD1, 0xF9, 0x7B, 0xB0, 0xFD, 0x83, 0xF1, 0xFB, 0x8C, 0x11, 0xEA,
    0x8C, 0x32, 0xB6, 0x73, 0x6F, 0x6E, 0x52, 0x6A, 0x32, 0x52, 0x8B, 0x37, 0x7B, 0xF0, 0x94, 0x8C,
    0x73, 0xD5, 0x83, 0xD1, 0xF7, 0x6B, 0x2E, 0xFF, 0x5A, 0xAB, 0xFF, 0x4A, 0x08, 0xFF, 0x41, 0x66,
    0xFF, 0x39, 0x24, 0xFF, 0x39, 0x24, 0xFF, 0x41, 0x44, 0xFE, 0x51, 0xA5, 0xE4, 0x72, 0xCA, 0x8F,
    0x93, 0xEE, 0x84, 0x9C, 0x91, 0x9C, 0xAD, 0x12, 0xB4, 0xAD, 0x33, 0xE8, 0xBD, 0x74, 0xFF, 0xC5,
    0xD6, 0xFF, 0xCE, 0x37, 0xFF, 0xD6, 0x99, 0xFF, 0xE7, 0x1B, 0xFF, 0xEF, 0x5C, 0xFF, 0xF7, 0x5C,
    0xFF, 0xF7, 0x9D, 0xFF, 0xFF, 0x9D, 0xFF, 0xFF, 0xBD, 0xFF, 0xFF, 0xBE, 0xFF, 0xFF, 0xBE, 0xFF,
    0xFF, 0xBE, 0xFF, 0xFF, 0x9D, 0xFF, 0xEF, 0x3C, 0xFF, 0xF7, 0x9E, 0xFF, 0xDE, 0x79, 0xFF, 0x9C,
    0x2E, 0xFF, 0xC5, 0xD5, 0xFF, 0xFF, 0xFE, 0xFF, 0xFF, 0x7C, 0xFF, 0xFF, 0x9C, 0xFF, 0xFF, 0x9C,
    0xFF, 0xF7, 0x7C, 0xFF, 0xFF, 0xFF, 0xFF, 0xEF, 0x3C, 0xFF, 0x52, 0x49, 0xFF, 0x39, 0xA8, 0xFF,
    0x8C, 0x73, 0xFF, 0x7B, 0xD0, 0xFE, 0x84, 0x11, 0xFE, 0x84, 0x11, 0xFE, 0x7B, 0xF1, 0xE8, 0x6B,
    0x4E, 0x7B, 0x31, 0x86, 0x2A, 0x00, 0x00, 0x04, 0x00, 0x00, 0x00, 0x00, 0x00, 0x00, 0x00, 0x00,
    0x00, 0x00, 0x00, 0x00, 0x00, 0x00, 0x00, 0x00, 0x00, 0x00, 0x00, 0x00, 0x00, 0x00, 0x00, 0x00,
    0x00, 0x00, 0x01, 0xFF, 0xFF, 0x01, 0x00, 0x20, 0x00, 0x00, 0x00, 0x0E, 0x31, 0xA7, 0x4F, 0xC5,
    0xD7, 0xB3, 0xEF, 0x1C, 0xF4, 0xF7, 0x7D, 0xFF, 0xF7, 0x7D, 0xFC, 0xE6, 0xFB, 0xFD, 0xD6, 0x5A,
    0xFE, 0xD6, 0x59, 0xFF, 0xC5, 0xD8, 0xFF, 0x8C, 0x32, 0xFF, 0x62, 0xED, 0xFF, 0x83, 0xD1, 0xFF,
    0xAD, 0x36, 0xFF, 0xAD, 0x36, 0xFF, 0xBD, 0x97, 0xFF, 0xDE, 0x9B, 0xFF, 0xE6, 0xDB, 0xFF, 0xE6,
    0xDB, 0xFF, 0xE6, 0xDB, 0xFF, 0xDE, 0xDB, 0xFF, 0xEF, 0x3C, 0xFF, 0xDE, 0xBA, 0xFF, 0x39, 0xA6,
    0xFF, 0x9C, 0xD3, 0xFF, 0xFF, 0xDE, 0xFF, 0xF7, 0xBD, 0xFF, 0xDE, 0xF9, 0xFF, 0xEF, 0x7A, 0xFF,
    0x8C, 0x8F, 0xFF, 0x42, 0x86, 0xFF, 0xAD, 0x92, 0xFF, 0xF7, 0x9C, 0xFF, 0xF7, 0x9D, 0xFF, 0xEF,
    0x7C, 0xFF, 0xD6, 0xF6, 0xFF, 0xDF, 0x54, 0xFF, 0x6C, 0x09, 0xFF, 0x6B, 0xCC, 0xFF, 0xD6, 0x97,
    0xFF, 0xF7, 0x9B, 0xFF, 0xEF, 0x5A, 0xFF, 0xE7, 0x18, 0xFF, 0xE7, 0x78, 0xFF, 0xB5, 0xF3, 0xFF,
    0x3A, 0x65, 0xFF, 0x53, 0x46, 0xF9, 0xB6, 0x70, 0xBD, 0x5B, 0x28, 0x51, 0x00, 0x00, 0x0C, 0x00,
    0x00, 0x00, 0x00, 0x00, 0x00, 0x00, 0x00, 0x00, 0x00, 0x00, 0x00, 0x00, 0x00, 0x00, 0x00, 0x00,
    0x00, 0x00, 0x00, 0x00, 0x00, 0x00, 0x00, 0x00, 0x00, 0x00, 0x00, 0x00, 0x04, 0x00, 0x20, 0x21,
    0x00, 0x00, 0x21, 0x00, 0x00, 0x04, 0x00, 0x00, 0x00, 0x00, 0x00, 0x00, 0x00, 0x00, 0x00, 0x00,
    0x00, 0x00, 0x00, 0x00, 0x00, 0x00, 0x00, 0x00, 0x00, 0x00, 0x00, 0x00, 0x00, 0x00, 0x00, 0x00,
    0x00, 0x00, 0x00, 0x00, 0x00, 0x00, 0x00, 0x00, 0x00, 0x00, 0x00, 0x00, 0x00, 0x00, 0x00, 0x00,
    0x00, 0x00, 0x00, 0x00, 0x00, 0x02, 0x18, 0xE3, 0x2A, 0x83, 0xEF, 0x77, 0xCE, 0x39, 0xC6, 0xFF,
    0xFF, 0xF6, 0xFF, 0xDF, 0xFB, 0xCD, 0xF9, 0xDC, 0x7B, 0xCF, 0x8C, 0x00, 0x00, 0x2C, 0x00, 0x00,
    0x02, 0x00, 0x00, 0x00, 0x00, 0x00, 0x01, 0x00, 0x00, 0x00, 0x00, 0x00, 0x00, 0x00, 0x00, 0x00,
    0x00, 0x00, 0x00, 0x00, 0x00, 0x00, 0x00, 0x00, 0x00, 0x00, 0x00, 0x00, 0x00, 0x00, 0x00, 0x00,
    0x00, 0x11, 0x73, 0x8D, 0x79, 0xF7, 0x9D, 0xE0, 0xFF, 0xFF, 0xFF, 0xD6, 0xBA, 0xFD, 0xC6, 0x17,
    0xFE, 0xC6, 0x17, 0xFF, 0x94, 0x91, 0xFF, 0x6B, 0x4C, 0xFF, 0xAD, 0x54, 0xFF, 0xFF, 0xDF, 0xFF,
    0xF7, 0x7D, 0xFF, 0xE6, 0xDB, 0xFF, 0xEF, 0x1C, 0xFF, 0xEF, 0x3D, 0xFF, 0xEF, 0x3D, 0xFF, 0xEF,
    0x5D, 0xFF, 0xEF, 0x5D, 0xFF, 0xEF, 0x5D, 0xFF, 0xE6, 0xFB, 0xFF, 0xD6, 0x59, 0xFF, 0xCE, 0x18,
    0xFF, 0xCE, 0x59, 0xFF, 0xD6, 0x9A, 0xFF, 0xDE, 0x9A, 0xFF, 0xD6, 0x59, 0xFF, 0xB5, 0x76, 0xFF,
    0xBD, 0x76, 0xFF, 0x9C, 0xB3, 0xFE, 0x52, 0x6A, 0xFE, 0x52, 0x8B, 0xCC, 0x84, 0x11, 0xB4, 0x83,
    0xF1, 0xBF, 0x7B, 0xD0, 0xB4, 0x73, 0x8F, 0x96, 0x62, 0xCC, 0x5A, 0x10, 0x62, 0x21, 0x00, 0x00,
    0x01, 0x00, 0x00, 0x04, 0x39, 0xC7, 0x34, 0x84, 0x31, 0x85, 0x94, 0xB4, 0xE3, 0x94, 0x73, 0xFF,
    0x8C, 0x32, 0xFE, 0x84, 0x11, 0xFF, 0x7B, 0xB0, 0xFF, 0x73, 0x4E, 0xFF, 0x62, 0xCC, 0xFE, 0x5A,
    0x8B, 0xFF, 0x52, 0x4B, 0xE1, 0x41, 0xA8, 0x6A, 0x00, 0x00, 0x29, 0x00, 0x00, 0x29, 0x20, 0xA2,
    0x5D, 0x51, 0xE6, 0xC9, 0x62, 0x68, 0xFF, 0x62, 0x68, 0xFF, 0x62, 0x89, 0xFE, 0x5A, 0x28, 0xFF,
    0x49, 0xA6, 0xFF, 0x49, 0xC7, 0xFF, 0x5A, 0x28, 0xFF, 0x5A, 0x08, 0xFF, 0x62, 0x48, 0xFF, 0x6A,
    0x69, 0xFF, 0x72, 0xCB, 0xFF, 0x83, 0x4D, 0xFF, 0x7B, 0x2C, 0xFF, 0x62, 0x69, 0xFF, 0x5A, 0x08,
    0xFF, 0x6A, 0x8A, 0xFF, 0x62, 0x8A, 0xFF, 0x41, 0x44, 0xFF, 0x6A, 0xCA, 0xFF, 0xF7, 0x9D, 0xFF,
    0xFF, 0x9D, 0xFF, 0xFF, 0x7C, 0xFF, 0xFF, 0x7C, 0xFF, 0xFF, 0x9D, 0xFF, 0xF7, 0x9D, 0xFF, 0xFF,
    0xFF, 0xFF, 0xB5, 0x54, 0xFF, 0x52, 0x29, 0xFF, 0x73, 0x6F, 0xFE, 0x83, 0xF1, 0xFE, 0x6B, 0x0E,
    0xFC, 0x7B, 0xD0, 0xFD, 0x7B, 0xB0, 0xE6, 0x62, 0xCC, 0x6F, 0x00, 0x00, 0x14, 0x00, 0x00, 0x00,
    0x00, 0x00, 0x00, 0x00, 0x00, 0x00, 0x00, 0x00, 0x00, 0x00, 0x00, 0x00, 0x00, 0x00, 0x00, 0x00,
    0x00, 0x00, 0x00, 0x00, 0x00, 0x00, 0x00, 0x00, 0x00, 0x00, 0x00, 0x00, 0x00, 0x00, 0x00, 0x00,
    0x11, 0x52, 0x69, 0x5C, 0xCE, 0x39, 0xB9, 0xF7, 0x7E, 0xF3, 0xF7, 0x7E, 0xFF, 0xEF, 0x3C, 0xFD,
    0xE6, 0xDB, 0xFD, 0xD6, 0x59, 0xFB, 0xBD, 0xD7, 0xFC, 0x9C, 0xB3, 0xFF, 0x6B, 0x2D, 0xFE, 0x6B,
    0x2E, 0xFF, 0x94, 0x73, 0xFF, 0xB5, 0x36, 0xFF, 0xB5, 0x36, 0xFF, 0xBD, 0x97, 0xFF, 0xDE, 0x9A,
    0xFF, 0xE6, 0xFB, 0xFF, 0xDE, 0xDB, 0xFF, 0xE6, 0xDB, 0xFF, 0xDE, 0x9A, 0xFF, 0xEF, 0x1C, 0xFF,
    0xEF, 0x5C, 0xFF, 0x62, 0xCB, 0xFF, 0x5A, 0xCB, 0xFF, 0xEF, 0x7D, 0xFF, 0xF7, 0xBE, 0xFF, 0xDF,
    0x1A, 0xFF, 0xBE, 0x54, 0xFF, 0xCE, 0xB4, 0xFF, 0xB5, 0xD2, 0xFF, 0x53, 0x28, 0xFF, 0x73, 0xEC,
    0xFF, 0xEF, 0x7B, 0xFF, 0xF7, 0x9D, 0xFF, 0xEF, 0x5B, 0xFF, 0xD6, 0xD6, 0xFF, 0xDF, 0x55, 0xFF,
    0x6C, 0x29, 0xFF, 0x6B, 0xAB, 0xFF, 0xDF, 0x19, 0xFF, 0xF7, 0xBB, 0xFF, 0xDE, 0xF7, 0xFF, 0xEF,
    0x77, 0xFF, 0xB5, 0xF2, 0xFF, 0x3A, 0x86, 0xFF, 0x4B, 0x06, 0xFF, 0x9D, 0xAD, 0xFF, 0xA6, 0x0F,
    0xE8, 0x7C, 0x4B, 0x73, 0x18, 0xC3, 0x15, 0x00, 0x00, 0x00, 0x00, 0x00, 0x00, 0x00, 0x00, 0x00,
    0x00, 0x00, 0x00, 0x00, 0x00, 0x00, 0x00, 0x00, 0x00, 0x00, 0x00, 0x00, 0x00, 0x00, 0x00, 0x00,
    0x00, 0x00, 0x00, 0x00, 0x04, 0x00, 0x20, 0x21, 0x00, 0x00, 0x21, 0x00, 0x00, 0x04, 0x00, 0x00,
    0x00, 0x00, 0x00, 0x00, 0x00, 0x00, 0x00, 0x00, 0x00, 0x00, 0x00, 0x00, 0x00, 0x00, 0x00, 0x00,
    0x00, 0x00, 0x00, 0x00, 0x00, 0x00, 0x00, 0x00, 0x00, 0x00, 0x00, 0x00, 0x00, 0x00, 0x00, 0x00,
    0x00, 0x00, 0x00, 0x00, 0x00, 0x00, 0x00, 0x00, 0x00, 0x00, 0x01, 0x00, 0x00, 0x00, 0x00, 0x00,
    0x00, 0x00, 0x00, 0x15, 0x52, 0x8A, 0x4B, 0xAD, 0x35, 0x93, 0xD6, 0x9A, 0xD9, 0xF7, 0x7E, 0xF7,
    0xE7, 0x1C, 0xDC, 0xA5, 0x14, 0x8E, 0x08, 0x41, 0x2F, 0x00, 0x00, 0x04, 0x00, 0x00, 0x00, 0x00,
    0x00, 0x00, 0x00, 0x00, 0x00, 0x00, 0x00, 0x00, 0x00, 0x00, 0x00, 0x00, 0x00, 0x00, 0x00, 0x00,
    0x00, 0x00, 0x00, 0x00, 0x00, 0x00, 0x01, 0xFF, 0xFF, 0x01, 0x00, 0x00, 0x27, 0x94, 0xB1, 0x8F,
    0xFF, 0xDE, 0xE9, 0xFF, 0xFF, 0xFF, 0xDE, 0xDA, 0xFE, 0xCE, 0x38, 0xFE, 0xCE, 0x58, 0xFF, 0xA5,
    0x33, 0xFF, 0x73, 0x6D, 0xFF, 0x94, 0x91, 0xFF, 0xEF, 0x3C, 0xFF, 0xFF, 0xDF, 0xFF, 0xE7, 0x1C,
    0xFF, 0xE6, 0xFB, 0xFF, 0xEF, 0x3C, 0xFF, 0xEF, 0x5D, 0xFF, 0xEF, 0x3D, 0xFF, 0xEF, 0x5D, 0xFF,
    0xEF, 0x5D, 0xFF, 0xE7, 0x1C, 0xFF, 0xD6, 0x9A, 0xFF, 0xCE, 0x38, 0xFF, 0xCE, 0x39, 0xFF, 0xD6,
    0x5A, 0xFF, 0xDE, 0x9A, 0xFF, 0xCE, 0x39, 0xFF, 0xB5, 0x56, 0xFE, 0xBD, 0x76, 0xFE, 0x83, 0xD0,
    0xFA, 0x41, 0xC8, 0x8D, 0x52, 0x6A, 0x3D, 0x7B, 0x8F, 0x3F, 0x52, 0x6A, 0x3B, 0x39, 0xC7, 0x2B,
    0x00, 0x00, 0x13, 0x00, 0x00, 0x01, 0x00, 0x00, 0x00, 0x00, 0x00, 0x00, 0x00, 0x00, 0x04, 0x20,
    0xE3, 0x34, 0x7B, 0xB0, 0xC2, 0x8C, 0x32, 0xFE, 0x84, 0x11, 0xFD, 0x8C, 0x32, 0xFE, 0x8C, 0x52,
    0xFE, 0x8C, 0x53, 0xFE, 0x8C, 0x53, 0xFF, 0x8C, 0x53, 0xF6, 0x8C, 0x53, 0xC1, 0x5A, 0xEC, 0x58,
    0x21, 0x84, 0x0F, 0x00, 0x00, 0x22, 0xA4, 0x2E, 0x88, 0xBC, 0xAF, 0xE6, 0x9B, 0xEC, 0xFF, 0x7B,
    0x0A, 0xFE, 0x83, 0x4A, 0xFF, 0x9B, 0xCC, 0xFF, 0x83, 0x0A, 0xFF, 0x39, 0x24, 0xFF, 0x39, 0x24,
    0xFF, 0x72, 0xAA, 0xFF, 0x7A, 0xAA, 0xFF, 0x7A, 0x8A, 0xFF, 0x72, 0x69, 0xFF, 0x51, 0x65, 0xFF,
    0x38, 0xE3, 0xFF, 0x62, 0x49, 0xFF, 0xA4, 0x0F, 0xFF, 0x93, 0x6C, 0xFF, 0x41, 0x03, 0xFF, 0x08,
    0x00, 0xFF, 0x30, 0xC3, 0xFF, 0xCD, 0xB5, 0xFF, 0xFF, 0xFF, 0xFF, 0xFF, 0xFE, 0xFF, 0xFF, 0xDE,
    0xFF, 0xFF, 0xDE, 0xFF, 0xFF, 0xBE, 0xFF, 0xFF, 0xDF, 0xFF, 0xF7, 0x7D, 0xFE, 0x83, 0x8D, 0xFF,
    0x31, 0x25, 0xFF, 0x73, 0x6F, 0xFD, 0x6B, 0x0D, 0xFF, 0x6B, 0x4E, 0xFF, 0x83, 0xF0, 0xEB, 0x83,
    0xF0, 0x8B, 0x52, 0x69, 0x3A, 0x10, 0x00, 0x0B, 0x00, 0x00, 0x00, 0x00, 0x00, 0x00, 0x00, 0x00,
    0x00, 0x00, 0x00, 0x00, 0x00, 0x00, 0x00, 0x00, 0x00, 0x00, 0x00, 0x00, 0x00, 0x00, 0x00, 0x01,
    0x10, 0x82, 0x0F, 0x4A, 0x28, 0x37, 0xAD, 0x35, 0x7F, 0xEF, 0x3C, 0xCC, 0xFF, 0x9E, 0xF9, 0xEF,
    0x1C, 0xFF, 0xDE, 0x9A, 0xF3, 0xCE, 0x18, 0xDF, 0xAD, 0x35, 0xC0, 0x9C, 0x93, 0x9A, 0x73, 0x4E,
    0xAE, 0x5A, 0xAC, 0xF8, 0x7B, 0xD0, 0xFE, 0xA4, 0xF4, 0xFF, 0xB5, 0x76, 0xFF, 0xAD, 0x35, 0xFF,
    0xBD, 0xB7, 0xFF, 0xDE, 0x9B, 0xFF, 0xE6, 0xFB, 0xFF, 0xDE, 0xDB, 0xFF, 0xE6, 0xDB, 0xFF, 0xDE,
    0x9A, 0xFF, 0xEF, 0x1C, 0xFF, 0xF7, 0x7D, 0xFF, 0x7B, 0xAE, 0xFF, 0x31, 0x86, 0xFF, 0xD6, 0x9A,
    0xFF, 0xF7, 0x9D, 0xFF, 0xDF, 0x19, 0xFF, 0xC6, 0x74, 0xFF, 0xB6, 0x31, 0xFF, 0xAE, 0x10, 0xFF,
    0xD6, 0xF5, 0xFF, 0x84, 0x8D, 0xFF, 0x4A, 0xC7, 0xFF, 0xC6, 0x76, 0xFF, 0xF7, 0xBC, 0xFF, 0xE7,
    0x3A, 0xFF, 0xCE, 0xB5, 0xFF, 0xDF, 0x55, 0xFF, 0x74, 0x4A, 0xFF, 0x63, 0xAA, 0xFF, 0xD6, 0xD7,
    0xFF, 0xEF, 0x58, 0xFF, 0xE7, 0x77, 0xFF, 0xAD, 0xB1, 0xFF, 0x3A, 0x45, 0xFF, 0x4B, 0x06, 0xFF,
    0x9D, 0xCD, 0xFF, 0x9D, 0xCD, 0xFF, 0x95, 0x6D, 0xED, 0x9D, 0x8E, 0x8E, 0x29, 0xA4, 0x2C, 0x00,
    0x00, 0x03, 0x00, 0x00, 0x01, 0x00, 0x00, 0x00, 0x00, 0x00, 0x00, 0x00, 0x00, 0x00, 0x00, 0x00,
    0x00, 0x00, 0x00, 0x00, 0x00, 0x00, 0x00, 0x00, 0x00, 0x00, 0x00, 0x00, 0x04, 0x00, 0x00, 0x21,
    0x00, 0x00, 0x21, 0x00, 0x00, 0x04, 0x00, 0x00, 0x00, 0x00, 0x00, 0x00, 0x00, 0x00, 0x00, 0x00,
    0x00, 0x00, 0x00, 0x00, 0x00, 0x00, 0x00, 0x00, 0x00, 0x00, 0x00, 0x00, 0x00, 0x00, 0x00, 0x00,
    0x00, 0x00, 0x00, 0x00, 0x00, 0x00, 0x00, 0x00, 0x00, 0x00, 0x00, 0x00, 0x00, 0x00, 0x00, 0x00,
    0x00, 0x00, 0x00, 0x00, 0x00, 0x01, 0xFF, 0xFF, 0x01, 0x00, 0x00, 0x00, 0x00, 0x00, 0x02, 0x00,
    0x00, 0x21, 0x73, 0x4D, 0x5D, 0xBD, 0xD7, 0x94, 0xD6, 0x59, 0xC5, 0xC6, 0x18, 0xD2, 0x9C, 0xD3,
    0x93, 0x5A, 0xEC, 0x43, 0x00, 0x00, 0x0D, 0x00, 0x00, 0x00, 0x00, 0x00, 0x00, 0x00, 0x00, 0x00,
    0x00, 0x00, 0x00, 0x00, 0x00, 0x00, 0x00, 0x00, 0x00, 0x00, 0x00, 0x00, 0x00, 0x00, 0x00, 0x00,
    0x00, 0x00, 0x39, 0xE7, 0x04, 0x10, 0x81, 0x36, 0xAD, 0x73, 0xA0, 0xF7, 0xBE, 0xEF, 0xFF, 0xFF,
    0xFF, 0xE7, 0x1B, 0xFD, 0xCE, 0x58, 0xFE, 0xD6, 0x99, 0xFF, 0xB5, 0x75, 0xFF, 0x73, 0x8D, 0xFF,
    0x83, 0xCF, 0xFF, 0xC6, 0x17, 0xFF, 0xFF, 0xBE, 0xFF, 0xF7, 0x9D, 0xFF, 0xE7, 0x1B, 0xFF, 0xEF,
    0x3C, 0xFF, 0xEF, 0x5D, 0xFF, 0xEF, 0x5C, 0xFF, 0xEF, 0x3C, 0xFF, 0xEF, 0x3C, 0xFF, 0xE7, 0x1C,
    0xFF, 0xDE, 0xBA, 0xFF, 0xD6, 0x59, 0xFF, 0xCE, 0x39, 0xFF, 0xD6, 0x59, 0xFF, 0xDE, 0x9A, 0xFF,
    0xCE, 0x39, 0xFE, 0xBD, 0x76, 0xFD, 0xB5, 0x35, 0xFC, 0x8C, 0x31, 0xA3, 0x08, 0x41, 0x2E, 0x00,
    0x00, 0x00, 0x00, 0x00, 0x00, 0x00, 0x00, 0x00, 0x00, 0x00, 0x00, 0x00, 0x00, 0x00, 0x00, 0x00,
    0x01, 0x00, 0x00, 0x01, 0x00, 0x00, 0x00, 0x00, 0x00, 0x1B, 0x6B, 0x4F, 0xB4, 0x84, 0x11, 0xFF,
    0x83, 0xF0, 0xFF, 0x7B, 0xB0, 0xFD, 0x7B, 0xD0, 0xFE, 0x7B, 0xB0, 0xFF, 0x7B, 0xD1, 0xF7, 0x8C,
    0x12, 0xC8, 0x62, 0xED, 0x70, 0x20, 0xC3, 0x25, 0x10, 0x80, 0x0E, 0x41, 0x85, 0x4F, 0xC5, 0x31,
    0xCA, 0x9C, 0x0D, 0xFF, 0x5A, 0x67, 0xFF, 0x49, 0xE6, 0xFE, 0x4A, 0x27, 0xFF, 0x73, 0x2A, 0xFF,
    0xBD, 0x31, 0xFF, 0xCD, 0xB3, 0xFF, 0x7B, 0x4B, 0xFF, 0xA4, 0x50, 0xFF, 0xCD, 0xB5, 0xFF, 0xBC,
    0xF3, 0xFF, 0xDE, 0x16, 0xFF, 0x93, 0xAD, 0xFF, 0xA4, 0x50, 0xFF, 0xDE, 0x57, 0xFF, 0xB5, 0x12,
    0xFF, 0x5A, 0x48, 0xFF, 0x20, 0x81, 0xFF, 0x00, 0x00, 0xFF, 0x00, 0x00, 0xFF, 0x5A, 0x27, 0xFF,
    0xC5, 0x73, 0xFF, 0xDE, 0x98, 0xFF, 0xF7, 0x5B, 0xFF, 0xFF, 0xBD, 0xFF, 0xFF, 0xDE, 0xFF, 0xFF,
    0xDE, 0xFE, 0xFF, 0xFF, 0xFF, 0xD6, 0x79, 0xFF, 0x5A, 0x69, 0xCF, 0x52, 0x2A, 0x95, 0x7B, 0x6E,
    0xA9, 0x5A, 0xAB, 0xA3, 0x73, 0x6E, 0x99, 0x7B, 0xAF, 0x7C, 0x73, 0x2C, 0x5F, 0x31, 0xA5, 0x20,
    0x00, 0x00, 0x02, 0x00, 0x00, 0x00, 0x00, 0x00, 0x00, 0x00, 0x00, 0x00, 0x00, 0x00, 0x00, 0x00,
    0x00, 0x00, 0x00, 0x00, 0x00, 0x00, 0x00, 0x09, 0x42, 0x28, 0x32, 0x7B, 0xAE, 0x75, 0xB5, 0x76,
    0xB0, 0xD6, 0x79, 0xB7, 0xBD, 0x96, 0xA3, 0xA4, 0xD3, 0x95, 0x9C, 0xB2, 0x82, 0x8C, 0x30, 0x66,
    0x62, 0xEC, 0x43, 0x00, 0x00, 0x32, 0x39, 0xA8, 0x7A, 0x94, 0x72, 0xF3, 0xBD, 0xB7, 0xFE, 0xB5,
    0x76, 0xFF, 0xAD, 0x15, 0xFF, 0xC5, 0xB7, 0xFF, 0xE6, 0xDB, 0xFF, 0xE6, 0xFB, 0xFF, 0xDE, 0xBB,
    0xFF, 0xE6, 0xDB, 0xFF, 0xDE, 0x9A, 0xFF, 0xEF, 0x3C, 0xFF, 0xFF, 0xBE, 0xFF, 0x8C, 0x50, 0xFF,
    0x29, 0x45, 0xFF, 0xB5, 0x75, 0xFF, 0xF7, 0xBD, 0xFF, 0xDF, 0x19, 0xFF, 0xBE, 0x54, 0xFF, 0xB6,
    0x31, 0xFF, 0xB6, 0x31, 0xFF, 0xAD, 0xD0, 0xFF, 0xD7, 0x36, 0xFF, 0xB5, 0xF3, 0xFF, 0x4A, 0xA7,
    0xFF, 0x84, 0x8E, 0xFF, 0xF7, 0xBB, 0xFF, 0xD6, 0xF7, 0xFF, 0xCE, 0x94, 0xFF, 0xDF, 0x55, 0xFF,
    0x7C, 0xAC, 0xFF, 0x53, 0x48, 0xFF, 0xD6, 0xB5, 0xFF, 0xFF, 0xF9, 0xFF, 0xA5, 0x70, 0xFF, 0x3A,
    0x25, 0xFF, 0x42, 0xC5, 0xFF, 0x9D, 0xCE, 0xFF, 0xA5, 0xEE, 0xFF, 0x95, 0x4C, 0xFF, 0x95, 0x6C,
    0xF8, 0x9D, 0xCD, 0xC5, 0x74, 0x2A, 0x61, 0x08, 0x61, 0x13, 0x00, 0x00, 0x00, 0xFF, 0xE0, 0x01,
    0x00, 0x00, 0x00, 0x00, 0x00, 0x00, 0x00, 0x00, 0x00, 0x00, 0x00, 0x00, 0x00, 0x00, 0x00, 0x00,
    0x00, 0x00, 0x00, 0x00, 0x05, 0x00, 0x20, 0x21, 0x00, 0x00, 0x21, 0x00, 0x00, 0x04, 0x00, 0x00,
    0x00, 0x00, 0x00, 0x00, 0x00, 0x00, 0x00, 0x00, 0x00, 0x00, 0x00, 0x00, 0x00, 0x00, 0x00, 0x00,
    0x00, 0x00, 0x00, 0x00, 0x00, 0x00, 0x00, 0x00, 0x00, 0x00, 0x00, 0x00, 0x00, 0x00, 0x00, 0x00,
    0x00, 0x00, 0x00, 0x00, 0x00, 0x00, 0x00, 0x00, 0x00, 0x00, 0x00, 0x00, 0x00, 0x00, 0x00, 0x00,
    0x00, 0x00, 0x00, 0x01, 0x00, 0x00, 0x00, 0x00, 0x00, 0x00, 0x00, 0x00, 0x03, 0x00, 0x00, 0x1B,
    0x41, 0xE8, 0x4B, 0x9C, 0xB3, 0x74, 0xAD, 0x55, 0x7A, 0x6B, 0x4D, 0x56, 0x18, 0xE3, 0x18, 0x00,
    0x00, 0x00, 0x00, 0x00, 0x00, 0x00, 0x00, 0x00, 0x00, 0x00, 0x00, 0x00, 0x00, 0x00, 0x00, 0x00,
    0x00, 0x00, 0x00, 0x00, 0x00, 0x00, 0x00, 0x00, 0x00, 0x00, 0x00, 0x00, 0x00, 0x29, 0x45, 0x06,
    0x29, 0x63, 0x41, 0xB5, 0xB4, 0xA9, 0xF7, 0xBD, 0xF1, 0xFF, 0xFF, 0xFF, 0xE7, 0x3C, 0xFE, 0xD6,
    0x59, 0xFE, 0xD6, 0x99, 0xFF, 0xC5, 0xF7, 0xFF, 0x83, 0xEE, 0xFF, 0x6B, 0x4C, 0xFF, 0xA5, 0x13,
    0xFF, 0xEF, 0x3C, 0xFF, 0xFF, 0xFF, 0xFF, 0xF7, 0x7D, 0xFF, 0xE7, 0x3C, 0xFF, 0xEF, 0x3C, 0xFF,
    0xEF, 0x3C, 0xFF, 0xEF, 0x1C, 0xFF, 0xE7, 0x1C, 0xFF, 0xEF, 0x1C, 0xFF, 0xE6, 0xFB, 0xFF, 0xD6,
    0x7A, 0xFF, 0xCE, 0x39, 0xFF, 0xCE, 0x39, 0xFF, 0xDE, 0xBA, 0xFF, 0xD6, 0x59, 0xFE, 0xBD, 0xB7,
    0xFF, 0xB5, 0x76, 0xE8, 0x9C, 0x92, 0x98, 0x4A, 0x29, 0x36, 0x00, 0x00, 0x05, 0xFF, 0xFF, 0x01,
    0x00, 0x00, 0x02, 0x00, 0x00, 0x00, 0x00, 0x00, 0x00, 0x00, 0x00, 0x00, 0x00, 0x00, 0x08, 0x39,
    0xC7, 0x36, 0x6B, 0x4E, 0xA0, 0x7B, 0xB0, 0xD3, 0x83, 0xF0, 0xED, 0x84, 0x11, 0xFF, 0x84, 0x11,
    0xFF, 0x84, 0x11, 0xF9, 0x84, 0x12, 0xD0, 0x73, 0x4F, 0x82, 0x08, 0x61, 0x29, 0x00, 0x00, 0x04,
    0x00, 0x04, 0x07, 0x49, 0xA5, 0x3C, 0xB4, 0xCF, 0xAC, 0x39, 0x85, 0xF4, 0x00, 0x00, 0xFF, 0x00,
    0x00, 0xFE, 0x00, 0x00, 0xFF, 0x00, 0x00, 0xFF, 0x39, 0xA5, 0xFF, 0xA4, 0xCF, 0xFF, 0xB5, 0x10,
    0xFF, 0x7B, 0x4B, 0xFF, 0x73, 0x6B, 0xFF, 0x62, 0xC9, 0xFF, 0x8C, 0x0D, 0xFF, 0x9C, 0x4F, 0xFF,
    0xC5, 0x73, 0xFF, 0x94, 0x2F, 0xFF, 0x49, 0xC6, 0xFF, 0x39, 0x86, 0xFF, 0x52, 0x48, 0xFF, 0x52,
    0x48, 0xFF, 0x52, 0x89, 0xFF, 0x6A, 0xEB, 0xFF, 0x9B, 0xEE, 0xFF, 0xB4, 0xF2, 0xFF, 0xD5, 0xD5,
    0xFF, 0xD5, 0xF5, 0xFF, 0xD6, 0x37, 0xFF, 0xE6, 0xDA, 0xFE, 0xF7, 0x5C, 0xFF, 0xFF, 0xDE, 0xFF,
    0xCE, 0x38, 0xB9, 0x08, 0x00, 0x49, 0x63, 0x0C, 0x2F, 0x42, 0x08, 0x27, 0x20, 0xC4, 0x26, 0x4A,
    0x09, 0x31, 0x63, 0x0C, 0x37, 0x42, 0x28, 0x16, 0x00, 0x00, 0x02, 0x00, 0x00, 0x00, 0x00, 0x00,
    0x00, 0x00, 0x00, 0x00, 0x00, 0x00, 0x00, 0x00, 0x00, 0x00, 0x00, 0x00, 0x00, 0x00, 0x00, 0x07,
    0x52, 0x49, 0x25, 0x7B, 0xEF, 0x47, 0x6B, 0x6D, 0x50, 0x18, 0xC3, 0x3C, 0x00, 0x00, 0x25, 0x00,
    0x00, 0x1B, 0x00, 0x00, 0x13, 0x00, 0x00, 0x05, 0x00, 0x00, 0x04, 0x41, 0xE8, 0x3B, 0xAD, 0x35,
    0xA9, 0xC6, 0x18, 0xF9, 0xAD, 0x35, 0xFE, 0xAD, 0x15, 0xFF, 0xCE, 0x19, 0xFF, 0xE6, 0xFC, 0xFF,
    0xE6, 0xFB, 0xFF, 0xDE, 0xDB, 0xFF, 0xDE, 0xBB, 0xFF, 0xDE, 0x9A, 0xFE, 0xEF, 0x3C, 0xFF, 0xFF,
    0x9E, 0xFF, 0x94, 0x91, 0xFF, 0x31, 0x86, 0xFF, 0x94, 0xB2, 0xFF, 0xFF, 0xBD, 0xFF, 0xDE, 0xF9,
    0xFF, 0xC6, 0x75, 0xFF, 0xB6, 0x12, 0xFF, 0xB6, 0x11, 0xFF, 0xB6, 0x31, 0xFF, 0xAD, 0xF1, 0xFF,
    0xCE, 0xD5, 0xFF, 0xD6, 0xF7, 0xFF, 0x63, 0x8A, 0xFF, 0x42, 0x87, 0xFF, 0xDF, 0x38, 0xFF, 0xD6,
    0xF6, 0xFF, 0xC6, 0x74, 0xFF, 0xDF, 0x35, 0xFF, 0x95, 0x0E, 0xFF, 0x53, 0x27, 0xFF, 0xD6, 0xF5,
    0xFF, 0xBE, 0x33, 0xFF, 0x32, 0x24, 0xFF, 0x42, 0xC5, 0xFF, 0x9D, 0xCE, 0xFF, 0xA6, 0x2F, 0xFF,
    0x8D, 0x6D, 0xFF, 0x95, 0x8D, 0xFF, 0x95, 0x8C, 0xFF, 0x95, 0x6C, 0xEE, 0x95, 0x8D, 0x95, 0x4A,
    0xE7, 0x3A, 0x00, 0x00, 0x09, 0x00, 0x00, 0x00, 0x00, 0x00, 0x00, 0x00, 0x00, 0x00, 0x00, 0x00,
    0x00, 0x00, 0x00, 0x00, 0x00, 0x00, 0x00, 0x00, 0x00, 0x01, 0x02, 0xA0, 0x03, 0x00, 0x20, 0x22,
    0x00, 0x00, 0x21, 0x00, 0x00, 0x04, 0x00, 0x00, 0x00, 0x00, 0x00, 0x00, 0x00, 0x00, 0x00, 0x00,
    0x00, 0x00, 0x00, 0x00, 0x00, 0x00, 0x00, 0x00, 0x00, 0x00, 0x00, 0x00, 0x00, 0x00, 0x00, 0x00,
    0x00, 0x00, 0x00, 0x00, 0x00, 0x00, 0x00, 0x00, 0x00, 0x00, 0x00, 0x00, 0x00, 0x00, 0x00, 0x00,
    0x00, 0x00, 0x00, 0x00, 0x00, 0x00, 0x00, 0x00, 0x00, 0x00, 0x00, 0x00, 0x00, 0x00, 0x01, 0x7B,
    0xEF, 0x02, 0xFF, 0xFF, 0x01, 0x00, 0x20, 0x00, 0x00, 0x00, 0x01, 0x00, 0x00, 0x02, 0x00, 0x00,
    0x0D, 0x29, 0x24, 0x1B, 0x42, 0x28, 0x0B, 0x00, 0x00, 0x00, 0x00, 0x00, 0x00, 0x00, 0x00, 0x00,
    0x00, 0x00, 0x00, 0x00, 0x00, 0x00, 0x00, 0x00, 0x00, 0x00, 0x00, 0x00, 0x00, 0x00, 0x00, 0x00,
    0x00, 0x00, 0x00, 0x00, 0x01, 0x00, 0x00, 0x00, 0x00, 0x03, 0x08, 0x31, 0xE5, 0x46, 0xB5, 0xB3,
    0xAE, 0xEF, 0x9C, 0xF3, 0xFF, 0xFF, 0xFF, 0xEF, 0x5D, 0xFE, 0xD6, 0x79, 0xFE, 0xD6, 0x79, 0xFF,
    0xDE, 0xB9, 0xFF, 0xA4, 0xD2, 0xFF, 0x63, 0x0B, 0xFF, 0x84, 0x10, 0xFF, 0xCE, 0x59, 0xFF, 0xF7,
    0x9E, 0xFF, 0xFF, 0xDE, 0xFF, 0xF7, 0x7D, 0xFF, 0xEF, 0x1C, 0xFF, 0xE7, 0x1B, 0xFF, 0xE6, 0xFB,
    0xFF, 0xE7, 0x1C, 0xFF, 0xEF, 0x1C, 0xFF, 0xE6, 0xFB, 0xFF, 0xDE, 0xBB, 0xFF, 0xD6, 0x59, 0xFF,
    0xCE, 0x39, 0xFF, 0xDE, 0xBB, 0xFF, 0xCE, 0x59, 0xFE, 0xC5, 0xF8, 0xFF, 0xC5, 0xD8, 0xED, 0x94,
    0x52, 0x9C, 0x29, 0x05, 0x32, 0x00, 0x00, 0x02, 0x00, 0x00, 0x00, 0x00, 0x00, 0x01, 0x00, 0x00,
    0x00, 0x00, 0x00, 0x00, 0x00, 0x00, 0x07, 0x52, 0x8B, 0x2E, 0x63, 0x0C, 0x4F, 0x63, 0x0D, 0x63,
    0x73, 0x6F, 0x94, 0x7B, 0xD0, 0xBD, 0x7B, 0xD0, 0xC6, 0x84, 0x11, 0xB7, 0x7B, 0xD0, 0x7E, 0x31,
    0x66, 0x38, 0x00, 0x00, 0x09, 0x00, 0x00, 0x00, 0x00, 0x00, 0x00, 0x00, 0x00, 0x0A, 0x6B, 0x2A,
    0x67, 0x62, 0xE9, 0xD8, 0x29, 0x23, 0xFF, 0x21, 0x03, 0xFE, 0x29, 0x43, 0xFF, 0x00, 0x20, 0xFF,
    0x00, 0x00, 0xFF, 0x18, 0xA2, 0xFF, 0xA4, 0xAE, 0xFF, 0x73, 0x69, 0xFF, 0x4A, 0x65, 0xFF, 0x52,
    0xE6, 0xFF, 0x31, 0xA4, 0xFF, 0x41, 0xE6, 0xFF, 0x62, 0xC9, 0xFF, 0x73, 0x2B, 0xFF, 0x9C, 0x92,
    0xFF, 0xD6, 0x99, 0xFF, 0xEE, 0xFB, 0xFF, 0xE6, 0xFB, 0xFF, 0xEF, 0x3C, 0xFF, 0xEF, 0x5C, 0xFF,
    0xE7, 0x1B, 0xFF, 0xDE, 0xB9, 0xFF, 0xDE, 0x78, 0xFF, 0xD6, 0x16, 0xFF, 0xCD, 0xF6, 0xFF, 0xDE,
    0x78, 0xFF, 0xE6, 0xB9, 0xFE, 0xFF, 0x7C, 0xFF, 0xF7, 0x5C, 0xE9, 0x9C, 0x91, 0x88, 0x00, 0x00,
    0x1E, 0xFF, 0xFF, 0x01, 0x00, 0x00, 0x01, 0x00, 0x00, 0x01, 0x00, 0x00, 0x02, 0x00, 0x00, 0x00,
    0x00, 0x00, 0x00, 0x00, 0x00, 0x00, 0x00, 0x00, 0x00, 0x00, 0x00, 0x00, 0x00, 0x00, 0x00, 0x00,
    0x00, 0x00, 0x00, 0x00, 0x00, 0x00, 0x00, 0x00, 0x00, 0x00, 0x00, 0x00, 0x00, 0x01, 0x00, 0x00,
    0x00, 0x00, 0x00, 0x00, 0xFF, 0xFF, 0x01, 0xFF, 0xFF, 0x03, 0xFF, 0xFF, 0x03, 0x00, 0x00, 0x00,
    0x39, 0xC7, 0x27, 0x9C, 0x93, 0x8B, 0xBD, 0xB7, 0xE6, 0xA5, 0x14, 0xFE, 0xAD, 0x55, 0xFE, 0xD6,
    0x7A, 0xFF, 0xEF, 0x3C, 0xFF, 0xE7, 0x1C, 0xFF, 0xE6, 0xDB, 0xFF, 0xDE, 0xDB, 0xFE, 0xDE, 0xDB,
    0xFF, 0xEF, 0x5D, 0xFF, 0xF7, 0x5D, 0xFF, 0x94, 0x71, 0xFF, 0x39, 0xA6, 0xFF, 0x8C, 0x50, 0xFF,
    0xF7, 0xBD, 0xFF, 0xD6, 0x98, 0xFF, 0xC6, 0x75, 0xFF, 0xB6, 0x32, 0xFF, 0xB6, 0x32, 0xFF, 0xB6,
    0x32, 0xFF, 0xB6, 0x32, 0xFF, 0xB6, 0x32, 0xFF, 0xCE, 0xB5, 0xFF, 0xE7, 0x58, 0xFF, 0x94, 0xEF,
    0xFF, 0x3A, 0x45, 0xFF, 0x9D, 0x50, 0xFF, 0xDF, 0x37, 0xFF, 0xBE, 0x53, 0xFF, 0xD6, 0xF4, 0xFF,
    0xAD, 0xD0, 0xFF, 0x5B, 0x48, 0xFF, 0x84, 0x8C, 0xFF, 0x53, 0x07, 0xFF, 0x42, 0xE4, 0xFF, 0x8D,
    0x6C, 0xFF, 0xA6, 0x2E, 0xFF, 0x95, 0x8D, 0xFF, 0x95, 0x8D, 0xFF, 0x95, 0x8D, 0xFF, 0x95, 0x8C,
    0xFF, 0x8D, 0x6C, 0xF7, 0x95, 0xAC, 0xC4, 0x85, 0x0B, 0x7B, 0x3A, 0x45, 0x31, 0x00, 0x00, 0x07,
    0x00, 0x00, 0x00, 0x00, 0x00, 0x00, 0x00, 0x00, 0x00, 0x00, 0x00, 0x00, 0x00, 0x00, 0x00, 0x00,
    0x00, 0x00, 0x00, 0x00, 0x09, 0x2A, 0x04, 0x37, 0x00, 0x00, 0x21, 0x00, 0x00, 0x04, 0x00, 0x00,
    0x00, 0x00, 0x00, 0x00, 0x00, 0x00, 0x00, 0x00, 0x00, 0x00, 0x00, 0x00, 0x00, 0x00, 0x00, 0x00,
    0x00, 0x00, 0x00, 0x00, 0x00, 0x00, 0x00, 0x00, 0x00, 0x00, 0x00, 0x00, 0x00, 0x00, 0x00, 0x00,
    0x00, 0x00, 0x00, 0x00, 0x00, 0x00, 0x00, 0x00, 0x00, 0x00, 0x00, 0x00, 0x00, 0x00, 0x00, 0x00,
    0x00, 0x00, 0x00, 0x00, 0x00, 0x00, 0x00, 0x00, 0x00, 0x00, 0x00, 0x00, 0x01, 0x78, 0x0F, 0x02,
    0xFF, 0xFF, 0x02, 0xFF, 0xFF, 0x02, 0xFF, 0xFF, 0x01, 0x00, 0x00, 0x03, 0x00, 0x00, 0x00, 0x00,
    0x00, 0x00, 0x00, 0x00, 0x00, 0x00, 0x00, 0x00, 0x00, 0x00, 0x00, 0x00, 0x00, 0x00, 0x00, 0x00,
    0x00, 0x00, 0x00, 0x00, 0x00, 0x00, 0x00, 0x00, 0x00, 0x00, 0x00, 0x00, 0x00, 0x00, 0x00, 0x02,
    0xFF, 0xFF, 0x01, 0x00, 0x03, 0x09, 0x42, 0x46, 0x4A, 0xAD, 0x93, 0xB0, 0xEF, 0x5B, 0xF2, 0xF7,
    0xBE, 0xFF, 0xF7, 0x7D, 0xFE, 0xDE, 0xBA, 0xFF, 0xCE, 0x38, 0xFF, 0xE6, 0xDA, 0xFF, 0xC5, 0xF7,
    0xFF, 0x73, 0x8D, 0xFF, 0x63, 0x0C, 0xFF, 0xA4, 0xF3, 0xFF, 0xE6, 0xFB, 0xFF, 0xFF, 0xBE, 0xFF,
    0xF7, 0x7E, 0xFF, 0xEF, 0x3C, 0xFF, 0xE7, 0x1C, 0xFF, 0xE6, 0xFB, 0xFF, 0xE6, 0xFB, 0xFF, 0xE7,
    0x1C, 0xFF, 0xEF, 0x1C, 0xFF, 0xE6, 0xFC, 0xFF, 0xDE, 0x9A, 0xFF, 0xD6, 0x59, 0xFF, 0xDE, 0xDB,
    0xFF, 0xD6, 0x7A, 0xFD, 0xCE, 0x19, 0xFF, 0xC5, 0xD7, 0xE6, 0x8C, 0x31, 0x91, 0x21, 0x04, 0x2E,
    0x00, 0x00, 0x02, 0x00, 0x00, 0x00, 0x00, 0x00, 0x00, 0x00, 0x00, 0x00, 0x00, 0x00, 0x00, 0x00,
    0x00, 0x03, 0x00, 0x00, 0x05, 0x00, 0x00, 0x0F, 0x19, 0x03, 0x26, 0x31, 0x86, 0x39, 0x4A, 0x49,
    0x46, 0x4A, 0x49, 0x45, 0x19, 0x03, 0x27, 0x00, 0x00, 0x07, 0x00, 0x00, 0x00, 0x00, 0x00, 0x00,
    0x00, 0x00, 0x01, 0x00, 0x00, 0x12, 0x49, 0xC6, 0x5E, 0xA4, 0x8E, 0xCF, 0x52, 0x27, 0xFF, 0x6B,
    0x09, 0xFF, 0x83, 0xEB, 0xFE, 0x18, 0xA1, 0xFF, 0x08, 0x41, 0xFF, 0x18, 0x82, 0xFF, 0x39, 0x44,
    0xFF, 0x7B, 0xA9, 0xFF, 0x9D, 0x4C, 0xFF, 0xA5, 0xCC, 0xFF, 0x63, 0xA8, 0xFF, 0x29, 0x43, 0xFF,
    0x83, 0xCE, 0xFF, 0xF7, 0x7D, 0xFF, 0xFF, 0xFF, 0xFF, 0xFF, 0xFF, 0xFF, 0xFF, 0xFF, 0xFF, 0xFF,
    0xFF, 0xFF, 0xFF, 0xFF, 0xFF, 0xFF, 0xFF, 0xFF, 0xFF, 0xFF, 0xFF, 0xFF, 0xFF, 0xFF, 0xFF, 0xFF,
    0xFF, 0xFF, 0xFE, 0xFF, 0xFF, 0xFE, 0xFF, 0xFF, 0xDD, 0xFF, 0xF7, 0x7C, 0xFE, 0xF7, 0x1A, 0xFF,
    0xFF, 0xBC, 0xFF, 0xEF, 0x3B, 0xD2, 0x52, 0x68, 0x5D, 0x18, 0xE7, 0x09, 0xFF, 0xFF, 0x01, 0xFF,
    0xFF, 0x01, 0xFF, 0xFF, 0x01, 0x00, 0x00, 0x00, 0x00, 0x00, 0x00, 0x00, 0x00, 0x00, 0x00, 0x00,
    0x00, 0x00, 0x00, 0x00, 0x00, 0x00, 0x00, 0x00, 0x00, 0x00, 0x00, 0x00, 0x00, 0x00, 0x00, 0x00,
    0xFF, 0xFF, 0x01, 0xFF, 0xFF, 0x01, 0xFF, 0xFF, 0x02, 0xFF, 0xFF, 0x02, 0x7B, 0xEF, 0x02, 0xFF,
    0xFF, 0x02, 0x00, 0x00, 0x00, 0x21, 0x24, 0x1A, 0x83, 0xF0, 0x73, 0xAD, 0x35, 0xD5, 0xAD, 0x15,
    0xFD, 0xB5, 0x96, 0xFE, 0xDE, 0xDB, 0xFF, 0xF7, 0x5D, 0xFF, 0xEF, 0x1C, 0xFF, 0xE6, 0xFB, 0xFF,
    0xE6, 0xDB, 0xFF, 0xE6, 0xFC, 0xFF, 0xEF, 0x5D, 0xFF, 0xE7, 0x1C, 0xFF, 0x84, 0x0F, 0xFF, 0x39,
    0xA4, 0xFF, 0x8C, 0x4E, 0xFF, 0xE7, 0x5C, 0xFF, 0xCE, 0x98, 0xFF, 0xBE, 0x34, 0xFF, 0xB6, 0x12,
    0xFF, 0xB6, 0x32, 0xFF, 0xB6, 0x32, 0xFF, 0xB6, 0x32, 0xFF, 0xB6, 0x32, 0xFF, 0xBE, 0x53, 0xFF,
    0xCE, 0xD6, 0xFF, 0xD7, 0x17, 0xFF, 0xBE, 0x33, 0xFF, 0x6B, 0xCA, 0xFF, 0x53, 0x08, 0xFF, 0xCE,
    0xD5, 0xFF, 0xC6, 0x73, 0xFF, 0xC6, 0xB3, 0xFF, 0xC6, 0xD3, 0xFF, 0x42, 0xA6, 0xFF, 0x21, 0x82,
    0xFF, 0x63, 0xE7, 0xFF, 0x8D, 0x4B, 0xFF, 0x8D, 0x4B, 0xFF, 0x95, 0x8D, 0xFF, 0x9D, 0xAD, 0xFF,
    0x95, 0x8D, 0xFF, 0x95, 0x8C, 0xFF, 0x95, 0x8C, 0xFF, 0x95, 0x8C, 0xFF, 0x8D, 0x6B, 0xF3, 0x9D,
    0xCC, 0xC4, 0x84, 0xEB, 0x75, 0x3A, 0x65, 0x35, 0x00, 0x00, 0x12, 0x00, 0x00, 0x03, 0x00, 0x00,
    0x00, 0x00, 0x00, 0x00, 0x00, 0x00, 0x00, 0x00, 0x00, 0x05, 0x32, 0x04, 0x2A, 0x64, 0x08, 0x67,
    0x00, 0x00, 0x21, 0x00, 0x00, 0x04, 0x00, 0x00, 0x00, 0x00, 0x00, 0x00, 0x00, 0x00, 0x00, 0x00,
    0x00, 0x00, 0x00, 0x00, 0x00, 0x00, 0x00, 0x00, 0x00, 0x00, 0x00, 0x00, 0x00, 0x00, 0x00, 0x00,
    0x00, 0x00, 0x00, 0x00, 0x00, 0x00, 0x00, 0x00, 0x00, 0x00, 0x00, 0x00, 0x00, 0x00, 0x00, 0x00,
    0x00, 0x00, 0x00, 0x00, 0x00, 0x00, 0x00, 0x00, 0x00, 0x00, 0x00, 0x00, 0x00, 0x00, 0x00, 0x00,
    0x00, 0x00, 0x00, 0x00, 0x00, 0x00, 0x00, 0x00, 0x00, 0x00, 0x00, 0x00, 0x00, 0x01, 0x00, 0x00,
    0x01, 0x00, 0x00, 0x00, 0x00, 0x00, 0x00, 0x00, 0x00, 0x00, 0x00, 0x00, 0x00, 0x00, 0x00, 0x00,
    0x00, 0x00, 0x00, 0x00, 0x00, 0x00, 0x00, 0x00, 0x00, 0x00, 0x00, 0x00, 0x00, 0x00, 0x00, 0x00,
    0x00, 0x00, 0x00, 0x00, 0x00, 0x00, 0x00, 0x00, 0x00, 0x00, 0x02, 0xFF, 0xFF, 0x01, 0x00, 0x03,
    0x08, 0x3A, 0x24, 0x48, 0xA5, 0x51, 0xAB, 0xDF, 0x1A, 0xEF, 0xF7, 0x9D, 0xFF, 0xF7, 0x7D, 0xFF,
    0xE7, 0x1B, 0xFF, 0xD6, 0x79, 0xFF, 0xDE, 0x99, 0xFF, 0xE6, 0xFB, 0xFF, 0xAD, 0x54, 0xFF, 0x63,
    0x0B, 0xFF, 0x73, 0x6D, 0xFF, 0xBD, 0xB6, 0xFF, 0xEF, 0x1C, 0xFF, 0xF7, 0x5D, 0xFF, 0xF7, 0x5D,
    0xFF, 0xEF, 0x3C, 0xFF, 0xEF, 0x1C, 0xFF, 0xEF, 0x1C, 0xFF, 0xE7, 0x1C, 0xFF, 0xEF, 0x3C, 0xFF,
    0xEF, 0x5C, 0xFF, 0xE6, 0xFC, 0xFF, 0xDE, 0x9A, 0xFF, 0xE6, 0xDB, 0xFE, 0xDE, 0x9A, 0xFE, 0xD6,
    0x59, 0xFF, 0xC5, 0xF8, 0xE5, 0x8C, 0x51, 0x95, 0x29, 0x45, 0x37, 0x00, 0x00, 0x08, 0x00, 0x00,
    0x00, 0x00, 0x00, 0x00, 0x00, 0x00, 0x00, 0x00, 0x00, 0x00, 0xFF, 0xFF, 0x01, 0x7B, 0xEF, 0x02,
    0x52, 0xAA, 0x03, 0x00, 0x00, 0x04, 0x00, 0x00, 0x06, 0x00, 0x00, 0x07, 0x39, 0xE7, 0x04, 0xFF,
    0xFF, 0x01, 0x00, 0x00, 0x01, 0x00, 0x00, 0x00, 0x00, 0x00, 0x0D, 0x5A, 0x67, 0x5D, 0x9C, 0x6E,
    0xB5, 0x83, 0xAC, 0xF1, 0x21, 0x03, 0xFF, 0x42, 0x05, 0xFE, 0x73, 0x49, 0xFF, 0x29, 0x23, 0xFF,
    0x20, 0xA2, 0xFF, 0x39, 0x24, 0xFF, 0x29, 0x03, 0xFF, 0xA5, 0x8D, 0xFF, 0xAE, 0x2D, 0xFF, 0x8C,
    0xEA, 0xFF, 0x5B, 0x26, 0xFF, 0x94, 0x8F, 0xFF, 0xF7, 0x9D, 0xFF, 0xFF, 0xFF, 0xFF, 0xF7, 0x5C,
    0xFF, 0xFF, 0x7C, 0xFF, 0xFF, 0x7C, 0xFF, 0xFF, 0x7C, 0xFF, 0xFF, 0x7C, 0xFF, 0xFF, 0x7D, 0xFF,
    0xFF, 0x9D, 0xFF, 0xFF, 0x9D, 0xFF, 0xFF, 0xBD, 0xFF, 0xFF, 0xBD, 0xFF, 0xFF, 0xBD, 0xFF, 0xFF,
    0xDD, 0xFF, 0xFF, 0xDD, 0xFF, 0xFF, 0xBC, 0xFE, 0xFF, 0xDD, 0xFE, 0xFF, 0xBC, 0xFA, 0xCE, 0x37,
    0xAE, 0x00, 0x00, 0x25, 0xFF, 0xFF, 0x01, 0x00, 0x00, 0x00, 0x00, 0x00, 0x00, 0x00, 0x00, 0x00,
    0x00, 0x00, 0x00, 0x00, 0x00, 0x00, 0x00, 0x00, 0x00, 0x00, 0x00, 0x00, 0x00, 0x00, 0x00, 0x00,
    0x00, 0x00, 0x00, 0x00, 0x00, 0x00, 0x00, 0x00, 0x00, 0x00, 0x00, 0x00, 0x00, 0x01, 0x00, 0x00,
    0x01, 0x00, 0x00, 0x01, 0x00, 0x00, 0x00, 0x00, 0x00, 0x00, 0x10, 0x42, 0x16, 0x73, 0x8E, 0x69,
    0xA4, 0xD4, 0xCD, 0xAD, 0x35, 0xFB, 0xC5, 0xF8, 0xFE, 0xEF, 0x1C, 0xFE, 0xF7, 0x7D, 0xFF, 0xEF,
    0x3C, 0xFF, 0xE7, 0x1C, 0xFF, 0xEF, 0x1C, 0xFF, 0xEF, 0x1C, 0xFF, 0xEF, 0x5D, 0xFD, 0xEF, 0x3C,
    0xD9, 0x73, 0x6E, 0xC6, 0x31, 0xC4, 0xE7, 0x94, 0xAD, 0xFE, 0xD6, 0xD7, 0xFE, 0xCE, 0x98, 0xFF,
    0xBE, 0x35, 0xFF, 0xAD, 0xD1, 0xFF, 0xB6, 0x31, 0xFF, 0xB6, 0x32, 0xFF, 0xB6, 0x32, 0xFF, 0xB6,
    0x32, 0xFF, 0xB6, 0x32, 0xFF, 0xBE, 0x53, 0xFF, 0xD6, 0xF7, 0xFF, 0xCE, 0xB6, 0xFF, 0xC6, 0x94,
    0xFF, 0xA5, 0x90, 0xFF, 0x4A, 0xC6, 0xFF, 0x9D, 0x6F, 0xFF, 0xCE, 0xD4, 0xFF, 0xBE, 0x72, 0xFF,
    0xDF, 0x55, 0xFF, 0x53, 0x07, 0xFF, 0x4B, 0x06, 0xFF, 0x8D, 0x2B, 0xFF, 0x7C, 0xE9, 0xFF, 0x84,
    0xEA, 0xFF, 0x9D, 0xAD, 0xFF, 0x95, 0xAD, 0xFF, 0x95, 0x8C, 0xFF, 0x95, 0x8C, 0xFF, 0x95, 0x6C,
    0xFF, 0x8D, 0x6C, 0xFF, 0x95, 0x8C, 0xFF, 0x95, 0x8C, 0xF3, 0x9D, 0xCC, 0xC4, 0x85, 0x2B, 0x96,
    0x5B, 0xC8, 0x5C, 0x3A, 0x45, 0x2C, 0x29, 0xE3, 0x19, 0x09, 0x21, 0x14, 0x18, 0xE2, 0x18, 0x42,
    0xA6, 0x3A, 0x64, 0x29, 0x7E, 0x7C, 0xEB, 0xA8, 0x00, 0x00, 0x21, 0x00, 0x00, 0x04, 0x00, 0x00,
    0x00, 0x00, 0x00, 0x00, 0x00, 0x00, 0x00, 0x00, 0x00, 0x00, 0x00, 0x00, 0x00, 0x00, 0x00, 0x00,
    0x00, 0x00, 0x00, 0x00, 0x00, 0x00, 0x00, 0x00, 0x00, 0x00, 0x00, 0x00, 0x00, 0x00, 0x00, 0x00,
    0x00, 0x00, 0x00, 0x00, 0x00, 0x00, 0x00, 0x00, 0x00, 0x00, 0x00, 0x00, 0x00, 0x00, 0x00, 0x00,
    0x00, 0x00, 0x00, 0x00, 0x00, 0x00, 0x00, 0x00, 0x00, 0x00, 0x00, 0x00, 0x00, 0x00, 0x00, 0x00,
    0x00, 0x00, 0x00, 0x00, 0x00, 0x00, 0x00, 0x00, 0x00, 0x00, 0x00, 0x00, 0x00, 0x00, 0x00, 0x00,
    0x00, 0x00, 0x00, 0x00, 0x00, 0x00, 0x00, 0x00, 0x00, 0x00, 0x00, 0x00, 0x00, 0x00, 0x00, 0x00,
    0x00, 0x00, 0x00, 0x00, 0x00, 0x00, 0x00, 0x00, 0x00, 0x00, 0x00, 0x00, 0x00, 0x00, 0x00, 0x00,
    0x00, 0x00, 0x00, 0x00, 0x00, 0x01, 0xFF, 0xFF, 0x01, 0x20, 0x04, 0x07, 0x31, 0xC3, 0x41, 0x94,
    0xEF, 0xA4, 0xD6, 0xB8, 0xE9, 0xE6, 0xFB, 0xFA, 0xEF, 0x5D, 0xFF, 0xEF, 0x5C, 0xFF, 0xDE, 0xDB,
    0xFF, 0xD6, 0x99, 0xFF, 0xEF, 0x1C, 0xFF, 0xE6, 0xDA, 0xFF, 0x9C, 0xD2, 0xFF, 0x6B, 0x2B, 0xFF,
    0x7B, 0xAE, 0xFF, 0xB5, 0x75, 0xFF, 0xDE, 0xDA, 0xFF, 0xF7, 0x5D, 0xFF, 0xF7, 0x5D, 0xFF, 0xEF,
    0x3D, 0xFF, 0xEF, 0x3C, 0xFF, 0xEF, 0x3D, 0xFF, 0xEF, 0x3D, 0xFF, 0xF7, 0x5D, 0xFF, 0xEF, 0x3D,
    0xFF, 0xE6, 0xFB, 0xFF, 0xE6, 0xDB, 0xFF, 0xDE, 0x9A, 0xFE, 0xCE, 0x39, 0xFF, 0xCE, 0x18, 0xEB,
    0x9C, 0xB3, 0xA6, 0x39, 0xC7, 0x4D, 0x00, 0x00, 0x16, 0x00, 0x00, 0x00, 0x00, 0x00, 0x00, 0x00,
    0x00, 0x00, 0x00, 0x00, 0x00, 0x00, 0x00, 0x00, 0x00, 0x00, 0x00, 0x00, 0x00, 0x00, 0x00, 0x00,
    0x00, 0xFF, 0xFF, 0x01, 0x00, 0x00, 0x00, 0x00, 0x00, 0x00, 0x00, 0x00, 0x00, 0x00, 0x00, 0x03,
    0x00, 0x20, 0x28, 0xC5, 0x50, 0xB6, 0x83, 0xAB, 0xF9, 0x08, 0x61, 0xFF, 0x00, 0x00, 0xFF, 0x10,
    0x61, 0xFF, 0x31, 0x43, 0xFF, 0x29, 0x02, 0xFF, 0x00, 0x00, 0xFF, 0x18, 0x62, 0xFF, 0x62, 0xA7,
    0xFF, 0xAD, 0xAD, 0xFF, 0x95, 0x2B, 0xFF, 0x7C, 0x29, 0xFF, 0x6B, 0x08, 0xFF, 0xDE, 0x78, 0xFF,
    0xFF, 0xDD, 0xFF, 0xF7, 0x5B, 0xFF, 0xFF, 0x9C, 0xFF, 0xFF, 0x9C, 0xFF, 0xFF, 0x9C, 0xFF, 0xFF,
    0x9D, 0xFF, 0xFF, 0xBD, 0xFF, 0xFF, 0xBD, 0xFF, 0xFF, 0xBD, 0xFF, 0xFF, 0xDE, 0xFF, 0xFF, 0xDE,
    0xFF, 0xFF, 0xBD, 0xFF, 0xFF, 0xBD, 0xFF, 0xFF, 0x9D, 0xFF, 0xFF, 0x9C, 0xFF, 0xFF, 0x9C, 0xFF,
    0xFF, 0x7B, 0xFF, 0xFF, 0xDD, 0xFE, 0xF7, 0x7C, 0xDA, 0x52, 0x69, 0x61, 0x10, 0xA2, 0x0B, 0x00,
    0x00, 0x00, 0x00, 0x00, 0x00, 0x00, 0x00, 0x00, 0x00, 0x00, 0x00, 0x00, 0x00, 0x00, 0x00, 0x00,
    0x00, 0x00, 0x00, 0x00, 0x00, 0x00, 0x00, 0x00, 0x00, 0x00, 0x00, 0x00, 0x00, 0x00, 0x00, 0x00,
    0x00, 0x00, 0x00, 0x00, 0x00, 0x00, 0x00, 0x00, 0x00, 0x00, 0x00, 0x00, 0x00, 0x00, 0x00, 0x00,
    0x00, 0x16, 0x6B, 0x2D, 0x5D, 0xA4, 0xF4, 0xC1, 0xBD, 0xB7, 0xFA, 0xD6, 0x9A, 0xFE, 0xEF, 0x5D,
    0xFE, 0xEF, 0x3D, 0xFF, 0xE6, 0xFC, 0xFF, 0xE7, 0x1C, 0xFF, 0xEF, 0x3C, 0xFF, 0xEF, 0x5D, 0xFF,
    0xF7, 0xBE, 0xEF, 0xD6, 0x9A, 0xC1, 0x62, 0xED, 0x5D, 0x00, 0x20, 0x4D, 0x9D, 0x4E, 0xB3, 0xBE,
    0x52, 0xFB, 0xBE, 0x35, 0xFE, 0xCE, 0x97, 0xFE, 0xA5, 0xB1, 0xFF, 0xAD, 0xF0, 0xFF, 0xB6, 0x31,
    0xFF, 0xB6, 0x11, 0xFF, 0xB6, 0x32, 0xFF, 0xB6, 0x12, 0xFF, 0xB6, 0x32, 0xFF, 0xBE, 0x53, 0xFF,
    0xD7, 0x17, 0xFF, 0xCE, 0xB6, 0xFF, 0xB6, 0x32, 0xFF, 0xB6, 0x32, 0xFF, 0x7C, 0x8C, 0xF4, 0x63,
    0xA9, 0xD8, 0xC6, 0x93, 0xEB, 0xBE, 0x72, 0xFE, 0xDF, 0x54, 0xFF, 0x8C, 0xED, 0xFF, 0x53, 0x67,
    0xFF, 0x74, 0x89, 0xFF, 0x7C, 0xC9, 0xFF, 0x7C, 0xCA, 0xFF, 0x95, 0xAC, 0xFF, 0x95, 0xAC, 0xFF,
    0x95, 0x8C, 0xFF, 0x95, 0x8C, 0xFF, 0x8D, 0x6C, 0xFF, 0x8D, 0x6C, 0xFF, 0x8D, 0x6C, 0xFF, 0x95,
    0x8C, 0xFF, 0x8D, 0x6C, 0xF9, 0x95, 0x8C, 0xF1, 0x95, 0x8C, 0xC1, 0x85, 0x0B, 0x92, 0x6C, 0x49,
    0x7E, 0x5B, 0xC8, 0x73, 0x64, 0x08, 0x78, 0x74, 0xCA, 0xA4, 0x75, 0x0A, 0xE8, 0x6C, 0xAA, 0xF5,
    0x00, 0x00, 0x21, 0x00, 0x00, 0x04, 0x00, 0x00, 0x00, 0x00, 0x00, 0x00, 0x00, 0x00, 0x00, 0x00,
    0x00, 0x00, 0x00, 0x00, 0x00, 0x00, 0x00, 0x00, 0x00, 0x00, 0x00, 0x00, 0x00, 0x00, 0x00, 0x00,
    0x00, 0x00, 0x00, 0x00, 0x00, 0x00, 0x00, 0x00, 0x00, 0x00, 0x00, 0x00, 0x00, 0x00, 0x00, 0x00,
    0x00, 0x00, 0x00, 0x00, 0x00, 0x00, 0x00, 0x00, 0x00, 0x00, 0x00, 0x00, 0x00, 0x00, 0x00, 0x00,
    0x00, 0x00, 0x00, 0x00, 0x00, 0x00, 0x00, 0x00, 0x00, 0x00, 0x00, 0x00, 0x00, 0x00, 0x00, 0x00,
    0x00, 0x00, 0x00, 0x00, 0x00, 0x00, 0x00, 0x00, 0x00, 0x00, 0x00, 0x00, 0x00, 0x00, 0x00, 0x00,
    0x00, 0x00, 0x00, 0x00, 0x00, 0x00, 0x00, 0x00, 0x00, 0x00, 0x00, 0x00, 0x00, 0x00, 0x00, 0x00,
    0x00, 0x00, 0x00, 0x00, 0x00, 0x00, 0x00, 0x00, 0x00, 0x00, 0x00, 0x00, 0x00, 0x00, 0x00, 0x00,
    0x01, 0x00, 0x00, 0x00, 0x00, 0x04, 0x07, 0x29, 0xC3, 0x3C, 0x84, 0x8C, 0x95, 0xBE, 0x14, 0xD9,
    0xCE, 0x78, 0xF9, 0xE7, 0x1B, 0xFF, 0xEF, 0x5D, 0xFF, 0xEF, 0x3C, 0xFF, 0xDE, 0xDA, 0xFF, 0xE6,
    0xFB, 0xFF, 0xEF, 0x3B, 0xFF, 0xD6, 0x99, 0xFF, 0x9C, 0xD1, 0xFF, 0x6B, 0x4B, 0xFF, 0x6B, 0x4B,
    0xFF, 0x94, 0x91, 0xFF, 0xCE, 0x37, 0xFF, 0xEF, 0x3C, 0xFF, 0xFF, 0x9E, 0xFF, 0xFF, 0x9E, 0xFF,
    0xF7, 0x7E, 0xFF, 0xEF, 0x5D, 0xFF, 0xEF, 0x5D, 0xFF, 0xEF, 0x5D, 0xFF, 0xEF, 0x1C, 0xFF, 0xE6,
    0xDB, 0xFF, 0xD6, 0x7A, 0xFF, 0xD6, 0x39, 0xFF, 0xD6, 0x39, 0xF5, 0xB5, 0x76, 0xC6, 0x62, 0xCB,
    0x72, 0x18, 0xC3, 0x2A, 0x00, 0x00, 0x08, 0x00, 0x00, 0x00, 0x00, 0x00, 0x00, 0x00, 0x00, 0x00,
    0x00, 0x00, 0x02, 0x00, 0x00, 0x0C, 0x00, 0x00, 0x0A, 0x00, 0x00, 0x00, 0x00, 0x00, 0x00, 0x00,
    0x00, 0x00, 0x00, 0x00, 0x00, 0x00, 0x00, 0x08, 0x08, 0x40, 0x31, 0xC5, 0x50, 0xCD, 0x5A, 0x67,
    0xFF, 0x08, 0x20, 0xFF, 0x00, 0x00, 0xFE, 0x08, 0x20, 0xFF, 0x08, 0x40, 0xFF, 0x08, 0x60, 0xFF,
    0x18, 0xA2, 0xFF, 0x49, 0xC5, 0xFF, 0x94, 0x0B, 0xFF, 0x73, 0x68, 0xFF, 0x73, 0xC9, 0xFF, 0x6B,
    0x87, 0xFF, 0x94, 0x0D, 0xFF, 0xEF, 0x3B, 0xFF, 0xFF, 0xDD, 0xFF, 0xFF, 0x5B, 0xFF, 0xFF, 0xBC,
    0xFF, 0xFF, 0xDD, 0xFF, 0xFF, 0xDD, 0xFF, 0xFF, 0xDD, 0xFF, 0xFF, 0xDD, 0xFF, 0xFF, 0xDD, 0xFF,
    0xFF, 0xDD, 0xFF, 0xF7, 0x7C, 0xFF, 0xF7, 0x7C, 0xFF, 0xFF, 0xBD, 0xFF, 0xFF, 0xBD, 0xFF, 0xFF,
    0x9D, 0xFF, 0xFF, 0x9C, 0xFF, 0xFF, 0x9C, 0xFF, 0xFF, 0x7B, 0xFE, 0xFF, 0xDD, 0xFF, 0xF7, 0xBD,
    0xF7, 0xB5, 0x75, 0xA6, 0x00, 0x00, 0x1B, 0x00, 0x00, 0x00, 0x00, 0x00, 0x00, 0x00, 0x00, 0x00,
    0x00, 0x00, 0x00, 0x00, 0x00, 0x00, 0x00, 0x00, 0x00, 0x00, 0x00, 0x00, 0x00, 0x00, 0x00, 0x00,
    0x00, 0x00, 0x00, 0x00, 0x00, 0x00, 0x00, 0x00, 0x00, 0x00, 0x00, 0x00, 0x00, 0x00, 0x00, 0x00,
    0x00, 0x00, 0x00, 0x07, 0x08, 0x61, 0x20, 0x73, 0x6E, 0x67, 0xAD, 0x35, 0xB3, 0xD6, 0x59, 0xEA,
    0xEF, 0x3C, 0xFF, 0xEF, 0x3C, 0xFE, 0xDE, 0xBB, 0xFF, 0xDE, 0x9A, 0xFF, 0xDE, 0xDB, 0xFF, 0xE7,
    0x1C, 0xFF, 0xF7, 0x7D, 0xF4, 0xEF, 0x5C, 0xDB, 0xA5, 0x13, 0x9C, 0x39, 0xE6, 0x43, 0x00, 0x00,
    0x10, 0x94, 0xED, 0x63, 0xAD, 0xAF, 0xDC, 0xB6, 0x12, 0xFF, 0xC6, 0x96, 0xFD, 0xB6, 0x34, 0xFF,
    0x9D, 0x8F, 0xFF, 0xAE, 0x10, 0xFF, 0xAE, 0x11, 0xFF, 0xB6, 0x11, 0xFF, 0xB6, 0x12, 0xFF, 0xAE,
    0x12, 0xFF, 0xB6, 0x32, 0xFF, 0xBE, 0x53, 0xFF, 0xDF, 0x17, 0xFF, 0xD6, 0xD7, 0xFE, 0xAD, 0xD1,
    0xFF, 0xB6, 0x32, 0xF6, 0xBE, 0x72, 0xB3, 0x32, 0x25, 0x58, 0x8C, 0xCD, 0x8E, 0xC6, 0xD3, 0xEA,
    0xD7, 0x14, 0xFF, 0xAD, 0xF0, 0xFF, 0x42, 0xC6, 0xFF, 0x63, 0xE8, 0xFF, 0x84, 0xEA, 0xFF, 0x74,
    0x89, 0xFF, 0x8D, 0x4C, 0xFF, 0x95, 0xAC, 0xFF, 0x8D, 0x6C, 0xFF, 0x8D, 0x8C, 0xFF, 0x8D, 0x6C,
    0xFF, 0x8D, 0x6C, 0xFF, 0x8D, 0x6B, 0xFF, 0x8D, 0x6B, 0xFF, 0x8D, 0x4B, 0xFF, 0x8D, 0x4B, 0xFF,
    0x85, 0x2B, 0xF8, 0x85, 0x2B, 0xF0, 0x85, 0x0B, 0xEF, 0x7D, 0x0B, 0xED, 0x7C, 0xEA, 0xED, 0x74,
    0xCA, 0xF3, 0x6C, 0xA9, 0xFF, 0x6C, 0x89, 0xFF, 0x00, 0x00, 0x21, 0x00, 0x00, 0x04, 0x00, 0x00,
    0x00, 0x00, 0x00, 0x00, 0x00, 0x00, 0x00, 0x00, 0x00, 0x00, 0x00, 0x00, 0x00, 0x00, 0x00, 0x00,
    0x00, 0x00, 0x00, 0x00, 0x00, 0x00, 0x00, 0x00, 0x00, 0x00, 0x00, 0x00, 0x00, 0x00, 0x00, 0x00,
    0x00, 0x00, 0x00, 0x00, 0x00, 0x00, 0x00, 0x00, 0x00, 0x00, 0x00, 0x00, 0x00, 0x00, 0x00, 0x00,
    0x00, 0x00, 0x00, 0x00, 0x00, 0x00, 0x00, 0x00, 0x00, 0x00, 0x00, 0x00, 0x00, 0x00, 0x00, 0x00,
    0x00, 0x00, 0x00, 0x00, 0x00, 0x00, 0x00, 0x00, 0x00, 0x00, 0x00, 0x00, 0x00, 0x00, 0x00, 0x00,
    0x00, 0x00, 0x00, 0x00, 0x00, 0x00, 0x00, 0x00, 0x00, 0x00, 0x00, 0x00, 0x00, 0x00, 0x00, 0x00,
    0x00, 0x00, 0x00, 0x00, 0x00, 0x00, 0x00, 0x00, 0x00, 0x00, 0x00, 0x00, 0x00, 0x00, 0x00, 0x00,
    0x00, 0x00, 0x00, 0x00, 0x00, 0x00, 0x00, 0x00, 0x00, 0x00, 0x00, 0x01, 0x00, 0x00, 0x00, 0x00,
    0x00, 0x06, 0x29, 0x82, 0x37, 0x7C, 0x6B, 0x8E, 0xB6, 0x12, 0xD5, 0xBD, 0xF4, 0xF8, 0xCE, 0x78,
    0xFF, 0xEF, 0x3C, 0xFF, 0xF7, 0x9D, 0xFF, 0xEF, 0x5D, 0xFF, 0xE7, 0x1B, 0xFF, 0xE6, 0xFB, 0xFF,
    0xE7, 0x1A, 0xFF, 0xCE, 0x77, 0xFF, 0x9C, 0xF1, 0xFF, 0x6B, 0xAB, 0xFF, 0x63, 0x6A, 0xFF, 0x7C,
    0x0E, 0xFF, 0x9D, 0x32, 0xFF, 0xC6, 0x58, 0xFF, 0xEF, 0x5D, 0xFF, 0xFF, 0xDF, 0xFF, 0xFF, 0xFF,
    0xFF, 0xFF, 0xBF, 0xFF, 0xF7, 0x5D, 0xFF, 0xE6, 0xFC, 0xFF, 0xDE, 0x9A, 0xFF, 0xD6, 0x39, 0xFF,
    0xCE, 0x19, 0xFF, 0xCE, 0x39, 0xFC, 0xCE, 0x18, 0xDF, 0x94, 0x72, 0xA3, 0x41, 0xE7, 0x54, 0x00,
    0x00, 0x21, 0x00, 0x00, 0x0C, 0x31, 0x86, 0x05, 0x18, 0xE3, 0x21, 0x52, 0x07, 0x4F, 0x52, 0x46,
    0x3C, 0x00, 0x00, 0x08, 0x39, 0xC3, 0x09, 0x00, 0x00, 0x0F, 0x00, 0x00, 0x1C, 0x20, 0xC2, 0x2E,
    0x39, 0x65, 0x57, 0x83, 0x8A, 0xD5, 0xB4, 0xEE, 0xFF, 0x94, 0x0C, 0xFF, 0x7B, 0x4A, 0xFF, 0x83,
    0x8A, 0xFF, 0x83, 0xAA, 0xFF, 0x93, 0xEB, 0xFF, 0x8B, 0xAB, 0xFF, 0x52, 0x27, 0xFF, 0x52, 0x26,
    0xFF, 0xC5, 0xB1, 0xFF, 0xBD, 0x90, 0xFF, 0x62, 0x86, 0xFF, 0xAC, 0xD1, 0xFF, 0xF7, 0x7C, 0xFF,
    0xFF, 0xFE, 0xFF, 0xFF, 0x9B, 0xFF, 0xDE, 0x98, 0xFF, 0xC5, 0xB4, 0xFF, 0xBD, 0x73, 0xFF, 0xBD,
    0x73, 0xFF, 0xBD, 0x53, 0xFF, 0xBD, 0x53, 0xFF, 0xB5, 0x33, 0xFF, 0xAC, 0xD1, 0xFF, 0xDE, 0x78,
    0xFF, 0xFF, 0xDD, 0xFF, 0xFF, 0xBD, 0xFF, 0xFF, 0x9C, 0xFF, 0xFF, 0x9C, 0xFF, 0xFF, 0x9C, 0xFF,
    0xFF, 0x7C, 0xFF, 0xFF, 0x9D, 0xFF, 0xFF, 0xDE, 0xFF, 0xEF, 0x3B, 0xCD, 0x20, 0xE4, 0x36, 0x00,
    0x00, 0x04, 0x00, 0x00, 0x00, 0x00, 0x00, 0x00, 0x00, 0x00, 0x00, 0x00, 0x00, 0x00, 0x00, 0x00,
    0x00, 0x00, 0x00, 0x00, 0x00, 0x00, 0x00, 0x00, 0x00, 0x00, 0x00, 0x00, 0x00, 0x00, 0x00, 0x00,
    0x00, 0x00, 0x00, 0x52, 0xAA, 0x03, 0x00, 0x00, 0x15, 0x31, 0x45, 0x42, 0x94, 0x51, 0x8A, 0xCE,
    0x38, 0xD4, 0xE7, 0x1C, 0xF5, 0xEF, 0x3C, 0xFD, 0xE6, 0xFB, 0xFF, 0xD6, 0x79, 0xFE, 0xD6, 0x59,
    0xFF, 0xDE, 0xBA, 0xFB, 0xEF, 0x1C, 0xF4, 0xE6, 0xFB, 0xDF, 0xAD, 0x55, 0xA8, 0x5A, 0xEB, 0x60,
    0x18, 0xC3, 0x27, 0x2A, 0xA5, 0x06, 0x00, 0x00, 0x10, 0x95, 0x2E, 0x83, 0xAD, 0xEF, 0xEC, 0xAE,
    0x11, 0xFE, 0xB6, 0x34, 0xFE, 0x9D, 0x90, 0xFF, 0xA5, 0xCF, 0xFF, 0xAE, 0x10, 0xFF, 0xAE, 0x10,
    0xFF, 0xAE, 0x11, 0xFF, 0xAE, 0x11, 0xFF, 0xAE, 0x11, 0xFF, 0xAE, 0x12, 0xFF, 0xBE, 0x73, 0xFF,
    0xDF, 0x38, 0xFF, 0xD6, 0xF6, 0xFF, 0xBE, 0x52, 0xF3, 0xB6, 0x52, 0xC3, 0x74, 0x2B, 0x65, 0x00,
    0x00, 0x11, 0x4A, 0x87, 0x3D, 0xBE, 0x92, 0xC3, 0xC6, 0xB2, 0xFA, 0xCE, 0xF3, 0xFF, 0x53, 0x07,
    0xFF, 0x4B, 0x06, 0xFF, 0x7C, 0xCA, 0xFF, 0x74, 0x89, 0xFF, 0x7C, 0xCA, 0xFF, 0x95, 0x8C, 0xFF,
    0x95, 0x8C, 0xFF, 0x8D, 0x6C, 0xFF, 0x8D, 0x6C, 0xFF, 0x8D, 0x4B, 0xFF, 0x8D, 0x4B, 0xFF, 0x85,
    0x2B, 0xFF, 0x85, 0x2B, 0xFF, 0x85, 0x0A, 0xFF, 0x7C, 0xEA, 0xFF, 0x7C, 0xCA, 0xFF, 0x7C, 0xCA,
    0xFF, 0x7C, 0xCA, 0xFF, 0x74, 0xAA, 0xFF, 0x6C, 0x89, 0xFF, 0x6C, 0x89, 0xFF, 0x6C, 0x89, 0xFF,
    0x00, 0x00, 0x21, 0x00, 0x00, 0x04, 0x00, 0x00, 0x00, 0x00, 0x00, 0x00, 0x00, 0x00, 0x00, 0x00,
    0x00, 0x00, 0x00, 0x00, 0x00, 0x00, 0x00, 0x00, 0x00, 0x00, 0x00, 0x00, 0x00, 0x00, 0x00, 0x00,
    0x00, 0x00, 0x00, 0x00, 0x00, 0x00, 0x00, 0x00, 0x00, 0x00, 0x00, 0x00, 0x00, 0x00, 0x00, 0x00,
    0x00, 0x00, 0x00, 0x00, 0x00, 0x00, 0x00, 0x00, 0x00, 0x00, 0x00, 0x00, 0x00, 0x00, 0x00, 0x00,
    0x00, 0x00, 0x00, 0x00, 0x00, 0x00, 0x00, 0x00, 0x00, 0x00, 0x00, 0x00, 0x00, 0x00, 0x00, 0x00,
    0x00, 0x00, 0x00, 0x00, 0x00, 0x00, 0x00, 0x00, 0x00, 0x00, 0x00, 0x00, 0x00, 0x00, 0x00, 0x00,
    0x00, 0x00, 0x00, 0x00, 0x00, 0x00, 0x00, 0x00, 0x00, 0x00, 0x00, 0x00, 0x00, 0x00, 0x00, 0x00,
    0x00, 0x00, 0x00, 0x00, 0x00, 0x00, 0x00, 0x00, 0x00, 0x00, 0x00, 0x00, 0x00, 0x00, 0x00, 0x00,
    0x00, 0x00, 0x00, 0x00, 0x00, 0x00, 0x01, 0x00, 0x00, 0x00, 0x00, 0x00, 0x05, 0x19, 0x21, 0x2F,
    0x6B, 0xC9, 0x7C, 0xAD, 0xF0, 0xCB, 0xBE, 0x33, 0xF3, 0xBE, 0x15, 0xFE, 0xD6, 0x99, 0xFE, 0xE7,
    0x5C, 0xFE, 0xF7, 0x9D, 0xFF, 0xF7, 0x9D, 0xFF, 0xEF, 0x7C, 0xFF, 0xEF, 0x5C, 0xFF, 0xDE, 0xFA,
    0xFF, 0xBE, 0x15, 0xFF, 0x9D, 0x10, 0xFF, 0x84, 0x6D, 0xFF, 0x6B, 0xEB, 0xFF, 0x6B, 0xCB, 0xFF,
    0x6B, 0xCC, 0xFF, 0x84, 0x70, 0xFF, 0xB5, 0xB6, 0xFF, 0xDE, 0xDB, 0xFF, 0xF7, 0x9E, 0xFF, 0xFF,
    0xBF, 0xFF, 0xFF, 0x9E, 0xFF, 0xEF, 0x3D, 0xFF, 0xE6, 0xBB, 0xFF, 0xD6, 0x7A, 0xFF, 0xD6, 0x7A,
    0xFF, 0xDE, 0x7A, 0xF3, 0xD6, 0x59, 0xD6, 0xA4, 0xB2, 0xAC, 0x52, 0x69, 0x6A, 0x00, 0x00, 0x43,
    0x62, 0x69, 0x70, 0xA4, 0x6E, 0xAF, 0x9C, 0x0C, 0x8A, 0x10, 0x20, 0x43, 0x29, 0x23, 0x51, 0x6A,
    0xA8, 0x7A, 0xAC, 0xAF, 0xA9, 0xB4, 0xD0, 0xBE, 0x41, 0xE6, 0xD4, 0x08, 0x41, 0xF9, 0x5A, 0x87,
    0xFF, 0x8B, 0xEC, 0xFF, 0x8B, 0xCB, 0xFF, 0x7B, 0x8A, 0xFF, 0x6B, 0x09, 0xFF, 0x5A, 0x67, 0xFF,
    0x39, 0x64, 0xFF, 0x00, 0x20, 0xFF, 0x29, 0x02, 0xFF, 0xCD, 0xD2, 0xFF, 0xEE, 0xF6, 0xFF, 0x7A,
    0xC8, 0xFF, 0xC5, 0x74, 0xFF, 0xFF, 0xFF, 0xFF, 0xE6, 0xB9, 0xFF, 0x9C, 0x0D, 0xFF, 0x8B, 0x6C,
    0xFF, 0xAC, 0x70, 0xFF, 0xB5, 0x12, 0xFF, 0xC5, 0x53, 0xFF, 0xC5, 0x94, 0xFF, 0xCD, 0xF6, 0xFF,
    0xD6, 0x37, 0xFF, 0xDE, 0x98, 0xFF, 0xF7, 0x7B, 0xFF, 0xFF, 0xBD, 0xFF, 0xFF, 0xBD, 0xFF, 0xFF,
    0x9C, 0xFF, 0xFF, 0x9C, 0xFF, 0xFF, 0x9C, 0xFF, 0xFF, 0x9C, 0xFF, 0xFF, 0x7C, 0xFF, 0xFF, 0xDE,
    0xFF, 0xFF, 0xDE, 0xE3, 0x62, 0xEB, 0x6B, 0x00, 0x00, 0x0F, 0x00, 0x00, 0x00, 0x00, 0x00, 0x00,
    0x00, 0x00, 0x00, 0x00, 0x00, 0x00, 0x00, 0x00, 0x00, 0x00, 0x00, 0x00, 0x00, 0x00, 0x00, 0x00,
    0x00, 0x00, 0x00, 0x00, 0x02, 0x00, 0x00, 0x06, 0x00, 0x00, 0x11, 0x08, 0x20, 0x34, 0x7B, 0x8F,
    0x7B, 0xCE, 0x59, 0xC3, 0xEF, 0x3C, 0xEB, 0xF7, 0x7D, 0xFC, 0xEF, 0x3D, 0xFE, 0xE6, 0xFB, 0xFC,
    0xE6, 0xDB, 0xF9, 0xE6, 0xDB, 0xF6, 0xDE, 0xBB, 0xEA, 0xCE, 0x18, 0xCF, 0x9C, 0xB3, 0x9E, 0x62,
    0xEC, 0x5E, 0x29, 0x45, 0x29, 0x00, 0x00, 0x0C, 0x00, 0x00, 0x02, 0xFF, 0xFF, 0x01, 0x10, 0x81,
    0x2C, 0x9D, 0x2E, 0xA9, 0xB6, 0x11, 0xFD, 0xA5, 0xD0, 0xFE, 0x9D, 0x90, 0xFE, 0x95, 0x6E, 0xFF,
    0xAE, 0x10, 0xFF, 0xAE, 0x10, 0xFF, 0xAE, 0x10, 0xFF, 0xAE, 0x10, 0xFF, 0xAD, 0xF1, 0xFF, 0xAE,
    0x11, 0xFF, 0xAD, 0xF1, 0xFF, 0xBE, 0x73, 0xFE, 0xD7, 0x37, 0xFE, 0xD7, 0x36, 0xF6, 0xB6, 0x31,
    0xC0, 0x6B, 0xAA, 0x63, 0x08, 0x41, 0x1A, 0x00, 0x00, 0x00, 0x10, 0xA1, 0x18, 0x84, 0xCD, 0x84,
    0xBE, 0x71, 0xE2, 0xD7, 0x13, 0xFD, 0x84, 0x8C, 0xFF, 0x32, 0x25, 0xFF, 0x63, 0xE8, 0xFF, 0x7C,
    0xEA, 0xFF, 0x6C, 0x09, 0xFF, 0x84, 0xCB, 0xFF, 0x95, 0x6C, 0xFF, 0x8D, 0x6C, 0xFF, 0x8D, 0x6C,
    0xFF, 0x8D, 0x4C, 0xFF, 0x8D, 0x4B, 0xFF, 0x8D, 0x2B, 0xFF, 0x85, 0x2B, 0xFF, 0x85, 0x0B, 0xFF,
    0x7D, 0x0B, 0xFF, 0x7C, 0xEB, 0xFF, 0x7C, 0xCA, 0xFF, 0x74, 0xAA, 0xFF, 0x6C, 0x69, 0xFF, 0x6C,
    0x69, 0xFF, 0x6C, 0x89, 0xFF, 0x6C, 0x89, 0xFE, 0x00, 0x00, 0x21, 0x00, 0x00, 0x04, 0x00, 0x00,
    0x00, 0x00, 0x00, 0x00, 0x00, 0x00, 0x00, 0x00, 0x00, 0x00, 0x00, 0x00, 0x00, 0x00, 0x00, 0x00,
    0x00, 0x00, 0x00, 0x00, 0x00, 0x00, 0x00, 0x00, 0x00, 0x00, 0x00, 0x00, 0x00, 0x00, 0x00, 0x00,
    0x00, 0x00, 0x00, 0x00, 0x00, 0x00, 0x00, 0x00, 0x00, 0x00, 0x00, 0x00, 0x00, 0x00, 0x00, 0x00,
    0x00, 0x00, 0x00, 0x00, 0x00, 0x00, 0x00, 0x00, 0x00, 0x00, 0x00, 0x00, 0x00, 0x00, 0x00, 0x00,
    0x00, 0x00, 0x00, 0x00, 0x00, 0x00, 0x00, 0x00, 0x00, 0x00, 0x00, 0x00, 0x00, 0x00, 0x00, 0x00,
    0x00, 0x00, 0x00, 0x00, 0x00, 0x00, 0x00, 0x00, 0x00, 0x00, 0x00, 0x00, 0x00, 0x00, 0x00, 0x00,
    0x00, 0x00, 0x00, 0x00, 0x00, 0x00, 0x00, 0x00, 0x00, 0x00, 0x00, 0x00, 0x00, 0x00, 0x00, 0x00,
    0x00, 0x00, 0x00, 0x00, 0x00, 0x00, 0x00, 0x00, 0x00, 0x00, 0x00, 0x00, 0x00, 0x00, 0x00, 0x00,
    0x00, 0x00, 0x00, 0x00, 0x00, 0x00, 0x00, 0x03, 0x10, 0xC0, 0x1F, 0x53, 0x07, 0x5C, 0x95, 0x0D,
    0xAF, 0xBE, 0x72, 0xE6, 0xC6, 0xB4, 0xFA, 0xC6, 0x55, 0xFE, 0xCE, 0x77, 0xFD, 0xDE, 0xD9, 0xFE,
    0xEF, 0x5C, 0xFE, 0xFF, 0xBD, 0xFF, 0xFF, 0xBD, 0xFF, 0xF7, 0x9D, 0xFF, 0xE7, 0x1A, 0xFF, 0xC6,
    0x35, 0xFF, 0xA5, 0x71, 0xFF, 0x8C, 0xCE, 0xFF, 0x7C, 0x4C, 0xFF, 0x6B, 0xCA, 0xFF, 0x5B, 0x49,
    0xFF, 0x5B, 0x4A, 0xFF, 0x6B, 0xAD, 0xFF, 0x84, 0x30, 0xFF, 0x9C, 0xB2, 0xFF, 0xAD, 0x35, 0xFF,
    0xC5, 0xD7, 0xFF, 0xD6, 0x79, 0xFF, 0xDE, 0x9A, 0xFF, 0xDE, 0x9B, 0xFF, 0xE6, 0xDB, 0xFF, 0xE6,
    0xDB, 0xF7, 0xDE, 0x79, 0xDE, 0xC5, 0xD6, 0xCD, 0xB5, 0x13, 0xDF, 0x73, 0x0B, 0xF5, 0x31, 0x24,
    0xE6, 0x72, 0xE9, 0xCF, 0xDE, 0x13, 0xD5, 0xBD, 0x30, 0xE5, 0x83, 0x8B, 0xF7, 0x39, 0x64, 0xFA,
    0x08, 0x61, 0xFF, 0x00, 0x20, 0xFF, 0x00, 0x20, 0xFF, 0x10, 0x61, 0xFF, 0x10, 0x81, 0xFF, 0x08,
    0x61, 0xFF, 0x08, 0x61, 0xFF, 0x08, 0x40, 0xFF, 0x08, 0x40, 0xFF, 0x31, 0x43, 0xFF, 0x49, 0xE5,
    0xFF, 0x6B, 0x08, 0xFF, 0xF7, 0x15, 0xFF, 0xB4, 0xAE, 0xFF, 0xE6, 0xB9, 0xFF, 0xCD, 0xF6, 0xFF,
    0x9B, 0xED, 0xFF, 0xB4, 0xF2, 0xFF, 0xE6, 0xB9, 0xFF, 0xF7, 0x5B, 0xFF, 0xF7, 0x7C, 0xFF, 0xF7,
    0x9C, 0xFF, 0xFF, 0xBD, 0xFF, 0xFF, 0xBD, 0xFF, 0xFF, 0xDD, 0xFF, 0xFF, 0xDE, 0xFF, 0xFF, 0xDD,
    0xFF, 0xFF, 0xBD, 0xFF, 0xFF, 0xBD, 0xFF, 0xFF, 0x9C, 0xFF, 0xFF, 0x9C, 0xFF, 0xFF, 0x9C, 0xFF,
    0xFF, 0x9C, 0xFF, 0xFF, 0x9C, 0xFF, 0xFF, 0xDD, 0xFF, 0xFF, 0xDE, 0xF4, 0xAD, 0x13, 0xA6, 0x10,
    0x82, 0x1F, 0xFF, 0xFF, 0x01, 0xFF, 0xFF, 0x01, 0x00, 0x00, 0x01, 0x00, 0x00, 0x00, 0x00, 0x00,
    0x00, 0x00, 0x00, 0x00, 0x00, 0x00, 0x00, 0x18, 0xE3, 0x08, 0x41, 0xC8, 0x23, 0x6B, 0x2D, 0x51,
    0xAD, 0x34, 0x88, 0xE6, 0xFB, 0xBA, 0xF7, 0x9E, 0xDE, 0xFF, 0xDF, 0xF6, 0xFF, 0xBE, 0xFA, 0xEF,
    0x5D, 0xF6, 0xDE, 0xBA, 0xEE, 0xCE, 0x38, 0xDE, 0xBD, 0x96, 0xC4, 0x9C, 0xB3, 0x9D, 0x83, 0xCF,
    0x6B, 0x62, 0xEB, 0x40, 0x31, 0x86, 0x25, 0x00, 0x00, 0x0C, 0x00, 0x00, 0x00, 0x00, 0x00, 0x00,
    0xFF, 0xFF, 0x01, 0x00, 0x00, 0x04, 0x4A, 0x86, 0x4B, 0x9D, 0x8F, 0xC6, 0xB6, 0x52, 0xFF, 0x9D,
    0x8F, 0xFD, 0x95, 0x4E, 0xFF, 0x9D, 0xAF, 0xFF, 0xA6, 0x10, 0xFF, 0xA6, 0x10, 0xFF, 0xA6, 0x10,
    0xFF, 0xAE, 0x10, 0xFF, 0xA5, 0xF0, 0xFF, 0xA5, 0xF0, 0xFF, 0xAD, 0xF0, 0xFE, 0xBE, 0x52, 0xFE,
    0xD7, 0x36, 0xFC, 0xC6, 0xB4, 0xC9, 0x63, 0x8A, 0x65, 0x00, 0x00, 0x17, 0x00, 0x00, 0x00, 0x00,
    0x00, 0x00, 0x00, 0x00, 0x02, 0x32, 0x24, 0x34, 0xAE, 0x10, 0xAD, 0xBE, 0xB1, 0xF5, 0xBE, 0xB1,
    0xFF, 0x4A, 0xE7, 0xFF, 0x32, 0x24, 0xFF, 0x7C, 0xAA, 0xFF, 0x84, 0xEA, 0xFF, 0x6C, 0x29, 0xFF,
    0x84, 0xEB, 0xFF, 0x95, 0x8C, 0xFF, 0x8D, 0x6C, 0xFF, 0x8D, 0x6C, 0xFF, 0x8D, 0x4B, 0xFF, 0x8D,
    0x2B, 0xFF, 0x85, 0x2B, 0xFF, 0x85, 0x0B, 0xFF, 0x7C, 0xEB, 0xFF, 0x74, 0xCA, 0xFF, 0x74, 0x8A,
    0xFF, 0x6C, 0x69, 0xFF, 0x6C, 0x69, 0xFF, 0x64, 0x69, 0xFE, 0x64, 0x69, 0xFD, 0x74, 0xCA, 0xFE,
    0x00, 0x00, 0x21, 0x00, 0x00, 0x04, 0x00, 0x00, 0x00, 0x00, 0x00, 0x00, 0x00, 0x00, 0x00, 0x00,
    0x00, 0x00, 0x00, 0x00, 0x00, 0x00, 0x00, 0x00, 0x00, 0x00, 0x00, 0x00, 0x00, 0x00, 0x00, 0x00,
    0x00, 0x00, 0x00, 0x00, 0x00, 0x00, 0x00, 0x00, 0x00, 0x00, 0x00, 0x00, 0x00, 0x00, 0x00, 0x00,
    0x00, 0x00, 0x00, 0x00, 0x00, 0x00, 0x00, 0x00, 0x00, 0x00, 0x00, 0x00, 0x00, 0x00, 0x00, 0x00,
    0x00, 0x00, 0x00, 0x00, 0x00, 0x00, 0x00, 0x00, 0x00, 0x00, 0x00, 0x00, 0x00, 0x00, 0x00, 0x00,
    0x00, 0x00, 0x00, 0x00, 0x00, 0x00, 0x00, 0x00, 0x00, 0x00, 0x00, 0x00, 0x00, 0x00, 0x00, 0x00,
    0x00, 0x00, 0x00, 0x00, 0x00, 0x00, 0x00, 0x00, 0x00, 0x00, 0x00, 0x00, 0x00, 0x00, 0x00, 0x00,
    0x00, 0x00, 0x00, 0x00, 0x00, 0x00, 0x00, 0x00, 0x00, 0x00, 0x00, 0x00, 0x00, 0x00, 0x00, 0x00,
    0x00, 0x00, 0x00, 0x00, 0x00, 0x00, 0x00, 0x00, 0x00, 0x00, 0x00, 0x00, 0x00, 0x00, 0x00, 0x00,
    0x00, 0x00, 0x00, 0x00, 0x00, 0x0C, 0x42, 0x65, 0x39, 0x74, 0x0A, 0x76, 0x9D, 0x4F, 0xB9, 0xC6,
    0x73, 0xEB, 0xD6, 0xD6, 0xFC, 0xCE, 0x96, 0xFD, 0xCE, 0x56, 0xFD, 0xCE, 0x78, 0xFD, 0xDE, 0xD9,
    0xFE, 0xEF, 0x5C, 0xFE, 0xFF, 0xDD, 0xFE, 0xFF, 0xBD, 0xFF, 0xEF, 0x5B, 0xFF, 0xD6, 0xB8, 0xFF,
    0xBE, 0x14, 0xFF, 0x9D, 0x30, 0xFF, 0x7C, 0x4B, 0xFF, 0x6B, 0xEA, 0xFF, 0x6B, 0xAA, 0xFF, 0x5B,
    0x69, 0xFF, 0x52, 0xC8, 0xFF, 0x4A, 0x67, 0xFF, 0x3A, 0x06, 0xFF, 0x39, 0xC7, 0xFF, 0x5A, 0x89,
    0xFF, 0x62, 0xAA, 0xFF, 0x6B, 0x0B, 0xFF, 0x73, 0x2C, 0xFF, 0x73, 0x4D, 0xFF, 0x6B, 0x0C, 0xFF,
    0x73, 0x2C, 0xFF, 0x5A, 0x69, 0xFF, 0x28, 0xE3, 0xFF, 0x41, 0x85, 0xFF, 0x6A, 0xE9, 0xFF, 0x39,
    0xA5, 0xFF, 0x10, 0x81, 0xFF, 0x00, 0x20, 0xFF, 0x08, 0x40, 0xFF, 0x10, 0x81, 0xFF, 0x08, 0x40,
    0xFF, 0x00, 0x00, 0xFF, 0x00, 0x00, 0xFF, 0x00, 0x20, 0xFF, 0x00, 0x00, 0xFF, 0x00, 0x00, 0xFF,
    0x31, 0x43, 0xFF, 0x8B, 0x8A, 0xFF, 0x72, 0xC7, 0xFF, 0x39, 0x63, 0xFF, 0xB5, 0x6F, 0xFF, 0xB5,
    0x0E, 0xFF, 0x9B, 0xEE, 0xFF, 0xA4, 0x4F, 0xFF, 0xD6, 0x58, 0xFF, 0xF7, 0xBE, 0xFF, 0xFF, 0xFE,
    0xFF, 0xFF, 0xDD, 0xFF, 0xFF, 0xBD, 0xFF, 0xFF, 0xBD, 0xFF, 0xFF, 0xDE, 0xFF, 0xFF, 0xDE, 0xFF,
    0xFF, 0xDE, 0xFF, 0xFF, 0xBE, 0xFF, 0xFF, 0xBD, 0xFF, 0xFF, 0xBD, 0xFF, 0xFF, 0x9D, 0xFF, 0xFF,
    0x9C, 0xFF, 0xFF, 0x9C, 0xFF, 0xFF, 0x9C, 0xFF, 0xFF, 0x9C, 0xFF, 0xFF, 0x9C, 0xFF, 0xFF, 0xBD,
    0xFF, 0xFF, 0xDD, 0xFE, 0xE6, 0xD9, 0xD1, 0x39, 0x85, 0x34, 0x00, 0x00, 0x09, 0x00, 0x00, 0x05,
    0x00, 0x20, 0x00, 0xFF, 0xFF, 0x02, 0x00, 0x00, 0x01, 0x00, 0x00, 0x00, 0x00, 0x00, 0x00, 0x00,
    0x00, 0x03, 0x31, 0x86, 0x19, 0x5A, 0xAB, 0x47, 0x83, 0xF0, 0x77, 0x9C, 0xD3, 0x90, 0xAD, 0x35,
    0x91, 0xA5, 0x14, 0x8F, 0x9C, 0xB2, 0x85, 0x94, 0x51, 0x75, 0x83, 0xF0, 0x63, 0x7B, 0xCF, 0x4C,
    0x62, 0xEC, 0x3A, 0x21, 0x24, 0x27, 0x00, 0x00, 0x10, 0x00, 0x00, 0x00, 0x00, 0x00, 0x00, 0x00,
    0x00, 0x00, 0x00, 0x00, 0x00, 0x00, 0x00, 0x00, 0xFF, 0xFF, 0x02, 0x00, 0x00, 0x04, 0x7C, 0x2A,
    0x66, 0xA5, 0xD0, 0xDA, 0xAE, 0x31, 0xFF, 0x95, 0x6F, 0xFE, 0x95, 0x6E, 0xFF, 0xA5, 0xEF, 0xFF,
    0xA5, 0xEF, 0xFF, 0xA5, 0xEF, 0xFF, 0xA6, 0x10, 0xFF, 0xAE, 0x10, 0xFF, 0xA5, 0xF0, 0xFF, 0xA5,
    0xF0, 0xFF, 0xA5, 0xD0, 0xFD, 0xC6, 0xB3, 0xFD, 0xC6, 0xB3, 0xD2, 0x74, 0x2B, 0x6E, 0x00, 0x00,
    0x19, 0x00, 0x00, 0x00, 0x00, 0x00, 0x00, 0x00, 0x00, 0x00, 0x00, 0x00, 0x00, 0x00, 0x00, 0x0A,
    0x63, 0xA9, 0x5E, 0xB6, 0x50, 0xC9, 0xC6, 0xD1, 0xFA, 0x9D, 0x6D, 0xFF, 0x3A, 0x45, 0xFF, 0x2A,
    0x03, 0xFF, 0x6C, 0x29, 0xFF, 0x7C, 0xAA, 0xFF, 0x7C, 0xAA, 0xFF, 0x85, 0x0B, 0xFF, 0x8D, 0x4C,
    0xFF, 0x85, 0x2B, 0xFF, 0x85, 0x2B, 0xFF, 0x85, 0x0B, 0xFF, 0x7D, 0x0B, 0xFF, 0x7C, 0xEA, 0xFF,
    0x74, 0xCA, 0xFF, 0x74, 0xAA, 0xFF, 0x6C, 0x89, 0xFF, 0x6C, 0x69, 0xFF, 0x6C, 0x69, 0xFE, 0x6C,
    0x69, 0xFF, 0x6C, 0x69, 0xFC, 0x6C, 0x8A, 0xF6, 0x00, 0x00, 0x21, 0x00, 0x00, 0x04, 0x00, 0x00,
    0x00, 0x00, 0x00, 0x00, 0x00, 0x00, 0x00, 0x00, 0x00, 0x00, 0x00, 0x00, 0x00, 0x00, 0x00, 0x00,
    0x00, 0x00, 0x00, 0x00, 0x00, 0x00, 0x00, 0x00, 0x00, 0x00, 0x00, 0x00, 0x00, 0x00, 0x00, 0x00,
    0x00, 0x00, 0x00, 0x00, 0x00, 0x00, 0x00, 0x00, 0x00, 0x00, 0x00, 0x00, 0x00, 0x00, 0x00, 0x00,
    0x00, 0x00, 0x00, 0x00, 0x00, 0x00, 0x00, 0x00, 0x00, 0x00, 0x00, 0x00, 0x00, 0x00, 0x00, 0x00,
    0x00, 0x00, 0x00, 0x00, 0x00, 0x00, 0x00, 0x00, 0x00, 0x00, 0x00, 0x00, 0x00, 0x00, 0x00, 0x00,
    0x00, 0x00, 0x00, 0x00, 0x00, 0x00, 0x00, 0x00, 0x00, 0x00, 0x00, 0x00, 0x00, 0x00, 0x00, 0x00,
    0x00, 0x00, 0x00, 0x00, 0x00, 0x00, 0x00, 0x00, 0x00, 0x00, 0x00, 0x00, 0x00, 0x00, 0x00, 0x00,
    0x00, 0x00, 0x00, 0x00, 0x00, 0x00, 0x00, 0x00, 0x00, 0x00, 0x00, 0x00, 0x00, 0x00, 0x00, 0x00,
    0x00, 0x00, 0x00, 0x00, 0x00, 0x00, 0x00, 0x00, 0x00, 0x00, 0x00, 0x00, 0x00, 0x00, 0x00, 0x00,
    0x01, 0x00, 0x00, 0x16, 0x4A, 0xA7, 0x3E, 0x7C, 0x4C, 0x72, 0x9D, 0x4F, 0xAE, 0xBE, 0x13, 0xE0,
    0xCE, 0x96, 0xF9, 0xD6, 0xB7, 0xFE, 0xD6, 0x97, 0xFD, 0xCE, 0x77, 0xFE, 0xD6, 0xB9, 0xFE, 0xE7,
    0x3B, 0xFE, 0xEF, 0x7C, 0xFF, 0xEF, 0x7C, 0xFF, 0xE7, 0x3B, 0xFF, 0xDE, 0xD9, 0xFF, 0xBE, 0x34,
    0xFF, 0x9D, 0x50, 0xFF, 0x84, 0x8D, 0xFF, 0x7C, 0x2B, 0xFF, 0x74, 0x0B, 0xFF, 0x74, 0x0A, 0xFF,
    0x63, 0x69, 0xFF, 0x19, 0x22, 0xFF, 0x08, 0x20, 0xFF, 0x94, 0x70, 0xFF, 0xAD, 0x13, 0xFF, 0xA4,
    0xD2, 0xFF, 0xA4, 0xD3, 0xFF, 0xA4, 0xD3, 0xFF, 0x9C, 0xB2, 0xFF, 0xB5, 0x54, 0xFE, 0xB5, 0x53,
    0xFF, 0x5A, 0x88, 0xFF, 0x00, 0x00, 0xFF, 0x00, 0x00, 0xFF, 0x00, 0x20, 0xFF, 0x10, 0x81, 0xFF,
    0x10, 0x81, 0xFF, 0x10, 0x81, 0xFF, 0x18, 0xA1, 0xFF, 0x18, 0xC2, 0xFF, 0x10, 0x81, 0xFF, 0x00,
    0x00, 0xFF, 0x00, 0x00, 0xFF, 0x31, 0x64, 0xFF, 0x8B, 0x89, 0xFF, 0xA4, 0x0B, 0xFF, 0x5A, 0x26,
    0xFF, 0x31, 0x83, 0xFF, 0x7C, 0x29, 0xFF, 0x5A, 0x65, 0xFF, 0x7A, 0xC9, 0xFF, 0xDE, 0x79, 0xFF,
    0xFF, 0xFF, 0xFF, 0xFF, 0xDE, 0xFF, 0xFF, 0x9D, 0xFF, 0xFF, 0x7C, 0xFF, 0xFF, 0x7C, 0xFF, 0xFF,
    0x7C, 0xFF, 0xFF, 0x7C, 0xFF, 0xFF, 0x9D, 0xFF, 0xFF, 0x9D, 0xFF, 0xFF, 0x9D, 0xFF, 0xFF, 0xBD,
    0xFF, 0xFF, 0xBD, 0xFF, 0xFF, 0x9D, 0xFF, 0xFF, 0x9C, 0xFF, 0xFF, 0x9C, 0xFF, 0xFF, 0x9C, 0xFF,
    0xFF, 0x9C, 0xFF, 0xFF, 0x9C, 0xFF, 0xFF, 0x9C, 0xFF, 0xFF, 0xBC, 0xFF, 0xF7, 0x7C, 0xE3, 0x62,
    0x89, 0x6B, 0x8B, 0xCE, 0x60, 0x5A, 0x68, 0x51, 0x00, 0x00, 0x1D, 0x00, 0x00, 0x01, 0x00, 0x20,
    0x00, 0xFF, 0xFF, 0x01, 0x00, 0x00, 0x01, 0x00, 0x00, 0x00, 0x00, 0x00, 0x04, 0x18, 0xE3, 0x12,
    0x21, 0x04, 0x1E, 0x00, 0x00, 0x21, 0x00, 0x00, 0x20, 0x00, 0x00, 0x1F, 0x00, 0x00, 0x1B, 0x00,
    0x00, 0x11, 0x00, 0x00, 0x08, 0x00, 0x00, 0x00, 0x00, 0x00, 0x00, 0x00, 0x00, 0x00, 0x00, 0x00,
    0x00, 0x00, 0x00, 0x00, 0x00, 0x00, 0x00, 0x00, 0x00, 0x00, 0x00, 0x00, 0x00, 0x00, 0x00, 0x01,
    0xFF, 0xFF, 0x02, 0x00, 0x00, 0x05, 0x8C, 0xEC, 0x78, 0xAE, 0x10, 0xE7, 0xA5, 0xD0, 0xFF, 0x95,
    0x2E, 0xFE, 0x9D, 0xAF, 0xFF, 0xAD, 0xF0, 0xFF, 0xA5, 0xEF, 0xFF, 0xA5, 0xEF, 0xFF, 0xA6, 0x0F,
    0xFF, 0xA5, 0xEF, 0xFF, 0xA5, 0xF0, 0xFF, 0xA5, 0xCF, 0xFD, 0xB6, 0x51, 0xF8, 0xBE, 0x92, 0xDC,
    0x84, 0xCD, 0x7D, 0x00, 0x40, 0x1D, 0x00, 0x00, 0x00, 0xFF, 0xFF, 0x01, 0x00, 0x00, 0x01, 0x00,
    0x00, 0x00, 0x00, 0x00, 0x00, 0x00, 0x00, 0x00, 0x00, 0x00, 0x1E, 0x84, 0xCC, 0x7F, 0xB6, 0x6F,
    0xD8, 0xBE, 0xB0, 0xFA, 0x8D, 0x0C, 0xFE, 0x42, 0xC6, 0xFE, 0x29, 0xC3, 0xFF, 0x3A, 0x65, 0xFF,
    0x4A, 0xE6, 0xFF, 0x63, 0xA8, 0xFF, 0x8D, 0x2C, 0xFF, 0x8D, 0x4C, 0xFF, 0x85, 0x2B, 0xFF, 0x85,
    0x0B, 0xFF, 0x7D, 0x0B, 0xFF, 0x7C, 0xEA, 0xFF, 0x74, 0xCA, 0xFF, 0x74, 0xAA, 0xFF, 0x6C, 0x89,
    0xFE, 0x6C, 0x89, 0xFE, 0x6C, 0x69, 0xFF, 0x6C, 0x69, 0xEA, 0x74, 0x8A, 0xAA, 0x4B, 0x27, 0x84,
    0x00, 0x00, 0x21, 0x00, 0x00, 0x04, 0x00, 0x00, 0x00, 0x00, 0x00, 0x00, 0x00, 0x00, 0x00, 0x00,
    0x00, 0x00, 0x00, 0x00, 0x00, 0x00, 0x00, 0x00, 0x00, 0x00, 0x00, 0x00, 0x00, 0x00, 0x00, 0x00,
    0x00, 0x00, 0x00, 0x00, 0x00, 0x00, 0x00, 0x00, 0x00, 0x00, 0x00, 0x00, 0x00, 0x00, 0x00, 0x00,
    0x00, 0x00, 0x00, 0x00, 0x00, 0x00, 0x00, 0x00, 0x00, 0x00, 0x00, 0x00, 0x00, 0x00, 0x00, 0x00,
    0x00, 0x00, 0x00, 0x00, 0x00, 0x00, 0x00, 0x00, 0x00, 0x00, 0x00, 0x00, 0x00, 0x00, 0x00, 0x00,
    0x00, 0x00, 0x00, 0x00, 0x00, 0x00, 0x00, 0x00, 0x00, 0x00, 0x00, 0x00, 0x00, 0x00, 0x00, 0x00,
    0x00, 0x00, 0x00, 0x00, 0x00, 0x00, 0x00, 0x00, 0x00, 0x00, 0x00, 0x00, 0x00, 0x00, 0x00, 0x00,
    0x00, 0x00, 0x00, 0x00, 0x00, 0x00, 0x00, 0x00, 0x00, 0x00, 0x00, 0x00, 0x00, 0x00, 0x00, 0x00,
    0x00, 0x00, 0x00, 0x00, 0x00, 0x00, 0x00, 0x00, 0x00, 0x00, 0x00, 0x00, 0x00, 0x00, 0x00, 0x00,
    0x00, 0x00, 0x00, 0x00, 0x00, 0x01, 0x00, 0x00, 0x00, 0x00, 0x00, 0x00, 0x00, 0x00, 0x00, 0x00,
    0x00, 0x0F, 0x29, 0x84, 0x36, 0x84, 0x6D, 0x61, 0x9D, 0x31, 0x8A, 0xA5, 0x72, 0xB2, 0xB5, 0xD4,
    0xD7, 0xCE, 0x56, 0xF2, 0xD6, 0x98, 0xFE, 0xDE, 0xD9, 0xFF, 0xEF, 0x5B, 0xFF, 0xEF, 0x9C, 0xFF,
    0xF7, 0x9D, 0xFF, 0xEF, 0x5C, 0xFF, 0xDE, 0xFA, 0xFF, 0xCE, 0x77, 0xFF, 0xB5, 0xD3, 0xFF, 0x9D,
    0x30, 0xFF, 0x84, 0xAD, 0xFF, 0x84, 0x8D, 0xFF, 0x9D, 0x4F, 0xFF, 0x84, 0x8C, 0xFF, 0x31, 0xC4,
    0xFF, 0x94, 0xB1, 0xFF, 0xFF, 0xFF, 0xFF, 0xFF, 0xFF, 0xFF, 0xFF, 0xDE, 0xFF, 0xFF, 0xFE, 0xFE,
    0xF7, 0x9D, 0xFF, 0xFF, 0xFF, 0xFF, 0xE6, 0xB8, 0xFF, 0x52, 0x67, 0xFE, 0x08, 0x40, 0xFF, 0x18,
    0xA2, 0xFF, 0x18, 0xC2, 0xFF, 0x18, 0xC2, 0xFF, 0x21, 0x02, 0xFF, 0x21, 0x02, 0xFF, 0x18, 0xC2,
    0xFF, 0x08, 0x40, 0xFF, 0x00, 0x00, 0xFF, 0x18, 0xC2, 0xFF, 0x4A, 0x26, 0xFF, 0x83, 0x89, 0xFF,
    0xA4, 0x4B, 0xFF, 0x7B, 0x28, 0xFF, 0x18, 0x82, 0xFF, 0x3A, 0x24, 0xFF, 0x8D, 0x4A, 0xFF, 0x42,
    0x02, 0xFF, 0xA4, 0x90, 0xFF, 0xFF, 0xFF, 0xFF, 0xFF, 0xFF, 0xFF, 0xF7, 0x7C, 0xFF, 0xFF, 0x9C,
    0xFF, 0xFF, 0x9D, 0xFF, 0xFF, 0x9C, 0xFF, 0xFF, 0x9C, 0xFF, 0xFF, 0x9D, 0xFF, 0xFF, 0xDE, 0xFF,
    0xFF, 0xFF, 0xFF, 0xFF, 0xFE, 0xFF, 0xFF, 0xBD, 0xFF, 0xFF, 0x9D, 0xFF, 0xFF, 0x9D, 0xFF, 0xFF,
    0x9C, 0xFF, 0xFF, 0x9C, 0xFF, 0xFF, 0x9C, 0xFF, 0xFF, 0x9C, 0xFF, 0xFF, 0x9C, 0xFF, 0xFF, 0x7B,
    0xFF, 0xFF, 0x9C, 0xFF, 0xFF, 0xBD, 0xF6, 0x7B, 0x6C, 0xC9, 0x93, 0xCE, 0xD4, 0xD6, 0x79, 0xCA,
    0xC5, 0xF6, 0x96, 0x52, 0x06, 0x4E, 0x00, 0x00, 0x16, 0x00, 0x00, 0x00, 0x00, 0x00, 0x00, 0x00,
    0x00, 0x01, 0x00, 0x00, 0x00, 0x00, 0x00, 0x00, 0x00, 0x00, 0x00, 0x00, 0x00, 0x00, 0x00, 0x00,
    0x00, 0x00, 0x00, 0x00, 0x00, 0x00, 0x00, 0x00, 0x00, 0x00, 0x00, 0x00, 0x00, 0x00, 0x00, 0x00,
    0x00, 0x00, 0x00, 0xFF, 0xFF, 0x01, 0xF8, 0x00, 0x01, 0x00, 0x00, 0x01, 0x00, 0x00, 0x00, 0x00,
    0x00, 0x00, 0x00, 0x00, 0x00, 0x00, 0x00, 0x01, 0xFF, 0xF5, 0x03, 0x00, 0x00, 0x09, 0x95, 0x4D,
    0x84, 0xAE, 0x11, 0xEE, 0x9D, 0x8F, 0xFE, 0x95, 0x4E, 0xFE, 0xA5, 0xF0, 0xFF, 0xAE, 0x10, 0xFF,
    0xA5, 0xEF, 0xFF, 0xA5, 0xEF, 0xFF, 0xA5, 0xEF, 0xFF, 0xA5, 0xEF, 0xFF, 0xA5, 0xF0, 0xFE, 0xA5,
    0xEF, 0xFE, 0xBE, 0xB1, 0xE6, 0x95, 0x4E, 0x8C, 0x31, 0xE4, 0x25, 0x00, 0x00, 0x00, 0xFF, 0xFF,
    0x01, 0x00, 0x00, 0x01, 0x00, 0x00, 0x00, 0x00, 0x00, 0x00, 0x00, 0x00, 0x00, 0x00, 0x00, 0x00,
    0x50, 0x0A, 0x03, 0x29, 0xA4, 0x2F, 0x8D, 0x2C, 0x8D, 0xB6, 0x70, 0xDC, 0xBE, 0xB0, 0xFA, 0x9D,
    0xAE, 0xFE, 0x6B, 0xEA, 0xFE, 0x4B, 0x07, 0xFF, 0x53, 0x47, 0xFF, 0x74, 0x4A, 0xFF, 0x8D, 0x4C,
    0xFF, 0x8D, 0x4C, 0xFF, 0x85, 0x2B, 0xFF, 0x85, 0x0B, 0xFF, 0x7D, 0x0A, 0xFF, 0x7D, 0x0A, 0xFF,
    0x7C, 0xEA, 0xFF, 0x74, 0xCA, 0xFF, 0x74, 0xAA, 0xFE, 0x6C, 0x89, 0xFF, 0x6C, 0x89, 0xEF, 0x74,
    0xAA, 0xA4, 0x53, 0x68, 0x47, 0x00, 0x00, 0x2A, 0x00, 0x00, 0x21, 0x00, 0x00, 0x04, 0x00, 0x00,
    0x00, 0x00, 0x00, 0x00, 0x00, 0x00, 0x00, 0x00, 0x00, 0x00, 0x00, 0x00, 0x00, 0x00, 0x00, 0x00,
    0x00, 0x00, 0x00, 0x00, 0x00, 0x00, 0x00, 0x00, 0x00, 0x00, 0x00, 0x00, 0x00, 0x00, 0x00, 0x00,
    0x00, 0x00, 0x00, 0x00, 0x00, 0x00, 0x00, 0x00, 0x00, 0x00, 0x00, 0x00, 0x00, 0x00, 0x00, 0x00,
    0x00, 0x00, 0x00, 0x00, 0x00, 0x00, 0x00, 0x00, 0x00, 0x00, 0x00, 0x00, 0x00, 0x00, 0x00, 0x00,
    0x00, 0x00, 0x00, 0x00, 0x00, 0x00, 0x00, 0x00, 0x00, 0x00, 0x00, 0x00, 0x00, 0x00, 0x00, 0x00,
    0x00, 0x00, 0x00, 0x00, 0x00, 0x00, 0x00, 0x00, 0x00, 0x00, 0x00, 0x00, 0x00, 0x00, 0x00, 0x00,
    0x00, 0x00, 0x00, 0x00, 0x00, 0x00, 0x00, 0x00, 0x00, 0x00, 0x00, 0x00, 0x00, 0x00, 0x00, 0x00,
    0x00, 0x00, 0x00, 0x00, 0x00, 0x00, 0x00, 0x00, 0x00, 0x00, 0x00, 0x00, 0x00, 0x00, 0x00, 0x00,
    0x00, 0x00, 0x00, 0x00, 0x00, 0x00, 0x00, 0x00, 0x00, 0x00, 0x00, 0x00, 0x00, 0x00, 0x00, 0x00,
    0x01, 0xFF, 0xE0, 0x01, 0x00, 0x00, 0x00, 0x00, 0x00, 0x00, 0x00, 0x00, 0x00, 0x00, 0x00, 0x03,
    0x00, 0x00, 0x16, 0x19, 0x63, 0x38, 0x73, 0xCC, 0x5D, 0xA5, 0x32, 0x88, 0xB5, 0xB4, 0xC5, 0xB5,
    0x94, 0xFA, 0xB5, 0xD5, 0xFF, 0xCE, 0x78, 0xFF, 0xDE, 0xFA, 0xFF, 0xEF, 0x5B, 0xFF, 0xEF, 0x7C,
    0xFF, 0xEF, 0x7B, 0xFF, 0xE7, 0x3A, 0xFF, 0xCE, 0x97, 0xFF, 0xAD, 0xB2, 0xFF, 0x8C, 0x8E, 0xFF,
    0x7C, 0x4C, 0xFF, 0x9D, 0x4E, 0xFF, 0x84, 0x6C, 0xFF, 0x42, 0x46, 0xFF, 0xB5, 0x95, 0xFF, 0xFF,
    0xFF, 0xFF, 0xFF, 0xFF, 0xFF, 0xF7, 0x9D, 0xFF, 0xFF, 0xFE, 0xFF, 0xF7, 0xBD, 0xFF, 0x8C, 0x2F,
    0xFF, 0x18, 0xC1, 0xFF, 0x18, 0xE2, 0xFF, 0x18, 0xC2, 0xFF, 0x18, 0xC2, 0xFF, 0x18, 0xC2, 0xFF,
    0x18, 0xC1, 0xFF, 0x10, 0x60, 0xFF, 0x08, 0x40, 0xFF, 0x21, 0x02, 0xFF, 0x52, 0x66, 0xFF, 0x7B,
    0x89, 0xFF, 0x9C, 0x2B, 0xFF, 0xAC, 0x8B, 0xFF, 0x83, 0x89, 0xFF, 0x31, 0x23, 0xFF, 0x00, 0x00,
    0xFF, 0x31, 0xE3, 0xFF, 0xA6, 0x2B, 0xFF, 0x63, 0x44, 0xFF, 0xBD, 0x74, 0xFF, 0xFF, 0xBE, 0xFF,
    0xFF, 0xDE, 0xFF, 0xFF, 0xFE, 0xFF, 0xFF, 0xFF, 0xFF, 0xFF, 0xFE, 0xFF, 0xFF, 0xFE, 0xFF, 0xFF,
    0xDE, 0xFF, 0xFF, 0xDE, 0xFF, 0xFF, 0xBE, 0xFF, 0xEF, 0x3C, 0xFF, 0xDE, 0x78, 0xFF, 0xF7, 0x5B,
    0xFF, 0xFF, 0xBD, 0xFF, 0xFF, 0x9C, 0xFF, 0xFF, 0x9C, 0xFF, 0xFF, 0x9C, 0xFF, 0xFF, 0x9C, 0xFF,
    0xFF, 0x7B, 0xFF, 0xFF, 0x7B, 0xFF, 0xFF, 0x7B, 0xFF, 0xFF, 0x9B, 0xFF, 0xFF, 0xFD, 0xFF, 0x9C,
    0xB1, 0xFE, 0x62, 0x89, 0xFF, 0xEF, 0x5C, 0xFF, 0xFF, 0xFF, 0xF6, 0xD6, 0x78, 0xC6, 0x8B, 0xEE,
    0x79, 0x10, 0x00, 0x2A, 0x00, 0x00, 0x01, 0x00, 0x00, 0x00, 0x00, 0x00, 0x01, 0x00, 0x00, 0x00,
    0xFF, 0xFF, 0x01, 0xFF, 0xFF, 0x01, 0xFF, 0xFF, 0x01, 0xFF, 0xFF, 0x01, 0xFF, 0xFF, 0x01, 0xFF,
    0xFF, 0x01, 0x00, 0x00, 0x01, 0x00, 0x00, 0x01, 0x00, 0x00, 0x01, 0x00, 0x00, 0x00, 0x00, 0x00,
    0x00, 0x00, 0x00, 0x00, 0x00, 0x00, 0x00, 0x00, 0x00, 0x00, 0x00, 0x00, 0x00, 0x00, 0x00, 0x01,
    0xFF, 0xF5, 0x03, 0x00, 0x00, 0x14, 0x9D, 0x8E, 0x99, 0xAD, 0xF0, 0xF9, 0x95, 0x4F, 0xFE, 0x9D,
    0x6F, 0xFE, 0xAE, 0x10, 0xFF, 0xA6, 0x0F, 0xFF, 0xA6, 0x0F, 0xFF, 0xAE, 0x0F, 0xFF, 0xA6, 0x0F,
    0xFF, 0xA6, 0x0F, 0xFE, 0xA5, 0xEF, 0xFF, 0xBE, 0xB1, 0xF5, 0xA5, 0xCF, 0xA4, 0x52, 0xC7, 0x33,
    0x00, 0x00, 0x00, 0xFF, 0xFF, 0x01, 0x00, 0x00, 0x02, 0x00, 0x00, 0x00, 0x00, 0x00, 0x00, 0x00,
    0x00, 0x00, 0x00, 0x00, 0x00, 0x00, 0x00, 0x00, 0x00, 0x00, 0x00, 0x00, 0x00, 0x05, 0x3A, 0x46,
    0x35, 0x8C, 0xEC, 0x8C, 0xAE, 0x4F, 0xD6, 0xBE, 0xB0, 0xF9, 0xB6, 0x90, 0xFF, 0x9D, 0xAD, 0xFE,
    0x8D, 0x4C, 0xFE, 0x8D, 0x6C, 0xFE, 0x85, 0x4C, 0xFF, 0x85, 0x2B, 0xFE, 0x85, 0x2B, 0xFE, 0x85,
    0x2B, 0xFE, 0x7D, 0x0A, 0xFE, 0x7D, 0x0A, 0xFE, 0x7C, 0xEA, 0xFE, 0x74, 0xAA, 0xFE, 0x74, 0xAA,
    0xE9, 0x74, 0xA9, 0xD0, 0x74, 0xA9, 0xA8, 0x5B, 0xE8, 0x4C, 0x00, 0x00, 0x15, 0x00, 0x00, 0x21,
    0x00, 0x00, 0x21, 0x00, 0x00, 0x04, 0x00, 0x00, 0x00, 0x00, 0x00, 0x00, 0x00, 0x00, 0x00, 0x00,
    0x00, 0x00, 0x00, 0x00, 0x00, 0x00, 0x00, 0x00, 0x00, 0x00, 0x00, 0x00, 0x00, 0x00, 0x00, 0x00,
    0x00, 0x00, 0x00, 0x00, 0x00, 0x00, 0x00, 0x00, 0x00, 0x00, 0x00, 0x00, 0x00, 0x00, 0x00, 0x00,
    0x00, 0x00, 0x00, 0x00, 0x00, 0x00, 0x00, 0x00, 0x00, 0x00, 0x00, 0x00, 0x00, 0x00, 0x00, 0x00,
    0x00, 0x00, 0x00, 0x00, 0x00, 0x00, 0x00, 0x00, 0x00, 0x00, 0x00, 0x00, 0x00, 0x00, 0x00, 0x00,
    0x00, 0x00, 0x00, 0x00, 0x00, 0x00, 0x00, 0x00, 0x00, 0x00, 0x00, 0x00, 0x00, 0x00, 0x00, 0x00,
    0x00, 0x00, 0x00, 0x00, 0x00, 0x00, 0x00, 0x00, 0x00, 0x00, 0x00, 0x00, 0x00, 0x00, 0x00, 0x00,
    0x00, 0x00, 0x00, 0x00, 0x00, 0x00, 0x00, 0x00, 0x00, 0x00, 0x00, 0x00, 0x00, 0x00, 0x00, 0x00,
    0x00, 0x00, 0x00, 0x00, 0x00, 0x00, 0x00, 0x00, 0x00, 0x00, 0x00, 0x00, 0x00, 0x00, 0x00, 0x00,
    0x00, 0x00, 0x00, 0x00, 0x00, 0x00, 0x00, 0x00, 0x00, 0x00, 0x00, 0x00, 0x00, 0x00, 0x01, 0x00,
    0x00, 0x01, 0xFF, 0xFF, 0x01, 0xFF, 0xFF, 0x01, 0x00, 0x00, 0x00, 0x00, 0x00, 0x01, 0x00, 0x00,
    0x00, 0x00, 0x00, 0x15, 0x52, 0xA9, 0x69, 0x9C, 0xD1, 0xDF, 0x94, 0x90, 0xFF, 0x94, 0xB0, 0xFF,
    0xA5, 0x53, 0xFF, 0xB5, 0xD5, 0xFF, 0xC6, 0x36, 0xFF, 0xD6, 0x98, 0xFF, 0xE6, 0xF9, 0xFF, 0xEF,
    0x5B, 0xFF, 0xEF, 0x7A, 0xFF, 0xD6, 0xB7, 0xFF, 0xA5, 0x71, 0xFF, 0x84, 0x8D, 0xFF, 0x9D, 0x2E,
    0xFF, 0x6B, 0x8A, 0xFF, 0x3A, 0x06, 0xFF, 0xBD, 0xF7, 0xFF, 0xFF, 0xFF, 0xFF, 0xF7, 0x9D, 0xFF,
    0xFF, 0xFE, 0xFF, 0xCE, 0x37, 0xFF, 0x73, 0x8B, 0xFF, 0x4A, 0x46, 0xFF, 0x08, 0x40, 0xFF, 0x00,
    0x00, 0xFF, 0x00, 0x20, 0xFF, 0x08, 0x40, 0xFF, 0x20, 0xE2, 0xFF, 0x42, 0x06, 0xFF, 0x6B, 0x2A,
    0xFF, 0x8C, 0x0C, 0xFF, 0xA4, 0xAD, 0xFF, 0xB4, 0xCD, 0xFF, 0xB4, 0xAC, 0xFF, 0x8B, 0xCA, 0xFF,
    0x39, 0xA4, 0xFF, 0x08, 0x21, 0xFF, 0x08, 0x22, 0xFF, 0x19, 0x02, 0xFF, 0x8D, 0x68, 0xFF, 0x52,
    0xC4, 0xFF, 0xB5, 0x32, 0xFF, 0xFF, 0xBE, 0xFF, 0xFF, 0xFF, 0xFF, 0xF7, 0x7C, 0xFF, 0xDE, 0x78,
    0xFF, 0xD6, 0x16, 0xFF, 0xD6, 0x36, 0xFF, 0xCD, 0xF6, 0xFF, 0xCD, 0xF6, 0xFF, 0xD6, 0x16, 0xFF,
    0xCD, 0xD5, 0xFF, 0xCD, 0xB5, 0xFF, 0xF7, 0x5B, 0xFF, 0xFF, 0xBD, 0xFF, 0xFF, 0x9C, 0xFF, 0xFF,
    0x7C, 0xFF, 0xFF, 0x7C, 0xFF, 0xFF, 0x7C, 0xFF, 0xFF, 0x7B, 0xFF, 0xFF, 0x7B, 0xFF, 0xFF, 0x7B,
    0xFF, 0xFF, 0x7B, 0xFF, 0xFF, 0xBC, 0xFE, 0xD6, 0x57, 0xFE, 0x49, 0xE6, 0xFE, 0xCE, 0x16, 0xFD,
    0xFF, 0xFF, 0xFF, 0xFF, 0xFF, 0xFD, 0xEF, 0x3C, 0xE1, 0xA4, 0x91, 0x92, 0x30, 0xE1, 0x31, 0x00,
    0x00, 0x02, 0x00, 0x00, 0x00, 0x00, 0x00, 0x01, 0x00, 0x00, 0x00, 0x00, 0x00, 0x00, 0x00, 0x00,
    0x00, 0x00, 0x00, 0x00, 0x00, 0x00, 0x00, 0x00, 0x00, 0x00, 0x00, 0x00, 0x00, 0x00, 0x00, 0x00,
    0x00, 0x00, 0x00, 0x00, 0x00, 0x00, 0x00, 0x00, 0x00, 0x00, 0x00, 0x00, 0x00, 0x00, 0x00, 0x00,
    0x00, 0x00, 0x00, 0x00, 0x00, 0x00, 0x00, 0x01, 0xFF, 0xF5, 0x03, 0x00, 0x00, 0x1F, 0xA5, 0x8E,
    0xAD, 0xA5, 0xF0, 0xFF, 0x95, 0x4F, 0xFE, 0xA5, 0xCF, 0xFE, 0xAE, 0x30, 0xFF, 0xA6, 0x0F, 0xFF,
    0xAE, 0x0F, 0xFF, 0xAE, 0x0F, 0xFF, 0xAE, 0x10, 0xFF, 0xA5, 0xEF, 0xFE, 0xB6, 0x70, 0xF7, 0xAE,
    0x30, 0xBD, 0x53, 0x27, 0x4B, 0x00, 0x00, 0x06, 0xFF, 0xFF, 0x01, 0x00, 0x00, 0x01, 0x00, 0x00,
    0x00, 0x00, 0x00, 0x00, 0x00, 0x00, 0x00, 0x00, 0x00, 0x00, 0x00, 0x00, 0x00, 0x00, 0x00, 0x00,
    0x00, 0x00, 0x01, 0x00, 0x00, 0x00, 0x00, 0x00, 0x05, 0x29, 0xC4, 0x2F, 0x7C, 0xAB, 0x79, 0x9D,
    0xCE, 0xC1, 0xA6, 0x0E, 0xE7, 0xA6, 0x2E, 0xF4, 0x95, 0xCD, 0xFF, 0x8D, 0x4C, 0xFF, 0x85, 0x2B,
    0xFF, 0x85, 0x0B, 0xFF, 0x7D, 0x0B, 0xFF, 0x7D, 0x0B, 0xFF, 0x7D, 0x0A, 0xFF, 0x7D, 0x0A, 0xFF,
    0x7D, 0x0A, 0xFF, 0x7D, 0x0A, 0xED, 0x7C, 0xEA, 0xB7, 0x74, 0xA9, 0x7A, 0x5C, 0x08, 0x43, 0x00,
    0x60, 0x11, 0x29, 0x40, 0x06, 0x00, 0x20, 0x22, 0x00, 0x00, 0x21, 0x00, 0x00, 0x04, 0x00, 0x00,
    0x00, 0x00, 0x00, 0x00, 0x00, 0x00, 0x00, 0x00, 0x00, 0x00, 0x00, 0x00, 0x00, 0x00, 0x00, 0x00,
    0x00, 0x00, 0x00, 0x00, 0x00, 0x00, 0x00, 0x00, 0x00, 0x00, 0x00, 0x00, 0x00, 0x00, 0x00, 0x00,
    0x00, 0x00, 0x00, 0x00, 0x00, 0x00, 0x00, 0x00, 0x00, 0x00, 0x00, 0x00, 0x00, 0x00, 0x00, 0x00,
    0x00, 0x00, 0x00, 0x00, 0x00, 0x00, 0x00, 0x00, 0x00, 0x00, 0x00, 0x00, 0x00, 0x00, 0x00, 0x00,
    0x00, 0x00, 0x00, 0x00, 0x00, 0x00, 0x00, 0x00, 0x00, 0x00, 0x00, 0x00, 0x00, 0x00, 0x00, 0x00,
    0x00, 0x00, 0x00, 0x00, 0x00, 0x00, 0x00, 0x00, 0x00, 0x00, 0x00, 0x00, 0x00, 0x00, 0x00, 0x00,
    0x00, 0x00, 0x00, 0x00, 0x00, 0x00, 0x00, 0x00, 0x00, 0x00, 0x00, 0x00, 0x00, 0x00, 0x00, 0x00,
    0x00, 0x00, 0x00, 0x00, 0x00, 0x00, 0x00, 0x00, 0x00, 0x00, 0x00, 0x00, 0x00, 0x00, 0x00, 0x00,
    0x00, 0x00, 0x00, 0x00, 0x00, 0x00, 0x00, 0x00, 0x00, 0x00, 0x00, 0x00, 0x00, 0x00, 0x00, 0x00,
    0x00, 0x00, 0x00, 0x00, 0x00, 0x00, 0x00, 0x00, 0x00, 0x00, 0x00, 0x00, 0x01, 0x00, 0x00, 0x01,
    0x07, 0xE0, 0x01, 0x7F, 0xEF, 0x02, 0xFF, 0xFF, 0x02, 0xFF, 0xFF, 0x02, 0x4A, 0x48, 0x2D, 0xAD,
    0x53, 0xA5, 0xCE, 0x78, 0xF5, 0xAD, 0x74, 0xFF, 0x9C, 0xF2, 0xFF, 0x94, 0xD1, 0xFF, 0x9C, 0xF1,
    0xFF, 0xA5, 0x32, 0xFF, 0xB5, 0x94, 0xFF, 0xC6, 0x36, 0xFF, 0xDE, 0xD8, 0xFF, 0xEF, 0x7A, 0xFF,
    0xE7, 0x59, 0xFF, 0xBE, 0x34, 0xFF, 0x94, 0xEE, 0xFF, 0x9D, 0x0F, 0xFF, 0x52, 0xE7, 0xFF, 0x4A,
    0x88, 0xFF, 0xD6, 0x99, 0xFF, 0xFF, 0xFF, 0xFF, 0xFF, 0xFE, 0xFF, 0xA5, 0x33, 0xFF, 0x8C, 0x0C,
    0xFF, 0xB5, 0x30, 0xFF, 0x41, 0xE6, 0xFF, 0x31, 0x85, 0xFF, 0x4A, 0x27, 0xFF, 0x6B, 0x2A, 0xFF,
    0xAD, 0x11, 0xFF, 0xD6, 0x54, 0xFF, 0xD5, 0xF2, 0xFF, 0xBD, 0x2F, 0xFF, 0xAC, 0xAD, 0xFF, 0xAC,
    0xCD, 0xFF, 0x8B, 0xEB, 0xFF, 0x31, 0x84, 0xFF, 0x00, 0x20, 0xFF, 0x10, 0x82, 0xFF, 0x10, 0x82,
    0xFF, 0x42, 0xC4, 0xFF, 0x75, 0x06, 0xFF, 0x31, 0xC2, 0xFF, 0xBD, 0x33, 0xFF, 0xFF, 0xFF, 0xFF,
    0xEF, 0x5C, 0xFF, 0xB4, 0xF1, 0xFF, 0x9C, 0x2E, 0xFF, 0xB4, 0xF1, 0xFF, 0xB5, 0x11, 0xFF, 0xB4,
    0xD1, 0xFF, 0xBD, 0x12, 0xFF, 0xCD, 0xB4, 0xFF, 0xDE, 0x77, 0xFF, 0xF7, 0x7B, 0xFF, 0xFF, 0xBD,
    0xFF, 0xFF, 0x9C, 0xFF, 0xFF, 0x9C, 0xFF, 0xFF, 0x9C, 0xFF, 0xFF, 0x7C, 0xFF, 0xFF, 0x7C, 0xFF,
    0xFF, 0x7B, 0xFF, 0xFF, 0x7B, 0xFF, 0xFF, 0x7B, 0xFF, 0xFF, 0x7B, 0xFF, 0xFF, 0x9C, 0xFF, 0xF7,
    0x7C, 0xFE, 0x6A, 0xEA, 0xFF, 0xBD, 0x54, 0xFF, 0xFF, 0x9D, 0xFD, 0xEF, 0x7D, 0xFE, 0xFF, 0xFF,
    0xFE, 0xF7, 0x7D, 0xEA, 0xAC, 0xB1, 0x97, 0x28, 0xC1, 0x2F, 0xFF, 0xFF, 0x01, 0xFF, 0xFF, 0x01,
    0x00, 0x00, 0x00, 0x00, 0x00, 0x00, 0x00, 0x00, 0x00, 0x00, 0x00, 0x00, 0x00, 0x00, 0x00, 0x00,
    0x00, 0x00, 0x00, 0x00, 0x00, 0x00, 0x00, 0x00, 0x00, 0x00, 0x00, 0x00, 0x00, 0x00, 0x00, 0x00,
    0x00, 0x00, 0x00, 0x00, 0x00, 0x00, 0x00, 0x00, 0x00, 0x00, 0x00, 0x00, 0x00, 0x00, 0x00, 0x01,
    0xBD, 0xEF, 0x04, 0x00, 0x00, 0x23, 0x9D, 0x8E, 0xB1, 0xA5, 0xF0, 0xFF, 0x95, 0x6E, 0xFE, 0xA5,
    0xF0, 0xFE, 0xAE, 0x30, 0xFF, 0xA6, 0x0F, 0xFF, 0xAE, 0x0F, 0xFF, 0xAE, 0x0F, 0xFF, 0xAE, 0x10,
    0xFF, 0xAE, 0x2F, 0xFC, 0xB6, 0x91, 0xD1, 0x63, 0xC9, 0x66, 0x00, 0x00, 0x12, 0x00, 0x00, 0x00,
    0xFF, 0xFF, 0x01, 0x00, 0x00, 0x00, 0x00, 0x00, 0x00, 0x00, 0x00, 0x00, 0x00, 0x00, 0x00, 0x00,
    0x00, 0x00, 0x00, 0x00, 0x00, 0x00, 0x00, 0x00, 0x00, 0x00, 0x00, 0x00, 0x00, 0x01, 0x00, 0x00,
    0x00, 0x00, 0x00, 0x03, 0x00, 0x00, 0x1C, 0x63, 0xA9, 0x51, 0x8D, 0x4C, 0x8A, 0x95, 0x8C, 0xB8,
    0x8D, 0x4C, 0xDD, 0x85, 0x4B, 0xE5, 0x85, 0x4B, 0xEC, 0x85, 0x2B, 0xFF, 0x85, 0x4B, 0xFF, 0x85,
    0x4B, 0xFF, 0x85, 0x2B, 0xEF, 0x85, 0x2B, 0xE3, 0x7D, 0x0A, 0xD7, 0x7D, 0x0A, 0xA7, 0x6C, 0x89,
    0x68, 0x43, 0x06, 0x32, 0x00, 0x00, 0x08, 0x00, 0x00, 0x00, 0x00, 0x00, 0x04, 0x00, 0x00, 0x21,
    0x00, 0x00, 0x21, 0x00, 0x00, 0x04, 0x00, 0x00, 0x00, 0x00, 0x00, 0x00, 0x00, 0x00, 0x00, 0x00,
    0x00, 0x00, 0x00, 0x00, 0x00, 0x00, 0x00, 0x00, 0x00, 0x00, 0x00, 0x00, 0x00, 0x00, 0x00, 0x00,
    0x00, 0x00, 0x00, 0x00, 0x00, 0x00, 0x00, 0x00, 0x00, 0x00, 0x00, 0x00, 0x00, 0x00, 0x00, 0x00,
    0x00, 0x00, 0x00, 0x00, 0x00, 0x00, 0x00, 0x00, 0x00, 0x00, 0x00, 0x00, 0x00, 0x00, 0x00, 0x00,
    0x00, 0x00, 0x00, 0x00, 0x00, 0x00, 0x00, 0x00, 0x00, 0x00, 0x00, 0x00, 0x00, 0x00, 0x00, 0x00,
    0x00, 0x00, 0x00, 0x00, 0x00, 0x00, 0x00, 0x00, 0x00, 0x00, 0x00, 0x00, 0x00, 0x00, 0x00, 0x00,
    0x00, 0x00, 0x00, 0x00, 0x00, 0x00, 0x00, 0x00, 0x00, 0x00, 0x00, 0x00, 0x00, 0x00, 0x00, 0x00,
    0x00, 0x00, 0x00, 0x00, 0x00, 0x00, 0x00, 0x00, 0x00, 0x00, 0x00, 0x00, 0x00, 0x00, 0x00, 0x00,
    0x00, 0x00, 0x00, 0x00, 0x00, 0x00, 0x00, 0x00, 0x00, 0x00, 0x00, 0x00, 0x00, 0x00, 0x00, 0x00,
    0x00, 0x00, 0x00, 0x00, 0x00, 0x00, 0x00, 0x00, 0x00, 0x00, 0x00, 0x00, 0x00, 0x00, 0x00, 0x00,
    0x00, 0x00, 0x00, 0x00, 0x00, 0x00, 0x00, 0x00, 0x00, 0x00, 0x00, 0x00, 0x00, 0x00, 0x00, 0x00,
    0x01, 0x00, 0x00, 0x01, 0x00, 0x00, 0x0B, 0x4A, 0x27, 0x51, 0xE7, 0x1A, 0xBF, 0xFF, 0xFE, 0xFA,
    0xE7, 0x3B, 0xFF, 0xD6, 0xB8, 0xFF, 0xC6, 0x36, 0xFF, 0xAD, 0xB4, 0xFF, 0x9D, 0x12, 0xFF, 0x94,
    0xD1, 0xFF, 0xA5, 0x32, 0xFF, 0xC6, 0x15, 0xFF, 0xDE, 0xD8, 0xFF, 0xE7, 0x39, 0xFF, 0xCE, 0x76,
    0xFF, 0xA5, 0x30, 0xFF, 0x9D, 0x0F, 0xFF, 0x3A, 0x05, 0xFF, 0x73, 0xAC, 0xFF, 0xEF, 0x3C, 0xFF,
    0xFF, 0xFF, 0xFF, 0xBD, 0xD6, 0xFF, 0x73, 0x6A, 0xFF, 0xB5, 0x30, 0xFF, 0xE6, 0xD7, 0xFF, 0xDE,
    0xB6, 0xFF, 0xF7, 0x78, 0xFF, 0xFF, 0xDB, 0xFF, 0xF7, 0x99, 0xFF, 0xC5, 0xD2, 0xFF, 0x9C, 0x2C,
    0xFF, 0xA4, 0x8E, 0xFF, 0xBD, 0x50, 0xFF, 0x83, 0xAB, 0xFF, 0x21, 0x03, 0xFF, 0x08, 0x61, 0xFF,
    0x18, 0xC2, 0xFF, 0x08, 0x61, 0xFF, 0x3A, 0x23, 0xFF, 0xB6, 0xAA, 0xFF, 0x64, 0xA5, 0xFF, 0x21,
    0x61, 0xFF, 0xCD, 0xF5, 0xFF, 0xF7, 0x9D, 0xFF, 0xB4, 0xB1, 0xFF, 0xA4, 0x6F, 0xFF, 0xDE, 0xB9,
    0xFF, 0xFF, 0xBD, 0xFF, 0xF7, 0x9C, 0xFF, 0xF7, 0x9C, 0xFF, 0xFF, 0xBC, 0xFF, 0xFF, 0xDD, 0xFF,
    0xFF, 0xFD, 0xFF, 0xFF, 0xDD, 0xFF, 0xFF, 0x9C, 0xFF, 0xFF, 0x9C, 0xFF, 0xFF, 0x9C, 0xFF, 0xFF,
    0x9C, 0xFF, 0xFF, 0x9C, 0xFF, 0xFF, 0x9C, 0xFF, 0xFF, 0x9B, 0xFF, 0xFF, 0x7B, 0xFF, 0xFF, 0x7B,
    0xFF, 0xFF, 0x7B, 0xFF, 0xFF, 0x9C, 0xFF, 0xFF, 0xFE, 0xFF, 0x8C, 0x0F, 0xFF, 0x94, 0x2F, 0xFF,
    0xF7, 0x9D, 0xFF, 0xFF, 0xFF, 0xFF, 0xF7, 0x9E, 0xFD, 0xFF, 0xFF, 0xFF, 0xF7, 0x7D, 0xE7, 0x9C,
    0x6F, 0x89, 0x00, 0x00, 0x1E, 0x00, 0x00, 0x00, 0x00, 0x00, 0x01, 0x00, 0x00, 0x00, 0x00, 0x00,
    0x00, 0x00, 0x00, 0x00, 0x00, 0x00, 0x00, 0x00, 0x00, 0x00, 0x00, 0x00, 0x00, 0x00, 0x00, 0x00,
    0x00, 0x00, 0x00, 0x00, 0x00, 0x00, 0x00, 0x00, 0x00, 0x00, 0x00, 0x00, 0x00, 0x00, 0x00, 0x00,
    0x00, 0x00, 0x00, 0x00, 0x00, 0x00, 0x00, 0x01, 0x7D, 0xEF, 0x04, 0x00, 0x00, 0x26, 0x95, 0x6D,
    0xB2, 0x9D, 0xCF, 0xFF, 0x95, 0x8F, 0xFE, 0xAE, 0x10, 0xFE, 0xAE, 0x0F, 0xFF, 0xAE, 0x0F, 0xFF,
    0xAE, 0x0F, 0xFF, 0xAE, 0x30, 0xFF, 0xAE, 0x0F, 0xFF, 0xBE, 0x91, 0xF2, 0x84, 0xEC, 0x95, 0x32,
    0x64, 0x35, 0x53, 0xEA, 0x06, 0xFF, 0xFF, 0x01, 0x00, 0x00, 0x01, 0x00, 0x00, 0x00, 0x00, 0x00,
    0x00, 0x00, 0x00, 0x00, 0x00, 0x00, 0x00, 0x00, 0x00, 0x00, 0x00, 0x00, 0x00, 0x00, 0x00, 0x00,
    0x00, 0x00, 0x00, 0x00, 0x00, 0x00, 0x00, 0x00, 0x01, 0xFF, 0xFF, 0x01, 0xFF, 0xFF, 0x01, 0x00,
    0x00, 0x05, 0x08, 0xC0, 0x1F, 0x53, 0x67, 0x4D, 0x7C, 0xCA, 0x70, 0x8D, 0x2C, 0x7F, 0x85, 0x4B,
    0x96, 0x85, 0x2B, 0xBD, 0x85, 0x4B, 0xC8, 0x85, 0x6C, 0xC2, 0x85, 0x4B, 0x9B, 0x7D, 0x0A, 0x7B,
    0x6C, 0x68, 0x67, 0x43, 0x05, 0x3D, 0x00, 0x00, 0x15, 0x00, 0x00, 0x05, 0xFF, 0xFF, 0x01, 0x00,
    0x00, 0x01, 0x00, 0x00, 0x04, 0x00, 0x00, 0x21, 0x00, 0x00, 0x21, 0x00, 0x00, 0x04, 0x00, 0x00,
    0x00, 0x00, 0x00, 0x00, 0x00, 0x00, 0x00, 0x00, 0x00, 0x00, 0x00, 0x00, 0x00, 0x00, 0x00, 0x00,
    0x00, 0x00, 0x00, 0x00, 0x00, 0x00, 0x00, 0x00, 0x00, 0x00, 0x00, 0x00, 0x00, 0x00, 0x00, 0x00,
    0x00, 0x00, 0x00, 0x00, 0x00, 0x00, 0x00, 0x00, 0x00, 0x00, 0x00, 0x00, 0x00, 0x00, 0x00, 0x00,
    0x00, 0x00, 0x00, 0x00, 0x00, 0x00, 0x00, 0x00, 0x00, 0x00, 0x00, 0x00, 0x00, 0x00, 0x00, 0x00,
    0x00, 0x00, 0x00, 0x00, 0x00, 0x00, 0x00, 0x00, 0x00, 0x00, 0x00, 0x00, 0x00, 0x00, 0x00, 0x00,
    0x00, 0x00, 0x00, 0x00, 0x00, 0x00, 0x00, 0x00, 0x00, 0x00, 0x00, 0x00, 0x00, 0x00, 0x00, 0x00,
    0x00, 0x00, 0x00, 0x00, 0x00, 0x00, 0x00, 0x00, 0x00, 0x00, 0x00, 0x00, 0x00, 0x00, 0x00, 0x00,
    0x00, 0x00, 0x00, 0x00, 0x00, 0x00, 0x00, 0x00, 0x00, 0x00, 0x00, 0x00, 0x00, 0x00, 0x00, 0x00,
    0x00, 0x00, 0x00, 0x00, 0x00, 0x00, 0x00, 0x00, 0x00, 0x00, 0x00, 0x00, 0x00, 0x00, 0x00, 0x00,
    0x00, 0x00, 0x00, 0x00, 0x00, 0x00, 0x00, 0x00, 0x00, 0x00, 0x00, 0x00, 0x00, 0x00, 0x00, 0x00,
    0x00, 0x00, 0x00, 0x00, 0x00, 0x00, 0x00, 0x00, 0x00, 0x00, 0x00, 0x00, 0x00, 0x00, 0x00, 0x00,
    0x00, 0x12, 0x41, 0xC6, 0x6D, 0xE7, 0x1A, 0xE2, 0xE7, 0x3B, 0xFF, 0xDE, 0xFA, 0xFF, 0xD6, 0xD9,
    0xFF, 0xD6, 0xD9, 0xFF, 0xD6, 0xB8, 0xFF, 0xC6, 0x36, 0xFF, 0xA5, 0x12, 0xFF, 0x9C, 0xF1, 0xFF,
    0xC6, 0x15, 0xFF, 0xBD, 0xD5, 0xFF, 0xD6, 0xB8, 0xFF, 0xD6, 0xB7, 0xFF, 0xAD, 0x92, 0xFF, 0x8C,
    0x6E, 0xFF, 0x3A, 0x05, 0xFF, 0xA5, 0x12, 0xFF, 0xFF, 0xFF, 0xFF, 0xFF, 0xDE, 0xFF, 0x8C, 0x0E,
    0xFF, 0x52, 0x66, 0xFF, 0xCE, 0x34, 0xFF, 0xD6, 0x96, 0xFF, 0xC6, 0x14, 0xFF, 0x9C, 0x8F, 0xFF,
    0x6B, 0x09, 0xFF, 0x8B, 0xCB, 0xFF, 0xD6, 0x34, 0xFF, 0xC5, 0xD3, 0xFF, 0x5A, 0x88, 0xFF, 0x10,
    0xA1, 0xFF, 0x19, 0x42, 0xFF, 0x3A, 0x24, 0xFF, 0x21, 0x43, 0xFF, 0x10, 0xE1, 0xFF, 0x74, 0xA6,
    0xFF, 0xCF, 0xEA, 0xFF, 0x53, 0xE4, 0xFF, 0x29, 0xA3, 0xFF, 0xB5, 0x12, 0xFF, 0xBC, 0x90, 0xFF,
    0xBC, 0xF2, 0xFF, 0xF7, 0x9D, 0xFF, 0xFF, 0xFF, 0xFF, 0xFF, 0xBD, 0xFF, 0xFF, 0xBD, 0xFF, 0xFF,
    0xBC, 0xFF, 0xFF, 0x9B, 0xFF, 0xFF, 0x7B, 0xFF, 0xFF, 0x7B, 0xFF, 0xFF, 0x7B, 0xFF, 0xFF, 0x7B,
    0xFF, 0xFF, 0x9C, 0xFF, 0xFF, 0x9B, 0xFF, 0xFF, 0x9B, 0xFF, 0xFF, 0x9C, 0xFF, 0xFF, 0x9C, 0xFF,
    0xFF, 0x9B, 0xFF, 0xFF, 0x7B, 0xFF, 0xFF, 0x7B, 0xFF, 0xFF, 0x7B, 0xFF, 0xFF, 0x7C, 0xFF, 0xFF,
    0xFE, 0xFF, 0xA4, 0xF3, 0xFF, 0x52, 0x48, 0xFF, 0xB5, 0x95, 0xFF, 0xEF, 0x5D, 0xFF, 0xFF, 0xBE,
    0xFE, 0xFF, 0xFF, 0xFE, 0xFF, 0xFF, 0xFE, 0xEF, 0x5C, 0xD3, 0x5A, 0x67, 0x64, 0x00, 0x00, 0x0A,
    0xFF, 0xFF, 0x01, 0x00, 0x00, 0x00, 0x00, 0x00, 0x00, 0x00, 0x00, 0x00, 0x00, 0x00, 0x00, 0x00,
    0x00, 0x00, 0x00, 0x00, 0x00, 0x00, 0x00, 0x00, 0x00, 0x00, 0x00, 0x00, 0x00, 0x00, 0x00, 0x00,
    0x00, 0x00, 0x00, 0x00, 0x00, 0x00, 0x00, 0x00, 0x00, 0x00, 0x00, 0x00, 0x00, 0x00, 0x00, 0x01,
    0x63, 0x2C, 0x05, 0x00, 0x00, 0x27, 0x95, 0x4D, 0xB3, 0x9D, 0xCF, 0xFF, 0x9D, 0xAE, 0xFE, 0xAE,
    0x10, 0xFE, 0xAE, 0x0F, 0xFF, 0xAE, 0x0F, 0xFF, 0xAE, 0x0F, 0xFF, 0xAE, 0x0F, 0xFF, 0xB6, 0x70,
    0xFF, 0x9D, 0xAE, 0xED, 0x43, 0x46, 0x8E, 0x43, 0x25, 0x4F, 0x4B, 0x06, 0x1A, 0x00, 0x00, 0x00,
    0x00, 0x00, 0x00, 0x00, 0x00, 0x00, 0x00, 0x00, 0x00, 0x00, 0x00, 0x00, 0x00, 0x00, 0x00, 0x00,
    0x00, 0x00, 0x00, 0x00, 0x00, 0x00, 0x00, 0x00, 0x00, 0x00, 0x00, 0x00, 0x00, 0x00, 0x00, 0x00,
    0x00, 0x00, 0x00, 0x00, 0x00, 0x00, 0x01, 0xFF, 0xFF, 0x01, 0x7F, 0xEF, 0x02, 0x00, 0x00, 0x07,
    0x00, 0x00, 0x0A, 0x00, 0x00, 0x0E, 0x21, 0x41, 0x1D, 0x29, 0xE3, 0x30, 0x32, 0x44, 0x36, 0x32,
    0x24, 0x36, 0x19, 0x61, 0x21, 0x00, 0x00, 0x10, 0x00, 0x00, 0x09, 0x00, 0x00, 0x06, 0x7B, 0xEF,
    0x02, 0xFF, 0xE0, 0x01, 0x00, 0x00, 0x01, 0x00, 0x00, 0x00, 0x00, 0x00, 0x04, 0x00, 0x00, 0x21,
    0x00, 0x00, 0x21, 0x00, 0x00, 0x04, 0x00, 0x00, 0x00, 0x00, 0x00, 0x00, 0x00, 0x00, 0x00, 0x00,
    0x00, 0x00, 0x00, 0x00, 0x00, 0x00, 0x00, 0x00, 0x00, 0x00, 0x00, 0x00, 0x00, 0x00, 0x00, 0x00,
    0x00, 0x00, 0x00, 0x00, 0x00, 0x00, 0x00, 0x00, 0x00, 0x00, 0x00, 0x00, 0x00, 0x00, 0x00, 0x00,
    0x00, 0x00, 0x00, 0x00, 0x00, 0x00, 0x00, 0x00, 0x00, 0x00, 0x00, 0x00, 0x00, 0x00, 0x00, 0x00,
    0x00, 0x00, 0x00, 0x00, 0x00, 0x00, 0x00, 0x00, 0x00, 0x00, 0x00, 0x00, 0x00, 0x00, 0x00, 0x00,
    0x00, 0x00, 0x00, 0x00, 0x00, 0x00, 0x00, 0x00, 0x00, 0x00, 0x00, 0x00, 0x00, 0x00, 0x00, 0x00,
    0x00, 0x00, 0x00, 0x00, 0x00, 0x00, 0x00, 0x00, 0x00, 0x00, 0x00, 0x00, 0x00, 0x00, 0x00, 0x00,
    0x00, 0x00, 0x00, 0x00, 0x00, 0x00, 0x00, 0x00, 0x00, 0x00, 0x00, 0x00, 0x00, 0x00, 0x00, 0x00,
    0x00, 0x00, 0x00, 0x00, 0x00, 0x00, 0x00, 0x00, 0x00, 0x00, 0x00, 0x00, 0x00, 0x00, 0x00, 0x00,
    0x00, 0x00, 0x00, 0x00, 0x00, 0x00, 0x00, 0x00, 0x00, 0x00, 0x00, 0x00, 0x00, 0x00, 0x00, 0x00,
    0x00, 0x00, 0x00, 0x00, 0x00, 0x00, 0x00, 0x00, 0x00, 0x00, 0x00, 0x00, 0x00, 0x00, 0x00, 0x00,
    0x00, 0x00, 0x00, 0x00, 0x00, 0x00, 0x00, 0x10, 0xA1, 0x19, 0x62, 0x89, 0x74, 0x94, 0x91, 0xE4,
    0xE7, 0x3B, 0xFF, 0xDE, 0xFA, 0xFF, 0xCE, 0x98, 0xFF, 0xCE, 0x98, 0xFF, 0xCE, 0x77, 0xFF, 0xD6,
    0xB8, 0xFF, 0xBE, 0x15, 0xFF, 0x9D, 0x11, 0xFF, 0xCE, 0x77, 0xFF, 0xDF, 0x1B, 0xFF, 0xB5, 0xD5,
    0xFF, 0xC6, 0x36, 0xFF, 0xD6, 0xB8, 0xFF, 0xC6, 0x55, 0xFF, 0x6B, 0x6A, 0xFF, 0x63, 0x0A, 0xFF,
    0xD6, 0xBA, 0xFF, 0xFF, 0xDF, 0xFF, 0x94, 0x6F, 0xFF, 0x20, 0xE2, 0xFF, 0x10, 0xA1, 0xFF, 0x18,
    0xE2, 0xFF, 0x10, 0xA1, 0xFF, 0x10, 0x81, 0xFF, 0x83, 0xED, 0xFF, 0xF7, 0x7B, 0xFF, 0xBD, 0xB4,
    0xFF, 0x31, 0x64, 0xFF, 0x19, 0x02, 0xFF, 0x42, 0xA5, 0xFF, 0x42, 0xC4, 0xFF, 0x42, 0xA4, 0xFF,
    0x31, 0xC3, 0xFF, 0x21, 0x82, 0xFF, 0x85, 0x67, 0xFF, 0xAF, 0x09, 0xFF, 0x6C, 0xA6, 0xFF, 0x6B,
    0xE8, 0xFF, 0x39, 0x43, 0xFF, 0x8B, 0x6C, 0xFF, 0xF7, 0x7C, 0xFF, 0xFF, 0xFF, 0xFF, 0xFF, 0x7C,
    0xFF, 0xFF, 0x9C, 0xFF, 0xFF, 0x9C, 0xFF, 0xFF, 0x7C, 0xFF, 0xFF, 0x7B, 0xFF, 0xFF, 0x7B, 0xFF,
    0xFF, 0x7B, 0xFF, 0xFF, 0x7B, 0xFF, 0xFF, 0x7B, 0xFF, 0xFF, 0x7B, 0xFF, 0xFF, 0x7B, 0xFF, 0xFF,
    0x7B, 0xFF, 0xFF, 0x7C, 0xFF, 0xFF, 0x9C, 0xFF, 0xFF, 0x9C, 0xFF, 0xFF, 0x7C, 0xFF, 0xFF, 0x7C,
    0xFF, 0xFF, 0x7C, 0xFF, 0xFF, 0x9C, 0xFF, 0xFF, 0xFE, 0xFF, 0xCE, 0x17, 0xFF, 0x39, 0x64, 0xFF,
    0x31, 0x64, 0xFF, 0x52, 0x48, 0xFF, 0xA5, 0x13, 0xFF, 0xF7, 0x9D, 0xFE, 0xFF, 0xFF, 0xFF, 0xF7,
    0xBE, 0xFD, 0xD6, 0x37, 0xB5, 0x08, 0x20, 0x2E, 0xFF, 0xFF, 0x02, 0x00, 0x00, 0x00, 0x00, 0x00,
    0x00, 0x00, 0x00, 0x00, 0x00, 0x00, 0x00, 0x00, 0x00, 0x00, 0x00, 0x00, 0x00, 0x00, 0x00, 0x00,
    0x00, 0x00, 0x00, 0x00, 0x00, 0x00, 0x00, 0x00, 0x00, 0x00, 0x00, 0x00, 0x00, 0x00, 0x00, 0x00,
    0x00, 0x00, 0x00, 0x00, 0x00, 0x00, 0x00, 0x01, 0x7B, 0xEF, 0x04, 0x00, 0x00, 0x24, 0x95, 0x4D,
    0xAA, 0xA5, 0xCF, 0xFE, 0x9D, 0xCF, 0xFF, 0xA6, 0x0F, 0xFE, 0xA6, 0x0F, 0xFF, 0xAE, 0x0F, 0xFF,
    0xAE, 0x0F, 0xFF, 0xAE, 0x2F, 0xFF, 0xB6, 0x70, 0xFF, 0x5B, 0x88, 0xFF, 0x43, 0x06, 0xE4, 0x5B,
    0xE7, 0x8C, 0x53, 0x66, 0x28, 0x00, 0x00, 0x00, 0x00, 0x00, 0x00, 0x00, 0x00, 0x01, 0x00, 0x00,
    0x00, 0x00, 0x00, 0x00, 0x00, 0x00, 0x00, 0x00, 0x00, 0x00, 0x00, 0x00, 0x00, 0x00, 0x00, 0x00,
    0x00, 0x00, 0x00, 0x00, 0x00, 0x00, 0x00, 0x00, 0x00, 0x00, 0x00, 0x00, 0x00, 0x00, 0x00, 0x00,
    0x00, 0x00, 0x00, 0x00, 0x01, 0xFF, 0xE0, 0x01, 0xFF, 0xFF, 0x01, 0xFF, 0xFF, 0x01, 0x52, 0xAA,
    0x03, 0x31, 0x80, 0x05, 0x01, 0x40, 0x06, 0x29, 0x40, 0x06, 0x39, 0xE7, 0x04, 0x7B, 0xEF, 0x02,
    0xFF, 0xFF, 0x01, 0x07, 0xE0, 0x01, 0x00, 0x00, 0x00, 0x00, 0x00, 0x00, 0x00, 0x00, 0x00, 0x00,
    0x00, 0x00, 0x00, 0x00, 0x04, 0x00, 0x00, 0x21, 0x00, 0x00, 0x21, 0x00, 0x00, 0x04, 0x00, 0x00,
    0x00, 0x00, 0x00, 0x00, 0x00, 0x00, 0x00, 0x00, 0x00, 0x00, 0x00, 0x00, 0x00, 0x00, 0x00, 0x00,
    0x00, 0x00, 0x00, 0x00, 0x00, 0x00, 0x00, 0x00, 0x00, 0x00, 0x00, 0x00, 0x00, 0x00, 0x00, 0x00,
    0x00, 0x00, 0x00, 0x00, 0x00, 0x00, 0x00, 0x00, 0x00, 0x00, 0x00, 0x00, 0x00, 0x00, 0x00, 0x00,
    0x00, 0x00, 0x00, 0x00, 0x00, 0x00, 0x00, 0x00, 0x00, 0x00, 0x00, 0x00, 0x00, 0x00, 0x00, 0x00,
    0x00, 0x00, 0x00, 0x00, 0x00, 0x00, 0x00, 0x00, 0x00, 0x00, 0x00, 0x00, 0x00, 0x00, 0x00, 0x00,
    0x00, 0x00, 0x00, 0x00, 0x00, 0x00, 0x00, 0x00, 0x00, 0x00, 0x00, 0x00, 0x00, 0x00, 0x00, 0x00,
    0x00, 0x00, 0x00, 0x00, 0x00, 0x00, 0x00, 0x00, 0x00, 0x00, 0x00, 0x00, 0x00, 0x00, 0x00, 0x00,
    0x00, 0x00, 0x00, 0x00, 0x00, 0x00, 0x00, 0x00, 0x00, 0x00, 0x00, 0x00, 0x00, 0x00, 0x00, 0x00,
    0x00, 0x00, 0x00, 0x00, 0x00, 0x00, 0x00, 0x00, 0x00, 0x00, 0x00, 0x00, 0x00, 0x00, 0x00, 0x00,
    0x00, 0x00, 0x00, 0x00, 0x00, 0x00, 0x00, 0x00, 0x00, 0x00, 0x00, 0x00, 0x00, 0x00, 0x00, 0x00,
    0x00, 0x00, 0x00, 0x00, 0x00, 0x00, 0x00, 0x00, 0x00, 0x00, 0x00, 0x00, 0x00, 0x00, 0x0F, 0x62,
    0xCA, 0x66, 0xE6, 0xDA, 0xD0, 0x6B, 0x0B, 0xFE, 0xAD, 0x95, 0xFF, 0xDF, 0x3A, 0xFF, 0xD6, 0xD9,
    0xFF, 0xCE, 0x97, 0xFF, 0xCE, 0x77, 0xFF, 0xC6, 0x56, 0xFF, 0xC6, 0x56, 0xFF, 0xAD, 0x92, 0xFF,
    0xAD, 0x52, 0xFF, 0xE7, 0x3B, 0xFF, 0xE7, 0x3B, 0xFF, 0xC6, 0x37, 0xFF, 0xB5, 0xD5, 0xFF, 0xDE,
    0xD9, 0xFF, 0xC6, 0x35, 0xFF, 0x63, 0x2A, 0xFF, 0x8C, 0x6F, 0xFF, 0x7B, 0xCD, 0xFF, 0x39, 0x84,
    0xFF, 0x63, 0x09, 0xFF, 0x6B, 0x4B, 0xFF, 0x5A, 0xA9, 0xFF, 0x4A, 0x27, 0xFF, 0xA4, 0xF1, 0xFF,
    0xF7, 0x9C, 0xFF, 0x94, 0x70, 0xFF, 0x21, 0x02, 0xFF, 0x29, 0xA3, 0xFF, 0x4B, 0x05, 0xFF, 0x42,
    0xE4, 0xFF, 0x3A, 0xA3, 0xFF, 0x42, 0xA4, 0xFF, 0x3A, 0x24, 0xFF, 0x2A, 0x03, 0xFF, 0x7D, 0x26,
    0xFF, 0xA6, 0xC9, 0xFF, 0x85, 0xA7, 0xFF, 0xA6, 0x4B, 0xFF, 0x39, 0x22, 0xFF, 0xAC, 0xD2, 0xFF,
    0xFF, 0xFE, 0xFF, 0xFF, 0xDD, 0xFF, 0xFF, 0x9C, 0xFF, 0xFF, 0x9C, 0xFF, 0xFF, 0x9C, 0xFF, 0xFF,
    0x9C, 0xFF, 0xFF, 0x9C, 0xFF, 0xFF, 0x9C, 0xFF, 0xFF, 0x7B, 0xFF, 0xFF, 0x7B, 0xFF, 0xFF, 0x7B,
    0xFF, 0xFF, 0x7B, 0xFF, 0xFF, 0x7B, 0xFF, 0xFF, 0x7B, 0xFF, 0xFF, 0x9B, 0xFF, 0xFF, 0x9C, 0xFF,
    0xFF, 0x9C, 0xFF, 0xFF, 0x9C, 0xFF, 0xFF, 0x7C, 0xFF, 0xFF, 0x9C, 0xFF, 0xFF, 0x9C, 0xFF, 0xFF,
    0xDD, 0xFF, 0xF7, 0x7C, 0xFF, 0x52, 0x06, 0xFF, 0x6B, 0x09, 0xFF, 0x4A, 0x06, 0xFF, 0x41, 0xE6,
    0xFF, 0xC6, 0x17, 0xFF, 0xFF, 0xFF, 0xFE, 0xF7, 0xBE, 0xFF, 0xF7, 0x7D, 0xE5, 0x7B, 0x4B, 0x7A,
    0x00, 0x00, 0x11, 0x00, 0x00, 0x00, 0x00, 0x00, 0x00, 0x00, 0x00, 0x00, 0x00, 0x00, 0x00, 0x00,
    0x00, 0x00, 0x00, 0x00, 0x00, 0x00, 0x00, 0x00, 0x00, 0x00, 0x00, 0x00, 0x00, 0x00, 0x00, 0x00,
    0x00, 0x00, 0x00, 0x00, 0x00, 0x00, 0x00, 0x00, 0x00, 0x00, 0x00, 0x00, 0x00, 0x00, 0x00, 0x01,
    0xAD, 0x55, 0x03, 0x00, 0x00, 0x17, 0x8D, 0x0C, 0x8A, 0xA5, 0xCE, 0xEB, 0xA5, 0xEF, 0xFE, 0xA6,
    0x0F, 0xFE, 0xA6, 0x0F, 0xFF, 0xA6, 0x0F, 0xFF, 0xAE, 0x2F, 0xFF, 0xB6, 0x70, 0xFF, 0x8D, 0x2C,
    0xFF, 0x3A, 0xA5, 0xFE, 0x53, 0x87, 0xF5, 0x64, 0x28, 0xA3, 0x4B, 0x26, 0x3E, 0x00, 0x00, 0x0A,
    0x00, 0x00, 0x00, 0x00, 0x00, 0x00, 0x00, 0x00, 0x00, 0x00, 0x00, 0x00, 0x00, 0x00, 0x00, 0x00,
    0x00, 0x00, 0x00, 0x00, 0x00, 0x00, 0x00, 0x00, 0x00, 0x00, 0x00, 0x00, 0x00, 0x00, 0x00, 0x00,
    0x00, 0x00, 0x00, 0x00, 0x00, 0x00, 0x00, 0x00, 0x00, 0x00, 0x00, 0x00, 0x00, 0x00, 0x00, 0x00,
    0x00, 0x00, 0x00, 0x00, 0x00, 0x00, 0x00, 0x00, 0x00, 0x00, 0x00, 0x00, 0x00, 0x00, 0x00, 0x00,
    0x00, 0x00, 0x00, 0x00, 0x00, 0x00, 0x00, 0x00, 0x00, 0x00, 0x00, 0x00, 0x00, 0x00, 0x00, 0x00,
    0x00, 0x00, 0x00, 0x00, 0x00, 0x00, 0x00, 0x00, 0x00, 0x00, 0x00, 0x00, 0x04, 0x00, 0x00, 0x21,
    0x00, 0x00, 0x21, 0x00, 0x00, 0x04, 0x00, 0x00, 0x00, 0x00, 0x00, 0x00, 0x00, 0x00, 0x00, 0x00,
    0x00, 0x00, 0x00, 0x00, 0x00, 0x00, 0x00, 0x00, 0x00, 0x00, 0x00, 0x00, 0x00, 0x00, 0x00, 0x00,
    0x00, 0x00, 0x00, 0x00, 0x00, 0x00, 0x00, 0x00, 0x00, 0x00, 0x00, 0x00, 0x00, 0x00, 0x00, 0x00,
    0x00, 0x00, 0x00, 0x00, 0x00, 0x00, 0x00, 0x00, 0x00, 0x00, 0x00, 0x00, 0x00, 0x00, 0x00, 0x00,
    0x00, 0x00, 0x00, 0x00, 0x00, 0x00, 0x00, 0x00, 0x00, 0x00, 0x00, 0x00, 0x00, 0x00, 0x00, 0x00,
    0x00, 0x00, 0x00, 0x00, 0x00, 0x00, 0x00, 0x00, 0x00, 0x00, 0x00, 0x00, 0x00, 0x00, 0x00, 0x00,
    0x00, 0x00, 0x00, 0x00, 0x00, 0x00, 0x00, 0x00, 0x00, 0x00, 0x00, 0x00, 0x00, 0x00, 0x00, 0x00,
    0x00, 0x00, 0x00, 0x00, 0x00, 0x00, 0x00, 0x00, 0x00, 0x00, 0x00, 0x00, 0x00, 0x00, 0x00, 0x00,
    0x00, 0x00, 0x00, 0x00, 0x00, 0x00, 0x00, 0x00, 0x00, 0x00, 0x00, 0x00, 0x00, 0x00, 0x00, 0x00,
    0x00, 0x00, 0x00, 0x00, 0x00, 0x00, 0x00, 0x00, 0x00, 0x00, 0x00, 0x00, 0x00, 0x00, 0x00, 0x00,
    0x00, 0x00, 0x00, 0x00, 0x00, 0x00, 0x00, 0x00, 0x00, 0x00, 0x00, 0x00, 0x00, 0x01, 0x00, 0x00,
    0x00, 0x00, 0x00, 0x00, 0x39, 0x85, 0x37, 0xBD, 0xD6, 0xBB, 0xFF, 0xFF, 0xFA, 0xA4, 0xD2, 0xFF,
    0x63, 0x0B, 0xFF, 0xD6, 0x98, 0xFF, 0xDF, 0x3A, 0xFF, 0xC6, 0x76, 0xFF, 0xC6, 0x56, 0xFF, 0xC6,
    0x55, 0xFF, 0xC6, 0x75, 0xFF, 0xBE, 0x13, 0xFF, 0xAD, 0x92, 0xFF, 0xCE, 0x77, 0xFF, 0xDE, 0xD9,
    0xFF, 0xE7, 0x3B, 0xFF, 0xC6, 0x58, 0xFF, 0xB5, 0xD5, 0xFF, 0xE7, 0x39, 0xFF, 0xAD, 0x52, 0xFF,
    0x21, 0x03, 0xFF, 0x31, 0x84, 0xFF, 0x94, 0x6D, 0xFF, 0xAD, 0x51, 0xFF, 0xCE, 0x56, 0xFF, 0xCE,
    0x55, 0xFF, 0xB5, 0x51, 0xFF, 0xEF, 0x5A, 0xFF, 0x63, 0x0B, 0xFF, 0x18, 0xC1, 0xFF, 0x31, 0xE3,
    0xFF, 0x42, 0xC5, 0xFF, 0x42, 0xA4, 0xFF, 0x3A, 0x84, 0xFF, 0x42, 0xA4, 0xFF, 0x4A, 0xE4, 0xFF,
    0x3A, 0x44, 0xFF, 0x29, 0xA3, 0xFF, 0x5B, 0xE4, 0xFF, 0xA6, 0xCA, 0xFF, 0x5C, 0x65, 0xFF, 0x8D,
    0x48, 0xFF, 0x39, 0x62, 0xFF, 0xAC, 0xF2, 0xFF, 0xFF, 0xFD, 0xFF, 0xFF, 0xBD, 0xFF, 0xFF, 0x9C,
    0xFF, 0xFF, 0xDD, 0xFF, 0xFF, 0xFE, 0xFF, 0xFF, 0xBD, 0xFF, 0xFF, 0x9C, 0xFF, 0xFF, 0x7C, 0xFF,
    0xFF, 0x7B, 0xFF, 0xFF, 0x7B, 0xFF, 0xFF, 0x7B, 0xFF, 0xFF, 0x7B, 0xFF, 0xFF, 0x7B, 0xFF, 0xFF,
    0x7B, 0xFF, 0xFF, 0x9C, 0xFF, 0xFF, 0x9C, 0xFF, 0xFF, 0x9C, 0xFF, 0xFF, 0x9C, 0xFF, 0xFF, 0x9C,
    0xFF, 0xFF, 0x9C, 0xFF, 0xFF, 0xBC, 0xFF, 0xFF, 0xFE, 0xFF, 0xE7, 0x1A, 0xFF, 0x31, 0x44, 0xFF,
    0x9C, 0x8E, 0xFF, 0x8C, 0x0D, 0xFF, 0x31, 0xA5, 0xFF, 0xA5, 0x53, 0xFF, 0xFF, 0xFF, 0xFE, 0xFF,
    0xFF, 0xFF, 0xFF, 0xDE, 0xFE, 0xD6, 0x37, 0xBD, 0x00, 0x00, 0x2D, 0x00, 0x00, 0x02, 0x00, 0x00,
    0x00, 0x00, 0x00, 0x00, 0x00, 0x00, 0x00, 0x00, 0x00, 0x00, 0x00, 0x00, 0x00, 0x00, 0x00, 0x00,
    0x00, 0x00, 0x00, 0x00, 0x00, 0x00, 0x00, 0x00, 0x00, 0x00, 0x00, 0x00, 0x00, 0x00, 0x00, 0x00,
    0x00, 0x00, 0x00, 0x00, 0x00, 0x00, 0x00, 0x01, 0xFF, 0xFF, 0x01, 0x00, 0x00, 0x08, 0x7C, 0x8A,
    0x6F, 0x9D, 0xAE, 0xDE, 0xA6, 0x0F, 0xFF, 0xA5, 0xEE, 0xFE, 0xA6, 0x0F, 0xFF, 0xA6, 0x0F, 0xFF,
    0xAE, 0x4F, 0xFF, 0xB6, 0x4F, 0xFF, 0x53, 0x87, 0xFF, 0x43, 0x26, 0xFE, 0x5B, 0xC8, 0xFF, 0x5B,
    0xC7, 0xE5, 0x53, 0x86, 0x7B, 0x3A, 0x44, 0x1C, 0x00, 0x00, 0x01, 0xFF, 0xFF, 0x01, 0x00, 0x00,
    0x00, 0x00, 0x00, 0x00, 0x00, 0x00, 0x00, 0x00, 0x00, 0x00, 0x00, 0x00, 0x00, 0x00, 0x00, 0x00,
    0x00, 0x00, 0x00, 0x00, 0x00, 0x00, 0x00, 0x00, 0x00, 0x00, 0x00, 0x00, 0x00, 0x00, 0x00, 0x00,
    0x00, 0x00, 0x00, 0x00, 0x00, 0x00, 0x00, 0x00, 0x00, 0x00, 0x00, 0x00, 0x00, 0x00, 0x00, 0x00,
    0x00, 0x00, 0x00, 0x00, 0x00, 0x00, 0x00, 0x00, 0x00, 0x00, 0x00, 0x00, 0x00, 0x00, 0x00, 0x00,
    0x00, 0x00, 0x00, 0x00, 0x00, 0x00, 0x00, 0x00, 0x00, 0x00, 0x00, 0x00, 0x00, 0x00, 0x00, 0x00,
    0x00, 0x00, 0x00, 0x00, 0x04, 0x00, 0x00, 0x21, 0x00, 0x00, 0x21, 0x00, 0x00, 0x04, 0x00, 0x00,
    0x00, 0x00, 0x00, 0x00, 0x00, 0x00, 0x00, 0x00, 0x00, 0x00, 0x00, 0x00, 0x00, 0x00, 0x00, 0x00,
    0x00, 0x00, 0x00, 0x00, 0x00, 0x00, 0x00, 0x00, 0x00, 0x00, 0x00, 0x00, 0x00, 0x00, 0x00, 0x00,
    0x00, 0x00, 0x00, 0x00, 0x00, 0x00, 0x00, 0x00, 0x00, 0x00, 0x00, 0x00, 0x00, 0x00, 0x00, 0x00,
    0x00, 0x00, 0x00, 0x00, 0x00, 0x00, 0x00, 0x00, 0x00, 0x00, 0x00, 0x00, 0x00, 0x00, 0x00, 0x00,
    0x00, 0x00, 0x00, 0x00, 0x00, 0x00, 0x00, 0x00, 0x00, 0x00, 0x00, 0x00, 0x00, 0x00, 0x00, 0x00,
    0x00, 0x00, 0x00, 0x00, 0x00, 0x00, 0x00, 0x00, 0x00, 0x00, 0x00, 0x00, 0x00, 0x00, 0x00, 0x00,
    0x00, 0x00, 0x00, 0x00, 0x00, 0x00, 0x00, 0x00, 0x00, 0x00, 0x00, 0x00, 0x00, 0x00, 0x00, 0x00,
    0x00, 0x00, 0x00, 0x00, 0x00, 0x00, 0x00, 0x00, 0x00, 0x00, 0x00, 0x00, 0x00, 0x00, 0x00, 0x00,
    0x00, 0x00, 0x00, 0x00, 0x00, 0x00, 0x00, 0x00, 0x00, 0x00, 0x00, 0x00, 0x00, 0x00, 0x00, 0x00,
    0x00, 0x00, 0x00, 0x00, 0x00, 0x00, 0x00, 0x00, 0x00, 0x00, 0x00, 0x00, 0x00, 0x00, 0x00, 0x00,
    0x00, 0x00, 0x00, 0x00, 0x00, 0x00, 0x00, 0x00, 0x01, 0x00, 0x00, 0x1A, 0x7B, 0xAD, 0x81, 0xFF,
    0xDE, 0xEB, 0xFF, 0xFF, 0xFF, 0xEF, 0x3C, 0xFF, 0x52, 0x8A, 0xFF, 0xA5, 0x33, 0xFF, 0xDF, 0x18,
    0xFF, 0xC6, 0x96, 0xFF, 0xC6, 0x75, 0xFF, 0xC6, 0x75, 0xFF, 0xC6, 0x75, 0xFF, 0xBE, 0x33, 0xFF,
    0xB5, 0xD2, 0xFF, 0xCE, 0x97, 0xFF, 0xD6, 0xD9, 0xFF, 0xD6, 0x98, 0xFF, 0xE7, 0x5B, 0xFF, 0xC6,
    0x58, 0xFF, 0xCE, 0x77, 0xFF, 0xDE, 0xD7, 0xFF, 0x4A, 0x88, 0xFF, 0x42, 0x26, 0xFF, 0xA5, 0x0F,
    0xFF, 0xBD, 0xB4, 0xFF, 0xDE, 0xFA, 0xFF, 0xA5, 0x10, 0xFF, 0xD6, 0x55, 0xFF, 0x5A, 0xEA, 0xFF,
    0x10, 0xA1, 0xFF, 0x31, 0xE3, 0xFF, 0x42, 0x64, 0xFF, 0x3A, 0x44, 0xFF, 0x3A, 0x44, 0xFF, 0x3A,
    0x44, 0xFF, 0x32, 0x23, 0xFF, 0x32, 0x03, 0xFF, 0x29, 0xA3, 0xFF, 0x21, 0x22, 0xFF, 0x29, 0xC2,
    0xFF, 0x64, 0x47, 0xFF, 0x4C, 0x04, 0xFF, 0x7D, 0x07, 0xFF, 0x29, 0x21, 0xFF, 0xA4, 0x4F, 0xFF,
    0xFF, 0xBC, 0xFF, 0xFF, 0xDE, 0xFF, 0xFF, 0x9D, 0xFF, 0xF7, 0x5B, 0xFF, 0xF7, 0x3B, 0xFF, 0xFF,
    0xDD, 0xFF, 0xFF, 0xFE, 0xFF, 0xFF, 0xFE, 0xFF, 0xFF, 0xFD, 0xFF, 0xFF, 0x9C, 0xFF, 0xFF, 0x7B,
    0xFF, 0xFF, 0x7B, 0xFF, 0xFF, 0x7B, 0xFF, 0xFF, 0x9B, 0xFF, 0xFF, 0x9C, 0xFF, 0xFF, 0x9C, 0xFF,
    0xFF, 0x9C, 0xFF, 0xFF, 0x9C, 0xFF, 0xFF, 0x9D, 0xFF, 0xFF, 0xBD, 0xFF, 0xFF, 0xBD, 0xFF, 0xFF,
    0xDD, 0xFF, 0xC5, 0xD5, 0xFF, 0x39, 0xA5, 0xFF, 0xC5, 0xB2, 0xFF, 0x94, 0x4D, 0xFF, 0x29, 0x22,
    0xFF, 0x39, 0xA4, 0xFF, 0x7B, 0xAD, 0xFF, 0xD6, 0xBA, 0xFF, 0xFF, 0xFF, 0xFF, 0xEF, 0x5D, 0xE4,
    0x6A, 0xCA, 0x71, 0x00, 0x61, 0x10, 0x00, 0x00, 0x00, 0x00, 0x00, 0x00, 0x00, 0x00, 0x00, 0x00,
    0x00, 0x00, 0x00, 0x00, 0x00, 0x00, 0x00, 0x00, 0x00, 0x00, 0x00, 0x00, 0x00, 0x00, 0x00, 0x00,
    0x00, 0x00, 0x00, 0x00, 0x00, 0x00, 0x00, 0x00, 0x00, 0x00, 0x00, 0x00, 0x00, 0x00, 0x00, 0x00,
    0xFF, 0xEF, 0x02, 0x00, 0x00, 0x04, 0x63, 0xE9, 0x60, 0x9D, 0x8E, 0xD6, 0xAE, 0x0F, 0xFF, 0xA5,
    0xCE, 0xFE, 0xA5, 0xEE, 0xFF, 0xA6, 0x2F, 0xFF, 0xAE, 0x4F, 0xFF, 0x8D, 0x2C, 0xFF, 0x3A, 0x85,
    0xFF, 0x53, 0xA7, 0xFF, 0x5B, 0xC7, 0xFE, 0x53, 0x87, 0xF7, 0x53, 0xA7, 0x98, 0x4B, 0x05, 0x31,
    0x00, 0x00, 0x07, 0x00, 0x00, 0x00, 0x00, 0x00, 0x01, 0x00, 0x00, 0x00, 0x00, 0x00, 0x00, 0x00,
    0x00, 0x00, 0x00, 0x00, 0x00, 0x00, 0x00, 0x00, 0x00, 0x00, 0x00, 0x00, 0x00, 0x00, 0x00, 0x00,
    0x00, 0x00, 0x00, 0x00, 0x00, 0x00, 0x00, 0x00, 0x00, 0x00, 0x00, 0x00, 0x00, 0x00, 0x00, 0x00,
    0x00, 0x00, 0x00, 0x00, 0x00, 0x00, 0x00, 0x00, 0x00, 0x00, 0x00, 0x00, 0x00, 0x00, 0x00, 0x00,
    0x00, 0x00, 0x00, 0x00, 0x00, 0x00, 0x00, 0x00, 0x00, 0x00, 0x00, 0x00, 0x00, 0x00, 0x00, 0x00,
    0x00, 0x00, 0x00, 0x00, 0x00, 0x00, 0x00, 0x00, 0x00, 0x00, 0x00, 0x00, 0x04, 0x00, 0x00, 0x21,
    0x00, 0x00, 0x21, 0x00, 0x00, 0x04, 0x00, 0x00, 0x00, 0x00, 0x00, 0x00, 0x00, 0x00, 0x00, 0x00,
    0x00, 0x00, 0x00, 0x00, 0x00, 0x00, 0x00, 0x00, 0x00, 0x00, 0x00, 0x00, 0x00, 0x00, 0x00, 0x00,
    0x00, 0x00, 0x00, 0x00, 0x00, 0x00, 0x00, 0x00, 0x00, 0x00, 0x00, 0x00, 0x00, 0x00, 0x00, 0x00,
    0x00, 0x00, 0x00, 0x00, 0x00, 0x00, 0x00, 0x00, 0x00, 0x00, 0x00, 0x00, 0x00, 0x00, 0x00, 0x00,
    0x00, 0x00, 0x00, 0x00, 0x00, 0x00, 0x00, 0x00, 0x00, 0x00, 0x00, 0x00, 0x00, 0x00, 0x00, 0x00,
    0x00, 0x00, 0x00, 0x00, 0x00, 0x00, 0x00, 0x00, 0x00, 0x00, 0x00, 0x00, 0x00, 0x00, 0x00, 0x00,
    0x00, 0x00, 0x00, 0x00, 0x00, 0x00, 0x00, 0x00, 0x00, 0x00, 0x00, 0x00, 0x00, 0x00, 0x00, 0x00,
    0x00, 0x00, 0x00, 0x00, 0x00, 0x00, 0x00, 0x00, 0x00, 0x00, 0x00, 0x00, 0x00, 0x00, 0x00, 0x00,
    0x00, 0x00, 0x00, 0x00, 0x00, 0x00, 0x00, 0x00, 0x00, 0x00, 0x00, 0x00, 0x00, 0x00, 0x00, 0x00,
    0x00, 0x00, 0x00, 0x00, 0x00, 0x00, 0x00, 0x00, 0x00, 0x00, 0x00, 0x00, 0x00, 0x00, 0x00, 0x00,
    0x00, 0x00, 0x00, 0x00, 0x00, 0x00, 0x00, 0x00, 0x00, 0x00, 0x01, 0x00, 0x00, 0x00, 0x7B, 0xEF,
    0x02, 0x5A, 0xAA, 0x47, 0xD6, 0x58, 0xD2, 0xFF, 0xFF, 0xFE, 0xF7, 0x9E, 0xFF, 0xFF, 0xFF, 0xFF,
    0x7B, 0xAE, 0xFF, 0x7B, 0xED, 0xFF, 0xCE, 0xB6, 0xFF, 0xCE, 0xD6, 0xFF, 0xBE, 0x54, 0xFF, 0xC6,
    0x74, 0xFF, 0xC6, 0x74, 0xFF, 0xBE, 0x33, 0xFF, 0xB5, 0xF2, 0xFF, 0xD6, 0xB7, 0xFF, 0xDE, 0xFA,
    0xFF, 0xCE, 0x98, 0xFF, 0xD6, 0xB9, 0xFF, 0xE7, 0x3B, 0xFF, 0xBE, 0x16, 0xFF, 0xDE, 0xD8, 0xFF,
    0xA5, 0x11, 0xFF, 0x42, 0x06, 0xFF, 0x8C, 0x6E, 0xFF, 0xE7, 0x3A, 0xFF, 0xAD, 0x53, 0xFF, 0x9C,
    0xCE, 0xFF, 0x94, 0x8E, 0xFF, 0x08, 0x81, 0xFF, 0x29, 0xE4, 0xFF, 0x3A, 0x44, 0xFF, 0x3A, 0x24,
    0xFF, 0x32, 0x03, 0xFF, 0x3A, 0x24, 0xFF, 0x3A, 0x24, 0xFF, 0x29, 0xC3, 0xFF, 0x21, 0x82, 0xFF,
    0x29, 0x82, 0xFF, 0x29, 0x22, 0xFF, 0x10, 0xA1, 0xFF, 0x19, 0x81, 0xFF, 0x9E, 0x49, 0xFF, 0xAE,
    0x6A, 0xFF, 0x19, 0x21, 0xFF, 0x6A, 0xA9, 0xFF, 0xF7, 0x1A, 0xFF, 0xFF, 0xDF, 0xFF, 0xF7, 0x7C,
    0xFF, 0xE6, 0x37, 0xFF, 0xBC, 0x4F, 0xFF, 0xB4, 0x70, 0xFF, 0xA4, 0x2F, 0xFF, 0xBD, 0x12, 0xFF,
    0xDE, 0x16, 0xFF, 0xEE, 0xD8, 0xFF, 0xFF, 0x7B, 0xFF, 0xFF, 0x7B, 0xFF, 0xFF, 0x7B, 0xFF, 0xFF,
    0x7B, 0xFF, 0xFF, 0x7C, 0xFF, 0xFF, 0x9C, 0xFF, 0xFF, 0x9C, 0xFF, 0xFF, 0x9C, 0xFF, 0xFF, 0xBD,
    0xFF, 0xFF, 0x9D, 0xFF, 0xF7, 0x5B, 0xFF, 0xFF, 0xFF, 0xFF, 0x94, 0x50, 0xFF, 0x6A, 0xE9, 0xFF,
    0xDE, 0xB5, 0xFF, 0x8C, 0x0C, 0xFF, 0x39, 0x63, 0xFF, 0x62, 0xC7, 0xFF, 0x39, 0xA4, 0xFF, 0x4A,
    0x48, 0xFE, 0xEF, 0x5C, 0xFF, 0xFF, 0xDF, 0xFC, 0xC5, 0xB5, 0xBA, 0x10, 0x61, 0x24, 0x00, 0x00,
    0x00, 0x00, 0x00, 0x00, 0x00, 0x00, 0x00, 0x00, 0x00, 0x00, 0x00, 0x00, 0x00, 0x00, 0x00, 0x00,
    0x00, 0x00, 0x00, 0x00, 0x00, 0x00, 0x00, 0x00, 0x00, 0x00, 0x00, 0x00, 0x00, 0x00, 0x00, 0x00,
    0x00, 0x00, 0x00, 0x00, 0x00, 0x00, 0x00, 0x00, 0xFF, 0xFF, 0x01, 0x00, 0x00, 0x03, 0x4A, 0xA6,
    0x4C, 0x95, 0x6D, 0xC4, 0xAE, 0x2F, 0xFF, 0xA5, 0xEE, 0xFE, 0x9D, 0xEE, 0xFE, 0xAE, 0x2F, 0xFF,
    0xAE, 0x0F, 0xFF, 0x53, 0x68, 0xFF, 0x3A, 0xA5, 0xFF, 0x5B, 0xC8, 0xFF, 0x53, 0xA7, 0xFE, 0x53,
    0x87, 0xFE, 0x53, 0x87, 0xDE, 0x53, 0x87, 0x7A, 0x3A, 0x85, 0x22, 0x00, 0x00, 0x05, 0xFF, 0xE0,
    0x01, 0x00, 0x00, 0x02, 0x00, 0x00, 0x00, 0x00, 0x00, 0x00, 0x00, 0x00, 0x00, 0x00, 0x00, 0x00,
    0x00, 0x00, 0x00, 0x00, 0x00, 0x00, 0x00, 0x00, 0x00, 0x00, 0x00, 0x00, 0x00, 0x00, 0x00, 0x00,
    0x00, 0x00, 0x00, 0x00, 0x01, 0xFF, 0xFF, 0x01, 0x00, 0x00, 0x01, 0x00, 0x00, 0x00, 0x00, 0x00,
    0x00, 0x00, 0x00, 0x00, 0x00, 0x00, 0x00, 0x00, 0x00, 0x00, 0x00, 0x00, 0x00, 0x00, 0x00, 0x00,
    0x00, 0x00, 0x00, 0x00, 0x00, 0x00, 0x00, 0x00, 0x00, 0x00, 0x00, 0x00, 0x00, 0x00, 0x00, 0x00,
    0x00, 0x00, 0x00, 0x00, 0x04, 0x00, 0x00, 0x21, 0x00, 0x00, 0x21, 0x00, 0x00, 0x04, 0x00, 0x00,
    0x00, 0x00, 0x00, 0x00, 0x00, 0x00, 0x00, 0x00, 0x00, 0x00, 0x00, 0x00, 0x00, 0x00, 0x00, 0x00,
    0x00, 0x00, 0x00, 0x00, 0x00, 0x00, 0x00, 0x00, 0x00, 0x00, 0x00, 0x00, 0x00, 0x00, 0x00, 0x00,
    0x00, 0x00, 0x00, 0x00, 0x00, 0x00, 0x00, 0x00, 0x00, 0x00, 0x00, 0x00, 0x00, 0x00, 0x00, 0x00,
    0x00, 0x00, 0x00, 0x00, 0x00, 0x00, 0x00, 0x00, 0x00, 0x00, 0x00, 0x00, 0x00, 0x00, 0x00, 0x00,
    0x00, 0x00, 0x00, 0x00, 0x00, 0x00, 0x00, 0x00, 0x00, 0x00, 0x00, 0x00, 0x00, 0x00, 0x00, 0x00,
    0x00, 0x00, 0x00, 0x00, 0x00, 0x00, 0x00, 0x00, 0x00, 0x00, 0x00, 0x00, 0x00, 0x00, 0x00, 0x00,
    0x00, 0x00, 0x00, 0x00, 0x00, 0x00, 0x00, 0x00, 0x00, 0x00, 0x00, 0x00, 0x00, 0x00, 0x00, 0x00,
    0x00, 0x00, 0x00, 0x00, 0x00, 0x00, 0x00, 0x00, 0x00, 0x00, 0x00, 0x00, 0x00, 0x00, 0x00, 0x00,
    0x00, 0x00, 0x00, 0x00, 0x00, 0x00, 0x00, 0x00, 0x00, 0x00, 0x00, 0x00, 0x00, 0x00, 0x00, 0x00,
    0x00, 0x00, 0x00, 0x00, 0x00, 0x00, 0x00, 0x00, 0x00, 0x00, 0x00, 0x00, 0x00, 0x00, 0x00, 0x01,
    0xF8, 0x00, 0x01, 0x00, 0x00, 0x00, 0x10, 0x40, 0x1F, 0x94, 0x50, 0x8D, 0xFF, 0xFE, 0xF6, 0xF7,
    0xBE, 0xFF, 0xF7, 0x9D, 0xFF, 0xFF, 0xFF, 0xFF, 0x9C, 0x92, 0xFF, 0x63, 0x0A, 0xFF, 0xBE, 0x53,
    0xFF, 0xD7, 0x16, 0xFF, 0xBE, 0x53, 0xFF, 0xC6, 0x74, 0xFF, 0xC6, 0x74, 0xFF, 0xB6, 0x32, 0xFF,
    0xAD, 0xD1, 0xFF, 0xD6, 0xD8, 0xFF, 0xDE, 0xFA, 0xFF, 0xD6, 0xD9, 0xFF, 0xC6, 0x57, 0xFF, 0xDE,
    0xFA, 0xFF, 0xD6, 0xB9, 0xFF, 0xCE, 0x77, 0xFF, 0xC5, 0xF4, 0xFF, 0x73, 0x6A, 0xFF, 0x9C, 0xD0,
    0xFF, 0xCE, 0x77, 0xFF, 0x7B, 0xAB, 0xFF, 0xBD, 0x91, 0xFF, 0x39, 0xA4, 0xFF, 0x29, 0xA3, 0xFF,
    0x3A, 0x45, 0xFF, 0x32, 0x04, 0xFF, 0x32, 0x03, 0xFF, 0x32, 0x04, 0xFF, 0x3A, 0x24, 0xFF, 0x3A,
    0x24, 0xFF, 0x29, 0xC3, 0xFF, 0x29, 0x82, 0xFF, 0x29, 0x82, 0xFF, 0x29, 0x22, 0xFF, 0x08, 0x60,
    0xFF, 0x3A, 0x64, 0xFF, 0xC7, 0x2D, 0xFF, 0xBE, 0xEB, 0xFF, 0x5B, 0x65, 0xFF, 0x18, 0x61, 0xFF,
    0xAC, 0xB1, 0xFF, 0xFF, 0xFF, 0xFF, 0xF7, 0x9D, 0xFF, 0xEE, 0x99, 0xFF, 0xDD, 0xF5, 0xFF, 0xBC,
    0x6F, 0xFF, 0x72, 0x06, 0xFF, 0x69, 0xE7, 0xFF, 0xCD, 0x73, 0xFF, 0xF6, 0xF8, 0xFF, 0xFF, 0x7B,
    0xFF, 0xFF, 0x7B, 0xFF, 0xFF, 0x7B, 0xFF, 0xFF, 0x7B, 0xFF, 0xFF, 0x7C, 0xFF, 0xFF, 0x9C, 0xFF,
    0xFF, 0x9D, 0xFF, 0xFF, 0xBD, 0xFF, 0xFF, 0x7C, 0xFF, 0xF7, 0x7C, 0xFF, 0xFF, 0xFF, 0xFF, 0xEF,
    0x5C, 0xFF, 0x52, 0x27, 0xFF, 0xBD, 0x92, 0xFF, 0xD6, 0x53, 0xFF, 0x73, 0x69, 0xFF, 0x39, 0xC3,
    0xFF, 0xA4, 0xEE, 0xFF, 0x9C, 0x8D, 0xFF, 0x10, 0x60, 0xFF, 0x84, 0x0F, 0xFF, 0xFF, 0xFF, 0xFF,
    0xF7, 0x5C, 0xE0, 0x52, 0x06, 0x54, 0x00, 0x00, 0x0A, 0x00, 0x00, 0x00, 0x00, 0x00, 0x00, 0x00,
    0x00, 0x00, 0x00, 0x00, 0x00, 0x00, 0x00, 0x00, 0x00, 0x00, 0x00, 0x00, 0x00, 0x00, 0x00, 0x00,
    0x00, 0x00, 0x00, 0x00, 0x00, 0x00, 0x00, 0x00, 0x00, 0x00, 0x00, 0x00, 0x00, 0x00, 0x00, 0x00,
    0x07, 0xE0, 0x01, 0x52, 0xAA, 0x03, 0x10, 0xA1, 0x2D, 0x8D, 0x2C, 0x9F, 0xA6, 0x2F, 0xF3, 0xA5,
    0xCE, 0xFE, 0xA5, 0xEE, 0xFE, 0xAE, 0x4F, 0xFF, 0x95, 0x6D, 0xFF, 0x3A, 0x85, 0xFF, 0x53, 0x67,
    0xFF, 0x5B, 0xC7, 0xFF, 0x53, 0x87, 0xFE, 0x53, 0x87, 0xFF, 0x53, 0x87, 0xFB, 0x53, 0x87, 0xA1,
    0x5B, 0x87, 0x48, 0x32, 0x24, 0x21, 0x00, 0x00, 0x06, 0xFF, 0xFF, 0x01, 0x00, 0x00, 0x02, 0x00,
    0x00, 0x01, 0x00, 0x00, 0x00, 0x00, 0x00, 0x00, 0x00, 0x00, 0x00, 0x00, 0x00, 0x00, 0x00, 0x00,
    0x00, 0x00, 0x00, 0x00, 0x00, 0x00, 0x01, 0xFF, 0xE0, 0x01, 0x00, 0x00, 0x00, 0x00, 0x00, 0x04,
    0x00, 0x00, 0x01, 0x00, 0x00, 0x00, 0x00, 0x00, 0x00, 0x00, 0x00, 0x00, 0x00, 0x00, 0x00, 0x00,
    0x00, 0x00, 0x00, 0x00, 0x00, 0x00, 0x00, 0x00, 0x00, 0x00, 0x00, 0x00, 0x00, 0x00, 0x00, 0x00,
    0x00, 0x00, 0x00, 0x00, 0x00, 0x00, 0x00, 0x00, 0x00, 0x00, 0x00, 0x00, 0x04, 0x00, 0x00, 0x21,
    0x00, 0x00, 0x21, 0x00, 0x00, 0x04, 0x00, 0x00, 0x00, 0x00, 0x00, 0x00, 0x00, 0x00, 0x00, 0x00,
    0x00, 0x00, 0x00, 0x00, 0x00, 0x00, 0x00, 0x00, 0x00, 0x00, 0x00, 0x00, 0x00, 0x00, 0x00, 0x00,
    0x00, 0x00, 0x00, 0x00, 0x00, 0x00, 0x00, 0x00, 0x00, 0x00, 0x00, 0x00, 0x00, 0x00, 0x00, 0x00,
    0x00, 0x00, 0x00, 0x00, 0x00, 0x00, 0x00, 0x00, 0x00, 0x00, 0x00, 0x00, 0x00, 0x00, 0x00, 0x00,
    0x00, 0x00, 0x00, 0x00, 0x00, 0x00, 0x00, 0x00, 0x00, 0x00, 0x00, 0x00, 0x00, 0x00, 0x00, 0x00,
    0x00, 0x00, 0x00, 0x00, 0x00, 0x00, 0x00, 0x00, 0x00, 0x00, 0x00, 0x00, 0x00, 0x00, 0x00, 0x00,
    0x00, 0x00, 0x00, 0x00, 0x00, 0x00, 0x00, 0x00, 0x00, 0x00, 0x00, 0x00, 0x00, 0x00, 0x00, 0x00,
    0x00, 0x00, 0x00, 0x00, 0x00, 0x00, 0x00, 0x00, 0x00, 0x00, 0x00, 0x00, 0x00, 0x00, 0x00, 0x00,
    0x00, 0x00, 0x00, 0x00, 0x00, 0x00, 0x00, 0x00, 0x00, 0x00, 0x00, 0x00, 0x00, 0x00, 0x00, 0x00,
    0x00, 0x00, 0x00, 0x00, 0x00, 0x00, 0x00, 0x00, 0x00, 0x00, 0x00, 0x00, 0x00, 0x00, 0x00, 0x00,
    0x00, 0x00, 0x00, 0x00, 0x00, 0x00, 0x00, 0x01, 0xFF, 0xFF, 0x01, 0x00, 0x00, 0x03, 0x62, 0xCA,
    0x51, 0xD6, 0x98, 0xD5, 0xFF, 0xFF, 0xFD, 0xF7, 0x7C, 0xFE, 0xFF, 0xBD, 0xFF, 0xFF, 0xFF, 0xFF,
    0x9C, 0xB2, 0xFF, 0x52, 0xA9, 0xFF, 0xB6, 0x12, 0xFF, 0xD7, 0x15, 0xFF, 0xBE, 0x53, 0xFF, 0xC6,
    0x74, 0xFF, 0xBE, 0x53, 0xFF, 0xB5, 0xF1, 0xFF, 0xB6, 0x12, 0xFF, 0xDE, 0xF9, 0xFF, 0xDE, 0xF9,
    0xFF, 0xDE, 0xFA, 0xFF, 0xCE, 0x98, 0xFF, 0xCE, 0x98, 0xFF, 0xE7, 0x3B, 0xFF, 0xCE, 0x57, 0xFF,
    0xC6, 0x35, 0xFF, 0x9C, 0xCF, 0xFF, 0x63, 0x09, 0xFF, 0x84, 0x0D, 0xFF, 0xAC, 0xF0, 0xFF, 0x94,
    0x2D, 0xFF, 0x18, 0xE1, 0xFF, 0x42, 0x65, 0xFF, 0x3A, 0x04, 0xFF, 0x32, 0x04, 0xFF, 0x3A, 0x04,
    0xFF, 0x32, 0x04, 0xFF, 0x31, 0xE3, 0xFF, 0x31, 0xC3, 0xFF, 0x29, 0xC3, 0xFF, 0x31, 0xC3, 0xFF,
    0x31, 0xA3, 0xFF, 0x18, 0xC1, 0xFF, 0x21, 0x42, 0xFF, 0xAD, 0xEE, 0xFF, 0x6C, 0x48, 0xFF, 0x74,
    0x87, 0xFF, 0xBE, 0xAD, 0xFF, 0x29, 0xA2, 0xFF, 0x28, 0xC3, 0xFF, 0xC5, 0x93, 0xFF, 0xFF, 0xFE,
    0xFF, 0xFF, 0xDD, 0xFF, 0xFF, 0x9C, 0xFF, 0xF6, 0xD9, 0xFF, 0xBC, 0x8F, 0xFF, 0x8A, 0xA9, 0xFF,
    0xEE, 0x77, 0xFF, 0xF7, 0x5A, 0xFF, 0xFF, 0x5A, 0xFF, 0xFF, 0x7B, 0xFF, 0xFF, 0x7B, 0xFF, 0xFF,
    0x7B, 0xFF, 0xFF, 0x9C, 0xFF, 0xFF, 0x9C, 0xFF, 0xFF, 0x9C, 0xFF, 0xF7, 0x7C, 0xFF, 0xFF, 0xFE,
    0xFF, 0xFF, 0xFF, 0xFF, 0xDE, 0xDA, 0xFF, 0x6A, 0xEA, 0xFF, 0x8C, 0x0D, 0xFF, 0xF7, 0x58, 0xFF,
    0x83, 0xCA, 0xFF, 0x62, 0xC6, 0xFF, 0x42, 0x45, 0xFF, 0x5A, 0xC8, 0xFF, 0xB5, 0x71, 0xFF, 0x6B,
    0x29, 0xFF, 0x42, 0x27, 0xFF, 0xFF, 0xDF, 0xFF, 0xFF, 0xBE, 0xF2, 0x9C, 0x50, 0x9A, 0x20, 0xC2,
    0x1D, 0x00, 0x00, 0x00, 0x00, 0x00, 0x00, 0x00, 0x00, 0x00, 0x00, 0x00, 0x00, 0x00, 0x00, 0x00,
    0x00, 0x00, 0x00, 0x00, 0x00, 0x00, 0x00, 0x00, 0x00, 0x00, 0x00, 0x00, 0x00, 0x00, 0x00, 0x00,
    0x00, 0x00, 0x00, 0x00, 0x00, 0x00, 0x00, 0x00, 0x00, 0x00, 0x01, 0xFF, 0xFF, 0x02, 0x00, 0x00,
    0x0F, 0x84, 0xCB, 0x77, 0xA6, 0x0E, 0xE3, 0xA5, 0xEE, 0xFE, 0xA6, 0x0E, 0xFD, 0xAE, 0x2F, 0xFF,
    0x74, 0x8B, 0xFF, 0x3A, 0xA5, 0xFF, 0x5B, 0xC8, 0xFF, 0x5B, 0xA7, 0xFF, 0x53, 0x87, 0xFF, 0x53,
    0x87, 0xFE, 0x53, 0x87, 0xFD, 0x53, 0x67, 0xD4, 0x5B, 0xC7, 0x90, 0x6C, 0x28, 0x5A, 0x3A, 0x85,
    0x28, 0x00, 0x00, 0x06, 0x00, 0x00, 0x00, 0xFF, 0xFF, 0x01, 0xFF, 0xFF, 0x01, 0x00, 0x00, 0x01,
    0x00, 0x00, 0x01, 0x00, 0x00, 0x01, 0x00, 0x00, 0x01, 0x7B, 0xEF, 0x02, 0xFF, 0xFF, 0x01, 0x00,
    0x00, 0x02, 0x32, 0x24, 0x1D, 0x5B, 0x87, 0x35, 0x3A, 0xC5, 0x1C, 0x00, 0x00, 0x02, 0x00, 0x00,
    0x00, 0x00, 0x00, 0x00, 0x00, 0x00, 0x00, 0x00, 0x00, 0x00, 0x00, 0x00, 0x00, 0x00, 0x00, 0x00,
    0x00, 0x00, 0x00, 0x00, 0x00, 0x00, 0x00, 0x00, 0x00, 0x00, 0x00, 0x00, 0x00, 0x00, 0x00, 0x00,
    0x00, 0x00, 0x00, 0x00, 0x04, 0x00, 0x00, 0x21, 0x00, 0x00, 0x21, 0x00, 0x00, 0x04, 0x00, 0x00,
    0x00, 0x00, 0x00, 0x00, 0x00, 0x00, 0x00, 0x00, 0x00, 0x00, 0x00, 0x00, 0x00, 0x00, 0x00, 0x00,
    0x00, 0x00, 0x00, 0x00, 0x00, 0x00, 0x00, 0x00, 0x00, 0x00, 0x00, 0x00, 0x00, 0x00, 0x00, 0x00,
    0x00, 0x00, 0x00, 0x00, 0x00, 0x00, 0x00, 0x00, 0x00, 0x00, 0x00, 0x00, 0x00, 0x00, 0x00, 0x00,
    0x00, 0x00, 0x00, 0x00, 0x00, 0x00, 0x00, 0x00, 0x00, 0x00, 0x00, 0x00, 0x00, 0x00, 0x00, 0x00,
    0x00, 0x00, 0x00, 0x00, 0x00, 0x00, 0x00, 0x00, 0x00, 0x00, 0x00, 0x00, 0x00, 0x00, 0x00, 0x00,
    0x00, 0x00, 0x00, 0x00, 0x00, 0x00, 0x00, 0x00, 0x00, 0x00, 0x00, 0x00, 0x00, 0x00, 0x00, 0x00,
    0x00, 0x00, 0x00, 0x00, 0x00, 0x00, 0x00, 0x00, 0x00, 0x00, 0x00, 0x00, 0x00, 0x00, 0x00, 0x00,
    0x00, 0x00, 0x00, 0x00, 0x00, 0x00, 0x00, 0x00, 0x00, 0x00, 0x00, 0x00, 0x00, 0x00, 0x00, 0x00,
    0x00, 0x00, 0x00, 0x00, 0x00, 0x00, 0x00, 0x00, 0x00, 0x00, 0x00, 0x00, 0x00, 0x00, 0x00, 0x00,
    0x00, 0x00, 0x00, 0x00, 0x00, 0x00, 0x01, 0xFF, 0xFF, 0x01, 0x07, 0xE0, 0x01, 0x00, 0x00, 0x00,
    0x00, 0x00, 0x00, 0x28, 0xC1, 0x26, 0xA4, 0xF2, 0x98, 0xFF, 0xDE, 0xF9, 0xFF, 0x9D, 0xFF, 0xF7,
    0x9D, 0xFF, 0xF7, 0xBD, 0xFF, 0xFF, 0xFF, 0xFF, 0x8C, 0x30, 0xFF, 0x5A, 0xE9, 0xFF, 0xBE, 0x52,
    0xFF, 0xCF, 0x15, 0xFF, 0xBE, 0x33, 0xFF, 0xC6, 0x94, 0xFF, 0xB6, 0x32, 0xFF, 0xAD, 0xD1, 0xFF,
    0xCE, 0x96, 0xFF, 0xE7, 0x1A, 0xFF, 0xDE, 0xF9, 0xFF, 0xDF, 0x1A, 0xFF, 0xD6, 0xB9, 0xFF, 0xCE,
    0x57, 0xFF, 0xDF, 0x1A, 0xFF, 0xD6, 0xB9, 0xFF, 0xCE, 0x76, 0xFF, 0x9C, 0xCF, 0xFF, 0x31, 0xA4,
    0xFF, 0x73, 0x8B, 0xFF, 0xD6, 0x55, 0xFF, 0x49, 0xE5, 0xFF, 0x29, 0xA3, 0xFF, 0x32, 0x04, 0xFF,
    0x31, 0xE4, 0xFF, 0x31, 0xE4, 0xFF, 0x31, 0xC3, 0xFF, 0x31, 0xC3, 0xFF, 0x29, 0x83, 0xFF, 0x29,
    0x83, 0xFF, 0x29, 0x83, 0xFF, 0x21, 0x21, 0xFF, 0x08, 0x60, 0xFF, 0x18, 0xE1, 0xFF, 0x9C, 0xED,
    0xFF, 0xC6, 0x91, 0xFF, 0x32, 0x63, 0xFF, 0x32, 0x63, 0xFF, 0x9D, 0x8B, 0xFF, 0xA5, 0xAC, 0xFF,
    0x19, 0x01, 0xFF, 0x29, 0x03, 0xFF, 0xB4, 0xD0, 0xFF, 0xEE, 0xF8, 0xFF, 0xF7, 0x3A, 0xFF, 0xFF,
    0x7B, 0xFF, 0xE6, 0x36, 0xFF, 0x9B, 0x6B, 0xFF, 0xE6, 0x57, 0xFF, 0xF7, 0x19, 0xFF, 0xFF, 0x5A,
    0xFF, 0xFF, 0x5A, 0xFF, 0xFF, 0x7B, 0xFF, 0xF7, 0x7B, 0xFF, 0xF7, 0x7B, 0xFF, 0xFF, 0x7C, 0xFF,
    0xFF, 0xDD, 0xFF, 0xFF, 0xFF, 0xFF, 0xF7, 0xBE, 0xFF, 0xAD, 0x34, 0xFF, 0x62, 0xCA, 0xFF, 0x83,
    0xAD, 0xFF, 0xF7, 0x5A, 0xFF, 0x9C, 0xCE, 0xFF, 0x52, 0x65, 0xFF, 0x62, 0xC7, 0xFF, 0x39, 0xC5,
    0xFF, 0x18, 0xC1, 0xFF, 0x83, 0xEA, 0xFF, 0x84, 0x2B, 0xFF, 0x18, 0xE2, 0xFF, 0xB5, 0x95, 0xFF,
    0xFF, 0xFF, 0xFD, 0xDE, 0x99, 0xCE, 0x31, 0x45, 0x37, 0x00, 0x00, 0x01, 0x00, 0x00, 0x00, 0x00,
    0x00, 0x00, 0x00, 0x00, 0x01, 0x00, 0x00, 0x00, 0x00, 0x00, 0x00, 0x00, 0x00, 0x00, 0x00, 0x00,
    0x00, 0x00, 0x00, 0x00, 0x00, 0x00, 0x00, 0x00, 0x00, 0x00, 0x00, 0x00, 0x00, 0x00, 0x00, 0x00,
    0x00, 0x00, 0x00, 0xFF, 0xFF, 0x01, 0x00, 0x00, 0x02, 0x5B, 0x88, 0x56, 0x9D, 0xAD, 0xCF, 0xAE,
    0x4F, 0xFF, 0xAE, 0x2E, 0xFD, 0xA6, 0x0E, 0xFE, 0x5B, 0xC8, 0xFF, 0x43, 0x06, 0xFF, 0x5B, 0xE8,
    0xFF, 0x5B, 0xA7, 0xFF, 0x53, 0xA7, 0xFF, 0x53, 0x87, 0xFF, 0x53, 0xA7, 0xFF, 0x53, 0x87, 0xFD,
    0x53, 0xA7, 0xDD, 0x6C, 0x69, 0xA1, 0x74, 0x89, 0x69, 0x4B, 0x26, 0x39, 0x00, 0x00, 0x10, 0x00,
    0x00, 0x01, 0x00, 0x00, 0x00, 0x00, 0x00, 0x00, 0xFF, 0xFF, 0x01, 0xFF, 0xFF, 0x01, 0xFF, 0xFF,
    0x01, 0x00, 0x00, 0x00, 0x00, 0x00, 0x02, 0x29, 0xA3, 0x18, 0x63, 0xE9, 0x53, 0x6C, 0x49, 0x6D,
    0x4A, 0xE6, 0x38, 0x00, 0x00, 0x05, 0x07, 0xE0, 0x01, 0x00, 0x00, 0x00, 0x00, 0x00, 0x00, 0x00,
    0x00, 0x00, 0x00, 0x00, 0x00, 0x00, 0x00, 0x00, 0x00, 0x00, 0x00, 0x00, 0x00, 0x00, 0x00, 0x00,
    0x00, 0x00, 0x00, 0x00, 0x00, 0x00, 0x00, 0x00, 0x00, 0x00, 0x00, 0x00, 0x04, 0x00, 0x00, 0x21,
    0x00, 0x00, 0x21, 0x00, 0x00, 0x04, 0x00, 0x00, 0x00, 0x00, 0x00, 0x00, 0x00, 0x00, 0x00, 0x00,
    0x00, 0x00, 0x00, 0x00, 0x00, 0x00, 0x00, 0x00, 0x00, 0x00, 0x00, 0x00, 0x00, 0x00, 0x00, 0x00,
    0x00, 0x00, 0x00, 0x00, 0x00, 0x00, 0x00, 0x00, 0x00, 0x00, 0x00, 0x00, 0x00, 0x00, 0x00, 0x00,
    0x00, 0x00, 0x00, 0x00, 0x00, 0x00, 0x00, 0x00, 0x00, 0x00, 0x00, 0x00, 0x00, 0x00, 0x00, 0x00,
    0x00, 0x00, 0x00, 0x00, 0x00, 0x00, 0x00, 0x00, 0x00, 0x00, 0x00, 0x00, 0x00, 0x00, 0x00, 0x00,
    0x00, 0x00, 0x00, 0x00, 0x00, 0x00, 0x00, 0x00, 0x00, 0x00, 0x00, 0x00, 0x00, 0x00, 0x00, 0x00,
    0x00, 0x00, 0x00, 0x00, 0x00, 0x00, 0x00, 0x00, 0x00, 0x00, 0x00, 0x00, 0x00, 0x00, 0x00, 0x00,
    0x00, 0x00, 0x00, 0x00, 0x00, 0x00, 0x00, 0x00, 0x00, 0x00, 0x00, 0x00, 0x00, 0x00, 0x00, 0x00,
    0x00, 0x00, 0x00, 0x00, 0x00, 0x00, 0x00, 0x00, 0x00, 0x00, 0x00, 0x00, 0x00, 0x00, 0x00, 0x00,
    0x00, 0x00, 0x00, 0x00, 0x00, 0x00, 0x00, 0x00, 0x00, 0x00, 0x00, 0x00, 0x00, 0x00, 0x00, 0x00,
    0x00, 0x00, 0x00, 0x00, 0x01, 0xFF, 0xFF, 0x01, 0x00, 0x00, 0x07, 0x73, 0x0A, 0x61, 0xDE, 0xB9,
    0xDC, 0xFF, 0xFF, 0xFE, 0xFF, 0x7C, 0xFE, 0xF7, 0xBD, 0xFF, 0xF7, 0x9E, 0xFF, 0xFF, 0xFF, 0xFF,
    0x6B, 0x4D, 0xFF, 0x6B, 0x8A, 0xFF, 0xBE, 0x72, 0xFF, 0xC6, 0xD4, 0xFF, 0xBE, 0x53, 0xFF, 0xBE,
    0x73, 0xFF, 0xAD, 0xF1, 0xFF, 0xB6, 0x12, 0xFF, 0xDF, 0x19, 0xFF, 0xDE, 0xFA, 0xFF, 0xDE, 0xF9,
    0xFF, 0xE7, 0x1A, 0xFF, 0xDE, 0xD9, 0xFF, 0xCE, 0x78, 0xFF, 0xD6, 0xD9, 0xFF, 0xDE, 0xFA, 0xFF,
    0xD6, 0xB7, 0xFF, 0x9C, 0xEF, 0xFF, 0x4A, 0x87, 0xFF, 0x8C, 0x2D, 0xFF, 0xBD, 0x71, 0xFF, 0x21,
    0x02, 0xFF, 0x31, 0xE4, 0xFF, 0x29, 0xC4, 0xFF, 0x29, 0xC4, 0xFF, 0x29, 0xA3, 0xFF, 0x29, 0x83,
    0xFF, 0x21, 0x63, 0xFF, 0x29, 0x63, 0xFF, 0x21, 0x43, 0xFF, 0x18, 0xC1, 0xFF, 0x21, 0x01, 0xFF,
    0x21, 0x02, 0xFF, 0x41, 0xE5, 0xFF, 0xB5, 0x8F, 0xFF, 0x5B, 0x27, 0xFF, 0x42, 0xE4, 0xFF, 0x32,
    0x43, 0xFF, 0x21, 0x62, 0xFF, 0x7C, 0x49, 0xFF, 0x6B, 0x67, 0xFF, 0x08, 0x60, 0xFF, 0x10, 0x20,
    0xFF, 0x62, 0x88, 0xFF, 0x83, 0xCC, 0xFF, 0x8B, 0xAD, 0xFF, 0x7A, 0xEA, 0xFF, 0x61, 0xA5, 0xFF,
    0xD5, 0x73, 0xFF, 0xF7, 0x3A, 0xFF, 0xF7, 0x5A, 0xFF, 0xF7, 0x5A, 0xFF, 0xFF, 0x7B, 0xFF, 0xFF,
    0xBC, 0xFF, 0xFF, 0xFE, 0xFF, 0xFF, 0xFF, 0xFF, 0xFF, 0xDE, 0xFF, 0xCE, 0x58, 0xFF, 0x8C, 0x0E,
    0xFF, 0x62, 0xA9, 0xFF, 0x9C, 0x90, 0xFF, 0xF7, 0x7B, 0xFF, 0xAD, 0x31, 0xFF, 0x5A, 0x86, 0xFF,
    0x62, 0xE7, 0xFF, 0x6B, 0x28, 0xFF, 0x62, 0xA7, 0xFF, 0x31, 0x83, 0xFF, 0x5A, 0xA5, 0xFF, 0x73,
    0x68, 0xFF, 0x00, 0x20, 0xFF, 0x31, 0x85, 0xFF, 0xDE, 0xD9, 0xFF, 0xFF, 0xFF, 0xE9, 0x73, 0x4C,
    0x73, 0x00, 0x00, 0x12, 0x00, 0x00, 0x00, 0xFF, 0xFF, 0x01, 0x00, 0x00, 0x00, 0x00, 0x00, 0x00,
    0x00, 0x00, 0x00, 0x00, 0x00, 0x00, 0x00, 0x00, 0x00, 0x00, 0x00, 0x00, 0x00, 0x00, 0x00, 0x00,
    0x00, 0x00, 0x00, 0x00, 0x00, 0x00, 0x00, 0x00, 0x00, 0x00, 0x00, 0x7B, 0xE0, 0x02, 0xFF, 0xFF,
    0x01, 0x19, 0x62, 0x30, 0x8D, 0x4C, 0xA5, 0xAE, 0x6F, 0xF7, 0xAE, 0x2E, 0xFE, 0x95, 0xAD, 0xFE,
    0x4B, 0x26, 0xFF, 0x4B, 0x66, 0xFF, 0x5B, 0xC7, 0xFF, 0x53, 0xC7, 0xFF, 0x53, 0xA7, 0xFF, 0x53,
    0xA7, 0xFF, 0x53, 0xA7, 0xFE, 0x53, 0xA7, 0xFF, 0x53, 0xA7, 0xFE, 0x64, 0x08, 0xE2, 0x74, 0xC9,
    0xC3, 0x74, 0xA9, 0x9E, 0x64, 0x28, 0x5B, 0x53, 0x87, 0x3A, 0x21, 0xA3, 0x22, 0x00, 0x00, 0x08,
    0x00, 0x00, 0x00, 0x00, 0x00, 0x00, 0x00, 0x00, 0x09, 0x29, 0xE3, 0x21, 0x5B, 0x87, 0x37, 0x6C,
    0x49, 0x56, 0x74, 0x89, 0x93, 0x6C, 0x68, 0xA0, 0x5B, 0xA7, 0x48, 0x00, 0x00, 0x06, 0x07, 0xE0,
    0x01, 0x00, 0x00, 0x00, 0x00, 0x00, 0x00, 0x00, 0x00, 0x00, 0x00, 0x00, 0x00, 0x00, 0x00, 0x00,
    0x00, 0x00, 0x00, 0x00, 0x00, 0x00, 0x00, 0x00, 0x00, 0x00, 0x00, 0x00, 0x00, 0x00, 0x00, 0x00,
    0x00, 0x00, 0x00, 0x00, 0x04, 0x00, 0x00, 0x21, 0x00, 0x00, 0x21, 0x00, 0x00, 0x04, 0x00, 0x00,
    0x00, 0x00, 0x00, 0x00, 0x00, 0x00, 0x00, 0x00, 0x00, 0x00, 0x00, 0x00, 0x00, 0x00, 0x00, 0x00,
    0x00, 0x00, 0x00, 0x00, 0x00, 0x00, 0x00, 0x00, 0x00, 0x00, 0x00, 0x00, 0x00, 0x00, 0x00, 0x00,
    0x00, 0x00, 0x00, 0x00, 0x00, 0x00, 0x00, 0x00, 0x00, 0x00, 0x00, 0x00, 0x00, 0x00, 0x00, 0x00,
    0x00, 0x00, 0x00, 0x00, 0x00, 0x00, 0x00, 0x00, 0x00, 0x00, 0x00, 0x00, 0x00, 0x00, 0x00, 0x00,
    0x00, 0x00, 0x00, 0x00, 0x00, 0x00, 0x00, 0x00, 0x00, 0x00, 0x00, 0x00, 0x00, 0x00, 0x00, 0x00,
    0x00, 0x00, 0x00, 0x00, 0x00, 0x00, 0x00, 0x00, 0x00, 0x00, 0x00, 0x00, 0x00, 0x00, 0x00, 0x00,
    0x00, 0x00, 0x00, 0x00, 0x00, 0x00, 0x00, 0x00, 0x00, 0x00, 0x00, 0x00, 0x00, 0x00, 0x00, 0x00,
    0x00, 0x00, 0x00, 0x00, 0x00, 0x00, 0x00, 0x00, 0x00, 0x00, 0x00, 0x00, 0x00, 0x00, 0x00, 0x00,
    0x00, 0x00, 0x00, 0x00, 0x00, 0x00, 0x00, 0x00, 0x00, 0x00, 0x00, 0x00, 0x00, 0x00, 0x00, 0x00,
    0x00, 0x00, 0x00, 0x00, 0x08, 0x61, 0x12, 0x00, 0x60, 0x26, 0x28, 0xE3, 0x10, 0x00, 0x20, 0x00,
    0x29, 0x03, 0x2E, 0xB5, 0x33, 0xA4, 0xFF, 0xDE, 0xFA, 0xF7, 0x9D, 0xFD, 0xF7, 0x9D, 0xFE, 0xFF,
    0xDE, 0xFF, 0xFF, 0xFF, 0xFF, 0xE6, 0xFB, 0xFF, 0x52, 0xA9, 0xFF, 0x5B, 0x48, 0xFF, 0x95, 0x4E,
    0xFF, 0xBE, 0x72, 0xFF, 0xC6, 0xB4, 0xFF, 0xB6, 0x11, 0xFF, 0xAD, 0xD1, 0xFF, 0xCE, 0x96, 0xFF,
    0xE7, 0x3A, 0xFF, 0xDE, 0xF9, 0xFF, 0xDF, 0x1A, 0xFF, 0xE7, 0x3A, 0xFF, 0xE7, 0x1A, 0xFF, 0xCE,
    0x98, 0xFF, 0xD6, 0xB9, 0xFF, 0xDE, 0xFA, 0xFF, 0xDE, 0xF8, 0xFF, 0xA5, 0x50, 0xFF, 0x5B, 0x09,
    0xFF, 0x84, 0x0D, 0xFF, 0x9C, 0x4E, 0xFF, 0x21, 0x02, 0xFF, 0x3A, 0x05, 0xFF, 0x31, 0xC4, 0xFF,
    0x29, 0x83, 0xFF, 0x29, 0x63, 0xFF, 0x21, 0x43, 0xFF, 0x21, 0x43, 0xFF, 0x21, 0x23, 0xFF, 0x18,
    0xE2, 0xFF, 0x52, 0x87, 0xFF, 0xA4, 0xEF, 0xFF, 0xAD, 0x30, 0xFF, 0xAD, 0x50, 0xFF, 0xA4, 0xED,
    0xFF, 0x29, 0x62, 0xFF, 0x4A, 0x84, 0xFF, 0x31, 0xE3, 0xFF, 0x00, 0x60, 0xFF, 0x5B, 0x06, 0xFF,
    0xAD, 0x4C, 0xFF, 0x8C, 0x6A, 0xFF, 0x31, 0xA4, 0xFF, 0x00, 0x00, 0xFF, 0x10, 0x40, 0xFF, 0x10,
    0x40, 0xFF, 0x18, 0x20, 0xFF, 0x6A, 0x27, 0xFF, 0xC5, 0x12, 0xFF, 0xF7, 0x19, 0xFF, 0xFF, 0x9C,
    0xFF, 0xFF, 0xDC, 0xFF, 0xFF, 0xDD, 0xFF, 0xFF, 0xBD, 0xFF, 0xE7, 0x3B, 0xFF, 0xCE, 0x37, 0xFF,
    0x9C, 0xB1, 0xFF, 0x73, 0x4B, 0xFF, 0x7B, 0x8C, 0xFF, 0xCE, 0x36, 0xFF, 0xFF, 0xFD, 0xFF, 0xA4,
    0xF1, 0xFF, 0x52, 0x46, 0xFF, 0x73, 0x28, 0xFF, 0x4A, 0x46, 0xFF, 0x94, 0x4B, 0xFF, 0x9C, 0xAC,
    0xFF, 0x31, 0x84, 0xFF, 0x31, 0x63, 0xFF, 0x73, 0x67, 0xFF, 0x42, 0x04, 0xFF, 0x00, 0x20, 0xFF,
    0x6B, 0x0A, 0xFF, 0xFF, 0xFF, 0xFA, 0xCE, 0x17, 0xBF, 0x39, 0x44, 0x3A, 0x00, 0x00, 0x00, 0x00,
    0x00, 0x00, 0x00, 0x00, 0x00, 0x00, 0x00, 0x00, 0x00, 0x00, 0x00, 0x00, 0x00, 0x01, 0x00, 0x00,
    0x00, 0x00, 0x00, 0x00, 0x00, 0x00, 0x00, 0x00, 0x00, 0x00, 0x00, 0x00, 0x00, 0x00, 0x00, 0x00,
    0x00, 0x00, 0x00, 0x00, 0x00, 0x01, 0xFF, 0xFF, 0x01, 0x00, 0x00, 0x0D, 0x74, 0x49, 0x6C, 0xAE,
    0x2E, 0xDD, 0xB6, 0x8F, 0xFF, 0x85, 0x2C, 0xFE, 0x3A, 0xC5, 0xFF, 0x53, 0xA7, 0xFF, 0x5B, 0xC7,
    0xFF, 0x5B, 0xC7, 0xFF, 0x5B, 0xA7, 0xFF, 0x5B, 0xA7, 0xFF, 0x5B, 0xA7, 0xFF, 0x5B, 0xA7, 0xFE,
    0x53, 0xA7, 0xFE, 0x64, 0x08, 0xFF, 0x6C, 0x88, 0xFD, 0x74, 0xC9, 0xEC, 0x7D, 0x09, 0xC4, 0x74,
    0xE9, 0xB1, 0x6C, 0x89, 0x8D, 0x64, 0x28, 0x54, 0x64, 0x09, 0x3C, 0x6C, 0x48, 0x3A, 0x64, 0x28,
    0x4A, 0x64, 0x48, 0x82, 0x74, 0xA9, 0xAC, 0x74, 0x89, 0xB6, 0x6C, 0x48, 0xD7, 0x6C, 0x48, 0xCC,
    0x63, 0xE7, 0x55, 0x00, 0x00, 0x07, 0xFF, 0xE0, 0x01, 0x00, 0x00, 0x00, 0x00, 0x00, 0x00, 0x00,
    0x00, 0x00, 0x00, 0x00, 0x00, 0x00, 0x00, 0x00, 0x00, 0x00, 0x00, 0x00, 0x00, 0x00, 0x00, 0x00,
    0x00, 0x00, 0x00, 0x00, 0x00, 0x00, 0x00, 0x00, 0x00, 0x00, 0x00, 0x00, 0x04, 0x00, 0x00, 0x21,
    0x00, 0x00, 0x21, 0x00, 0x00, 0x04, 0x00, 0x00, 0x00, 0x00, 0x00, 0x00, 0x00, 0x00, 0x00, 0x00,
    0x00, 0x00, 0x00, 0x00, 0x00, 0x00, 0x00, 0x00, 0x00, 0x00, 0x00, 0x00, 0x00, 0x00, 0x00, 0x00,
    0x00, 0x00, 0x00, 0x00, 0x00, 0x00, 0x00, 0x00, 0x00, 0x00, 0x00, 0x00, 0x00, 0x00, 0x00, 0x00,
    0x00, 0x00, 0x00, 0x00, 0x00, 0x00, 0x00, 0x00, 0x00, 0x00, 0x00, 0x00, 0x00, 0x00, 0x00, 0x00,
    0x00, 0x00, 0x00, 0x00, 0x00, 0x00, 0x00, 0x00, 0x00, 0x00, 0x00, 0x00, 0x00, 0x00, 0x00, 0x00,
    0x00, 0x00, 0x00, 0x00, 0x00, 0x00, 0x00, 0x00, 0x00, 0x00, 0x00, 0x00, 0x00, 0x00, 0x00, 0x00,
    0x00, 0x00, 0x00, 0x00, 0x00, 0x00, 0x00, 0x00, 0x00, 0x00, 0x00, 0x00, 0x00, 0x00, 0x00, 0x00,
    0x00, 0x00, 0x00, 0x00, 0x00, 0x00, 0x00, 0x00, 0x00, 0x00, 0x00, 0x00, 0x00, 0x00, 0x00, 0x00,
    0x00, 0x00, 0x00, 0x00, 0x00, 0x00, 0x00, 0x00, 0x00, 0x00, 0x00, 0x00, 0x00, 0x00, 0x00, 0x00,
    0x00, 0x00, 0x00, 0x00, 0x00, 0x00, 0x00, 0x00, 0x00, 0x00, 0x00, 0x06, 0x42, 0xC5, 0x4C, 0x84,
    0xCA, 0x89, 0x63, 0x88, 0x49, 0x00, 0x00, 0x04, 0x83, 0xAD, 0x5E, 0xDE, 0xB9, 0xE1, 0xFF, 0xFF,
    0xFE, 0xF7, 0xBE, 0xFD, 0xFF, 0xFF, 0xFF, 0xFF, 0xFF, 0xFF, 0xEF, 0x3C, 0xFF, 0x7B, 0xCE, 0xFF,
    0x63, 0x2A, 0xFF, 0x3A, 0x65, 0xFF, 0x74, 0x2A, 0xFF, 0xBE, 0x72, 0xFF, 0xBE, 0x72, 0xFF, 0xA5,
    0x8F, 0xFF, 0xBE, 0x13, 0xFF, 0xDF, 0x19, 0xFF, 0xDE, 0xF9, 0xFF, 0xDE, 0xF9, 0xFF, 0xE7, 0x1A,
    0xFF, 0xE7, 0x3A, 0xFF, 0xE7, 0x3A, 0xFF, 0xCE, 0x98, 0xFF, 0xD6, 0xB8, 0xFF, 0xD6, 0xB9, 0xFF,
    0xE7, 0x19, 0xFF, 0x9C, 0xCF, 0xFF, 0x42, 0x46, 0xFF, 0x8C, 0x2E, 0xFF, 0xA4, 0x8F, 0xFF, 0x20,
    0xE1, 0xFF, 0x42, 0x46, 0xFF, 0x31, 0xE4, 0xFF, 0x31, 0xA4, 0xFF, 0x29, 0x63, 0xFF, 0x21, 0x43,
    0xFF, 0x29, 0x64, 0xFF, 0x10, 0x81, 0xFF, 0x4A, 0x47, 0xFF, 0xCE, 0x54, 0xFF, 0xD6, 0x95, 0xFF,
    0x9C, 0xEF, 0xFF, 0xC6, 0x32, 0xFF, 0xDE, 0xD5, 0xFF, 0x84, 0x2B, 0xFF, 0x29, 0x82, 0xFF, 0x21,
    0x21, 0xFF, 0x6B, 0x68, 0xFF, 0xC6, 0x30, 0xFF, 0x94, 0xEC, 0xFF, 0x8C, 0x8A, 0xFF, 0x9C, 0xEC,
    0xFF, 0x52, 0x86, 0xFF, 0x18, 0xC2, 0xFF, 0x21, 0x03, 0xFF, 0x20, 0xE3, 0xFF, 0xA4, 0x2E, 0xFF,
    0xA3, 0xCD, 0xFF, 0xAC, 0x4F, 0xFF, 0xCD, 0xF6, 0xFF, 0xDE, 0x98, 0xFF, 0xC5, 0xF5, 0xFF, 0xAC,
    0xF2, 0xFF, 0x83, 0xCD, 0xFF, 0x73, 0x0A, 0xFF, 0x7B, 0x6C, 0xFF, 0xAD, 0x34, 0xFF, 0xF7, 0x7B,
    0xFF, 0xFF, 0xDC, 0xFF, 0x94, 0x4E, 0xFF, 0x41, 0x63, 0xFF, 0x62, 0x87, 0xFF, 0x62, 0xE7, 0xFF,
    0x41, 0xE5, 0xFF, 0x9C, 0x6B, 0xFF, 0x83, 0xA8, 0xFF, 0x20, 0xE2, 0xFF, 0x18, 0xC2, 0xFF, 0x39,
    0xE4, 0xFF, 0x63, 0x27, 0xFF, 0x31, 0x63, 0xFF, 0x10, 0x81, 0xFF, 0xC5, 0xF6, 0xFF, 0xFF, 0xFF,
    0xEA, 0x93, 0xEF, 0x6E, 0x00, 0x00, 0x13, 0x29, 0x62, 0x1C, 0x6B, 0x07, 0x31, 0x42, 0x24, 0x16,
    0x00, 0x00, 0x00, 0xF8, 0x00, 0x01, 0x00, 0x00, 0x01, 0x00, 0x00, 0x00, 0x00, 0x00, 0x00, 0x00,
    0x00, 0x00, 0x00, 0x00, 0x00, 0x00, 0x00, 0x00, 0x00, 0x00, 0x00, 0x00, 0x00, 0x01, 0xFF, 0xFF,
    0x01, 0x7B, 0xEF, 0x02, 0x3A, 0x03, 0x32, 0x8D, 0x2C, 0xA2, 0xB6, 0xD0, 0xF3, 0x84, 0xEB, 0xFF,
    0x3A, 0xA5, 0xFF, 0x5B, 0xA7, 0xFF, 0x5B, 0xC7, 0xFF, 0x5B, 0xA7, 0xFF, 0x5B, 0xC7, 0xFF, 0x5B,
    0xC7, 0xFF, 0x5B, 0xC7, 0xFF, 0x5B, 0xC7, 0xFF, 0x5B, 0xC7, 0xFF, 0x64, 0x08, 0xFE, 0x6C, 0x89,
    0xFE, 0x6C, 0xA9, 0xFE, 0x6C, 0xA8, 0xFB, 0x74, 0xE9, 0xFD, 0x7D, 0x2A, 0xF0, 0x7D, 0x0A, 0xC8,
    0x74, 0xE9, 0xB9, 0x74, 0xC9, 0xB7, 0x74, 0xE9, 0xBB, 0x74, 0xC9, 0xE1, 0x6C, 0x68, 0xFC, 0x64,
    0x28, 0xFB, 0x6C, 0x48, 0xF0, 0x6C, 0x68, 0xB4, 0x5B, 0xA7, 0x49, 0x00, 0x00, 0x07, 0xFF, 0xE0,
    0x01, 0x00, 0x00, 0x00, 0x00, 0x00, 0x00, 0x00, 0x00, 0x00, 0x00, 0x00, 0x00, 0x00, 0x00, 0x00,
    0x00, 0x00, 0x00, 0x00, 0x00, 0x00, 0x00, 0x00, 0x00, 0x00, 0x00, 0x00, 0x00, 0x00, 0x00, 0x00,
    0x00, 0x00, 0x00, 0x00, 0x04, 0x00, 0x00, 0x21, 0x00, 0x00, 0x1F, 0x00, 0x00, 0x02, 0x00, 0x00,
    0x00, 0x00, 0x00, 0x00, 0x00, 0x00, 0x00, 0x00, 0x00, 0x00, 0x00, 0x00, 0x00, 0x00, 0x00, 0x00,
    0x00, 0x00, 0x00, 0x00, 0x00, 0x00, 0x00, 0x00, 0x00, 0x00, 0x00, 0x00, 0x00, 0x00, 0x00, 0x00,
    0x00, 0x00, 0x00, 0x00, 0x00, 0x00, 0x00, 0x00, 0x00, 0x00, 0x00, 0x00, 0x00, 0x00, 0x00, 0x00,
    0x00, 0x00, 0x00, 0x00, 0x00, 0x00, 0x00, 0x00, 0x00, 0x00, 0x00, 0x00, 0x00, 0x00, 0x00, 0x00,
    0x00, 0x00, 0x00, 0x00, 0x00, 0x00, 0x00, 0x00, 0x00, 0x00, 0x00, 0x00, 0x00, 0x00, 0x00, 0x00,
    0x00, 0x00, 0x00, 0x00, 0x00, 0x00, 0x00, 0x00, 0x00, 0x00, 0x00, 0x00, 0x00, 0x00, 0x00, 0x00,
    0x00, 0x00, 0x00, 0x00, 0x00, 0x00, 0x00, 0x00, 0x00, 0x00, 0x00, 0x00, 0x00, 0x00, 0x00, 0x00,
    0x00, 0x00, 0x00, 0x00, 0x00, 0x00, 0x00, 0x00, 0x00, 0x00, 0x00, 0x00, 0x00, 0x00, 0x00, 0x00,
    0x00, 0x00, 0x00, 0x00, 0x00, 0x00, 0x00, 0x00, 0x00, 0x00, 0x00, 0x00, 0x00, 0x00, 0x00, 0x00,
    0x01, 0x19, 0x23, 0x2A, 0x74, 0x67, 0x8D, 0xCF, 0x2E, 0xDD, 0xAD, 0xED, 0xA4, 0x31, 0xC4, 0x3D,
    0x8C, 0x0F, 0x66, 0xDE, 0x99, 0xDA, 0xEF, 0x3C, 0xFD, 0xE7, 0x1B, 0xFD, 0xDE, 0xDA, 0xFF, 0xBD,
    0xD6, 0xFF, 0x83, 0xCD, 0xFF, 0x63, 0x09, 0xFF, 0x7C, 0x0C, 0xFF, 0x42, 0xA5, 0xFF, 0x8D, 0x0D,
    0xFF, 0xBE, 0xB3, 0xFF, 0xA5, 0xD0, 0xFF, 0xAD, 0xF2, 0xFF, 0xD6, 0xD7, 0xFF, 0xE7, 0x3A, 0xFF,
    0xDE, 0xF9, 0xFF, 0xE7, 0x3A, 0xFF, 0xE7, 0x3B, 0xFF, 0xEF, 0x5B, 0xFF, 0xEF, 0x7B, 0xFF, 0xD6,
    0xD9, 0xFF, 0xD6, 0xD9, 0xFF, 0xE7, 0x1A, 0xFF, 0xDE, 0xF8, 0xFF, 0x7C, 0x0C, 0xFF, 0x42, 0x26,
    0xFF, 0x9C, 0xD0, 0xFF, 0xBD, 0x73, 0xFF, 0x41, 0xC5, 0xFF, 0x31, 0xA4, 0xFF, 0x31, 0xE5, 0xFF,
    0x29, 0x84, 0xFF, 0x21, 0x43, 0xFF, 0x21, 0x43, 0xFF, 0x21, 0x23, 0xFF, 0x08, 0x40, 0xFF, 0x9C,
    0xCF, 0xFF, 0xCE, 0x94, 0xFF, 0x31, 0xA3, 0xFF, 0x00, 0x20, 0xFF, 0x19, 0x01, 0xFF, 0x73, 0xAB,
    0xFF, 0xD6, 0xB5, 0xFF, 0x3A, 0x05, 0xFF, 0x42, 0x45, 0xFF, 0xDE, 0xD2, 0xFF, 0x84, 0x2B, 0xFF,
    0x08, 0x81, 0xFF, 0x00, 0x00, 0xFF, 0x6B, 0x69, 0xFF, 0xAD, 0x2E, 0xFF, 0x42, 0x05, 0xFF, 0x18,
    0xC2, 0xFF, 0x18, 0xA2, 0xFF, 0x5A, 0x48, 0xFF, 0x61, 0xC7, 0xFF, 0x59, 0xA6, 0xFF, 0x83, 0x0B,
    0xFF, 0x83, 0x6C, 0xFF, 0x73, 0x0A, 0xFF, 0x7B, 0x2B, 0xFF, 0x9C, 0x6F, 0xFF, 0xCE, 0x57, 0xFF,
    0xF7, 0x9D, 0xFF, 0xF7, 0x5B, 0xFF, 0xD6, 0x54, 0xFF, 0x9C, 0x4E, 0xFF, 0x41, 0x23, 0xFF, 0x62,
    0x26, 0xFF, 0x62, 0x67, 0xFF, 0x6B, 0x08, 0xFF, 0x62, 0xE8, 0xFF, 0x49, 0xE5, 0xFF, 0x5A, 0x45,
    0xFF, 0x8B, 0xA9, 0xFF, 0x5A, 0x86, 0xFF, 0x08, 0x81, 0xFF, 0x31, 0x84, 0xFF, 0x4A, 0x25, 0xFF,
    0x10, 0xA1, 0xFF, 0x41, 0xE7, 0xFF, 0xD6, 0x78, 0xF7, 0xA4, 0x4F, 0xB3, 0x5A, 0x67, 0x6A, 0x94,
    0x4B, 0x85, 0xA4, 0xEB, 0x98, 0x73, 0xA7, 0x54, 0x10, 0x82, 0x0E, 0x00, 0x00, 0x00, 0x00, 0x00,
    0x00, 0x00, 0x00, 0x00, 0x00, 0x00, 0x00, 0x00, 0x00, 0x00, 0x00, 0x00, 0x00, 0x00, 0x00, 0x00,
    0x00, 0x00, 0x00, 0x00, 0x00, 0x00, 0x00, 0x00, 0x00, 0x00, 0x00, 0x00, 0x00, 0x00, 0x04, 0x5B,
    0x47, 0x48, 0xA5, 0xEE, 0xBD, 0x8D, 0x6C, 0xFD, 0x3A, 0xA5, 0xFE, 0x5B, 0xA7, 0xFF, 0x5B, 0xC7,
    0xFF, 0x5B, 0xC7, 0xFF, 0x5B, 0xC7, 0xFF, 0x5B, 0xC8, 0xFF, 0x5B, 0xC8, 0xFF, 0x5B, 0xE8, 0xFF,
    0x5B, 0xC7, 0xFF, 0x64, 0x08, 0xFF, 0x6C, 0x89, 0xFF, 0x74, 0xC9, 0xFE, 0x74, 0xC9, 0xFE, 0x74,
    0xA9, 0xFD, 0x74, 0xA9, 0xFF, 0x74, 0xA9, 0xF9, 0x74, 0xA9, 0xFA, 0x6C, 0x89, 0xFA, 0x6C, 0x69,
    0xF9, 0x6C, 0x68, 0xFD, 0x6C, 0x69, 0xFD, 0x6C, 0x69, 0xFD, 0x6C, 0x89, 0xD2, 0x6C, 0x89, 0x73,
    0x3A, 0x85, 0x28, 0x00, 0x00, 0x03, 0x00, 0x00, 0x00, 0x00, 0x00, 0x00, 0x00, 0x00, 0x00, 0x00,
    0x00, 0x00, 0x00, 0x00, 0x00, 0x00, 0x00, 0x00, 0x00, 0x00, 0x00, 0x00, 0x00, 0x00, 0x00, 0x00,
    0x00, 0x00, 0x00, 0x00, 0x00, 0x00, 0x00, 0x00, 0x00, 0x00, 0x00, 0x00, 0x02, 0x00, 0x00, 0x1F,
    0x00, 0x20, 0x26, 0x18, 0xE0, 0x09, 0x39, 0xE0, 0x04, 0x31, 0x80, 0x05, 0x31, 0x80, 0x05, 0x31,
    0x80, 0x05, 0x31, 0x80, 0x05, 0x31, 0x80, 0x05, 0x31, 0x80, 0x05, 0x31, 0x80, 0x05, 0x31, 0x80,
    0x05, 0x31, 0x80, 0x05, 0x31, 0x80, 0x05, 0x31, 0x80, 0x05, 0x31, 0x80, 0x05, 0x31, 0x80, 0x05,
    0x31, 0x80, 0x05, 0x31, 0x80, 0x05, 0x31, 0x80, 0x05, 0x31, 0x80, 0x05, 0x31, 0x80, 0x05, 0x31,
    0x80, 0x05, 0x31, 0x80, 0x05, 0x31, 0x80, 0x05, 0x31, 0x80, 0x05, 0x31, 0x80, 0x05, 0x01, 0x80,
    0x05, 0x31, 0x80, 0x05, 0x31, 0x80, 0x05, 0x31, 0x80, 0x05, 0x31, 0x80, 0x05, 0x31, 0x80, 0x05,
    0x31, 0x80, 0x05, 0x31, 0x80, 0x05, 0x31, 0x80, 0x05, 0x31, 0x80, 0x05, 0x31, 0x80, 0x05, 0x31,
    0x80, 0x05, 0x31, 0x80, 0x05, 0x01, 0x80, 0x05, 0x01, 0xE0, 0x04, 0x01, 0xE0, 0x04, 0x01, 0xE0,
    0x04, 0x01, 0xE0, 0x04, 0x01, 0xE0, 0x04, 0x31, 0x80, 0x05, 0x31, 0x80, 0x05, 0x01, 0x80, 0x05,
    0x01, 0xE0, 0x04, 0x00, 0x00, 0x04, 0x08, 0x41, 0x1C, 0x74, 0x4B, 0x77, 0x7C, 0xCA, 0xBF, 0x8D,
    0x2A, 0xF0, 0xC6, 0x8F, 0xF4, 0xAD, 0xAF, 0xAC, 0x41, 0xC5, 0x79, 0x49, 0xE6, 0xB0, 0x5A, 0x88,
    0xF8, 0x62, 0xC9, 0xFF, 0x5A, 0xA8, 0xFE, 0x52, 0xC8, 0xFF, 0x7C, 0x0D, 0xFF, 0xAD, 0xD3, 0xFF,
    0x52, 0xE7, 0xFF, 0x63, 0xA8, 0xFF, 0xA5, 0xF1, 0xFF, 0xAD, 0xF1, 0xFF, 0xAD, 0xD1, 0xFF, 0xCE,
    0xD7, 0xFF, 0xE7, 0x3A, 0xFF, 0xDF, 0x19, 0xFF, 0xE7, 0x3A, 0xFF, 0xE7, 0x5B, 0xFF, 0xEF, 0x5B,
    0xFF, 0xEF, 0x7B, 0xFF, 0xEF, 0x7C, 0xFF, 0xD6, 0xD9, 0xFF, 0xCE, 0x98, 0xFF, 0xEF, 0x7B, 0xFF,
    0xB5, 0xD4, 0xFF, 0x6B, 0x8B, 0xFF, 0x7C, 0x0D, 0xFF, 0x94, 0xD0, 0xFF, 0x9C, 0xD0, 0xFF, 0x9C,
    0x6F, 0xFF, 0x21, 0x23, 0xFF, 0x29, 0x84, 0xFF, 0x21, 0x43, 0xFF, 0x21, 0x23, 0xFF, 0x21, 0x43,
    0xFF, 0x21, 0x23, 0xFF, 0x10, 0xA1, 0xFF, 0x9D, 0x10, 0xFF, 0xBD, 0xF1, 0xFF, 0x29, 0x63, 0xFF,
    0x21, 0x23, 0xFF, 0x10, 0xC1, 0xFF, 0x10, 0xA1, 0xFF, 0xAD, 0x70, 0xFF, 0x63, 0x29, 0xFF, 0x73,
    0xCA, 0xFF, 0xB5, 0x8F, 0xFF, 0x21, 0x23, 0xFF, 0x08, 0x81, 0xFF, 0x08, 0x61, 0xFF, 0x4A, 0x66,
    0xFF, 0xAD, 0x8F, 0xFF, 0x63, 0x28, 0xFF, 0x29, 0x43, 0xFF, 0x29, 0x64, 0xFF, 0x08, 0x20, 0xFF,
    0x18, 0x41, 0xFF, 0x83, 0x6C, 0xFF, 0xB5, 0x11, 0xFF, 0xAC, 0xB0, 0xFF, 0xC5, 0xF4, 0xFF, 0xE7,
    0x3A, 0xFF, 0xF7, 0xBC, 0xFF, 0xE7, 0x19, 0xFF, 0xC5, 0xB3, 0xFF, 0xBD, 0x91, 0xFF, 0xAD, 0x0F,
    0xFF, 0x49, 0xA5, 0xFF, 0x49, 0xA5, 0xFF, 0x72, 0xC7, 0xFF, 0xBD, 0x4F, 0xFF, 0x83, 0xAB, 0xFF,
    0x52, 0x87, 0xFF, 0x31, 0x64, 0xFF, 0x7B, 0x8A, 0xFF, 0xE6, 0xB3, 0xFF, 0x9C, 0x6C, 0xFF, 0x21,
    0x02, 0xFF, 0x3A, 0x05, 0xFF, 0x63, 0x27, 0xFF, 0x42, 0x46, 0xFF, 0x08, 0x41, 0xFF, 0x39, 0x84,
    0xFF, 0x72, 0xE8, 0xF9, 0xCE, 0x12, 0xEC, 0xB5, 0x6F, 0xEE, 0x8C, 0x69, 0xD2, 0x7C, 0x28, 0x8E,
    0x4A, 0xC7, 0x3E, 0x00, 0x80, 0x0D, 0x4A, 0x49, 0x07, 0x31, 0x80, 0x05, 0x01, 0xE0, 0x04, 0x01,
    0xE0, 0x04, 0x00, 0x00, 0x04, 0x31, 0x80, 0x05, 0x31, 0x80, 0x05, 0x21, 0x20, 0x07, 0x21, 0x20,
    0x07, 0x18, 0xE0, 0x08, 0x52, 0xAA, 0x06, 0x00, 0x00, 0x13, 0x5B, 0x68, 0x76, 0x7C, 0xAB, 0xF5,
    0x4B, 0x26, 0xFD, 0x53, 0x67, 0xFF, 0x5B, 0xC8, 0xFF, 0x5B, 0xC8, 0xFF, 0x5B, 0xC8, 0xFF, 0x5B,
    0xC8, 0xFF, 0x5B, 0xE8, 0xFF, 0x5B, 0xE8, 0xFF, 0x5B, 0xE8, 0xFF, 0x5B, 0xE8, 0xFF, 0x6C, 0x48,
    0xFF, 0x74, 0xA9, 0xFF, 0x74, 0xA9, 0xFF, 0x74, 0xC9, 0xFF, 0x74, 0xA9, 0xFE, 0x74, 0xA9, 0xFE,
    0x74, 0x89, 0xFE, 0x6C, 0x89, 0xFE, 0x6C, 0x69, 0xFE, 0x6C, 0x49, 0xFE, 0x6C, 0x49, 0xFE, 0x74,
    0x69, 0xFF, 0x6C, 0x69, 0xCB, 0x6C, 0x49, 0x55, 0x00, 0x00, 0x0F, 0xAD, 0x4A, 0x03, 0x39, 0xE0,
    0x04, 0x01, 0xE0, 0x04, 0x01, 0xE0, 0x04, 0x00, 0x00, 0x04, 0x00, 0x00, 0x04, 0x00, 0x00, 0x04,
    0x00, 0x00, 0x04, 0x00, 0x00, 0x04, 0x00, 0x00, 0x04, 0x01, 0xE0, 0x04, 0x01, 0xE0, 0x04, 0x52,
    0xA0, 0x03, 0x18, 0xE0, 0x08, 0x00, 0x20, 0x25, 0x21, 0x23, 0x48, 0x21, 0x42, 0x2C, 0x21, 0x43,
    0x26, 0x21, 0x03, 0x26, 0x21, 0x03, 0x26, 0x21, 0x23, 0x27, 0x21, 0x23, 0x27, 0x21, 0x23, 0x27,
    0x21, 0x03, 0x26, 0x21, 0x03, 0x25, 0x21, 0x03, 0x25, 0x21, 0x03, 0x25, 0x21, 0x02, 0x25, 0x21,
    0x03, 0x25, 0x21, 0x03, 0x25, 0x21, 0x03, 0x25, 0x21, 0x03, 0x25, 0x21, 0x03, 0x25, 0x21, 0x03,
    0x25, 0x21, 0x03, 0x25, 0x21, 0x03, 0x25, 0x21, 0x03, 0x25, 0x21, 0x03, 0x25, 0x21, 0x03, 0x25,
    0x21, 0x02, 0x25, 0x21, 0x03, 0x25, 0x19, 0x03, 0x25, 0x21, 0x02, 0x25, 0x21, 0x03, 0x25, 0x21,
    0x03, 0x26, 0x21, 0x23, 0x27, 0x21, 0x23, 0x27, 0x21, 0x03, 0x26, 0x21, 0x23, 0x27, 0x19, 0x23,
    0x28, 0x19, 0x23, 0x28, 0x19, 0x23, 0x28, 0x21, 0x23, 0x27, 0x21, 0x03, 0x26, 0x19, 0x03, 0x25,
    0x19, 0x02, 0x24, 0x19, 0x22, 0x23, 0x19, 0x22, 0x23, 0x19, 0x22, 0x23, 0x19, 0x02, 0x25, 0x21,
    0x02, 0x25, 0x21, 0x03, 0x25, 0x19, 0x02, 0x25, 0x19, 0x22, 0x22, 0x18, 0xC2, 0x25, 0x29, 0x83,
    0x45, 0x84, 0xED, 0xA6, 0x74, 0x6A, 0xE8, 0x4A, 0xC5, 0xFD, 0x74, 0x09, 0xFF, 0xAD, 0xAE, 0xF6,
    0x8C, 0x8C, 0xE7, 0x5A, 0xE8, 0xF1, 0x4A, 0xA7, 0xFF, 0x52, 0xE7, 0xFE, 0x6B, 0xAA, 0xFF, 0x95,
    0x10, 0xFF, 0xA5, 0xD2, 0xFF, 0x6B, 0xEA, 0xFF, 0x42, 0x84, 0xFF, 0x74, 0x2A, 0xFF, 0x84, 0xED,
    0xFF, 0x84, 0xAD, 0xFF, 0x9D, 0x50, 0xFF, 0xB5, 0xD3, 0xFF, 0xAD, 0xB3, 0xFF, 0xAD, 0xB3, 0xFF,
    0xB5, 0xD4, 0xFF, 0xBD, 0xF4, 0xFF, 0xBE, 0x14, 0xFF, 0xBE, 0x35, 0xFF, 0xBE, 0x15, 0xFF, 0x9D,
    0x11, 0xFF, 0x8C, 0xAF, 0xFF, 0xA5, 0x51, 0xFF, 0x73, 0xEC, 0xFF, 0x5B, 0x29, 0xFF, 0x8C, 0xAE,
    0xFF, 0x73, 0xEC, 0xFF, 0x52, 0xA8, 0xFF, 0x84, 0x2D, 0xFF, 0x42, 0x46, 0xFF, 0x31, 0xC5, 0xFF,
    0x31, 0xC4, 0xFF, 0x39, 0xE4, 0xFF, 0x3A, 0x05, 0xFF, 0x3A, 0x25, 0xFF, 0x31, 0xA4, 0xFF, 0x6B,
    0x6A, 0xFF, 0x84, 0x4C, 0xFF, 0x42, 0x25, 0xFF, 0x31, 0xC4, 0xFF, 0x3A, 0x25, 0xFF, 0x3A, 0x05,
    0xFF, 0x63, 0x49, 0xFF, 0x4A, 0x87, 0xFF, 0x5A, 0xE7, 0xFF, 0x6B, 0x68, 0xFF, 0x31, 0xA4, 0xFF,
    0x29, 0x83, 0xFF, 0x29, 0xA4, 0xFF, 0x52, 0xE7, 0xFF, 0x6B, 0x88, 0xFF, 0x42, 0x65, 0xFF, 0x42,
    0x65, 0xFF, 0x42, 0x45, 0xFF, 0x31, 0xE4, 0xFF, 0x29, 0x83, 0xFF, 0x52, 0xC8, 0xFF, 0x83, 0xEC,
    0xFF, 0x84, 0x4D, 0xFF, 0x84, 0x8E, 0xFF, 0x84, 0x6E, 0xFF, 0x7C, 0x0C, 0xFF, 0x73, 0xCA, 0xFF,
    0x7B, 0xEB, 0xFF, 0x7B, 0xEB, 0xFF, 0x5A, 0xA7, 0xFF, 0x42, 0x05, 0xFF, 0x42, 0x05, 0xFF, 0x5A,
    0xC7, 0xFF, 0x8C, 0x2B, 0xFF, 0x5A, 0xC7, 0xFF, 0x52, 0xC7, 0xFF, 0x52, 0xC7, 0xFF, 0x5B, 0x08,
    0xFF, 0x84, 0x0C, 0xFF, 0x73, 0x8A, 0xFF, 0x42, 0x25, 0xFF, 0x4A, 0x66, 0xFF, 0x5B, 0x27, 0xFF,
    0x52, 0xC7, 0xFF, 0x31, 0xA4, 0xFF, 0x21, 0x03, 0xFF, 0x7B, 0xAB, 0xFF, 0x9C, 0xEE, 0xFE, 0x63,
    0x48, 0xFF, 0x52, 0xE5, 0xF5, 0x74, 0x28, 0xC5, 0x6B, 0xC8, 0x72, 0x10, 0xE2, 0x38, 0x29, 0x83,
    0x2D, 0x21, 0x23, 0x29, 0x19, 0x02, 0x24, 0x19, 0x22, 0x23, 0x18, 0xE2, 0x22, 0x21, 0x02, 0x25,
    0x19, 0x23, 0x28, 0x21, 0x42, 0x2B, 0x21, 0x42, 0x2B, 0x21, 0x42, 0x2C, 0x29, 0x63, 0x2B, 0x08,
    0x81, 0x27, 0x29, 0x83, 0x73, 0x42, 0x86, 0xF4, 0x53, 0x27, 0xFE, 0x4A, 0xE6, 0xFF, 0x53, 0x47,
    0xFF, 0x53, 0x67, 0xFF, 0x53, 0x67, 0xFF, 0x5B, 0x67, 0xFF, 0x5B, 0x87, 0xFF, 0x5B, 0x67, 0xFF,
    0x5B, 0x87, 0xFF, 0x5B, 0x67, 0xFF, 0x5B, 0x87, 0xFF, 0x5B, 0xA8, 0xFF, 0x63, 0xC8, 0xFF, 0x63,
    0xC8, 0xFF, 0x63, 0xC8, 0xFF, 0x63, 0xC8, 0xFF, 0x63, 0xA8, 0xFF, 0x5B, 0xA8, 0xFF, 0x5B, 0x87,
    0xFF, 0x5B, 0x67, 0xFE, 0x5B, 0x67, 0xFE, 0x5B, 0x68, 0xFF, 0x5B, 0x88, 0xC0, 0x53, 0x06, 0x53,
    0x19, 0x01, 0x24, 0x21, 0x63, 0x22, 0x21, 0x22, 0x21, 0x19, 0x22, 0x21, 0x19, 0x22, 0x21, 0x18,
    0xE2, 0x21, 0x18, 0xE2, 0x21, 0x18, 0xE2, 0x21, 0x18, 0xE2, 0x21, 0x18, 0xE2, 0x21, 0x18, 0xE2,
    0x21, 0x19, 0x22, 0x21, 0x19, 0x22, 0x21, 0x29, 0x44, 0x1F, 0x29, 0x43, 0x25, 0x21, 0x43, 0x42,
};

const lv_img_dsc_t img_state_thinking = {
    .header = {
        .cf        = LV_IMG_CF_TRUE_COLOR_ALPHA,
        .always_zero = 0,
        .reserved  = 0,
        .w         = 200,
        .h         = 200,
    },
    .data_size = 120000,
    .data      = img_state_thinking_map,
};
