/* Auto-generated — WIFIOK.png resized to 200×200, LV_COLOR_16_SWAP=1 */
#include "lvgl.h"

static const uint8_t img_state_wifiok_map[] = {
    0x08, 0x81, 0x42, 0x08, 0x60, 0x25, 0x10, 0x81, 0x1F, 0x08, 0x60, 0x21, 0x08, 0x60, 0x21, 0x08,
    0x60, 0x21, 0x08, 0x60, 0x21, 0x08, 0x60, 0x21, 0x08, 0x60, 0x21, 0x08, 0x60, 0x21, 0x08, 0x60,
    0x21, 0x00, 0x60, 0x21, 0x00, 0x60, 0x21, 0x00, 0x60, 0x21, 0x00, 0x60, 0x21, 0x00, 0x60, 0x21,
    0x00, 0x60, 0x21, 0x00, 0x60, 0x21, 0x00, 0x60, 0x21, 0x00, 0x60, 0x21, 0x00, 0x60, 0x21, 0x00,
    0x60, 0x21, 0x00, 0x60, 0x21, 0x00, 0x60, 0x21, 0x00, 0x60, 0x21, 0x08, 0x60, 0x21, 0x08, 0x60,
    0x21, 0x08, 0x60, 0x21, 0x08, 0x60, 0x21, 0x08, 0x60, 0x21, 0x08, 0x60, 0x21, 0x08, 0x60, 0x21,
    0x00, 0x60, 0x21, 0x00, 0x60, 0x21, 0x08, 0x60, 0x21, 0x00, 0x60, 0x21, 0x00, 0x60, 0x21, 0x00,
    0x60, 0x21, 0x00, 0x60, 0x21, 0x00, 0x60, 0x21, 0x00, 0x60, 0x21, 0x00, 0x60, 0x21, 0x00, 0x60,
    0x21, 0x00, 0x60, 0x21, 0x00, 0x60, 0x21, 0x00, 0x60, 0x21, 0x00, 0x60, 0x21, 0x00, 0x60, 0x21,
    0x00, 0x60, 0x21, 0x00, 0x60, 0x21, 0x00, 0x60, 0x21, 0x00, 0x60, 0x21, 0x00, 0x60, 0x21, 0x00,
    0x60, 0x21, 0x08, 0x60, 0x21, 0x08, 0x60, 0x21, 0x08, 0x60, 0x21, 0x08, 0x60, 0x21, 0x08, 0x60,
    0x21, 0x08, 0x60, 0x21, 0x00, 0x60, 0x21, 0x00, 0x60, 0x21, 0x00, 0x60, 0x21, 0x00, 0x60, 0x21,
    0x00, 0x20, 0x21, 0x00, 0x20, 0x21, 0x00, 0x20, 0x21, 0x00, 0x20, 0x21, 0x00, 0x60, 0x21, 0x00,
    0x60, 0x21, 0x00, 0x60, 0x21, 0x00, 0x60, 0x21, 0x08, 0x60, 0x21, 0x08, 0x60, 0x21, 0x08, 0x60,
    0x21, 0x08, 0x60, 0x21, 0x00, 0x60, 0x21, 0x00, 0x60, 0x21, 0x00, 0x60, 0x21, 0x00, 0x60, 0x21,
    0x00, 0x20, 0x21, 0x00, 0x20, 0x21, 0x00, 0x20, 0x21, 0x00, 0x20, 0x21, 0x00, 0x20, 0x21, 0x00,
    0x20, 0x21, 0x00, 0x20, 0x21, 0x00, 0x20, 0x21, 0x00, 0x20, 0x21, 0x00, 0x20, 0x21, 0x00, 0x20,
    0x21, 0x00, 0x20, 0x21, 0x00, 0x20, 0x21, 0x08, 0x60, 0x21, 0x08, 0x60, 0x21, 0x08, 0x61, 0x21,
    0x10, 0xA1, 0x20, 0x00, 0x00, 0x21, 0x4A, 0x26, 0x59, 0xC5, 0xB2, 0xE5, 0xDE, 0xB6, 0xFF, 0xD6,
    0x96, 0xFF, 0xDE, 0xD8, 0xFE, 0xE7, 0x19, 0xFB, 0xCE, 0x97, 0xD0, 0x6B, 0xAC, 0x70, 0x00, 0x00,
    0x2A, 0x18, 0xE3, 0x20, 0x00, 0x60, 0x22, 0x00, 0x20, 0x21, 0x00, 0x20, 0x21, 0x00, 0x20, 0x21,
    0x00, 0x60, 0x21, 0x08, 0x60, 0x21, 0x08, 0x60, 0x21, 0x08, 0x60, 0x21, 0x00, 0x20, 0x21, 0x00,
    0x20, 0x21, 0x00, 0x20, 0x21, 0x00, 0x20, 0x21, 0x00, 0x20, 0x21, 0x00, 0x20, 0x21, 0x00, 0x20,
    0x21, 0x00, 0x20, 0x21, 0x00, 0x60, 0x21, 0x08, 0x60, 0x21, 0x08, 0x60, 0x21, 0x08, 0x60, 0x21,
    0x08, 0x61, 0x21, 0x08, 0x61, 0x21, 0x08, 0x61, 0x21, 0x08, 0x61, 0x21, 0x08, 0x61, 0x21, 0x08,
    0x60, 0x21, 0x08, 0x60, 0x21, 0x08, 0x60, 0x21, 0x08, 0x60, 0x21, 0x08, 0x60, 0x21, 0x08, 0x60,
    0x21, 0x08, 0x60, 0x21, 0x00, 0x60, 0x21, 0x00, 0x60, 0x21, 0x00, 0x20, 0x21, 0x00, 0x20, 0x21,
    0x00, 0x20, 0x21, 0x00, 0x60, 0x21, 0x00, 0x60, 0x21, 0x00, 0x60, 0x21, 0x00, 0x60, 0x21, 0x00,
    0x60, 0x21, 0x00, 0x60, 0x21, 0x00, 0x60, 0x21, 0x00, 0x60, 0x21, 0x00, 0x60, 0x21, 0x00, 0x60,
    0x21, 0x00, 0x60, 0x21, 0x00, 0x60, 0x21, 0x00, 0x60, 0x21, 0x00, 0x60, 0x21, 0x00, 0x60, 0x21,
    0x00, 0x60, 0x21, 0x08, 0x60, 0x21, 0x08, 0x60, 0x21, 0x08, 0x60, 0x21, 0x00, 0x60, 0x21, 0x00,
    0x20, 0x21, 0x00, 0x20, 0x21, 0x00, 0x20, 0x21, 0x00, 0x20, 0x21, 0x00, 0x20, 0x21, 0x00, 0x20,
    0x21, 0x00, 0x60, 0x21, 0x00, 0x60, 0x21, 0x00, 0x60, 0x21, 0x00, 0x60, 0x21, 0x00, 0x60, 0x21,
    0x00, 0x60, 0x21, 0x00, 0x60, 0x21, 0x00, 0x60, 0x21, 0x00, 0x60, 0x21, 0x00, 0x60, 0x21, 0x08,
    0x60, 0x21, 0x08, 0x60, 0x21, 0x00, 0x60, 0x21, 0x00, 0x60, 0x21, 0x08, 0x60, 0x21, 0x08, 0x60,
    0x21, 0x00, 0x60, 0x21, 0x08, 0x60, 0x21, 0x00, 0x60, 0x21, 0x00, 0x60, 0x21, 0x00, 0x60, 0x21,
    0x08, 0x60, 0x21, 0x08, 0x60, 0x21, 0x08, 0x60, 0x21, 0x08, 0x60, 0x21, 0x08, 0x60, 0x21, 0x10,
    0x81, 0x1F, 0x08, 0x60, 0x25, 0x08, 0x61, 0x42, 0x00, 0x20, 0x25, 0x00, 0x00, 0x08, 0x00, 0x00,
    0x03, 0x00, 0x00, 0x04, 0x00, 0x00, 0x04, 0x00, 0x00, 0x04, 0x00, 0x00, 0x04, 0x00, 0x00, 0x04,
    0x00, 0x00, 0x04, 0x00, 0x00, 0x04, 0x00, 0x00, 0x04, 0x00, 0x00, 0x04, 0x00, 0x00, 0x04, 0x00,
    0x00, 0x04, 0x00, 0x00, 0x04, 0x00, 0x00, 0x04, 0x00, 0x00, 0x04, 0x00, 0x00, 0x04, 0x00, 0x00,
    0x04, 0x00, 0x00, 0x04, 0x00, 0x00, 0x04, 0x00, 0x00, 0x04, 0x00, 0x00, 0x04, 0x00, 0x00, 0x04,
    0x00, 0x00, 0x04, 0x00, 0x00, 0x04, 0x00, 0x00, 0x04, 0x00, 0x00, 0x04, 0x00, 0x00, 0x04, 0x00,
    0x00, 0x04, 0x00, 0x00, 0x04, 0x00, 0x00, 0x04, 0x00, 0x00, 0x04, 0x00, 0x00, 0x04, 0x00, 0x00,
    0x04, 0x00, 0x00, 0x04, 0x00, 0x00, 0x04, 0x00, 0x00, 0x04, 0x00, 0x00, 0x04, 0x00, 0x00, 0x04,
    0x00, 0x00, 0x04, 0x00, 0x00, 0x04, 0x00, 0x00, 0x04, 0x00, 0x00, 0x04, 0x00, 0x00, 0x04, 0x00,
    0x00, 0x04, 0x00, 0x00, 0x04, 0x00, 0x00, 0x04, 0x00, 0x00, 0x04, 0x00, 0x00, 0x04, 0x00, 0x00,
    0x04, 0x00, 0x00, 0x04, 0x00, 0x00, 0x04, 0x00, 0x00, 0x04, 0x00, 0x00, 0x04, 0x00, 0x00, 0x04,
    0x00, 0x00, 0x04, 0x00, 0x00, 0x04, 0x00, 0x00, 0x04, 0x00, 0x00, 0x04, 0x00, 0x00, 0x04, 0x00,
    0x00, 0x04, 0x00, 0x00, 0x04, 0x00, 0x00, 0x04, 0x00, 0x00, 0x04, 0x00, 0x00, 0x04, 0x00, 0x00,
    0x04, 0x00, 0x00, 0x04, 0x00, 0x00, 0x04, 0x00, 0x00, 0x04, 0x00, 0x00, 0x04, 0x00, 0x00, 0x04,
    0x00, 0x00, 0x04, 0x00, 0x00, 0x04, 0x00, 0x00, 0x04, 0x00, 0x00, 0x04, 0x00, 0x00, 0x04, 0x00,
    0x00, 0x04, 0x00, 0x00, 0x04, 0x00, 0x00, 0x04, 0x00, 0x00, 0x04, 0x00, 0x00, 0x04, 0x00, 0x00,
    0x04, 0x00, 0x00, 0x04, 0x00, 0x00, 0x04, 0x00, 0x00, 0x04, 0x00, 0x00, 0x04, 0x00, 0x00, 0x04,
    0x00, 0x00, 0x04, 0x00, 0x00, 0x04, 0x00, 0x00, 0x04, 0x00, 0x00, 0x04, 0x00, 0x00, 0x04, 0x00,
    0x00, 0x04, 0x00, 0x00, 0x04, 0x00, 0x00, 0x04, 0x52, 0xAA, 0x03, 0x00, 0x00, 0x06, 0x62, 0x87,
    0x46, 0xDE, 0x33, 0xE7, 0xF7, 0x17, 0xFF, 0xA5, 0x10, 0xFF, 0xE6, 0xF9, 0xFE, 0xF7, 0x7B, 0xFE,
    0xFF, 0x9B, 0xE9, 0xCE, 0x16, 0xA3, 0x4A, 0x68, 0x43, 0x10, 0xA2, 0x0B, 0x7D, 0xEF, 0x04, 0x00,
    0x00, 0x05, 0x00, 0x00, 0x04, 0x00, 0x00, 0x04, 0x00, 0x00, 0x04, 0x00, 0x00, 0x04, 0x00, 0x00,
    0x04, 0x00, 0x00, 0x04, 0x00, 0x00, 0x04, 0x00, 0x00, 0x04, 0x00, 0x00, 0x04, 0x00, 0x00, 0x04,
    0x00, 0x00, 0x04, 0x00, 0x00, 0x04, 0x00, 0x00, 0x04, 0x00, 0x00, 0x04, 0x00, 0x00, 0x04, 0x00,
    0x00, 0x04, 0x00, 0x00, 0x04, 0x00, 0x00, 0x04, 0x00, 0x00, 0x04, 0x00, 0x00, 0x04, 0x00, 0x00,
    0x04, 0x00, 0x00, 0x04, 0x00, 0x00, 0x04, 0x00, 0x00, 0x04, 0x00, 0x00, 0x04, 0x00, 0x00, 0x04,
    0x00, 0x00, 0x04, 0x00, 0x00, 0x04, 0x00, 0x00, 0x04, 0x00, 0x00, 0x04, 0x00, 0x00, 0x04, 0x00,
    0x00, 0x04, 0x00, 0x00, 0x04, 0x00, 0x00, 0x04, 0x00, 0x00, 0x04, 0x00, 0x00, 0x04, 0x00, 0x00,
    0x04, 0x00, 0x00, 0x04, 0x00, 0x00, 0x04, 0x00, 0x00, 0x04, 0x00, 0x00, 0x04, 0x00, 0x00, 0x04,
    0x00, 0x00, 0x04, 0x00, 0x00, 0x04, 0x00, 0x00, 0x04, 0x00, 0x00, 0x04, 0x00, 0x00, 0x04, 0x00,
    0x00, 0x04, 0x00, 0x00, 0x04, 0x00, 0x00, 0x04, 0x00, 0x00, 0x04, 0x00, 0x00, 0x04, 0x00, 0x00,
    0x04, 0x00, 0x00, 0x04, 0x00, 0x00, 0x04, 0x00, 0x00, 0x04, 0x00, 0x00, 0x04, 0x00, 0x00, 0x04,
    0x00, 0x00, 0x04, 0x00, 0x00, 0x04, 0x00, 0x00, 0x04, 0x00, 0x00, 0x04, 0x00, 0x00, 0x04, 0x00,
    0x00, 0x04, 0x00, 0x00, 0x04, 0x00, 0x00, 0x04, 0x00, 0x00, 0x04, 0x00, 0x00, 0x04, 0x00, 0x00,
    0x04, 0x00, 0x00, 0x04, 0x00, 0x00, 0x04, 0x00, 0x00, 0x04, 0x00, 0x00, 0x04, 0x00, 0x00, 0x04,
    0x00, 0x00, 0x04, 0x00, 0x00, 0x04, 0x00, 0x00, 0x04, 0x00, 0x00, 0x04, 0x00, 0x00, 0x04, 0x00,
    0x00, 0x04, 0x00, 0x00, 0x04, 0x00, 0x00, 0x04, 0x00, 0x00, 0x04, 0x00, 0x00, 0x04, 0x00, 0x00,
    0x04, 0x00, 0x00, 0x04, 0x00, 0x00, 0x04, 0x00, 0x00, 0x03, 0x00, 0x00, 0x08, 0x00, 0x00, 0x25,
    0x00, 0x00, 0x1F, 0x00, 0x00, 0x02, 0x00, 0x00, 0x00, 0x00, 0x00, 0x00, 0x00, 0x00, 0x00, 0x00,
    0x00, 0x00, 0x00, 0x00, 0x00, 0x00, 0x00, 0x00, 0x00, 0x00, 0x00, 0x00, 0x00, 0x00, 0x00, 0x00,
    0x00, 0x00, 0x00, 0x00, 0x00, 0x00, 0x00, 0x00, 0x00, 0x00, 0x00, 0x00, 0x00, 0x00, 0x00, 0x00,
    0x00, 0x00, 0x00, 0x00, 0x00, 0x00, 0x00, 0x00, 0x00, 0x00, 0x00, 0x00, 0x00, 0x00, 0x00, 0x00,
    0x00, 0x00, 0x00, 0x00, 0x00, 0x00, 0x00, 0x00, 0x00, 0x00, 0x00, 0x00, 0x00, 0x00, 0x00, 0x00,
    0x00, 0x00, 0x00, 0x00, 0x00, 0x00, 0x00, 0x00, 0x00, 0x00, 0x00, 0x00, 0x00, 0x00, 0x00, 0x00,
    0x00, 0x00, 0x00, 0x00, 0x00, 0x00, 0x00, 0x00, 0x00, 0x00, 0x00, 0x00, 0x00, 0x00, 0x00, 0x00,
    0x00, 0x00, 0x00, 0x00, 0x00, 0x00, 0x00, 0x00, 0x00, 0x00, 0x00, 0x00, 0x00, 0x00, 0x00, 0x00,
    0x00, 0x00, 0x00, 0x00, 0x00, 0x00, 0x00, 0x00, 0x00, 0x00, 0x00, 0x00, 0x00, 0x00, 0x00, 0x00,
    0x00, 0x00, 0x00, 0x00, 0x00, 0x00, 0x00, 0x00, 0x00, 0x00, 0x00, 0x00, 0x00, 0x00, 0x00, 0x00,
    0x00, 0x00, 0x00, 0x00, 0x00, 0x00, 0x00, 0x00, 0x00, 0x00, 0x00, 0x00, 0x00, 0x00, 0x00, 0x00,
    0x00, 0x00, 0x00, 0x00, 0x00, 0x00, 0x00, 0x00, 0x00, 0x00, 0x00, 0x00, 0x00, 0x00, 0x00, 0x00,
    0x00, 0x00, 0x00, 0x00, 0x00, 0x00, 0x00, 0x00, 0x00, 0x00, 0x00, 0x00, 0x00, 0x00, 0x00, 0x00,
    0x00, 0x00, 0x00, 0x00, 0x00, 0x00, 0x00, 0x00, 0x00, 0x00, 0x00, 0x00, 0x00, 0x00, 0x00, 0x00,
    0x00, 0x00, 0x00, 0x00, 0x00, 0x00, 0x00, 0x00, 0x00, 0x00, 0x00, 0x00, 0x00, 0x00, 0x00, 0x00,
    0x00, 0x00, 0x00, 0x00, 0x00, 0x00, 0x00, 0x00, 0x00, 0x00, 0x00, 0x00, 0x00, 0x00, 0x00, 0x00,
    0x00, 0x00, 0x00, 0x00, 0x00, 0x00, 0x00, 0x00, 0x00, 0x00, 0x00, 0x00, 0x00, 0x00, 0x00, 0x00,
    0x00, 0x00, 0x00, 0x00, 0x00, 0x00, 0x00, 0x00, 0x00, 0x00, 0x00, 0x00, 0x00, 0x00, 0x00, 0x00,
    0x00, 0x00, 0x00, 0x00, 0x00, 0x05, 0x6A, 0xC8, 0x4F, 0xE6, 0x53, 0xE9, 0xF7, 0x38, 0xFF, 0x5A,
    0xC9, 0xFF, 0x73, 0x8B, 0xFF, 0xF7, 0x39, 0xFE, 0xFF, 0x79, 0xFC, 0xF7, 0x7A, 0xE6, 0xCE, 0x56,
    0x9C, 0x31, 0x65, 0x3B, 0x52, 0xAA, 0x06, 0x00, 0x00, 0x00, 0x00, 0x00, 0x00, 0x00, 0x00, 0x00,
    0x00, 0x00, 0x00, 0x00, 0x00, 0x00, 0x00, 0x00, 0x00, 0x00, 0x00, 0x00, 0x00, 0x00, 0x00, 0x00,
    0x00, 0x00, 0x00, 0x00, 0x00, 0x00, 0x00, 0x00, 0x00, 0x00, 0x00, 0x00, 0x00, 0x00, 0x00, 0x00,
    0x00, 0x00, 0x00, 0x00, 0x00, 0x00, 0x00, 0x00, 0x00, 0x00, 0x00, 0x00, 0x00, 0x00, 0x00, 0x00,
    0x00, 0x00, 0x00, 0x00, 0x00, 0x00, 0x00, 0x00, 0x00, 0x00, 0x00, 0x00, 0x00, 0x00, 0x00, 0x00,
    0x00, 0x00, 0x00, 0x00, 0x00, 0x00, 0x00, 0x00, 0x00, 0x00, 0x00, 0x00, 0x00, 0x00, 0x00, 0x00,
    0x00, 0x00, 0x00, 0x00, 0x00, 0x00, 0x00, 0x00, 0x00, 0x00, 0x00, 0x00, 0x00, 0x00, 0x00, 0x00,
    0x00, 0x00, 0x00, 0x00, 0x00, 0x00, 0x00, 0x00, 0x00, 0x00, 0x00, 0x00, 0x00, 0x00, 0x00, 0x00,
    0x00, 0x00, 0x00, 0x00, 0x00, 0x00, 0x00, 0x00, 0x00, 0x00, 0x00, 0x00, 0x00, 0x00, 0x00, 0x00,
    0x00, 0x00, 0x00, 0x00, 0x00, 0x00, 0x00, 0x00, 0x00, 0x00, 0x00, 0x00, 0x00, 0x00, 0x00, 0x00,
    0x00, 0x00, 0x00, 0x00, 0x00, 0x00, 0x00, 0x00, 0x00, 0x00, 0x00, 0x00, 0x00, 0x00, 0x00, 0x00,
    0x00, 0x00, 0x00, 0x00, 0x00, 0x00, 0x00, 0x00, 0x00, 0x00, 0x00, 0x00, 0x00, 0x00, 0x00, 0x00,
    0x00, 0x00, 0x00, 0x00, 0x00, 0x00, 0x00, 0x00, 0x00, 0x00, 0x00, 0x00, 0x00, 0x00, 0x00, 0x00,
    0x00, 0x00, 0x00, 0x00, 0x00, 0x00, 0x00, 0x00, 0x00, 0x00, 0x00, 0x00, 0x00, 0x00, 0x00, 0x00,
    0x00, 0x00, 0x00, 0x00, 0x00, 0x00, 0x00, 0x00, 0x00, 0x00, 0x00, 0x00, 0x00, 0x00, 0x00, 0x00,
    0x00, 0x00, 0x00, 0x00, 0x00, 0x00, 0x00, 0x00, 0x00, 0x00, 0x00, 0x00, 0x00, 0x00, 0x00, 0x00,
    0x00, 0x00, 0x00, 0x00, 0x00, 0x00, 0x00, 0x00, 0x00, 0x00, 0x00, 0x00, 0x00, 0x00, 0x00, 0x00,
    0x00, 0x00, 0x00, 0x00, 0x02, 0x08, 0x41, 0x1F, 0x00, 0x00, 0x21, 0x00, 0x00, 0x04, 0x00, 0x00,
    0x00, 0x00, 0x00, 0x00, 0x00, 0x00, 0x00, 0x00, 0x00, 0x00, 0x00, 0x00, 0x00, 0x00, 0x00, 0x00,
    0x00, 0x00, 0x00, 0x00, 0x00, 0x00, 0x00, 0x00, 0x00, 0x00, 0x00, 0x00, 0x00, 0x00, 0x00, 0x00,
    0x00, 0x00, 0x00, 0x00, 0x00, 0x00, 0x00, 0x00, 0x00, 0x00, 0x00, 0x00, 0x00, 0x00, 0x00, 0x00,
    0x00, 0x00, 0x00, 0x00, 0x00, 0x00, 0x00, 0x00, 0x00, 0x00, 0x00, 0x00, 0x00, 0x00, 0x00, 0x00,
    0x00, 0x00, 0x00, 0x00, 0x00, 0x00, 0x00, 0x00, 0x00, 0x00, 0x00, 0x00, 0x00, 0x00, 0x00, 0x00,
    0x00, 0x00, 0x00, 0x00, 0x00, 0x00, 0x00, 0x00, 0x00, 0x00, 0x00, 0x00, 0x00, 0x00, 0x00, 0x00,
    0x00, 0x00, 0x00, 0x00, 0x00, 0x00, 0x00, 0x00, 0x00, 0x00, 0x00, 0x00, 0x00, 0x00, 0x00, 0x00,
    0x00, 0x00, 0x00, 0x00, 0x00, 0x00, 0x00, 0x00, 0x00, 0x00, 0x00, 0x00, 0x00, 0x00, 0x00, 0x00,
    0x00, 0x00, 0x00, 0x00, 0x00, 0x00, 0x00, 0x00, 0x00, 0x00, 0x00, 0x00, 0x00, 0x00, 0x00, 0x00,
    0x00, 0x00, 0x00, 0x00, 0x00, 0x00, 0x00, 0x00, 0x00, 0x00, 0x00, 0x00, 0x00, 0x00, 0x00, 0x00,
    0x00, 0x00, 0x00, 0x00, 0x00, 0x00, 0x00, 0x00, 0x00, 0x00, 0x00, 0x00, 0x00, 0x00, 0x00, 0x00,
    0x00, 0x00, 0x00, 0x00, 0x00, 0x00, 0x00, 0x00, 0x00, 0x00, 0x00, 0x00, 0x00, 0x00, 0x00, 0x00,
    0x00, 0x00, 0x00, 0x00, 0x00, 0x00, 0x00, 0x00, 0x00, 0x00, 0x00, 0x00, 0x00, 0x00, 0x00, 0x00,
    0x00, 0x00, 0x00, 0x00, 0x00, 0x00, 0x00, 0x00, 0x00, 0x00, 0x00, 0x00, 0x00, 0x00, 0x00, 0x00,
    0x00, 0x00, 0x00, 0x00, 0x00, 0x00, 0x00, 0x00, 0x00, 0x00, 0x00, 0x00, 0x00, 0x00, 0x00, 0x00,
    0x00, 0x00, 0x00, 0x00, 0x00, 0x00, 0x00, 0x00, 0x00, 0x00, 0x00, 0x00, 0x00, 0x00, 0x00, 0x00,
    0x00, 0x00, 0x00, 0x00, 0x00, 0x00, 0x00, 0x00, 0x00, 0x00, 0x00, 0x00, 0x00, 0x00, 0x00, 0x00,
    0x00, 0x00, 0x00, 0x00, 0x00, 0x00, 0x00, 0x00, 0x00, 0x00, 0x00, 0x00, 0x00, 0x0C, 0x6B, 0x09,
    0x5C, 0xE6, 0x53, 0xEB, 0xEE, 0xB5, 0xFF, 0x4A, 0x26, 0xFF, 0x08, 0x40, 0xFF, 0x84, 0x0D, 0xFF,
    0xF7, 0x58, 0xFE, 0xFF, 0x38, 0xFE, 0xF7, 0x39, 0xE4, 0xC6, 0x37, 0x94, 0x10, 0x61, 0x35, 0x6B,
    0x6D, 0x07, 0xFF, 0xFF, 0x01, 0x00, 0x00, 0x01, 0x00, 0x00, 0x00, 0x00, 0x00, 0x00, 0x00, 0x00,
    0x00, 0x00, 0x00, 0x00, 0x00, 0x00, 0x00, 0x00, 0x00, 0x00, 0x00, 0x00, 0x00, 0x00, 0x00, 0x00,
    0x00, 0x00, 0x00, 0x00, 0x00, 0x00, 0x00, 0x00, 0x00, 0x00, 0x00, 0x00, 0x00, 0x00, 0x00, 0x00,
    0x00, 0x00, 0x00, 0x00, 0x00, 0x00, 0x00, 0x00, 0x00, 0x00, 0x00, 0x00, 0x00, 0x00, 0x00, 0x00,
    0x00, 0x00, 0x00, 0x00, 0x00, 0x00, 0x00, 0x00, 0x00, 0x00, 0x00, 0x00, 0x00, 0x00, 0x00, 0x00,
    0x00, 0x00, 0x00, 0x00, 0x00, 0x00, 0x00, 0x00, 0x00, 0x00, 0x00, 0x00, 0x00, 0x00, 0x00, 0x00,
    0x00, 0x00, 0x00, 0x00, 0x00, 0x00, 0x00, 0x00, 0x00, 0x00, 0x00, 0x00, 0x00, 0x00, 0x00, 0x00,
    0x00, 0x00, 0x00, 0x00, 0x00, 0x00, 0x00, 0x00, 0x00, 0x00, 0x00, 0x00, 0x00, 0x00, 0x00, 0x00,
    0x00, 0x00, 0x00, 0x00, 0x00, 0x00, 0x00, 0x00, 0x00, 0x00, 0x00, 0x00, 0x00, 0x00, 0x00, 0x00,
    0x00, 0x00, 0x00, 0x00, 0x00, 0x00, 0x00, 0x00, 0x00, 0x00, 0x00, 0x00, 0x00, 0x00, 0x00, 0x00,
    0x00, 0x00, 0x00, 0x00, 0x00, 0x00, 0x00, 0x00, 0x00, 0x00, 0x00, 0x00, 0x00, 0x00, 0x00, 0x00,
    0x00, 0x00, 0x01, 0x00, 0x00, 0x01, 0x00, 0x00, 0x01, 0x00, 0x00, 0x01, 0x00, 0x00, 0x01, 0x00,
    0x00, 0x01, 0x00, 0x00, 0x01, 0x07, 0xE0, 0x01, 0x03, 0xE0, 0x02, 0x07, 0xE0, 0x01, 0x00, 0x00,
    0x01, 0x00, 0x00, 0x01, 0x00, 0x00, 0x01, 0x00, 0x00, 0x01, 0x00, 0x00, 0x01, 0x00, 0x00, 0x01,
    0x00, 0x00, 0x01, 0x00, 0x00, 0x00, 0x00, 0x00, 0x00, 0x00, 0x00, 0x00, 0x00, 0x00, 0x00, 0x00,
    0x00, 0x00, 0x00, 0x00, 0x00, 0x00, 0x00, 0x00, 0x00, 0x00, 0x00, 0x00, 0x00, 0x00, 0x00, 0x00,
    0x00, 0x00, 0x00, 0x00, 0x00, 0x00, 0x00, 0x00, 0x00, 0x00, 0x00, 0x00, 0x04, 0x00, 0x20, 0x21,
    0x00, 0x00, 0x21, 0x00, 0x00, 0x04, 0x00, 0x00, 0x00, 0x00, 0x00, 0x00, 0x00, 0x00, 0x00, 0x00,
    0x00, 0x00, 0x00, 0x00, 0x00, 0x00, 0x00, 0x00, 0x00, 0x00, 0x00, 0x00, 0x00, 0x00, 0x00, 0x00,
    0x00, 0x00, 0x00, 0x00, 0x00, 0x00, 0x00, 0x00, 0x00, 0x00, 0x00, 0x00, 0x00, 0x00, 0x00, 0x00,
    0x00, 0x00, 0x00, 0x00, 0x00, 0x00, 0x00, 0x00, 0x00, 0x00, 0x00, 0x00, 0x00, 0x00, 0x00, 0x00,
    0x00, 0x00, 0x00, 0x00, 0x00, 0x00, 0x00, 0x00, 0x00, 0x00, 0x00, 0x00, 0x00, 0x00, 0x00, 0x00,
    0x00, 0x00, 0x00, 0x00, 0x00, 0x00, 0x00, 0x00, 0x00, 0x00, 0x00, 0x00, 0x00, 0x00, 0x00, 0x00,
    0x00, 0x00, 0x00, 0x00, 0x00, 0x00, 0x00, 0x00, 0x00, 0x00, 0x00, 0x00, 0x00, 0x00, 0x00, 0x00,
    0x00, 0x00, 0x00, 0x00, 0x00, 0x00, 0x00, 0x00, 0x00, 0x00, 0x00, 0x00, 0x00, 0x00, 0x00, 0x00,
    0x00, 0x00, 0x00, 0x00, 0x00, 0x00, 0x00, 0x00, 0x00, 0x00, 0x00, 0x00, 0x00, 0x00, 0x00, 0x00,
    0x00, 0x00, 0x00, 0x00, 0x00, 0x00, 0x00, 0x00, 0x00, 0x00, 0x00, 0x00, 0x00, 0x00, 0x00, 0x00,
    0x00, 0x00, 0x00, 0x00, 0x00, 0x00, 0x00, 0x00, 0x00, 0x00, 0x00, 0x00, 0x00, 0x00, 0x00, 0x00,
    0x00, 0x00, 0x00, 0x00, 0x00, 0x00, 0x00, 0x00, 0x00, 0x00, 0x00, 0x00, 0x00, 0x00, 0x00, 0x00,
    0x00, 0x00, 0x00, 0x00, 0x00, 0x00, 0x00, 0x00, 0x00, 0x00, 0x00, 0x00, 0x00, 0x00, 0x00, 0x00,
    0x00, 0x00, 0x00, 0x00, 0x00, 0x00, 0x00, 0x00, 0x00, 0x00, 0x00, 0x00, 0x00, 0x00, 0x00, 0x00,
    0x00, 0x00, 0x00, 0x00, 0x00, 0x00, 0x00, 0x00, 0x00, 0x00, 0x00, 0x00, 0x00, 0x00, 0x00, 0x00,
    0x00, 0x00, 0x00, 0x00, 0x00, 0x00, 0x00, 0x00, 0x00, 0x00, 0x00, 0x00, 0x00, 0x00, 0x00, 0x00,
    0x00, 0x00, 0x00, 0x00, 0x00, 0x00, 0x00, 0x00, 0x00, 0x00, 0x00, 0x00, 0x00, 0x00, 0x00, 0x00,
    0x00, 0x00, 0x00, 0x00, 0x00, 0x00, 0x00, 0x00, 0x00, 0x00, 0x00, 0x00, 0x00, 0x00, 0x00, 0x00,
    0x00, 0x00, 0x00, 0x00, 0x00, 0x0F, 0x73, 0x09, 0x64, 0xEE, 0x74, 0xEB, 0xD6, 0x13, 0xFF, 0x31,
    0xA4, 0xFF, 0x00, 0x60, 0xFF, 0x10, 0xA1, 0xFF, 0x94, 0x6F, 0xFF, 0xF7, 0x17, 0xFE, 0xF7, 0x37,
    0xFE, 0xF7, 0x5B, 0xE0, 0xBE, 0x17, 0x8B, 0x00, 0x00, 0x2D, 0xBD, 0xFF, 0x04, 0x00, 0x00, 0x00,
    0x00, 0x00, 0x00, 0x00, 0x00, 0x00, 0x00, 0x00, 0x00, 0x00, 0x00, 0x00, 0x00, 0x00, 0x00, 0x00,
    0x00, 0x00, 0x00, 0x00, 0x00, 0x00, 0x00, 0x00, 0x00, 0x00, 0x00, 0x00, 0x00, 0x00, 0x00, 0x00,
    0x00, 0x00, 0x00, 0x00, 0x00, 0x00, 0x00, 0x00, 0x00, 0x00, 0x00, 0x00, 0x00, 0x00, 0x00, 0x00,
    0x00, 0x00, 0x00, 0x00, 0x00, 0x00, 0x00, 0x00, 0x00, 0x00, 0x00, 0x00, 0x00, 0x00, 0x00, 0x00,
    0x00, 0x00, 0x00, 0x00, 0x00, 0x00, 0x00, 0x00, 0x00, 0x00, 0x00, 0x00, 0x00, 0x00, 0x00, 0x00,
    0x00, 0x00, 0x00, 0x00, 0x00, 0x00, 0x00, 0x00, 0x00, 0x00, 0x00, 0x00, 0x00, 0x00, 0x00, 0x00,
    0x00, 0x00, 0x00, 0x00, 0x00, 0x00, 0x00, 0x00, 0x00, 0x00, 0x00, 0x00, 0x00, 0x00, 0x00, 0x00,
    0x00, 0x00, 0x00, 0x00, 0x00, 0x00, 0x00, 0x00, 0x00, 0x00, 0x00, 0x00, 0x00, 0x00, 0x00, 0x00,
    0x00, 0x00, 0x00, 0x00, 0x00, 0x00, 0x00, 0x00, 0x00, 0x00, 0x00, 0x00, 0x00, 0x00, 0x00, 0x00,
    0x00, 0x00, 0x00, 0x00, 0x00, 0x00, 0x00, 0x00, 0x00, 0x00, 0x00, 0x00, 0x00, 0x00, 0x00, 0x00,
    0x00, 0x00, 0x00, 0x00, 0x01, 0x00, 0x00, 0x01, 0x07, 0xE0, 0x01, 0xFF, 0xE0, 0x01, 0xFF, 0xEF,
    0x02, 0xFF, 0xEF, 0x02, 0xFF, 0xFF, 0x01, 0xFF, 0xFF, 0x01, 0xFF, 0xFF, 0x01, 0xFF, 0xFF, 0x02,
    0xFF, 0xFF, 0x02, 0xFF, 0xFF, 0x02, 0xFF, 0xF5, 0x03, 0xFF, 0xFF, 0x02, 0xFF, 0xFF, 0x01, 0xFF,
    0xEF, 0x02, 0xFF, 0xEF, 0x02, 0xFF, 0xFF, 0x01, 0x07, 0xE0, 0x01, 0x00, 0x00, 0x01, 0x00, 0x00,
    0x01, 0x00, 0x00, 0x00, 0x00, 0x00, 0x00, 0x00, 0x00, 0x00, 0x00, 0x00, 0x00, 0x00, 0x00, 0x00,
    0x00, 0x00, 0x00, 0x00, 0x00, 0x00, 0x00, 0x00, 0x00, 0x00, 0x00, 0x00, 0x00, 0x00, 0x00, 0x00,
    0x00, 0x00, 0x00, 0x00, 0x04, 0x00, 0x20, 0x21, 0x00, 0x00, 0x21, 0x00, 0x00, 0x04, 0x00, 0x00,
    0x00, 0x00, 0x00, 0x00, 0x00, 0x00, 0x00, 0x00, 0x00, 0x00, 0x00, 0x00, 0x00, 0x00, 0x00, 0x00,
    0x00, 0x00, 0x00, 0x00, 0x00, 0x00, 0x00, 0x00, 0x00, 0x00, 0x00, 0x00, 0x00, 0x00, 0x00, 0x00,
    0x00, 0x00, 0x00, 0x00, 0x00, 0x00, 0x00, 0x00, 0x00, 0x00, 0x00, 0x00, 0x00, 0x00, 0x00, 0x00,
    0x00, 0x00, 0x00, 0x00, 0x00, 0x00, 0x00, 0x00, 0x00, 0x00, 0x00, 0x00, 0x00, 0x00, 0x00, 0x00,
    0x00, 0x00, 0x00, 0x00, 0x00, 0x00, 0x00, 0x00, 0x00, 0x00, 0x00, 0x00, 0x00, 0x00, 0x00, 0x00,
    0x00, 0x00, 0x00, 0x00, 0x00, 0x00, 0x00, 0x00, 0x00, 0x00, 0x00, 0x00, 0x00, 0x00, 0x00, 0x00,
    0x00, 0x00, 0x00, 0x00, 0x00, 0x00, 0x00, 0x00, 0x00, 0x00, 0x00, 0x00, 0x00, 0x00, 0x00, 0x00,
    0x00, 0x00, 0x00, 0x00, 0x00, 0x00, 0x00, 0x00, 0x00, 0x00, 0x00, 0x00, 0x00, 0x00, 0x00, 0x00,
    0x00, 0x00, 0x00, 0x00, 0x00, 0x00, 0x00, 0x00, 0x00, 0x00, 0x00, 0x00, 0x00, 0x00, 0x00, 0x00,
    0x00, 0x00, 0x00, 0x00, 0x00, 0x00, 0x00, 0x00, 0x00, 0x00, 0x00, 0x00, 0x00, 0x00, 0x00, 0x00,
    0x00, 0x00, 0x00, 0x00, 0x00, 0x00, 0x00, 0x00, 0x00, 0x00, 0x00, 0x00, 0x00, 0x00, 0x00, 0x00,
    0x00, 0x00, 0x00, 0x00, 0x00, 0x00, 0x00, 0x00, 0x00, 0x00, 0x00, 0x00, 0x00, 0x00, 0x00, 0x00,
    0x00, 0x00, 0x00, 0x00, 0x00, 0x00, 0x00, 0x00, 0x00, 0x00, 0x00, 0x00, 0x00, 0x00, 0x00, 0x00,
    0x00, 0x00, 0x00, 0x00, 0x00, 0x00, 0x00, 0x00, 0x00, 0x00, 0x00, 0x00, 0x00, 0x00, 0x00, 0x00,
    0x00, 0x00, 0x00, 0x00, 0x00, 0x00, 0x00, 0x00, 0x00, 0x00, 0x00, 0x00, 0x00, 0x00, 0x00, 0x00,
    0x00, 0x00, 0x00, 0x00, 0x00, 0x00, 0x00, 0x00, 0x00, 0x00, 0x00, 0x00, 0x00, 0x00, 0x00, 0x00,
    0x00, 0x00, 0x00, 0x00, 0x00, 0x00, 0x00, 0x00, 0x00, 0x00, 0x00, 0x00, 0x00, 0x00, 0x00, 0x00,
    0x00, 0x00, 0x00, 0x00, 0x00, 0x00, 0x00, 0x00, 0x00, 0x00, 0x00, 0x00, 0x00, 0x10, 0x7B, 0x2A,
    0x6A, 0xEE, 0x94, 0xEB, 0xC5, 0xB2, 0xFF, 0x19, 0x02, 0xFF, 0x11, 0x21, 0xFF, 0x19, 0x01, 0xFF,
    0x21, 0x02, 0xFF, 0x9C, 0x6E, 0xFE, 0xEE, 0xB5, 0xFF, 0xF6, 0xF7, 0xFD, 0xF7, 0x7C, 0xDC, 0xB5,
    0x95, 0x83, 0x00, 0x00, 0x27, 0xFF, 0xFF, 0x02, 0x00, 0x00, 0x01, 0x00, 0x00, 0x00, 0x00, 0x00,
    0x00, 0x00, 0x00, 0x00, 0x00, 0x00, 0x00, 0x00, 0x00, 0x00, 0x00, 0x00, 0x00, 0x00, 0x00, 0x00,
    0x00, 0x00, 0x00, 0x00, 0x00, 0x00, 0x00, 0x00, 0x00, 0x00, 0x00, 0x00, 0x00, 0x00, 0x00, 0x00,
    0x00, 0x00, 0x00, 0x00, 0x00, 0x00, 0x00, 0x00, 0x00, 0x00, 0x00, 0x00, 0x00, 0x00, 0x00, 0x00,
    0x00, 0x00, 0x00, 0x00, 0x00, 0x00, 0x00, 0x00, 0x00, 0x00, 0x00, 0x00, 0x00, 0x00, 0x00, 0x00,
    0x00, 0x00, 0x00, 0x00, 0x00, 0x00, 0x00, 0x00, 0x00, 0x00, 0x00, 0x00, 0x00, 0x00, 0x00, 0x00,
    0x00, 0x00, 0x00, 0x00, 0x00, 0x00, 0x00, 0x00, 0x00, 0x00, 0x00, 0x00, 0x00, 0x00, 0x00, 0x00,
    0x00, 0x00, 0x00, 0x00, 0x00, 0x00, 0x00, 0x00, 0x00, 0x00, 0x00, 0x00, 0x00, 0x00, 0x00, 0x00,
    0x00, 0x00, 0x00, 0x00, 0x00, 0x00, 0x00, 0x00, 0x00, 0x00, 0x00, 0x00, 0x00, 0x00, 0x00, 0x00,
    0x00, 0x00, 0x00, 0x00, 0x00, 0x00, 0x00, 0x00, 0x00, 0x00, 0x00, 0x00, 0x00, 0x00, 0x00, 0x00,
    0x00, 0x00, 0x00, 0x01, 0x00, 0x00, 0x01, 0xFF, 0xE0, 0x01, 0xFF, 0xFF, 0x01, 0xFF, 0xFF, 0x01,
    0xFF, 0xFF, 0x01, 0x00, 0x00, 0x00, 0x00, 0x00, 0x00, 0x00, 0x00, 0x00, 0x00, 0x00, 0x00, 0x00,
    0x00, 0x04, 0x00, 0x00, 0x0D, 0x00, 0x00, 0x12, 0x00, 0x00, 0x14, 0x00, 0x00, 0x13, 0x00, 0x00,
    0x10, 0x00, 0x00, 0x07, 0x00, 0x00, 0x00, 0x00, 0x00, 0x00, 0x00, 0x00, 0x00, 0x00, 0x00, 0x00,
    0x00, 0x00, 0x00, 0xFF, 0xFF, 0x01, 0xFF, 0xFF, 0x01, 0xFF, 0xE0, 0x01, 0x00, 0x00, 0x01, 0x00,
    0x00, 0x01, 0x00, 0x00, 0x00, 0x00, 0x00, 0x00, 0x00, 0x00, 0x00, 0x00, 0x00, 0x00, 0x00, 0x00,
    0x00, 0x00, 0x00, 0x00, 0x00, 0x00, 0x00, 0x00, 0x00, 0x00, 0x00, 0x00, 0x04, 0x00, 0x20, 0x21,
    0x00, 0x00, 0x21, 0x00, 0x00, 0x04, 0x00, 0x00, 0x00, 0x00, 0x00, 0x00, 0x00, 0x00, 0x00, 0x00,
    0x00, 0x00, 0x00, 0x00, 0x00, 0x00, 0x00, 0x00, 0x00, 0x00, 0x00, 0x00, 0x00, 0x00, 0x00, 0x00,
    0x00, 0x00, 0x00, 0x00, 0x00, 0x00, 0x00, 0x00, 0x00, 0x00, 0x00, 0x00, 0x00, 0x00, 0x00, 0x00,
    0x00, 0x00, 0x00, 0x00, 0x00, 0x00, 0x00, 0x00, 0x00, 0x00, 0x00, 0x00, 0x00, 0x00, 0x00, 0x00,
    0x00, 0x00, 0x00, 0x00, 0x00, 0x00, 0x00, 0x00, 0x00, 0x00, 0x00, 0x00, 0x00, 0x00, 0x00, 0x00,
    0x00, 0x00, 0x00, 0x00, 0x00, 0x00, 0x00, 0x00, 0x00, 0x00, 0x00, 0x00, 0x00, 0x00, 0x00, 0x00,
    0x00, 0x00, 0x00, 0x00, 0x00, 0x00, 0x00, 0x00, 0x00, 0x00, 0x00, 0x00, 0x00, 0x00, 0x00, 0x00,
    0x00, 0x00, 0x00, 0x00, 0x00, 0x00, 0x00, 0x00, 0x00, 0x00, 0x00, 0x00, 0x00, 0x00, 0x00, 0x00,
    0x00, 0x00, 0x00, 0x00, 0x00, 0x00, 0x00, 0x00, 0x00, 0x00, 0x00, 0x00, 0x00, 0x00, 0x00, 0x00,
    0x00, 0x00, 0x00, 0x00, 0x00, 0x00, 0x00, 0x00, 0x00, 0x00, 0x00, 0x00, 0x00, 0x00, 0x00, 0x00,
    0x00, 0x00, 0x00, 0x00, 0x00, 0x00, 0x00, 0x00, 0x00, 0x00, 0x00, 0x00, 0x00, 0x00, 0x00, 0x00,
    0x00, 0x00, 0x00, 0x00, 0x00, 0x00, 0x00, 0x00, 0x00, 0x00, 0x00, 0x00, 0x00, 0x00, 0x00, 0x00,
    0x00, 0x00, 0x00, 0x00, 0x00, 0x00, 0x00, 0x00, 0x00, 0x00, 0x00, 0x00, 0x00, 0x00, 0x00, 0x00,
    0x00, 0x00, 0x00, 0x00, 0x00, 0x00, 0x00, 0x00, 0x00, 0x00, 0x00, 0x00, 0x00, 0x00, 0x00, 0x00,
    0x00, 0x00, 0x00, 0x00, 0x00, 0x00, 0x00, 0x00, 0x00, 0x00, 0x00, 0x00, 0x00, 0x00, 0x00, 0x00,
    0x00, 0x00, 0x00, 0x00, 0x00, 0x00, 0x00, 0x00, 0x00, 0x00, 0x00, 0x00, 0x00, 0x00, 0x00, 0x00,
    0x00, 0x00, 0x00, 0x00, 0x00, 0x00, 0x00, 0x00, 0x00, 0x00, 0x00, 0x00, 0x00, 0x00, 0x00, 0x00,
    0x00, 0x00, 0x00, 0x00, 0x00, 0x00, 0x00, 0x00, 0x00, 0x00, 0x00, 0x00, 0x00, 0x00, 0x00, 0x00,
    0x00, 0x00, 0x00, 0x00, 0x00, 0x12, 0x83, 0x4A, 0x6E, 0xEE, 0x94, 0xED, 0xB5, 0x51, 0xFF, 0x19,
    0x02, 0xFF, 0x19, 0x41, 0xFF, 0x3A, 0x84, 0xFF, 0x19, 0x61, 0xFF, 0x21, 0x43, 0xFF, 0x9C, 0x4E,
    0xFE, 0xE6, 0x54, 0xFF, 0xEE, 0xB7, 0xFD, 0xF7, 0x9D, 0xD7, 0xA5, 0x13, 0x77, 0x00, 0x00, 0x1B,
    0x00, 0x00, 0x00, 0x00, 0x00, 0x01, 0x00, 0x00, 0x00, 0x00, 0x00, 0x00, 0x00, 0x00, 0x00, 0x00,
    0x00, 0x00, 0x00, 0x00, 0x00, 0x00, 0x00, 0x00, 0x00, 0x00, 0x00, 0x00, 0x00, 0x00, 0x00, 0x00,
    0x00, 0x00, 0x00, 0x00, 0x00, 0x00, 0x00, 0x00, 0x00, 0x00, 0x00, 0x00, 0x00, 0x00, 0x00, 0x00,
    0x00, 0x00, 0x00, 0x00, 0x00, 0x00, 0x00, 0x00, 0x00, 0x00, 0x00, 0x00, 0x00, 0x00, 0x00, 0x00,
    0x00, 0x00, 0x00, 0x00, 0x00, 0x00, 0x00, 0x00, 0x00, 0x00, 0x00, 0x00, 0x00, 0x00, 0x00, 0x00,
    0x00, 0x00, 0x00, 0x00, 0x00, 0x00, 0x00, 0x00, 0x00, 0x00, 0x00, 0x00, 0x00, 0x00, 0x00, 0x00,
    0x00, 0x00, 0x00, 0x00, 0x00, 0x00, 0x00, 0x00, 0x00, 0x00, 0x00, 0x00, 0x00, 0x00, 0x00, 0x00,
    0x00, 0x00, 0x00, 0x00, 0x00, 0x00, 0x00, 0x00, 0x00, 0x00, 0x00, 0x00, 0x00, 0x00, 0x00, 0x00,
    0x00, 0x00, 0x00, 0x00, 0x00, 0x00, 0x00, 0x00, 0x00, 0x00, 0x00, 0x00, 0x00, 0x00, 0x00, 0x00,
    0x00, 0x00, 0x00, 0x00, 0x00, 0x01, 0x07, 0xE0, 0x01, 0x00, 0x00, 0x00, 0x00, 0x00, 0x00, 0x00,
    0x00, 0x00, 0x00, 0x00, 0x00, 0x00, 0x00, 0x06, 0x00, 0x00, 0x18, 0x00, 0xA0, 0x2B, 0x43, 0x43,
    0x3F, 0x6C, 0xC6, 0x52, 0x7D, 0x47, 0x5B, 0x7D, 0x88, 0x6A, 0x85, 0xA8, 0x86, 0x85, 0xC8, 0x8E,
    0x8D, 0xE8, 0x90, 0x8D, 0xC9, 0x90, 0x8D, 0xC9, 0x8A, 0x85, 0xA9, 0x71, 0x75, 0x48, 0x5B, 0x6C,
    0x86, 0x51, 0x53, 0x84, 0x42, 0x11, 0x60, 0x2E, 0x00, 0x00, 0x18, 0x00, 0x00, 0x06, 0x00, 0x00,
    0x00, 0x00, 0x00, 0x00, 0x00, 0x00, 0x00, 0x00, 0x00, 0x00, 0xFF, 0xE0, 0x01, 0x00, 0x00, 0x01,
    0x00, 0x00, 0x00, 0x00, 0x00, 0x00, 0x00, 0x00, 0x00, 0x00, 0x00, 0x00, 0x00, 0x00, 0x00, 0x00,
    0x00, 0x00, 0x00, 0x00, 0x04, 0x00, 0x20, 0x21, 0x00, 0x20, 0x21, 0x00, 0x00, 0x04, 0x00, 0x00,
    0x00, 0x00, 0x00, 0x00, 0x00, 0x00, 0x00, 0x00, 0x00, 0x00, 0x00, 0x00, 0x00, 0x00, 0x00, 0x00,
    0x00, 0x00, 0x00, 0x00, 0x00, 0x00, 0x00, 0x00, 0x00, 0x00, 0x00, 0x00, 0x00, 0x00, 0x00, 0x00,
    0x00, 0x00, 0x00, 0x00, 0x00, 0x00, 0x00, 0x00, 0x00, 0x00, 0x00, 0x00, 0x00, 0x00, 0x00, 0x00,
    0x00, 0x00, 0x00, 0x00, 0x00, 0x00, 0x00, 0x00, 0x00, 0x00, 0x00, 0x00, 0x00, 0x00, 0x00, 0x00,
    0x00, 0x00, 0x00, 0x00, 0x00, 0x00, 0x00, 0x00, 0x00, 0x00, 0x00, 0x00, 0x00, 0x00, 0x00, 0x00,
    0x00, 0x00, 0x00, 0x00, 0x00, 0x00, 0x00, 0x00, 0x00, 0x00, 0x00, 0x00, 0x00, 0x00, 0x00, 0x00,
    0x00, 0x00, 0x00, 0x00, 0x00, 0x00, 0x00, 0x00, 0x00, 0x00, 0x00, 0x00, 0x00, 0x00, 0x00, 0x00,
    0x00, 0x00, 0x00, 0x00, 0x00, 0x00, 0x00, 0x00, 0x00, 0x00, 0x00, 0x00, 0x00, 0x00, 0x00, 0x00,
    0x00, 0x00, 0x00, 0x00, 0x00, 0x00, 0x00, 0x00, 0x00, 0x00, 0x00, 0x00, 0x00, 0x00, 0x00, 0x00,
    0x00, 0x00, 0x00, 0x00, 0x00, 0x00, 0x00, 0x00, 0x00, 0x00, 0x00, 0x00, 0x00, 0x00, 0x00, 0x00,
    0x00, 0x00, 0x00, 0x00, 0x00, 0x00, 0x00, 0x00, 0x00, 0x00, 0x00, 0x00, 0x00, 0x00, 0x00, 0x00,
    0x00, 0x00, 0x00, 0x00, 0x00, 0x00, 0x00, 0x00, 0x00, 0x00, 0x00, 0x00, 0x00, 0x00, 0x00, 0x00,
    0x00, 0x00, 0x00, 0x00, 0x00, 0x00, 0x00, 0x00, 0x00, 0x00, 0x00, 0x00, 0x00, 0x00, 0x00, 0x00,
    0x00, 0x00, 0x00, 0x00, 0x00, 0x00, 0x00, 0x00, 0x00, 0x00, 0x00, 0x00, 0x00, 0x00, 0x00, 0x00,
    0x00, 0x00, 0x00, 0x00, 0x00, 0x00, 0x00, 0x00, 0x00, 0x00, 0x00, 0x00, 0x00, 0x00, 0x00, 0x00,
    0x00, 0x00, 0x00, 0x00, 0x00, 0x00, 0x00, 0x00, 0x00, 0x00, 0x00, 0x00, 0x00, 0x00, 0x00, 0x00,
    0x00, 0x00, 0x00, 0x00, 0x00, 0x00, 0x00, 0x00, 0x00, 0x00, 0x00, 0x00, 0x00, 0x00, 0x00, 0x00,
    0x00, 0x00, 0x00, 0x00, 0x00, 0x00, 0x00, 0x00, 0x00, 0x00, 0x00, 0x00, 0x00, 0x13, 0x83, 0x4A,
    0x70, 0xEE, 0x74, 0xED, 0xB5, 0x31, 0xFF, 0x19, 0x22, 0xFF, 0x19, 0xA1, 0xFF, 0x32, 0x63, 0xFF,
    0x3A, 0xA4, 0xFF, 0x19, 0x81, 0xFF, 0x31, 0xA4, 0xFF, 0x9C, 0x4D, 0xFF, 0xDE, 0x12, 0xFF, 0xE6,
    0xB7, 0xFB, 0xF7, 0xBE, 0xCD, 0x8C, 0x70, 0x64, 0x00, 0x00, 0x11, 0x00, 0x00, 0x00, 0x00, 0x00,
    0x01, 0x00, 0x00, 0x00, 0x00, 0x00, 0x00, 0x00, 0x00, 0x00, 0x00, 0x00, 0x00, 0x00, 0x00, 0x00,
    0x00, 0x00, 0x00, 0x00, 0x00, 0x00, 0x00, 0x00, 0x00, 0x00, 0x00, 0x00, 0x00, 0x00, 0x00, 0x00,
    0x00, 0x00, 0x00, 0x00, 0x00, 0x00, 0x00, 0x00, 0x00, 0x00, 0x00, 0x00, 0x00, 0x00, 0x00, 0x00,
    0x00, 0x00, 0x00, 0x00, 0x00, 0x00, 0x00, 0x00, 0x00, 0x00, 0x00, 0x00, 0x00, 0x00, 0x00, 0x00,
    0x00, 0x00, 0x00, 0x00, 0x00, 0x00, 0x00, 0x00, 0x00, 0x00, 0x00, 0x00, 0x00, 0x00, 0x00, 0x00,
    0x00, 0x00, 0x00, 0x00, 0x00, 0x00, 0x00, 0x00, 0x00, 0x00, 0x00, 0x00, 0x00, 0x00, 0x00, 0x00,
    0x00, 0x00, 0x00, 0x00, 0x00, 0x00, 0x00, 0x00, 0x00, 0x00, 0x00, 0x00, 0x00, 0x00, 0x00, 0x00,
    0x00, 0x00, 0x00, 0x00, 0x00, 0x00, 0x00, 0x00, 0x00, 0x00, 0x00, 0x00, 0x00, 0x00, 0x00, 0x00,
    0x00, 0x00, 0x00, 0x00, 0x00, 0x00, 0x00, 0x01, 0x00, 0x00, 0x00, 0x00, 0x00, 0x00, 0x00, 0x00,
    0x00, 0x00, 0x00, 0x00, 0x00, 0x00, 0x06, 0x00, 0x00, 0x1E, 0x43, 0x43, 0x3A, 0x74, 0xE6, 0x5A,
    0x85, 0x87, 0x80, 0x8D, 0xE8, 0xA2, 0x9E, 0x69, 0xBA, 0xA6, 0xCA, 0xD0, 0xA6, 0xEA, 0xD9, 0xAF,
    0x0B, 0xE5, 0xAF, 0x2B, 0xFC, 0xAF, 0x4B, 0xFF, 0xAF, 0x4B, 0xFF, 0xB7, 0x4B, 0xFF, 0xAF, 0x2B,
    0xFE, 0xAF, 0x0B, 0xEA, 0xA6, 0xCB, 0xD8, 0x9E, 0xAA, 0xCE, 0x96, 0x49, 0xBD, 0x8D, 0xC8, 0xA5,
    0x7D, 0x68, 0x83, 0x75, 0x07, 0x5A, 0x53, 0xA5, 0x3F, 0x00, 0xE0, 0x24, 0x00, 0x00, 0x0B, 0x00,
    0x00, 0x00, 0x00, 0x00, 0x00, 0x00, 0x00, 0x00, 0x00, 0x00, 0x00, 0x00, 0x00, 0x00, 0x00, 0x00,
    0x00, 0x00, 0x00, 0x00, 0x00, 0x00, 0x00, 0x00, 0x00, 0x00, 0x00, 0x00, 0x04, 0x00, 0x20, 0x21,
    0x00, 0x20, 0x21, 0x00, 0x00, 0x04, 0x00, 0x00, 0x00, 0x00, 0x00, 0x00, 0x00, 0x00, 0x00, 0x00,
    0x00, 0x00, 0x00, 0x00, 0x00, 0x00, 0x00, 0x00, 0x00, 0x00, 0x00, 0x00, 0x00, 0x00, 0x00, 0x00,
    0x00, 0x00, 0x00, 0x00, 0x00, 0x00, 0x00, 0x00, 0x00, 0x00, 0x00, 0x00, 0x00, 0x00, 0x00, 0x00,
    0x00, 0x00, 0x00, 0x00, 0x00, 0x00, 0x00, 0x00, 0x00, 0x00, 0x00, 0x00, 0x00, 0x00, 0x00, 0x00,
    0x00, 0x00, 0x00, 0x00, 0x00, 0x00, 0x00, 0x00, 0x00, 0x00, 0x00, 0x00, 0x00, 0x00, 0x00, 0x00,
    0x00, 0x00, 0x00, 0x00, 0x00, 0x00, 0x00, 0x00, 0x00, 0x00, 0x00, 0x00, 0x00, 0x00, 0x00, 0x00,
    0x00, 0x00, 0x00, 0x00, 0x00, 0x00, 0x00, 0x00, 0x00, 0x00, 0x00, 0x00, 0x00, 0x00, 0x00, 0x00,
    0x00, 0x00, 0x00, 0x00, 0x00, 0x00, 0x00, 0x00, 0x00, 0x00, 0x00, 0x00, 0x00, 0x00, 0x00, 0x00,
    0x00, 0x00, 0x00, 0x00, 0x00, 0x00, 0x00, 0x00, 0x00, 0x00, 0x00, 0x00, 0x00, 0x00, 0x00, 0x00,
    0x00, 0x00, 0x00, 0x00, 0x00, 0x00, 0x00, 0x00, 0x00, 0x00, 0x00, 0x00, 0x00, 0x00, 0x00, 0x00,
    0x00, 0x00, 0x00, 0x00, 0x00, 0x00, 0x00, 0x00, 0x00, 0x00, 0x00, 0x00, 0x00, 0x00, 0x00, 0x00,
    0x00, 0x00, 0x00, 0x00, 0x00, 0x00, 0x00, 0x00, 0x00, 0x00, 0x00, 0x00, 0x00, 0x00, 0x00, 0x00,
    0x00, 0x00, 0x00, 0x00, 0x00, 0x00, 0x00, 0x00, 0x00, 0x00, 0x00, 0x00, 0x00, 0x00, 0x00, 0x00,
    0x00, 0x00, 0x00, 0x00, 0x00, 0x00, 0x00, 0x00, 0x00, 0x00, 0x00, 0x00, 0x00, 0x00, 0x00, 0x00,
    0x00, 0x00, 0x00, 0x00, 0x00, 0x00, 0x00, 0x00, 0x00, 0x00, 0x00, 0x00, 0x00, 0x00, 0x00, 0x00,
    0x00, 0x00, 0x00, 0x00, 0x00, 0x00, 0x00, 0x00, 0x00, 0x00, 0x00, 0x00, 0x00, 0x00, 0x00, 0x00,
    0x00, 0x00, 0x00, 0x00, 0x00, 0x00, 0x00, 0x00, 0x00, 0x00, 0x00, 0x00, 0x00, 0x00, 0x00, 0x00,
    0x00, 0x00, 0x00, 0x00, 0x00, 0x00, 0x00, 0x00, 0x00, 0x00, 0x00, 0x00, 0x00, 0x00, 0x00, 0x00,
    0x00, 0x00, 0x00, 0x00, 0x00, 0x12, 0x83, 0x4A, 0x6E, 0xEE, 0x54, 0xED, 0xAD, 0x10, 0xFF, 0x19,
    0x42, 0xFF, 0x21, 0xC1, 0xFF, 0x32, 0x42, 0xFF, 0x32, 0x42, 0xFF, 0x3A, 0xA4, 0xFF, 0x19, 0x81,
    0xFF, 0x31, 0xA4, 0xFF, 0x9C, 0x4D, 0xFF, 0xCD, 0x91, 0xFF, 0xDE, 0x77, 0xF9, 0xEF, 0x5C, 0xC1,
    0x73, 0x8D, 0x52, 0x00, 0x00, 0x09, 0x00, 0x00, 0x00, 0x00, 0x00, 0x00, 0x00, 0x00, 0x00, 0x00,
    0x00, 0x00, 0x00, 0x00, 0x00, 0x00, 0x00, 0x00, 0x00, 0x00, 0x00, 0x00, 0x00, 0x00, 0x00, 0x00,
    0x00, 0x00, 0x00, 0x00, 0x00, 0x00, 0x00, 0x00, 0x00, 0x00, 0x00, 0x00, 0x00, 0x00, 0x00, 0x00,
    0x00, 0x00, 0x00, 0x00, 0x00, 0x00, 0x00, 0x00, 0x00, 0x00, 0x00, 0x00, 0x00, 0x00, 0x00, 0x00,
    0x00, 0x00, 0x00, 0x00, 0x00, 0x00, 0x00, 0x00, 0x00, 0x00, 0x00, 0x00, 0x00, 0x00, 0x00, 0x00,
    0x00, 0x00, 0x00, 0x00, 0x00, 0x00, 0x00, 0x00, 0x00, 0x00, 0x00, 0x00, 0x00, 0x00, 0x00, 0x00,
    0x00, 0x00, 0x00, 0x00, 0x00, 0x00, 0x00, 0x00, 0x00, 0x00, 0x00, 0x00, 0x00, 0x00, 0x00, 0x00,
    0x00, 0x00, 0x00, 0x00, 0x00, 0x00, 0x00, 0x00, 0x00, 0x00, 0x00, 0x00, 0x00, 0x00, 0x00, 0x00,
    0x00, 0x00, 0x00, 0x00, 0x00, 0x00, 0x00, 0x00, 0x00, 0x00, 0x00, 0x00, 0x00, 0x00, 0x00, 0x00,
    0x00, 0x00, 0x00, 0x00, 0x00, 0x00, 0x00, 0x00, 0x10, 0x32, 0x62, 0x2E, 0x64, 0x65, 0x51, 0x7D,
    0x46, 0x87, 0x96, 0x48, 0xB5, 0xAF, 0x0A, 0xD4, 0xB7, 0x8C, 0xEE, 0xBF, 0xAC, 0xFC, 0xBF, 0xAC,
    0xFD, 0xB7, 0x6C, 0xFD, 0xB7, 0x4C, 0xFD, 0xAF, 0x2B, 0xFC, 0xAF, 0x2B, 0xFD, 0xAF, 0x0A, 0xFC,
    0xAE, 0xEB, 0xFD, 0xAE, 0xEB, 0xFD, 0xAF, 0x0B, 0xFD, 0xAF, 0x0B, 0xFC, 0xB7, 0x2C, 0xFC, 0xB7,
    0x4C, 0xFD, 0xB7, 0x4B, 0xFD, 0xB7, 0x6B, 0xFD, 0xAF, 0x2B, 0xF2, 0xA6, 0xEA, 0xD5, 0x96, 0x69,
    0xBA, 0x7D, 0x87, 0x93, 0x64, 0xC7, 0x5E, 0x43, 0x44, 0x38, 0x00, 0x00, 0x1A, 0x00, 0x00, 0x04,
    0x00, 0x00, 0x00, 0x00, 0x00, 0x00, 0x00, 0x00, 0x00, 0x00, 0x00, 0x00, 0x00, 0x00, 0x00, 0x00,
    0x00, 0x00, 0x00, 0x00, 0x04, 0x00, 0x20, 0x21, 0x00, 0x20, 0x21, 0x00, 0x00, 0x04, 0x00, 0x00,
    0x00, 0x00, 0x00, 0x00, 0x00, 0x00, 0x00, 0x00, 0x00, 0x00, 0x00, 0x00, 0x00, 0x00, 0x00, 0x00,
    0x00, 0x00, 0x00, 0x00, 0x00, 0x00, 0x00, 0x00, 0x00, 0x00, 0x00, 0x00, 0x00, 0x00, 0x00, 0x00,
    0x00, 0x00, 0x00, 0x00, 0x00, 0x00, 0x00, 0x00, 0x00, 0x00, 0x00, 0x00, 0x00, 0x00, 0x00, 0x00,
    0x00, 0x00, 0x00, 0x00, 0x00, 0x00, 0x00, 0x00, 0x00, 0x00, 0x00, 0x00, 0x00, 0x00, 0x00, 0x00,
    0x00, 0x00, 0x00, 0x00, 0x00, 0x00, 0x00, 0x00, 0x00, 0x00, 0x00, 0x00, 0x00, 0x00, 0x00, 0x00,
    0x00, 0x00, 0x00, 0x00, 0x00, 0x00, 0x00, 0x00, 0x00, 0x00, 0x00, 0x00, 0x00, 0x00, 0x00, 0x00,
    0x00, 0x00, 0x00, 0x00, 0x00, 0x00, 0x00, 0x00, 0x00, 0x00, 0x00, 0x00, 0x00, 0x00, 0x00, 0x00,
    0x00, 0x00, 0x00, 0x00, 0x00, 0x00, 0x00, 0x00, 0x00, 0x00, 0x00, 0x00, 0x00, 0x00, 0x00, 0x00,
    0x00, 0x00, 0x00, 0x00, 0x00, 0x00, 0x00, 0x00, 0x00, 0x00, 0x00, 0x00, 0x00, 0x00, 0x00, 0x00,
    0x00, 0x00, 0x00, 0x00, 0x00, 0x00, 0x00, 0x00, 0x00, 0x00, 0x00, 0x00, 0x00, 0x00, 0x00, 0x00,
    0x00, 0x00, 0x00, 0x00, 0x00, 0x00, 0x00, 0x00, 0x00, 0x00, 0x00, 0x00, 0x00, 0x00, 0x00, 0x00,
    0x00, 0x00, 0x00, 0x00, 0x00, 0x00, 0x00, 0x00, 0x00, 0x00, 0x00, 0x00, 0x00, 0x00, 0x00, 0x00,
    0x00, 0x00, 0x00, 0x00, 0x00, 0x00, 0x00, 0x00, 0x00, 0x00, 0x00, 0x00, 0x00, 0x00, 0x00, 0x00,
    0x00, 0x00, 0x00, 0x00, 0x00, 0x00, 0x00, 0x00, 0x00, 0x00, 0x00, 0x00, 0x00, 0x00, 0x00, 0x00,
    0x00, 0x00, 0x00, 0x00, 0x00, 0x00, 0x00, 0x00, 0x00, 0x00, 0x00, 0x00, 0x00, 0x00, 0x00, 0x00,
    0x00, 0x00, 0x00, 0x00, 0x00, 0x00, 0x00, 0x00, 0x00, 0x00, 0x00, 0x00, 0x00, 0x00, 0x00, 0x00,
    0x00, 0x00, 0x00, 0x00, 0x00, 0x00, 0x00, 0x00, 0x00, 0x00, 0x00, 0x00, 0x00, 0x00, 0x00, 0x00,
    0x00, 0x00, 0x00, 0x00, 0x00, 0x00, 0x00, 0x00, 0x00, 0x00, 0x00, 0x00, 0x00, 0x0F, 0x7B, 0x29,
    0x67, 0xEE, 0x54, 0xEC, 0xA4, 0xF0, 0xFF, 0x19, 0x42, 0xFF, 0x19, 0xA1, 0xFF, 0x32, 0x62, 0xFF,
    0x2A, 0x22, 0xFF, 0x2A, 0x22, 0xFF, 0x3A, 0x84, 0xFF, 0x19, 0x41, 0xFF, 0x29, 0x24, 0xFF, 0x9C,
    0x0D, 0xFF, 0xBC, 0xCF, 0xFE, 0xDE, 0x36, 0xF2, 0xDE, 0xDA, 0xA8, 0x63, 0x0B, 0x44, 0x00, 0x00,
    0x07, 0x00, 0x00, 0x00, 0x00, 0x00, 0x01, 0x00, 0x00, 0x00, 0x00, 0x00, 0x00, 0x00, 0x00, 0x00,
    0x00, 0x00, 0x00, 0x00, 0x00, 0x00, 0x00, 0x00, 0x00, 0x00, 0x00, 0x00, 0x00, 0x00, 0x00, 0x00,
    0x00, 0x00, 0x00, 0x00, 0x00, 0x00, 0x00, 0x00, 0x00, 0x00, 0x00, 0x00, 0x00, 0x00, 0x00, 0x00,
    0x00, 0x00, 0x00, 0x00, 0x00, 0x00, 0x00, 0x00, 0x00, 0x00, 0x00, 0x00, 0x00, 0x00, 0x00, 0x00,
    0x00, 0x00, 0x00, 0x00, 0x00, 0x00, 0x00, 0x00, 0x00, 0x00, 0x00, 0x00, 0x00, 0x00, 0x00, 0x00,
    0x00, 0x00, 0x00, 0x00, 0x00, 0x00, 0x00, 0x00, 0x00, 0x00, 0x00, 0x00, 0x00, 0x00, 0x00, 0x00,
    0x00, 0x00, 0x00, 0x00, 0x00, 0x00, 0x00, 0x00, 0x00, 0x00, 0x00, 0x00, 0x00, 0x00, 0x00, 0x00,
    0x00, 0x00, 0x00, 0x00, 0x00, 0x00, 0x00, 0x00, 0x00, 0x00, 0x00, 0x00, 0x00, 0x00, 0x00, 0x00,
    0x00, 0x00, 0x00, 0x00, 0x00, 0x00, 0x00, 0x00, 0x00, 0x00, 0x11, 0x3A, 0xC3, 0x31, 0x5C, 0x45,
    0x61, 0x85, 0xC8, 0xA0, 0xA6, 0xE9, 0xCD, 0xB7, 0x8A, 0xEF, 0xB7, 0x8B, 0xFB, 0xAF, 0x4B, 0xFB,
    0xAF, 0x0C, 0xFC, 0xAF, 0x0C, 0xFD, 0xAF, 0x0C, 0xFD, 0xAF, 0x0C, 0xFE, 0xAF, 0x0C, 0xFE, 0xAF,
    0x0B, 0xFE, 0xAF, 0x0B, 0xFE, 0xA7, 0x0A, 0xFF, 0xA6, 0xEA, 0xFF, 0xA6, 0xEA, 0xFF, 0xA6, 0xEB,
    0xFE, 0xA6, 0xEB, 0xFE, 0xA6, 0xEB, 0xFE, 0xA6, 0xEA, 0xFE, 0xA6, 0xEA, 0xFD, 0xA6, 0xEA, 0xFD,
    0xA6, 0xCA, 0xFE, 0xA6, 0xEA, 0xFB, 0xA7, 0x2A, 0xFB, 0xAF, 0x6A, 0xF4, 0xA7, 0x4A, 0xD7, 0x8E,
    0x49, 0xB2, 0x6C, 0xE7, 0x79, 0x4B, 0x84, 0x43, 0x11, 0x41, 0x1F, 0x00, 0x00, 0x07, 0x00, 0x00,
    0x00, 0x00, 0x00, 0x00, 0x00, 0x00, 0x00, 0x00, 0x00, 0x00, 0x00, 0x00, 0x04, 0x00, 0x00, 0x21,
    0x00, 0x20, 0x21, 0x00, 0x00, 0x04, 0x00, 0x00, 0x00, 0x00, 0x00, 0x00, 0x00, 0x00, 0x00, 0x00,
    0x00, 0x00, 0x00, 0x00, 0x00, 0x00, 0x00, 0x00, 0x00, 0x00, 0x00, 0x00, 0x00, 0x00, 0x00, 0x00,
    0x00, 0x00, 0x00, 0x00, 0x00, 0x00, 0x00, 0x00, 0x00, 0x00, 0x00, 0x00, 0x00, 0x00, 0x00, 0x00,
    0x00, 0x00, 0x00, 0x00, 0x00, 0x00, 0x00, 0x00, 0x00, 0x00, 0x00, 0x00, 0x00, 0x00, 0x00, 0x00,
    0x00, 0x00, 0x00, 0x00, 0x00, 0x00, 0x00, 0x00, 0x00, 0x00, 0x00, 0x00, 0x00, 0x00, 0x00, 0x00,
    0x00, 0x00, 0x00, 0x00, 0x00, 0x00, 0x00, 0x00, 0x00, 0x00, 0x00, 0x00, 0x00, 0x00, 0x00, 0x00,
    0x00, 0x00, 0x00, 0x00, 0x00, 0x00, 0x00, 0x00, 0x00, 0x00, 0x00, 0x00, 0x00, 0x00, 0x00, 0x00,
    0x00, 0x00, 0x00, 0x00, 0x00, 0x00, 0x00, 0x00, 0x00, 0x00, 0x00, 0x00, 0x00, 0x00, 0x00, 0x00,
    0x00, 0x00, 0x00, 0x00, 0x00, 0x00, 0x00, 0x00, 0x00, 0x00, 0x00, 0x00, 0x00, 0x00, 0x00, 0x00,
    0x00, 0x00, 0x00, 0x00, 0x00, 0x00, 0x00, 0x00, 0x00, 0x00, 0x00, 0x00, 0x00, 0x00, 0x00, 0x00,
    0x00, 0x00, 0x00, 0x00, 0x00, 0x00, 0x00, 0x00, 0x00, 0x00, 0x00, 0x00, 0x00, 0x00, 0x00, 0x00,
    0x00, 0x00, 0x00, 0x00, 0x00, 0x00, 0x00, 0x00, 0x00, 0x00, 0x00, 0x00, 0x00, 0x00, 0x00, 0x00,
    0x00, 0x00, 0x00, 0x00, 0x00, 0x00, 0x00, 0x00, 0x00, 0x00, 0x00, 0x00, 0x00, 0x00, 0x00, 0x00,
    0x00, 0x00, 0x00, 0x00, 0x00, 0x00, 0x00, 0x00, 0x00, 0x00, 0x00, 0x00, 0x00, 0x00, 0x00, 0x00,
    0x00, 0x00, 0x00, 0x00, 0x00, 0x00, 0x00, 0x00, 0x00, 0x00, 0x00, 0x00, 0x00, 0x00, 0x00, 0x00,
    0x00, 0x00, 0x00, 0x00, 0x00, 0x00, 0x00, 0x00, 0x00, 0x00, 0x00, 0x00, 0x00, 0x00, 0x00, 0x00,
    0x00, 0x00, 0x00, 0x00, 0x00, 0x00, 0x00, 0x00, 0x00, 0x00, 0x00, 0x00, 0x00, 0x00, 0x00, 0x00,
    0x00, 0x00, 0x00, 0x00, 0x00, 0x00, 0x00, 0x00, 0x00, 0x00, 0x00, 0x00, 0x00, 0x00, 0x00, 0x00,
    0x00, 0x00, 0x00, 0x00, 0x00, 0x0D, 0x73, 0x09, 0x5E, 0xE6, 0x13, 0xEB, 0xA4, 0xCF, 0xFF, 0x19,
    0x42, 0xFF, 0x21, 0xC1, 0xFF, 0x2A, 0x22, 0xFF, 0x19, 0xA1, 0xFF, 0x21, 0xA1, 0xFF, 0x2A, 0x22,
    0xFF, 0x32, 0x23, 0xFF, 0x10, 0xE1, 0xFF, 0x21, 0x03, 0xFF, 0x8B, 0xCC, 0xFF, 0xA4, 0x4C, 0xF8,
    0xDE, 0x56, 0xD8, 0xCE, 0x58, 0x99, 0x52, 0x89, 0x3E, 0x00, 0x00, 0x06, 0x00, 0x00, 0x00, 0x00,
    0x00, 0x01, 0x00, 0x00, 0x00, 0x00, 0x00, 0x00, 0x00, 0x00, 0x00, 0x00, 0x00, 0x00, 0x00, 0x00,
    0x00, 0x00, 0x00, 0x00, 0x00, 0x00, 0x00, 0x00, 0x00, 0x00, 0x00, 0x00, 0x00, 0x00, 0x00, 0x00,
    0x00, 0x00, 0x00, 0x00, 0x00, 0x00, 0x00, 0x00, 0x00, 0x00, 0x00, 0x00, 0x00, 0x00, 0x00, 0x00,
    0x00, 0x00, 0x00, 0x00, 0x00, 0x00, 0x00, 0x00, 0x00, 0x00, 0x00, 0x00, 0x00, 0x00, 0x00, 0x00,
    0x00, 0x00, 0x00, 0x00, 0x00, 0x00, 0x00, 0x00, 0x00, 0x00, 0x00, 0x00, 0x00, 0x00, 0x00, 0x00,
    0x00, 0x00, 0x00, 0x00, 0x00, 0x00, 0x00, 0x00, 0x00, 0x00, 0x00, 0x00, 0x00, 0x00, 0x00, 0x00,
    0x00, 0x00, 0x00, 0x00, 0x00, 0x00, 0x00, 0x00, 0x00, 0x00, 0x00, 0x00, 0x00, 0x00, 0x00, 0x00,
    0x00, 0x00, 0x00, 0x00, 0x00, 0x00, 0x00, 0x00, 0x00, 0x00, 0x00, 0x00, 0x07, 0x19, 0x61, 0x2B,
    0x5C, 0x05, 0x62, 0x8E, 0x28, 0xA6, 0xAF, 0x4A, 0xD2, 0xAF, 0x6A, 0xF1, 0xA7, 0x2A, 0xFB, 0xA6,
    0xEA, 0xFE, 0xA6, 0xEA, 0xFE, 0xA7, 0x0B, 0xFE, 0xAF, 0x2C, 0xFF, 0xB7, 0x4C, 0xFF, 0xB7, 0x4C,
    0xFF, 0xB7, 0x4C, 0xFF, 0xB7, 0x4C, 0xFF, 0xB7, 0x4C, 0xFF, 0xAF, 0x4B, 0xFF, 0xAF, 0x2B, 0xFF,
    0xAF, 0x2A, 0xFF, 0xAF, 0x2B, 0xFF, 0xAF, 0x2B, 0xFF, 0xAF, 0x2B, 0xFF, 0xAF, 0x2B, 0xFF, 0xAF,
    0x0A, 0xFF, 0xA7, 0x0A, 0xFF, 0xA7, 0x0A, 0xFF, 0xA7, 0x0A, 0xFF, 0xA6, 0xE9, 0xFE, 0x9E, 0xC9,
    0xFE, 0x9E, 0xC9, 0xFE, 0xA6, 0xEA, 0xFB, 0xAF, 0x4B, 0xF6, 0xAF, 0x8C, 0xDF, 0x9E, 0xEB, 0xBE,
    0x7D, 0x47, 0x88, 0x43, 0x03, 0x45, 0x08, 0xA0, 0x17, 0x00, 0x00, 0x03, 0x00, 0x00, 0x00, 0x00,
    0x00, 0x00, 0x00, 0x00, 0x04, 0x00, 0x00, 0x21, 0x00, 0x20, 0x21, 0x00, 0x00, 0x04, 0x00, 0x00,
    0x00, 0x00, 0x00, 0x00, 0x00, 0x00, 0x00, 0x00, 0x00, 0x00, 0x00, 0x00, 0x00, 0x00, 0x00, 0x00,
    0x00, 0x00, 0x00, 0x00, 0x00, 0x00, 0x00, 0x00, 0x00, 0x00, 0x00, 0x00, 0x00, 0x00, 0x00, 0x00,
    0x00, 0x00, 0x00, 0x00, 0x00, 0x00, 0x00, 0x00, 0x00, 0x00, 0x00, 0x00, 0x00, 0x00, 0x00, 0x00,
    0x00, 0x00, 0x00, 0x00, 0x00, 0x00, 0x00, 0x00, 0x00, 0x00, 0x00, 0x00, 0x00, 0x00, 0x00, 0x00,
    0x00, 0x00, 0x00, 0x00, 0x00, 0x00, 0x00, 0x00, 0x00, 0x00, 0x00, 0x00, 0x00, 0x00, 0x00, 0x00,
    0x00, 0x00, 0x00, 0x00, 0x00, 0x00, 0x00, 0x00, 0x00, 0x00, 0x00, 0x00, 0x00, 0x00, 0x00, 0x00,
    0x00, 0x00, 0x00, 0x00, 0x00, 0x00, 0x00, 0x00, 0x00, 0x00, 0x00, 0x00, 0x00, 0x00, 0x00, 0x00,
    0x00, 0x00, 0x00, 0x00, 0x00, 0x00, 0x00, 0x00, 0x00, 0x00, 0x00, 0x00, 0x00, 0x00, 0x00, 0x00,
    0x00, 0x00, 0x00, 0x00, 0x00, 0x00, 0x00, 0x00, 0x00, 0x00, 0x00, 0x00, 0x00, 0x00, 0x00, 0x00,
    0x00, 0x00, 0x00, 0x00, 0x00, 0x00, 0x00, 0x00, 0x00, 0x00, 0x00, 0x00, 0x00, 0x00, 0x00, 0x00,
    0x00, 0x00, 0x00, 0x00, 0x00, 0x00, 0x00, 0x00, 0x00, 0x00, 0x00, 0x00, 0x00, 0x00, 0x00, 0x00,
    0x00, 0x00, 0x00, 0x00, 0x00, 0x00, 0x00, 0x00, 0x00, 0x00, 0x00, 0x00, 0x00, 0x00, 0x00, 0x00,
    0x00, 0x00, 0x00, 0x00, 0x00, 0x00, 0x00, 0x00, 0x00, 0x00, 0x00, 0x00, 0x00, 0x00, 0x00, 0x00,
    0x00, 0x00, 0x00, 0x00, 0x00, 0x00, 0x00, 0x00, 0x00, 0x00, 0x00, 0x00, 0x00, 0x00, 0x00, 0x00,
    0x00, 0x00, 0x00, 0x00, 0x00, 0x00, 0x00, 0x00, 0x00, 0x00, 0x00, 0x00, 0x00, 0x00, 0x00, 0x00,
    0x00, 0x00, 0x00, 0x00, 0x00, 0x00, 0x00, 0x00, 0x00, 0x00, 0x00, 0x00, 0x00, 0x00, 0x00, 0x00,
    0x00, 0x00, 0x00, 0x00, 0x00, 0x00, 0x00, 0x00, 0x00, 0x00, 0x00, 0x00, 0x00, 0x00, 0x00, 0x00,
    0x00, 0x00, 0x00, 0x00, 0x00, 0x00, 0x00, 0x00, 0x00, 0x00, 0x00, 0x00, 0x00, 0x09, 0x6A, 0xC8,
    0x52, 0xD5, 0x50, 0xDE, 0x94, 0x2C, 0xFE, 0x21, 0x62, 0xFF, 0x21, 0xA1, 0xFF, 0x19, 0xA1, 0xFF,
    0x11, 0x00, 0xFF, 0x19, 0x61, 0xFF, 0x21, 0xE2, 0xFF, 0x2A, 0x02, 0xFF, 0x21, 0xC2, 0xFF, 0x08,
    0xA0, 0xFF, 0x18, 0xC2, 0xFF, 0x8B, 0xCB, 0xFF, 0xA4, 0x2C, 0xF4, 0xDE, 0x77, 0xD4, 0xC5, 0xF6,
    0x92, 0x42, 0x48, 0x37, 0x00, 0x00, 0x04, 0x00, 0x00, 0x00, 0x00, 0x00, 0x01, 0x00, 0x00, 0x00,
    0x00, 0x00, 0x00, 0x00, 0x00, 0x00, 0x00, 0x00, 0x00, 0x00, 0x00, 0x00, 0x00, 0x00, 0x00, 0x00,
    0x00, 0x00, 0x00, 0x00, 0x00, 0x00, 0x00, 0x00, 0x00, 0x00, 0x00, 0x00, 0x00, 0x00, 0x00, 0x00,
    0x00, 0x00, 0x00, 0x00, 0x00, 0x00, 0x00, 0x00, 0x00, 0x00, 0x00, 0x00, 0x04, 0x00, 0x00, 0x0B,
    0x00, 0x00, 0x00, 0x00, 0x00, 0x00, 0x00, 0x00, 0x00, 0x00, 0x00, 0x00, 0x00, 0x00, 0x00, 0x00,
    0x00, 0x00, 0x00, 0x00, 0x00, 0x00, 0x00, 0x00, 0x00, 0x00, 0x00, 0x00, 0x00, 0x00, 0x00, 0x00,
    0x00, 0x00, 0x00, 0x00, 0x00, 0x00, 0x00, 0x00, 0x00, 0x00, 0x00, 0x00, 0x00, 0x00, 0x00, 0x00,
    0x00, 0x00, 0x00, 0x00, 0x00, 0x00, 0x00, 0x00, 0x00, 0x00, 0x00, 0x00, 0x00, 0x00, 0x01, 0x00,
    0x60, 0x11, 0x3A, 0xE3, 0x48, 0x85, 0xA8, 0x9A, 0xB7, 0x8C, 0xD0, 0xB7, 0x6B, 0xF2, 0xA7, 0x0A,
    0xFB, 0xA6, 0xEA, 0xFF, 0xA7, 0x0A, 0xFF, 0xA7, 0x0A, 0xFF, 0xA7, 0x0A, 0xFF, 0xAF, 0x2B, 0xFF,
    0xAF, 0x4C, 0xFF, 0xB7, 0x4C, 0xFC, 0xB7, 0x6C, 0xF4, 0xBF, 0x8D, 0xEE, 0xB7, 0x6C, 0xEA, 0xB7,
    0x4C, 0xE6, 0xAF, 0x4B, 0xE0, 0xA7, 0x0A, 0xDD, 0xA6, 0xEA, 0xDC, 0xAF, 0x0A, 0xDD, 0xAF, 0x0A,
    0xDF, 0xAF, 0x2B, 0xE2, 0xAF, 0x4B, 0xE6, 0xAF, 0x4A, 0xEA, 0xAF, 0x2A, 0xEF, 0xA7, 0x0A, 0xF4,
    0xA7, 0x0A, 0xF9, 0xA7, 0x0A, 0xFF, 0xA7, 0x0A, 0xFF, 0xA6, 0xEA, 0xFF, 0xA6, 0xEA, 0xFF, 0xA6,
    0xEB, 0xFE, 0xA6, 0xEB, 0xFB, 0xAF, 0x4C, 0xF7, 0xBF, 0xAD, 0xE4, 0xAE, 0xEA, 0xBA, 0x6C, 0xA6,
    0x78, 0x21, 0xA1, 0x34, 0x00, 0x02, 0x0F, 0x00, 0x00, 0x00, 0x00, 0x00, 0x03, 0x00, 0x00, 0x21,
    0x00, 0x20, 0x21, 0x00, 0x00, 0x04, 0x00, 0x00, 0x00, 0x00, 0x00, 0x00, 0x00, 0x00, 0x00, 0x00,
    0x00, 0x00, 0x00, 0x00, 0x00, 0x00, 0x00, 0x00, 0x00, 0x00, 0x00, 0x00, 0x00, 0x00, 0x00, 0x00,
    0x00, 0x00, 0x00, 0x00, 0x00, 0x00, 0x00, 0x00, 0x00, 0x00, 0x00, 0x00, 0x00, 0x00, 0x00, 0x00,
    0x00, 0x00, 0x00, 0x00, 0x00, 0x00, 0x00, 0x00, 0x00, 0x00, 0x00, 0x00, 0x00, 0x00, 0x00, 0x00,
    0x00, 0x00, 0x00, 0x00, 0x00, 0x00, 0x00, 0x00, 0x00, 0x00, 0x00, 0x00, 0x00, 0x00, 0x00, 0x00,
    0x00, 0x00, 0x00, 0x00, 0x00, 0x00, 0x00, 0x00, 0x00, 0x00, 0x00, 0x00, 0x00, 0x00, 0x00, 0x00,
    0x00, 0x00, 0x00, 0x00, 0x00, 0x00, 0x00, 0x00, 0x00, 0x00, 0x00, 0x00, 0x00, 0x00, 0x00, 0x00,
    0x00, 0x00, 0x00, 0x00, 0x00, 0x00, 0x00, 0x00, 0x00, 0x00, 0x00, 0x00, 0x00, 0x00, 0x00, 0x00,
    0x00, 0x00, 0x00, 0x00, 0x00, 0x00, 0x00, 0x00, 0x00, 0x00, 0x00, 0x00, 0x00, 0x00, 0x00, 0x00,
    0x00, 0x00, 0x00, 0x00, 0x00, 0x00, 0x00, 0x00, 0x00, 0x00, 0x00, 0x00, 0x00, 0x00, 0x00, 0x00,
    0x00, 0x00, 0x00, 0x00, 0x00, 0x00, 0x00, 0x00, 0x00, 0x00, 0x00, 0x00, 0x00, 0x00, 0x00, 0x00,
    0x00, 0x00, 0x00, 0x00, 0x00, 0x00, 0x00, 0x00, 0x00, 0x00, 0x00, 0x00, 0x00, 0x00, 0x00, 0x00,
    0x00, 0x00, 0x00, 0x00, 0x00, 0x00, 0x00, 0x00, 0x00, 0x00, 0x00, 0x00, 0x00, 0x00, 0x00, 0x00,
    0x00, 0x00, 0x00, 0x00, 0x00, 0x00, 0x00, 0x00, 0x00, 0x00, 0x00, 0x00, 0x00, 0x00, 0x00, 0x00,
    0x00, 0x00, 0x00, 0x00, 0x00, 0x00, 0x00, 0x00, 0x00, 0x00, 0x00, 0x00, 0x00, 0x00, 0x00, 0x00,
    0x00, 0x00, 0x00, 0x00, 0x00, 0x00, 0x00, 0x00, 0x00, 0x00, 0x00, 0x00, 0x00, 0x00, 0x00, 0x00,
    0x00, 0x00, 0x00, 0x00, 0x00, 0x00, 0x00, 0x00, 0x00, 0x00, 0x00, 0x00, 0x00, 0x00, 0x00, 0x00,
    0x00, 0x00, 0x00, 0x00, 0x00, 0x00, 0x00, 0x00, 0x00, 0x00, 0x00, 0x00, 0x00, 0x00, 0x00, 0x00,
    0x00, 0x00, 0x00, 0x00, 0x00, 0x03, 0x5A, 0x26, 0x36, 0xBC, 0x8D, 0xB8, 0x8B, 0xCA, 0xF5, 0x21,
    0x42, 0xFF, 0x11, 0x41, 0xFF, 0x11, 0x41, 0xFF, 0x19, 0x81, 0xFF, 0x21, 0xC2, 0xFF, 0x21, 0xC2,
    0xFF, 0x21, 0xC2, 0xFF, 0x21, 0xC2, 0xFF, 0x19, 0x82, 0xFF, 0x00, 0x80, 0xFF, 0x18, 0xC2, 0xFF,
    0x8B, 0xCB, 0xFF, 0xA4, 0x2C, 0xF4, 0xE6, 0x97, 0xD4, 0xB5, 0x74, 0x88, 0x31, 0x85, 0x2F, 0x00,
    0x00, 0x03, 0x00, 0x00, 0x00, 0x00, 0x00, 0x01, 0x00, 0x00, 0x00, 0x00, 0x00, 0x00, 0x00, 0x00,
    0x00, 0x00, 0x00, 0x00, 0x00, 0x00, 0x00, 0x00, 0x00, 0x00, 0x00, 0x00, 0x00, 0x00, 0x00, 0x00,
    0x00, 0x00, 0x00, 0x00, 0x00, 0x00, 0x00, 0x00, 0x00, 0x00, 0x00, 0x00, 0x00, 0x00, 0x00, 0x00,
    0x00, 0x04, 0x42, 0x27, 0x28, 0x6B, 0x0A, 0x40, 0x00, 0x00, 0x07, 0x00, 0x00, 0x00, 0x00, 0x00,
    0x00, 0x00, 0x00, 0x00, 0x00, 0x00, 0x00, 0x00, 0x00, 0x00, 0x00, 0x00, 0x00, 0x00, 0x00, 0x00,
    0x00, 0x00, 0x00, 0x00, 0x00, 0x00, 0x00, 0x00, 0x00, 0x00, 0x00, 0x00, 0x00, 0x00, 0x00, 0x00,
    0x00, 0x00, 0x00, 0x00, 0x00, 0x00, 0x00, 0x00, 0x00, 0x00, 0x00, 0x00, 0x00, 0x01, 0x00, 0x00,
    0x00, 0x00, 0x05, 0x06, 0x00, 0x20, 0x25, 0x5C, 0x45, 0x69, 0xA6, 0xEB, 0xBC, 0xB7, 0x8C, 0xEE,
    0xAF, 0x0B, 0xFB, 0xA7, 0x0B, 0xFF, 0xA7, 0x0A, 0xFF, 0xA7, 0x0A, 0xFF, 0xA6, 0xEA, 0xFF, 0xA7,
    0x0A, 0xFA, 0xAF, 0x2B, 0xF6, 0xB7, 0x4C, 0xF1, 0xB7, 0x6C, 0xEB, 0xAF, 0x2B, 0xD1, 0x9E, 0x69,
    0xAC, 0x85, 0x67, 0x94, 0x74, 0xC6, 0x7F, 0x5C, 0x05, 0x6B, 0x43, 0x23, 0x57, 0x32, 0x82, 0x49,
    0x32, 0x62, 0x44, 0x32, 0x82, 0x48, 0x3A, 0xE3, 0x4F, 0x4B, 0x63, 0x5C, 0x5C, 0x25, 0x6E, 0x74,
    0xC6, 0x83, 0x8D, 0xA8, 0x96, 0x9E, 0x8A, 0xAD, 0xAF, 0x2B, 0xCC, 0xB7, 0x4B, 0xE9, 0xAF, 0x2B,
    0xF3, 0xA7, 0x0B, 0xF9, 0xA6, 0xEA, 0xFF, 0xA7, 0x0B, 0xFF, 0xA7, 0x0B, 0xFF, 0xA7, 0x0B, 0xFF,
    0xA7, 0x0B, 0xFD, 0xB7, 0x4C, 0xF7, 0xB7, 0x8C, 0xDD, 0x96, 0x49, 0xA1, 0x3B, 0x23, 0x54, 0x00,
    0x40, 0x16, 0x39, 0xE0, 0x04, 0x00, 0x00, 0x21, 0x00, 0x00, 0x21, 0x00, 0x00, 0x04, 0x00, 0x00,
    0x00, 0x00, 0x00, 0x00, 0x00, 0x00, 0x00, 0x00, 0x00, 0x00, 0x00, 0x00, 0x00, 0x00, 0x00, 0x00,
    0x00, 0x00, 0x00, 0x00, 0x00, 0x00, 0x00, 0x00, 0x00, 0x00, 0x00, 0x00, 0x00, 0x00, 0x00, 0x00,
    0x00, 0x00, 0x00, 0x00, 0x00, 0x00, 0x00, 0x00, 0x00, 0x00, 0x00, 0x00, 0x00, 0x00, 0x00, 0x00,
    0x00, 0x00, 0x00, 0x00, 0x00, 0x00, 0x00, 0x00, 0x00, 0x00, 0x00, 0x00, 0x00, 0x00, 0x00, 0x00,
    0x00, 0x00, 0x00, 0x00, 0x00, 0x00, 0x00, 0x00, 0x00, 0x00, 0x00, 0x00, 0x00, 0x00, 0x00, 0x00,
    0x00, 0x00, 0x00, 0x00, 0x00, 0x00, 0x00, 0x00, 0x00, 0x00, 0x00, 0x00, 0x00, 0x00, 0x00, 0x00,
    0x00, 0x00, 0x00, 0x00, 0x00, 0x00, 0x00, 0x00, 0x00, 0x00, 0x00, 0x00, 0x00, 0x00, 0x00, 0x00,
    0x00, 0x00, 0x00, 0x00, 0x00, 0x00, 0x00, 0x00, 0x00, 0x00, 0x00, 0x00, 0x00, 0x00, 0x00, 0x00,
    0x00, 0x00, 0x00, 0x00, 0x00, 0x00, 0x00, 0x00, 0x00, 0x00, 0x00, 0x00, 0x00, 0x00, 0x00, 0x00,
    0x00, 0x00, 0x00, 0x00, 0x00, 0x00, 0x00, 0x00, 0x00, 0x00, 0x00, 0x00, 0x00, 0x00, 0x00, 0x00,
    0x00, 0x00, 0x00, 0x00, 0x00, 0x00, 0x00, 0x00, 0x00, 0x00, 0x00, 0x00, 0x00, 0x00, 0x00, 0x00,
    0x00, 0x00, 0x00, 0x00, 0x00, 0x00, 0x00, 0x00, 0x00, 0x00, 0x00, 0x00, 0x00, 0x00, 0x00, 0x00,
    0x00, 0x00, 0x00, 0x00, 0x00, 0x00, 0x00, 0x00, 0x00, 0x00, 0x00, 0x00, 0x00, 0x00, 0x00, 0x00,
    0x00, 0x00, 0x00, 0x00, 0x00, 0x00, 0x00, 0x00, 0x00, 0x00, 0x00, 0x00, 0x00, 0x00, 0x00, 0x00,
    0x00, 0x00, 0x00, 0x00, 0x00, 0x00, 0x00, 0x00, 0x00, 0x00, 0x00, 0x00, 0x00, 0x00, 0x00, 0x00,
    0x00, 0x00, 0x00, 0x00, 0x00, 0x00, 0x00, 0x00, 0x00, 0x00, 0x00, 0x00, 0x00, 0x00, 0x00, 0x00,
    0x00, 0x00, 0x00, 0x00, 0x00, 0x00, 0x00, 0x00, 0x00, 0x00, 0x00, 0x00, 0x00, 0x00, 0x00, 0x00,
    0x00, 0x00, 0x00, 0x00, 0x00, 0x00, 0x00, 0x00, 0x00, 0x00, 0x00, 0x00, 0x00, 0x00, 0x49, 0xE5,
    0x24, 0xAC, 0x4C, 0xA4, 0xA4, 0x6C, 0xF3, 0x21, 0x42, 0xFF, 0x08, 0xC0, 0xFF, 0x11, 0x41, 0xFF,
    0x21, 0xC2, 0xFF, 0x21, 0xC2, 0xFF, 0x21, 0xA2, 0xFF, 0x19, 0xC2, 0xFF, 0x19, 0xA2, 0xFF, 0x19,
    0xA2, 0xFF, 0x19, 0x41, 0xFF, 0x00, 0x80, 0xFF, 0x18, 0xE2, 0xFF, 0x93, 0xEA, 0xFF, 0xAC, 0x4C,
    0xF6, 0xE6, 0x97, 0xD1, 0xA5, 0x13, 0x7C, 0x08, 0x20, 0x26, 0x7B, 0xEF, 0x02, 0x00, 0x00, 0x00,
    0x00, 0x00, 0x01, 0x00, 0x00, 0x00, 0x00, 0x00, 0x00, 0x00, 0x00, 0x00, 0x00, 0x00, 0x00, 0x00,
    0x00, 0x00, 0x00, 0x00, 0x00, 0x00, 0x00, 0x00, 0x00, 0x00, 0x00, 0x00, 0x00, 0x00, 0x00, 0x00,
    0x00, 0xFF, 0xFF, 0x01, 0x00, 0x00, 0x00, 0x29, 0x22, 0x23, 0xAD, 0x11, 0x81, 0xEF, 0x38, 0x98,
    0x00, 0x00, 0x20, 0x00, 0x00, 0x01, 0x00, 0x00, 0x00, 0x00, 0x00, 0x00, 0x00, 0x00, 0x00, 0x00,
    0x00, 0x00, 0x00, 0x00, 0x00, 0x00, 0x00, 0x00, 0x00, 0x00, 0x00, 0x00, 0x00, 0x00, 0x00, 0x00,
    0x00, 0x00, 0x00, 0x00, 0x00, 0x00, 0x00, 0x00, 0x00, 0x00, 0x00, 0x00, 0x00, 0x00, 0x00, 0x00,
    0x00, 0x00, 0x01, 0x00, 0x00, 0x00, 0x00, 0xE0, 0x08, 0x19, 0x40, 0x35, 0x75, 0x47, 0x84, 0xAF,
    0x4B, 0xCE, 0xAF, 0x4B, 0xF7, 0xA7, 0x2B, 0xFF, 0xA7, 0x0B, 0xFF, 0xA7, 0x0A, 0xFF, 0xA7, 0x0A,
    0xFF, 0xAF, 0x0A, 0xFA, 0xB7, 0x2A, 0xF2, 0xB7, 0x4B, 0xD5, 0xA6, 0xAA, 0xB6, 0x85, 0x88, 0x98,
    0x64, 0x46, 0x77, 0x4B, 0x04, 0x4D, 0x2A, 0x22, 0x2B, 0x19, 0x61, 0x1B, 0x09, 0x00, 0x16, 0x00,
    0x00, 0x11, 0x00, 0x00, 0x0B, 0x00, 0x00, 0x08, 0x00, 0x00, 0x07, 0x00, 0x00, 0x08, 0x00, 0x00,
    0x0A, 0x00, 0x00, 0x0D, 0x00, 0x00, 0x12, 0x09, 0x01, 0x16, 0x19, 0x81, 0x1A, 0x32, 0x43, 0x2C,
    0x4B, 0x44, 0x53, 0x6C, 0xA6, 0x7F, 0x8E, 0x09, 0xA4, 0xAF, 0x2B, 0xC9, 0xB7, 0x6B, 0xED, 0xAF,
    0x2B, 0xFA, 0xA7, 0x0B, 0xFE, 0xA7, 0x0B, 0xFE, 0xAF, 0x2B, 0xFF, 0xAF, 0x2B, 0xFF, 0xAF, 0x2B,
    0xFD, 0xB7, 0x6B, 0xE9, 0xA7, 0x0A, 0xBA, 0x64, 0xA6, 0x6C, 0x00, 0x00, 0x21, 0x00, 0x60, 0x23,
    0x00, 0x00, 0x21, 0x00, 0x00, 0x04, 0x00, 0x00, 0x00, 0x00, 0x00, 0x00, 0x00, 0x00, 0x00, 0x00,
    0x00, 0x00, 0x00, 0x00, 0x00, 0x00, 0x00, 0x00, 0x00, 0x00, 0x00, 0x00, 0x00, 0x00, 0x00, 0x00,
    0x00, 0x00, 0x00, 0x00, 0x00, 0x00, 0x00, 0x00, 0x00, 0x00, 0x00, 0x00, 0x00, 0x00, 0x00, 0x00,
    0x00, 0x00, 0x00, 0x00, 0x00, 0x00, 0x00, 0x00, 0x00, 0x00, 0x00, 0x00, 0x00, 0x00, 0x00, 0x00,
    0x00, 0x00, 0x00, 0x00, 0x00, 0x00, 0x00, 0x00, 0x00, 0x00, 0x00, 0x00, 0x00, 0x00, 0x00, 0x00,
    0x00, 0x00, 0x00, 0x00, 0x00, 0x00, 0x00, 0x00, 0x00, 0x00, 0x00, 0x00, 0x00, 0x00, 0x00, 0x00,
    0x00, 0x00, 0x00, 0x00, 0x00, 0x00, 0x00, 0x00, 0x00, 0x00, 0x00, 0x00, 0x00, 0x00, 0x00, 0x00,
    0x00, 0x00, 0x00, 0x00, 0x00, 0x00, 0x00, 0x00, 0x00, 0x00, 0x00, 0x00, 0x00, 0x00, 0x00, 0x00,
    0x00, 0x00, 0x00, 0x00, 0x00, 0x00, 0x00, 0x00, 0x00, 0x00, 0x00, 0x00, 0x00, 0x00, 0x00, 0x00,
    0x00, 0x00, 0x00, 0x00, 0x00, 0x00, 0x00, 0x00, 0x00, 0x00, 0x00, 0x00, 0x00, 0x00, 0x00, 0x00,
    0x00, 0x00, 0x00, 0x00, 0x00, 0x00, 0x00, 0x00, 0x00, 0x00, 0x00, 0x00, 0x00, 0x00, 0x00, 0x00,
    0x00, 0x00, 0x00, 0x00, 0x00, 0x00, 0x00, 0x00, 0x00, 0x00, 0x00, 0x00, 0x00, 0x00, 0x00, 0x00,
    0x00, 0x00, 0x00, 0x00, 0x00, 0x00, 0x00, 0x00, 0x00, 0x00, 0x00, 0x00, 0x00, 0x00, 0x00, 0x00,
    0x00, 0x00, 0x00, 0x00, 0x00, 0x00, 0x00, 0x00, 0x00, 0x00, 0x00, 0x00, 0x00, 0x00, 0x00, 0x00,
    0x00, 0x00, 0x00, 0x00, 0x00, 0x00, 0x00, 0x00, 0x00, 0x01, 0x00, 0x00, 0x01, 0x00, 0x00, 0x01,
    0x00, 0x00, 0x01, 0x00, 0x00, 0x01, 0x00, 0x00, 0x01, 0x00, 0x00, 0x01, 0x00, 0x00, 0x01, 0x00,
    0x00, 0x01, 0x00, 0x00, 0x01, 0x00, 0x00, 0x01, 0x00, 0x00, 0x01, 0x00, 0x00, 0x00, 0x00, 0x00,
    0x00, 0x00, 0x00, 0x00, 0x00, 0x00, 0x01, 0x00, 0x00, 0x01, 0xFF, 0xFF, 0x01, 0xFF, 0xFF, 0x01,
    0xFF, 0xFF, 0x01, 0xFF, 0xFF, 0x01, 0x41, 0x85, 0x1E, 0xAC, 0x4D, 0x92, 0xD5, 0xB1, 0xF2, 0x4A,
    0x46, 0xFF, 0x00, 0x80, 0xFF, 0x19, 0x61, 0xFF, 0x29, 0xE3, 0xFF, 0x29, 0xE2, 0xFF, 0x21, 0xE2,
    0xFF, 0x19, 0xC2, 0xFF, 0x19, 0x81, 0xFF, 0x19, 0x81, 0xFF, 0x19, 0x62, 0xFF, 0x19, 0x41, 0xFF,
    0x00, 0x60, 0xFF, 0x29, 0x43, 0xFF, 0x9C, 0x0B, 0xFF, 0xB4, 0xCE, 0xF7, 0xDE, 0x76, 0xCB, 0x9C,
    0xD1, 0x6E, 0x00, 0x00, 0x1B, 0x00, 0x00, 0x00, 0x7B, 0xEF, 0x02, 0x00, 0x00, 0x00, 0x00, 0x00,
    0x00, 0x00, 0x00, 0x00, 0x00, 0x00, 0x00, 0x00, 0x00, 0x00, 0x00, 0x00, 0x00, 0x00, 0x00, 0x00,
    0x00, 0x00, 0x00, 0x00, 0x00, 0x00, 0x00, 0x00, 0x01, 0x00, 0x00, 0x00, 0x00, 0x00, 0x00, 0x73,
    0x29, 0x42, 0xDE, 0x75, 0xC1, 0xFF, 0xBA, 0xD1, 0x5A, 0xAA, 0x57, 0x00, 0x00, 0x0B, 0x00, 0x00,
    0x00, 0x00, 0x00, 0x00, 0x00, 0x00, 0x00, 0x00, 0x00, 0x00, 0x00, 0x00, 0x00, 0x00, 0x00, 0x00,
    0x00, 0x00, 0x00, 0x00, 0x00, 0x00, 0x00, 0x00, 0x00, 0x00, 0x00, 0x00, 0x00, 0x00, 0x00, 0x00,
    0x00, 0x00, 0x00, 0x00, 0x00, 0x00, 0x00, 0x00, 0x00, 0x00, 0x00, 0x00, 0x00, 0x08, 0x29, 0xE1,
    0x3C, 0x85, 0xC8, 0x8F, 0xA7, 0x2A, 0xD6, 0xA7, 0x0A, 0xFA, 0xA7, 0x2B, 0xFF, 0xA7, 0x0B, 0xFF,
    0xA7, 0x0A, 0xFF, 0xA7, 0x0A, 0xFB, 0xAF, 0x4A, 0xF4, 0xB7, 0x2B, 0xD2, 0x96, 0x09, 0xA6, 0x64,
    0x45, 0x6C, 0x42, 0xE3, 0x39, 0x21, 0xE1, 0x20, 0x00, 0x60, 0x14, 0x00, 0x00, 0x09, 0x00, 0x00,
    0x02, 0x00, 0x00, 0x00, 0x00, 0x00, 0x00, 0x00, 0x00, 0x00, 0x00, 0x00, 0x00, 0x00, 0x00, 0x00,
    0x00, 0x00, 0x00, 0x00, 0x00, 0x00, 0x00, 0x00, 0x00, 0x00, 0x00, 0x00, 0x00, 0x00, 0x00, 0x00,
    0x00, 0x00, 0x00, 0x00, 0x00, 0x00, 0x00, 0x01, 0x00, 0x00, 0x0C, 0x08, 0xA0, 0x17, 0x32, 0x43,
    0x2A, 0x53, 0x84, 0x54, 0x7D, 0x68, 0x94, 0xAF, 0x0B, 0xC5, 0xB7, 0x8C, 0xEC, 0xAF, 0x2B, 0xFB,
    0xA7, 0x0B, 0xFD, 0xA7, 0x2B, 0xFE, 0xAF, 0x2B, 0xFF, 0xAF, 0x2B, 0xFE, 0xAF, 0x4B, 0xF7, 0xAF,
    0x2A, 0xD1, 0x75, 0x07, 0x7B, 0x00, 0x80, 0x4D, 0x00, 0x00, 0x21, 0x00, 0x00, 0x04, 0x00, 0x00,
    0x00, 0x00, 0x00, 0x00, 0x00, 0x00, 0x00, 0x00, 0x00, 0x00, 0x00, 0x00, 0x00, 0x00, 0x00, 0x00,
    0x00, 0x00, 0x00, 0x00, 0x00, 0x00, 0x00, 0x00, 0x00, 0x00, 0x00, 0x00, 0x00, 0x00, 0x00, 0x00,
    0x00, 0x00, 0x00, 0x00, 0x00, 0x00, 0x00, 0x00, 0x00, 0x00, 0x00, 0x00, 0x00, 0x00, 0x00, 0x00,
    0x00, 0x00, 0x00, 0x00, 0x00, 0x00, 0x00, 0x00, 0x00, 0x00, 0x00, 0x00, 0x00, 0x00, 0x00, 0x00,
    0x00, 0x00, 0x00, 0x00, 0x00, 0x00, 0x00, 0x00, 0x00, 0x00, 0x00, 0x00, 0x00, 0x00, 0x00, 0x00,
    0x00, 0x00, 0x00, 0x00, 0x00, 0x00, 0x00, 0x00, 0x00, 0x00, 0x00, 0x00, 0x00, 0x00, 0x00, 0x00,
    0x00, 0x00, 0x00, 0x00, 0x00, 0x00, 0x00, 0x00, 0x00, 0x00, 0x00, 0x00, 0x00, 0x00, 0x00, 0x00,
    0x00, 0x00, 0x00, 0x00, 0x00, 0x00, 0x00, 0x00, 0x00, 0x00, 0x00, 0x00, 0x00, 0x00, 0x00, 0x00,
    0x00, 0x00, 0x00, 0x00, 0x00, 0x00, 0x00, 0x00, 0x00, 0x00, 0x00, 0x00, 0x00, 0x00, 0x00, 0x00,
    0x00, 0x00, 0x00, 0x00, 0x00, 0x00, 0x00, 0x00, 0x00, 0x00, 0x00, 0x00, 0x00, 0x00, 0x00, 0x00,
    0x00, 0x00, 0x00, 0x00, 0x00, 0x00, 0x00, 0x00, 0x00, 0x00, 0x00, 0x00, 0x00, 0x00, 0x00, 0x00,
    0x00, 0x00, 0x00, 0x00, 0x00, 0x00, 0x00, 0x00, 0x00, 0x00, 0x00, 0x00, 0x00, 0x00, 0x00, 0x00,
    0x00, 0x00, 0x00, 0x00, 0x00, 0x00, 0x00, 0x00, 0x00, 0x00, 0x00, 0x00, 0x00, 0x00, 0x00, 0x00,
    0x00, 0x00, 0x01, 0x00, 0x00, 0x01, 0xFF, 0xFF, 0x01, 0xFF, 0xFF, 0x01, 0xFF, 0xFF, 0x02, 0xFF,
    0xFF, 0x02, 0xFF, 0xFF, 0x02, 0xFF, 0xFF, 0x02, 0xFF, 0xFF, 0x02, 0xFF, 0xFF, 0x03, 0xFF, 0xFF,
    0x03, 0xFF, 0xFF, 0x03, 0xFF, 0xFF, 0x03, 0xFF, 0xFF, 0x03, 0xFF, 0xFF, 0x04, 0xFF, 0xFF, 0x02,
    0xFF, 0xFF, 0x02, 0xFF, 0xFF, 0x02, 0x7B, 0xEF, 0x02, 0xFF, 0xFF, 0x02, 0xFF, 0xFF, 0x01, 0xFF,
    0xFF, 0x02, 0xBD, 0xFF, 0x04, 0x7B, 0xEF, 0x04, 0x00, 0x00, 0x05, 0x00, 0x00, 0x04, 0x00, 0x00,
    0x11, 0x62, 0x26, 0x60, 0x83, 0x49, 0xE3, 0x31, 0x63, 0xFF, 0x00, 0x00, 0xFF, 0x00, 0x80, 0xFF,
    0x19, 0x41, 0xFF, 0x21, 0xA2, 0xFF, 0x21, 0xC2, 0xFF, 0x21, 0xE2, 0xFF, 0x21, 0xE2, 0xFF, 0x21,
    0xC2, 0xFF, 0x21, 0x82, 0xFF, 0x19, 0x62, 0xFF, 0x19, 0x21, 0xFF, 0x00, 0x20, 0xFF, 0x41, 0xC5,
    0xFF, 0x9C, 0x0B, 0xFE, 0xC5, 0x70, 0xF7, 0xDE, 0x97, 0xC7, 0x9C, 0xF2, 0x63, 0x00, 0x00, 0x12,
    0xFF, 0xFF, 0x01, 0x78, 0x00, 0x02, 0x00, 0x00, 0x00, 0x00, 0x00, 0x00, 0x00, 0x00, 0x00, 0x00,
    0x00, 0x00, 0x00, 0x00, 0x00, 0x00, 0x00, 0x00, 0x00, 0x00, 0x00, 0x00, 0x00, 0x00, 0xFF, 0xFF,
    0x01, 0x00, 0x00, 0x00, 0x00, 0x00, 0x16, 0x9C, 0x2C, 0x79, 0xEE, 0xD5, 0xED, 0xF7, 0x79, 0xEE,
    0xC6, 0x16, 0x95, 0x18, 0xE2, 0x19, 0x00, 0x00, 0x00, 0x00, 0x00, 0x00, 0x00, 0x00, 0x00, 0x00,
    0x00, 0x00, 0x00, 0x00, 0x00, 0x00, 0x00, 0x00, 0x00, 0x00, 0x00, 0x00, 0x00, 0x00, 0x00, 0x00,
    0x00, 0x00, 0x00, 0x00, 0x00, 0x00, 0x00, 0x00, 0x00, 0x00, 0x00, 0x00, 0x00, 0xFF, 0xE0, 0x01,
    0x00, 0x00, 0x05, 0x21, 0x81, 0x36, 0x8D, 0xE8, 0x91, 0xAF, 0x2A, 0xDA, 0xA7, 0x0A, 0xFA, 0x9F,
    0x0A, 0xFF, 0xA7, 0x0A, 0xFE, 0xA6, 0xEA, 0xFE, 0xA7, 0x0A, 0xF5, 0xAF, 0x2A, 0xD9, 0x96, 0x68,
    0xB0, 0x64, 0x66, 0x6B, 0x32, 0x83, 0x33, 0x00, 0x00, 0x14, 0x00, 0x00, 0x03, 0x00, 0x00, 0x00,
    0x00, 0x00, 0x00, 0x00, 0x00, 0x00, 0xFF, 0xFF, 0x01, 0xFF, 0xFF, 0x01, 0xFF, 0xFF, 0x02, 0xFF,
    0xFF, 0x02, 0xFF, 0xF5, 0x03, 0xBF, 0xEF, 0x04, 0x7D, 0xE7, 0x04, 0xBF, 0xEF, 0x04, 0xFF, 0xF5,
    0x03, 0xFF, 0xFF, 0x02, 0xFF, 0xFF, 0x02, 0xFF, 0xEF, 0x02, 0xFF, 0xFF, 0x01, 0x00, 0x00, 0x00,
    0x00, 0x00, 0x00, 0x00, 0x00, 0x00, 0x00, 0x00, 0x00, 0x00, 0x00, 0x0C, 0x21, 0xC1, 0x27, 0x53,
    0xC5, 0x52, 0x7D, 0x87, 0x94, 0xAF, 0x0A, 0xC9, 0xB7, 0x6B, 0xED, 0xA7, 0x2B, 0xFD, 0xA7, 0x0A,
    0xFE, 0xAF, 0x2A, 0xFE, 0xAF, 0x2A, 0xFF, 0xB7, 0x4A, 0xFD, 0xAF, 0x2A, 0xE2, 0x85, 0x88, 0xC8,
    0x00, 0x20, 0x21, 0x00, 0x00, 0x04, 0x00, 0x00, 0x00, 0x00, 0x00, 0x00, 0x00, 0x00, 0x00, 0x00,
    0x00, 0x00, 0x00, 0x00, 0x00, 0x00, 0x00, 0x00, 0x00, 0x00, 0x00, 0x00, 0x00, 0x00, 0x00, 0x00,
    0x00, 0x00, 0x00, 0x00, 0x00, 0x00, 0x00, 0x00, 0x00, 0x00, 0x00, 0x00, 0x00, 0x00, 0x00, 0x00,
    0x00, 0x00, 0x00, 0x00, 0x00, 0x00, 0x00, 0x00, 0x00, 0x00, 0x00, 0x00, 0x00, 0x00, 0x00, 0x00,
    0x00, 0x00, 0x00, 0x00, 0x00, 0x00, 0x00, 0x00, 0x00, 0x00, 0x00, 0x00, 0x00, 0x00, 0x00, 0x00,
    0x00, 0x00, 0x00, 0x00, 0x00, 0x00, 0x00, 0x00, 0x00, 0x00, 0x00, 0x00, 0x00, 0x00, 0x00, 0x00,
    0x00, 0x00, 0x00, 0x00, 0x00, 0x00, 0x00, 0x00, 0x00, 0x00, 0x00, 0x00, 0x00, 0x00, 0x00, 0x00,
    0x00, 0x00, 0x00, 0x00, 0x00, 0x00, 0x00, 0x00, 0x00, 0x00, 0x00, 0x00, 0x00, 0x00, 0x00, 0x00,
    0x00, 0x00, 0x00, 0x00, 0x00, 0x00, 0x00, 0x00, 0x00, 0x00, 0x00, 0x00, 0x00, 0x00, 0x00, 0x00,
    0x00, 0x00, 0x00, 0x00, 0x00, 0x00, 0x00, 0x00, 0x00, 0x00, 0x00, 0x00, 0x00, 0x00, 0x00, 0x00,
    0x00, 0x00, 0x00, 0x00, 0x00, 0x00, 0x00, 0x00, 0x00, 0x00, 0x00, 0x00, 0x00, 0x00, 0x00, 0x00,
    0x00, 0x00, 0x00, 0x00, 0x00, 0x00, 0x00, 0x00, 0x00, 0x00, 0x00, 0x00, 0x00, 0x00, 0x00, 0x00,
    0x00, 0x00, 0x00, 0x00, 0x00, 0x00, 0x00, 0x00, 0x00, 0x00, 0x00, 0x00, 0x00, 0x00, 0x01, 0x00,
    0x00, 0x01, 0xFF, 0xFF, 0x01, 0xFF, 0xFF, 0x02, 0xFF, 0xFF, 0x02, 0xFF, 0xFF, 0x01, 0xFF, 0xFF,
    0x02, 0x52, 0xAA, 0x03, 0x00, 0x00, 0x03, 0x00, 0x00, 0x02, 0x00, 0x00, 0x02, 0x00, 0x00, 0x02,
    0x00, 0x00, 0x08, 0x00, 0x00, 0x0F, 0x00, 0x00, 0x13, 0x00, 0x00, 0x17, 0x00, 0x00, 0x1A, 0x00,
    0x00, 0x1B, 0x00, 0x00, 0x17, 0x00, 0x00, 0x0E, 0x00, 0x00, 0x04, 0x00, 0x00, 0x02, 0x00, 0x00,
    0x00, 0x00, 0x00, 0x02, 0x00, 0x00, 0x07, 0x00, 0x00, 0x14, 0x00, 0x00, 0x28, 0x18, 0xC2, 0x39,
    0x41, 0xE7, 0x47, 0x52, 0x89, 0x4E, 0x52, 0x89, 0x52, 0x52, 0x48, 0x76, 0x5A, 0xA9, 0xE4, 0x4A,
    0x48, 0xFF, 0x41, 0xE7, 0xFF, 0x31, 0x85, 0xFF, 0x19, 0x03, 0xFF, 0x10, 0xA0, 0xFF, 0x08, 0x60,
    0xFF, 0x00, 0x60, 0xFF, 0x00, 0x60, 0xFF, 0x00, 0x80, 0xFF, 0x08, 0xE0, 0xFF, 0x19, 0x21, 0xFF,
    0x21, 0x62, 0xFF, 0x19, 0x22, 0xFF, 0x00, 0x20, 0xFF, 0x5A, 0x67, 0xFF, 0xAC, 0x4B, 0xFF, 0xD5,
    0xD2, 0xF8, 0xCE, 0x55, 0xBB, 0x84, 0x2F, 0x4D, 0x00, 0x00, 0x06, 0xFF, 0xFF, 0x01, 0x00, 0x00,
    0x01, 0x00, 0x00, 0x00, 0x00, 0x00, 0x00, 0x00, 0x00, 0x00, 0x00, 0x00, 0x00, 0x00, 0x00, 0x00,
    0x00, 0x00, 0x00, 0x00, 0x00, 0x01, 0xFF, 0xFF, 0x01, 0x00, 0x00, 0x00, 0x49, 0xE6, 0x30, 0xBD,
    0x50, 0xA5, 0xEE, 0xD4, 0xFE, 0xEF, 0x17, 0xF9, 0xEF, 0x7B, 0xBD, 0x29, 0x65, 0x31, 0x00, 0x00,
    0x03, 0x00, 0x00, 0x00, 0x00, 0x00, 0x00, 0x00, 0x00, 0x00, 0x00, 0x00, 0x00, 0x00, 0x00, 0x00,
    0x00, 0x00, 0x00, 0x00, 0x00, 0x00, 0x00, 0x00, 0x00, 0x00, 0x00, 0x00, 0x00, 0x00, 0x00, 0x00,
    0x00, 0x00, 0x00, 0x00, 0x00, 0xFF, 0xEF, 0x02, 0x00, 0x00, 0x15, 0x85, 0x87, 0x77, 0xA7, 0x09,
    0xD8, 0xA7, 0x09, 0xFC, 0x9E, 0xE9, 0xFE, 0x9E, 0xE9, 0xFE, 0x9E, 0xE9, 0xFF, 0xA7, 0x2A, 0xF3,
    0xA6, 0xEA, 0xC6, 0x75, 0x47, 0x81, 0x4B, 0x24, 0x3F, 0x00, 0x00, 0x15, 0x00, 0x00, 0x01, 0x00,
    0x00, 0x00, 0x00, 0x00, 0x00, 0xFF, 0xFF, 0x01, 0xFF, 0xFF, 0x01, 0xFF, 0xFF, 0x02, 0x00, 0x00,
    0x03, 0x00, 0x00, 0x04, 0x00, 0x00, 0x07, 0x00, 0x00, 0x0D, 0x00, 0x00, 0x14, 0x00, 0x00, 0x1F,
    0x00, 0x00, 0x27, 0x00, 0x00, 0x1F, 0x00, 0x00, 0x0F, 0x00, 0x00, 0x05, 0x00, 0x00, 0x03, 0x00,
    0x00, 0x03, 0x00, 0x00, 0x03, 0xFF, 0xEF, 0x02, 0xFF, 0xFF, 0x02, 0xFF, 0xFF, 0x01, 0xFF, 0xFF,
    0x01, 0x00, 0x00, 0x00, 0x00, 0x00, 0x00, 0x00, 0x00, 0x0A, 0x22, 0x20, 0x29, 0x5C, 0x05, 0x61,
    0x96, 0x49, 0xAB, 0xB7, 0x6A, 0xE8, 0xAF, 0x4A, 0xFD, 0xA7, 0x0A, 0xFD, 0xAF, 0x2A, 0xFE, 0xAF,
    0x2A, 0xFF, 0xB7, 0x6A, 0xFF, 0xAF, 0x2A, 0xFF, 0x00, 0x20, 0x21, 0x00, 0x00, 0x04, 0x00, 0x00,
    0x00, 0x00, 0x00, 0x00, 0x00, 0x00, 0x00, 0x00, 0x00, 0x00, 0x00, 0x00, 0x00, 0x00, 0x00, 0x00,
    0x00, 0x00, 0x00, 0x00, 0x00, 0x00, 0x00, 0x00, 0x00, 0x00, 0x00, 0x00, 0x00, 0x00, 0x00, 0x00,
    0x00, 0x00, 0x00, 0x00, 0x00, 0x00, 0x00, 0x00, 0x00, 0x00, 0x00, 0x00, 0x00, 0x00, 0x00, 0x00,
    0x00, 0x00, 0x00, 0x00, 0x00, 0x00, 0x00, 0x00, 0x00, 0x00, 0x00, 0x00, 0x00, 0x00, 0x00, 0x00,
    0x00, 0x00, 0x00, 0x00, 0x00, 0x00, 0x00, 0x00, 0x00, 0x00, 0x00, 0x00, 0x00, 0x00, 0x00, 0x00,
    0x00, 0x00, 0x00, 0x00, 0x00, 0x00, 0x00, 0x00, 0x00, 0x00, 0x00, 0x00, 0x00, 0x00, 0x00, 0x00,
    0x00, 0x00, 0x00, 0x00, 0x00, 0x00, 0x00, 0x00, 0x00, 0x00, 0x00, 0x00, 0x00, 0x00, 0x00, 0x00,
    0x00, 0x00, 0x00, 0x00, 0x00, 0x00, 0x00, 0x00, 0x00, 0x00, 0x00, 0x00, 0x00, 0x00, 0x00, 0x00,
    0x00, 0x00, 0x00, 0x00, 0x00, 0x00, 0x00, 0x00, 0x00, 0x00, 0x00, 0x00, 0x00, 0x00, 0x00, 0x00,
    0x00, 0x00, 0x00, 0x00, 0x00, 0x00, 0x00, 0x00, 0x00, 0x00, 0x00, 0x00, 0x00, 0x00, 0x00, 0x00,
    0x00, 0x00, 0x00, 0x00, 0x00, 0x00, 0x00, 0x00, 0x00, 0x00, 0x00, 0x00, 0x00, 0x00, 0x00, 0x00,
    0x00, 0x00, 0x00, 0x00, 0x00, 0x00, 0x00, 0x00, 0x00, 0x00, 0x00, 0x00, 0x00, 0x01, 0x00, 0x00,
    0x01, 0xFF, 0xFF, 0x01, 0xFF, 0xFF, 0x02, 0xFF, 0xFF, 0x01, 0xFF, 0xFF, 0x01, 0x00, 0x00, 0x00,
    0x00, 0x00, 0x00, 0x00, 0x00, 0x04, 0x00, 0x00, 0x18, 0x10, 0x61, 0x34, 0x5A, 0xCB, 0x4E, 0x84,
    0x30, 0x60, 0x9C, 0xD3, 0x6E, 0xB5, 0x96, 0x7D, 0xCE, 0x59, 0x8D, 0xD6, 0x79, 0x9A, 0xD6, 0x9A,
    0xA1, 0xD6, 0x9A, 0xA4, 0xDE, 0xBA, 0xA6, 0xDE, 0xBA, 0xA7, 0xD6, 0xBA, 0xA3, 0xD6, 0x79, 0x92,
    0xB5, 0x96, 0x77, 0x73, 0x8E, 0x54, 0x20, 0xE3, 0x3A, 0x73, 0xAE, 0x53, 0xC6, 0x38, 0x7F, 0xE7,
    0x1B, 0x9D, 0xE7, 0x1B, 0xAF, 0xE6, 0xFB, 0xBB, 0xDE, 0xDA, 0xC4, 0xDE, 0xFB, 0xC9, 0xE7, 0x1B,
    0xCA, 0xDE, 0xFB, 0xD0, 0xD6, 0x99, 0xF9, 0xD6, 0x79, 0xFF, 0xCE, 0x79, 0xFF, 0xC6, 0x38, 0xFF,
    0xBD, 0xB6, 0xFF, 0xA4, 0xF3, 0xFF, 0x83, 0xEF, 0xFF, 0x63, 0x2C, 0xFF, 0x52, 0xA9, 0xFF, 0x3A,
    0x06, 0xFF, 0x19, 0x03, 0xFF, 0x08, 0x60, 0xFF, 0x00, 0x00, 0xFF, 0x00, 0x20, 0xFF, 0x00, 0x00,
    0xFF, 0x10, 0x81, 0xFF, 0x83, 0x49, 0xFE, 0xC5, 0x2E, 0xFF, 0xE6, 0x95, 0xEA, 0xCE, 0x36, 0x9A,
    0x31, 0x45, 0x35, 0xAD, 0x55, 0x03, 0x00, 0x00, 0x00, 0x00, 0x00, 0x01, 0x00, 0x00, 0x00, 0x00,
    0x00, 0x00, 0x00, 0x00, 0x00, 0x00, 0x00, 0x00, 0x00, 0x00, 0x00, 0x00, 0x00, 0x01, 0xFF, 0xFF,
    0x01, 0x00, 0x00, 0x01, 0x73, 0x4A, 0x3E, 0xB4, 0xEE, 0xB5, 0xCD, 0x90, 0xFA, 0xE6, 0x95, 0xFD,
    0xFF, 0xDC, 0xDC, 0x73, 0x8D, 0x63, 0x00, 0x00, 0x0F, 0x00, 0x00, 0x00, 0x00, 0x00, 0x00, 0x00,
    0x00, 0x00, 0x00, 0x00, 0x00, 0x00, 0x00, 0x00, 0x00, 0x00, 0x00, 0x00, 0x00, 0x00, 0x00, 0x00,
    0x00, 0x00, 0x00, 0x00, 0x00, 0x00, 0x00, 0x00, 0x00, 0x00, 0x00, 0x00, 0x00, 0x7B, 0xE7, 0x04,
    0x00, 0x00, 0x1E, 0xA6, 0xA9, 0x96, 0xAF, 0x49, 0xEE, 0x9E, 0xE9, 0xFF, 0x9E, 0xC9, 0xFD, 0xA7,
    0x09, 0xFF, 0xA7, 0x0A, 0xEE, 0x96, 0x49, 0xB2, 0x64, 0x45, 0x64, 0x09, 0x00, 0x27, 0x00, 0x00,
    0x03, 0x00, 0x00, 0x00, 0x00, 0x00, 0x00, 0xFF, 0xFF, 0x01, 0xFF, 0xFF, 0x01, 0x00, 0x00, 0x01,
    0x00, 0x00, 0x09, 0x00, 0x00, 0x21, 0x32, 0x61, 0x42, 0x74, 0xC7, 0x5F, 0x96, 0x09, 0x7E, 0x9E,
    0x2A, 0x98, 0x9E, 0x6A, 0xA2, 0x9E, 0x6A, 0xA9, 0x9E, 0x69, 0xAF, 0x9E, 0x49, 0xA6, 0x96, 0x29,
    0x89, 0x8D, 0xE8, 0x75, 0x8D, 0xC8, 0x6C, 0x6C, 0xA6, 0x5D, 0x32, 0x82, 0x43, 0x00, 0x20, 0x29,
    0x00, 0x00, 0x10, 0x00, 0x00, 0x02, 0xFF, 0xFF, 0x01, 0xFF, 0xFF, 0x01, 0xFF, 0xFF, 0x01, 0x00,
    0x00, 0x00, 0x00, 0x00, 0x00, 0x00, 0x00, 0x12, 0x43, 0x03, 0x41, 0x85, 0xA7, 0x90, 0xAF, 0x2A,
    0xD1, 0xB7, 0x4A, 0xEF, 0xA7, 0x0A, 0xFD, 0xAF, 0x0A, 0xFD, 0xAF, 0x0A, 0xFD, 0xB7, 0x6B, 0xFF,
    0x00, 0x00, 0x21, 0x00, 0x00, 0x04, 0x00, 0x00, 0x00, 0x00, 0x00, 0x00, 0x00, 0x00, 0x00, 0x00,
    0x00, 0x00, 0x00, 0x00, 0x00, 0x00, 0x00, 0x00, 0x00, 0x00, 0x00, 0x00, 0x00, 0x00, 0x00, 0x00,
    0x00, 0x00, 0x00, 0x00, 0x00, 0x00, 0x00, 0x00, 0x00, 0x00, 0x00, 0x00, 0x00, 0x00, 0x00, 0x00,
    0x00, 0x00, 0x00, 0x00, 0x00, 0x00, 0x00, 0x00, 0x00, 0x00, 0x00, 0x00, 0x00, 0x00, 0x00, 0x00,
    0x00, 0x00, 0x00, 0x00, 0x00, 0x00, 0x00, 0x00, 0x00, 0x00, 0x00, 0x00, 0x00, 0x00, 0x00, 0x00,
    0x00, 0x00, 0x00, 0x00, 0x00, 0x00, 0x00, 0x00, 0x00, 0x00, 0x00, 0x00, 0x00, 0x00, 0x00, 0x00,
    0x00, 0x00, 0x00, 0x00, 0x00, 0x00, 0x00, 0x00, 0x00, 0x00, 0x00, 0x00, 0x00, 0x00, 0x00, 0x00,
    0x00, 0x00, 0x00, 0x00, 0x00, 0x00, 0x00, 0x00, 0x00, 0x00, 0x00, 0x00, 0x00, 0x00, 0x00, 0x00,
    0x00, 0x00, 0x00, 0x00, 0x00, 0x00, 0x00, 0x00, 0x00, 0x00, 0x00, 0x00, 0x00, 0x00, 0x00, 0x00,
    0x00, 0x00, 0x00, 0x00, 0x00, 0x00, 0x00, 0x00, 0x00, 0x00, 0x00, 0x00, 0x00, 0x00, 0x00, 0x00,
    0x00, 0x00, 0x00, 0x00, 0x00, 0x00, 0x00, 0x00, 0x00, 0x00, 0x00, 0x00, 0x00, 0x00, 0x00, 0x00,
    0x00, 0x00, 0x00, 0x00, 0x00, 0x00, 0x00, 0x00, 0x00, 0x00, 0x00, 0x00, 0x01, 0x00, 0x00, 0x01,
    0xFF, 0xFF, 0x01, 0xFF, 0xFF, 0x01, 0x00, 0x00, 0x00, 0x00, 0x00, 0x00, 0x00, 0x00, 0x00, 0x00,
    0x00, 0x05, 0x00, 0x00, 0x1B, 0x39, 0xC7, 0x3C, 0x8C, 0x51, 0x5B, 0xB5, 0xB6, 0x77, 0xC6, 0x38,
    0x95, 0xD6, 0x79, 0xB1, 0xD6, 0xBA, 0xC8, 0xDE, 0xDB, 0xD7, 0xE7, 0x1B, 0xE2, 0xE7, 0x3C, 0xEF,
    0xEF, 0x7D, 0xF9, 0xF7, 0x9D, 0xFF, 0xF7, 0xBE, 0xFF, 0xFF, 0xBE, 0xFF, 0xFF, 0xDF, 0xFF, 0xFF,
    0xFF, 0xFF, 0xFF, 0xFF, 0xFF, 0xEF, 0x7D, 0xFA, 0xDE, 0xBB, 0xE8, 0xCE, 0x59, 0xCD, 0xB5, 0x76,
    0xB6, 0xBD, 0xB7, 0xCB, 0xCE, 0x39, 0xEF, 0xD6, 0x7A, 0xFF, 0xE7, 0x1C, 0xFF, 0xFF, 0xDE, 0xFF,
    0xFF, 0xFF, 0xFF, 0xFF, 0xDF, 0xFF, 0xFF, 0xDE, 0xFF, 0xFF, 0xDE, 0xFF, 0xFF, 0xFF, 0xFF, 0xFF,
    0xFF, 0xFF, 0xFF, 0xFF, 0xFF, 0xFF, 0xFF, 0xFF, 0xFF, 0xFF, 0xFF, 0xFF, 0xFF, 0xFF, 0xFF, 0xFF,
    0xFF, 0xFF, 0xDF, 0xFF, 0xEF, 0x5C, 0xFF, 0xD6, 0x9A, 0xFF, 0xB5, 0x96, 0xFF, 0x84, 0x30, 0xFF,
    0x5A, 0xEA, 0xFF, 0x31, 0x86, 0xFF, 0x10, 0xA2, 0xFF, 0x00, 0x00, 0xFF, 0x18, 0x80, 0xFE, 0x6A,
    0xC6, 0xFE, 0xC5, 0x4F, 0xF8, 0xF7, 0x38, 0xDB, 0xCE, 0x16, 0x85, 0x00, 0x00, 0x23, 0xFF, 0xFF,
    0x02, 0x00, 0x00, 0x01, 0x00, 0x00, 0x00, 0x00, 0x00, 0x00, 0x00, 0x00, 0x00, 0x00, 0x00, 0x00,
    0x00, 0x00, 0x00, 0x00, 0x00, 0x01, 0xFF, 0xE0, 0x01, 0x08, 0x00, 0x13, 0x8B, 0xEB, 0x6E, 0xAC,
    0x6D, 0xDA, 0xA4, 0x4B, 0xFC, 0xE6, 0x72, 0xFF, 0xF7, 0x7A, 0xF1, 0xBD, 0xB5, 0x9A, 0x21, 0x04,
    0x1D, 0x00, 0x00, 0x00, 0x00, 0x00, 0x00, 0x00, 0x00, 0x00, 0x00, 0x00, 0x00, 0x00, 0x00, 0x00,
    0x00, 0x00, 0x00, 0x00, 0x00, 0x00, 0x00, 0x00, 0x00, 0x00, 0x00, 0x00, 0x00, 0x00, 0x00, 0x00,
    0x00, 0x00, 0x00, 0x00, 0x00, 0xFF, 0xE0, 0x02, 0x00, 0x00, 0x14, 0x7D, 0x47, 0x7A, 0xAF, 0x4A,
    0xD6, 0xAF, 0x4A, 0xF9, 0xA7, 0x09, 0xF6, 0xAF, 0x2A, 0xE0, 0x8E, 0x09, 0xA5, 0x4B, 0x45, 0x49,
    0x00, 0x00, 0x14, 0x00, 0x00, 0x01, 0x00, 0x00, 0x00, 0xFF, 0xFF, 0x01, 0x00, 0x00, 0x00, 0x00,
    0x00, 0x01, 0x00, 0x00, 0x0F, 0x19, 0xE1, 0x34, 0x75, 0x06, 0x63, 0x96, 0x29, 0x93, 0x9E, 0x8A,
    0xBB, 0xAE, 0xEB, 0xD5, 0xB7, 0x2C, 0xEC, 0xB7, 0x4C, 0xFF, 0xB7, 0x6C, 0xFF, 0xB7, 0x6C, 0xFF,
    0xB7, 0x4B, 0xFF, 0xB7, 0x4B, 0xFF, 0xAF, 0x0A, 0xF1, 0xA6, 0xEA, 0xE6, 0xA6, 0xEA, 0xE1, 0xA6,
    0xCA, 0xD3, 0x9E, 0x89, 0xBE, 0x96, 0x49, 0x9F, 0x85, 0xA8, 0x74, 0x53, 0xE5, 0x4A, 0x00, 0x00,
    0x21, 0x00, 0x00, 0x04, 0x00, 0x00, 0x00, 0x00, 0x00, 0x00, 0xFF, 0xFF, 0x01, 0x00, 0x00, 0x00,
    0x00, 0x00, 0x04, 0x19, 0x81, 0x29, 0x74, 0xE7, 0x73, 0xAE, 0xEA, 0xC0, 0xB7, 0x8B, 0xF1, 0xB7,
    0x4B, 0xFF, 0xBF, 0x6B, 0xFF, 0xB7, 0x8B, 0xFE, 0x00, 0x00, 0x21, 0x00, 0x00, 0x04, 0x00, 0x00,
    0x00, 0x00, 0x00, 0x00, 0x00, 0x00, 0x00, 0x00, 0x00, 0x00, 0x00, 0x00, 0x00, 0x00, 0x00, 0x00,
    0x00, 0x00, 0x00, 0x00, 0x00, 0x00, 0x00, 0x00, 0x00, 0x00, 0x00, 0x00, 0x00, 0x00, 0x00, 0x00,
    0x00, 0x00, 0x00, 0x00, 0x00, 0x00, 0x00, 0x00, 0x00, 0x00, 0x00, 0x00, 0x00, 0x00, 0x00, 0x00,
    0x00, 0x00, 0x00, 0x00, 0x00, 0x00, 0x00, 0x00, 0x00, 0x00, 0x00, 0x00, 0x00, 0x00, 0x00, 0x00,
    0x00, 0x00, 0x00, 0x00, 0x00, 0x00, 0x00, 0x00, 0x00, 0x00, 0x00, 0x00, 0x00, 0x00, 0x00, 0x00,
    0x00, 0x00, 0x00, 0x00, 0x00, 0x00, 0x00, 0x00, 0x00, 0x00, 0x00, 0x00, 0x00, 0x00, 0x00, 0x00,
    0x00, 0x00, 0x00, 0x00, 0x00, 0x00, 0x00, 0x00, 0x00, 0x00, 0x00, 0x00, 0x00, 0x00, 0x00, 0x00,
    0x00, 0x00, 0x00, 0x00, 0x00, 0x00, 0x00, 0x00, 0x00, 0x00, 0x00, 0x00, 0x00, 0x00, 0x00, 0x00,
    0x00, 0x00, 0x00, 0x00, 0x00, 0x00, 0x00, 0x00, 0x00, 0x00, 0x00, 0x00, 0x00, 0x00, 0x00, 0x00,
    0x00, 0x00, 0x00, 0x00, 0x00, 0x00, 0x00, 0x00, 0x00, 0x00, 0x00, 0x00, 0x00, 0x00, 0x00, 0x00,
    0x00, 0x00, 0x00, 0x00, 0x00, 0x00, 0x00, 0x00, 0x00, 0x00, 0x00, 0x00, 0x00, 0x00, 0x01, 0xFF,
    0xFF, 0x01, 0x00, 0x00, 0x00, 0x00, 0x00, 0x00, 0x00, 0x00, 0x00, 0x00, 0x00, 0x00, 0x00, 0x00,
    0x0E, 0x10, 0x82, 0x2C, 0x73, 0xAE, 0x4C, 0xAD, 0x55, 0x6E, 0xC6, 0x18, 0x92, 0xCE, 0x79, 0xB6,
    0xDE, 0xFB, 0xD7, 0xEF, 0x5D, 0xEF, 0xF7, 0x9E, 0xFC, 0xFF, 0xFF, 0xFF, 0xFF, 0xFF, 0xFF, 0xFF,
    0xFF, 0xFF, 0xFF, 0xFF, 0xFE, 0xFF, 0xFF, 0xFE, 0xFF, 0xFF, 0xFE, 0xFF, 0xFF, 0xFE, 0xFF, 0xBE,
    0xFE, 0xF7, 0x9D, 0xFD, 0xF7, 0x7D, 0xFD, 0xF7, 0x7D, 0xFD, 0xF7, 0x7D, 0xFE, 0xDE, 0xDB, 0xFE,
    0xC6, 0x18, 0xFE, 0xC6, 0x18, 0xFF, 0xC5, 0xF8, 0xFE, 0xB5, 0x96, 0xFF, 0xAD, 0x35, 0xFF, 0xAD,
    0x15, 0xFE, 0xB5, 0x96, 0xFE, 0xCE, 0x39, 0xFE, 0xE6, 0xFB, 0xFE, 0xEF, 0x7D, 0xFE, 0xFF, 0xDE,
    0xFE, 0xFF, 0xFE, 0xFE, 0xF7, 0x7D, 0xFE, 0xE7, 0x1C, 0xFF, 0xDE, 0xBA, 0xFF, 0xCE, 0x79, 0xFF,
    0xC6, 0x38, 0xFF, 0xC6, 0x18, 0xFF, 0xCE, 0x59, 0xFF, 0xD6, 0xBA, 0xFF, 0xEF, 0x3C, 0xFF, 0xFF,
    0xDF, 0xFF, 0xFF, 0xFF, 0xFF, 0xFF, 0xFF, 0xFF, 0xFF, 0xFF, 0xFF, 0xD6, 0x99, 0xFF, 0xA5, 0x14,
    0xFF, 0x73, 0xAE, 0xFF, 0x42, 0x08, 0xFF, 0x39, 0xC5, 0xFF, 0x4A, 0x05, 0xFE, 0x9C, 0x6D, 0xFB,
    0xDE, 0x96, 0xCB, 0x8C, 0x4F, 0x5E, 0x18, 0xE3, 0x12, 0xAD, 0x55, 0x03, 0x00, 0x00, 0x01, 0x00,
    0x00, 0x00, 0x00, 0x00, 0x00, 0x00, 0x00, 0x00, 0x00, 0x00, 0x00, 0x7B, 0xFF, 0x02, 0x00, 0x00,
    0x00, 0x39, 0x64, 0x30, 0xB4, 0xEF, 0xA6, 0x9C, 0x4D, 0xFC, 0x62, 0xC7, 0xFF, 0xD6, 0x52, 0xFF,
    0xE6, 0xD6, 0xF9, 0xEF, 0x5B, 0xC2, 0x52, 0xA9, 0x3D, 0x00, 0x00, 0x05, 0x00, 0x00, 0x00, 0x00,
    0x00, 0x00, 0x00, 0x00, 0x00, 0x00, 0x00, 0x00, 0x00, 0x00, 0x00, 0x00, 0x00, 0x00, 0x00, 0x00,
    0x00, 0x00, 0x00, 0x00, 0x00, 0x00, 0x00, 0x00, 0x00, 0x00, 0x00, 0x00, 0x00, 0x00, 0x00, 0x01,
    0x39, 0xE0, 0x04, 0x2A, 0x81, 0x36, 0x8D, 0xE8, 0x8D, 0xA6, 0xE9, 0xCC, 0xA6, 0xC9, 0xC8, 0x8D,
    0xC8, 0x8C, 0x43, 0x24, 0x3D, 0x00, 0x00, 0x08, 0x00, 0x00, 0x00, 0xFF, 0xE0, 0x01, 0x00, 0x00,
    0x00, 0x00, 0x00, 0x00, 0x00, 0x00, 0x0D, 0x32, 0x21, 0x34, 0x74, 0xE7, 0x68, 0x96, 0x2A, 0xA5,
    0xAF, 0x0B, 0xD6, 0xBF, 0x8C, 0xF2, 0xBF, 0xAD, 0xFF, 0xBF, 0x6D, 0xFF, 0xB7, 0x2D, 0xFD, 0xB7,
    0x0C, 0xFE, 0xAF, 0x0B, 0xFD, 0xA6, 0xEA, 0xFD, 0xA6, 0xCA, 0xFD, 0xA6, 0xCA, 0xFD, 0xA6, 0xCA,
    0xFD, 0xA6, 0xEA, 0xFE, 0xAF, 0x0B, 0xFF, 0xAF, 0x4B, 0xFF, 0xB7, 0x8C, 0xFF, 0xB7, 0x8C, 0xF8,
    0xAF, 0x2B, 0xE2, 0xA6, 0xAB, 0xBF, 0x8D, 0xC9, 0x86, 0x64, 0x26, 0x4D, 0x00, 0x00, 0x1E, 0x00,
    0x00, 0x04, 0x00, 0x00, 0x00, 0x7B, 0xE0, 0x02, 0xFF, 0xFF, 0x01, 0x00, 0x00, 0x00, 0x00, 0x00,
    0x1F, 0x6C, 0xA6, 0x67, 0xA6, 0xAA, 0xB1, 0xAE, 0xEA, 0xD4, 0xA6, 0xCA, 0xD2, 0x96, 0x28, 0xC7,
    0x00, 0x00, 0x21, 0x00, 0x00, 0x04, 0x00, 0x00, 0x00, 0x00, 0x00, 0x00, 0x00, 0x00, 0x00, 0x00,
    0x00, 0x00, 0x00, 0x00, 0x00, 0x00, 0x00, 0x00, 0x00, 0x00, 0x00, 0x00, 0x00, 0x00, 0x00, 0x00,
    0x00, 0x00, 0x00, 0x00, 0x00, 0x00, 0x00, 0x00, 0x00, 0x00, 0x00, 0x00, 0x00, 0x00, 0x00, 0x00,
    0x00, 0x00, 0x00, 0x00, 0x00, 0x00, 0x00, 0x00, 0x00, 0x00, 0x00, 0x00, 0x00, 0x00, 0x00, 0x00,
    0x00, 0x00, 0x00, 0x00, 0x00, 0x00, 0x00, 0x00, 0x00, 0x00, 0x00, 0x00, 0x00, 0x00, 0x00, 0x00,
    0x00, 0x00, 0x00, 0x00, 0x00, 0x00, 0x00, 0x00, 0x00, 0x00, 0x00, 0x00, 0x00, 0x00, 0x00, 0x00,
    0x00, 0x00, 0x00, 0x00, 0x00, 0x00, 0x00, 0x00, 0x00, 0x00, 0x00, 0x00, 0x00, 0x00, 0x00, 0x00,
    0x00, 0x00, 0x00, 0x00, 0x00, 0x00, 0x00, 0x00, 0x00, 0x00, 0x00, 0x00, 0x00, 0x00, 0x00, 0x00,
    0x00, 0x00, 0x00, 0x00, 0x00, 0x00, 0x00, 0x00, 0x00, 0x00, 0x00, 0x00, 0x00, 0x00, 0x00, 0x00,
    0x00, 0x00, 0x00, 0x00, 0x00, 0x00, 0x00, 0x00, 0x00, 0x00, 0x00, 0x00, 0x00, 0x00, 0x00, 0x00,
    0x00, 0x00, 0x00, 0x00, 0x00, 0x00, 0x00, 0x00, 0x00, 0x00, 0x00, 0x00, 0x00, 0x00, 0x00, 0x00,
    0x01, 0x00, 0x00, 0x00, 0x00, 0x00, 0x00, 0x00, 0x00, 0x00, 0x00, 0x00, 0x00, 0x00, 0x00, 0x06,
    0x00, 0x20, 0x24, 0x7B, 0xCF, 0x49, 0xA5, 0x34, 0x75, 0xBD, 0xD7, 0xA2, 0xD6, 0xBA, 0xCC, 0xEF,
    0x7D, 0xEE, 0xFF, 0xDF, 0xFD, 0xFF, 0xFF, 0xFE, 0xFF, 0xFF, 0xFD, 0xFF, 0xFF, 0xFE, 0xFF, 0xFF,
    0xFD, 0xFF, 0xDF, 0xFD, 0xF7, 0xBE, 0xFD, 0xEF, 0x5D, 0xFE, 0xE7, 0x1C, 0xFE, 0xDE, 0xFB, 0xFE,
    0xE7, 0x1C, 0xFE, 0xEF, 0x5D, 0xFE, 0xF7, 0x9E, 0xFE, 0xFF, 0xDF, 0xFE, 0xFF, 0xFF, 0xFE, 0xFF,
    0xFF, 0xFE, 0xFF, 0xDF, 0xFE, 0xEF, 0x3C, 0xFE, 0xCE, 0x59, 0xFE, 0xAD, 0x55, 0xFD, 0x9C, 0xB3,
    0xFE, 0x9C, 0x93, 0xFE, 0xA5, 0x14, 0xFE, 0xC5, 0xF8, 0xFE, 0xDE, 0xDB, 0xFE, 0xEF, 0x3C, 0xFE,
    0xF7, 0x7D, 0xFE, 0xEF, 0x7D, 0xFE, 0xDE, 0xDA, 0xFE, 0xBD, 0xB6, 0xFE, 0x8C, 0x71, 0xFF, 0x73,
    0x8E, 0xFF, 0x6B, 0x2C, 0xFF, 0x63, 0x0C, 0xFF, 0x6B, 0x4C, 0xFF, 0x6B, 0x4D, 0xFF, 0x6B, 0x2C,
    0xFF, 0x6B, 0x4C, 0xFF, 0x73, 0x8E, 0xFF, 0x84, 0x10, 0xFF, 0x9C, 0xB2, 0xFF, 0xBD, 0xB6, 0xFF,
    0xD6, 0x9A, 0xFF, 0xF7, 0xBE, 0xFF, 0xFF, 0xFF, 0xFF, 0xFF, 0xFF, 0xFF, 0xEF, 0x7D, 0xFF, 0xB5,
    0xB6, 0xFF, 0x73, 0x8D, 0xFE, 0x52, 0x47, 0xFF, 0x6B, 0x2A, 0xCA, 0xB5, 0x93, 0x54, 0x00, 0x00,
    0x10, 0xFF, 0xFF, 0x01, 0x00, 0x00, 0x00, 0x00, 0x00, 0x00, 0x00, 0x00, 0x00, 0x00, 0x00, 0x00,
    0x00, 0x00, 0x01, 0xFF, 0xFF, 0x02, 0x00, 0x00, 0x00, 0x8B, 0xAB, 0x48, 0xCD, 0x71, 0xC4, 0x73,
    0x2A, 0xFD, 0x10, 0xA1, 0xFC, 0xAD, 0x0F, 0xFF, 0xEE, 0xD5, 0xFD, 0xFF, 0x9B, 0xDF, 0x8C, 0x2F,
    0x72, 0x08, 0x61, 0x14, 0x00, 0x00, 0x00, 0x00, 0x00, 0x00, 0x00, 0x00, 0x00, 0x00, 0x00, 0x00,
    0x00, 0x00, 0x00, 0x00, 0x00, 0x00, 0x00, 0x00, 0x00, 0x00, 0x00, 0x00, 0x00, 0x00, 0x00, 0x00,
    0x00, 0x00, 0x00, 0x00, 0x00, 0x00, 0x00, 0x01, 0x00, 0x00, 0x00, 0x00, 0x00, 0x05, 0x21, 0xE1,
    0x30, 0x6C, 0xC6, 0x5F, 0x74, 0xC6, 0x5E, 0x21, 0xC2, 0x2F, 0x00, 0x00, 0x05, 0x00, 0x20, 0x00,
    0x00, 0x00, 0x02, 0x00, 0x00, 0x00, 0x00, 0x00, 0x03, 0x00, 0x60, 0x21, 0x64, 0x46, 0x59, 0x8E,
    0x09, 0xA2, 0xAF, 0x2B, 0xD7, 0xBF, 0x8D, 0xF4, 0xBF, 0x6D, 0xFD, 0xB7, 0x2D, 0xFD, 0xAF, 0x0C,
    0xFD, 0xAF, 0x0C, 0xFD, 0xAF, 0x0C, 0xFE, 0xAF, 0x0C, 0xFE, 0xAF, 0x0C, 0xFE, 0xAF, 0x2B, 0xFE,
    0xAF, 0x0B, 0xFE, 0xAF, 0x0A, 0xFE, 0xA6, 0xEA, 0xFE, 0xA6, 0xCA, 0xFE, 0xA6, 0xCA, 0xFE, 0xA6,
    0xEA, 0xFD, 0xA6, 0xEA, 0xFD, 0xAE, 0xEB, 0xFE, 0xB7, 0x2C, 0xFD, 0xBF, 0x8D, 0xFA, 0xBF, 0x8D,
    0xE6, 0xA6, 0xAB, 0xC2, 0x7D, 0x28, 0x7E, 0x32, 0x43, 0x3A, 0x00, 0x00, 0x0A, 0x00, 0x00, 0x00,
    0xFF, 0xE0, 0x01, 0xFF, 0xE0, 0x02, 0x00, 0x00, 0x00, 0x00, 0x00, 0x18, 0x3A, 0xE3, 0x46, 0x75,
    0x07, 0x60, 0x64, 0x66, 0x5D, 0x2A, 0x42, 0x5E, 0x00, 0x00, 0x21, 0x00, 0x00, 0x04, 0x00, 0x00,
    0x00, 0x00, 0x00, 0x00, 0x00, 0x00, 0x00, 0x00, 0x00, 0x00, 0x00, 0x00, 0x00, 0x00, 0x00, 0x00,
    0x00, 0x00, 0x00, 0x00, 0x00, 0x00, 0x00, 0x00, 0x00, 0x00, 0x00, 0x00, 0x00, 0x00, 0x00, 0x00,
    0x00, 0x00, 0x00, 0x00, 0x00, 0x00, 0x00, 0x00, 0x00, 0x00, 0x00, 0x00, 0x00, 0x00, 0x00, 0x00,
    0x00, 0x00, 0x00, 0x00, 0x00, 0x00, 0x00, 0x00, 0x00, 0x00, 0x00, 0x00, 0x00, 0x00, 0x00, 0x00,
    0x00, 0x00, 0x00, 0x00, 0x00, 0x00, 0x00, 0x00, 0x00, 0x00, 0x00, 0x00, 0x00, 0x00, 0x00, 0x00,
    0x00, 0x00, 0x00, 0x00, 0x00, 0x00, 0x00, 0x00, 0x00, 0x00, 0x00, 0x00, 0x00, 0x00, 0x00, 0x00,
    0x00, 0x00, 0x00, 0x00, 0x00, 0x00, 0x00, 0x00, 0x00, 0x00, 0x00, 0x00, 0x00, 0x00, 0x00, 0x00,
    0x00, 0x00, 0x00, 0x00, 0x00, 0x00, 0x00, 0x00, 0x00, 0x00, 0x00, 0x00, 0x00, 0x00, 0x00, 0x00,
    0x00, 0x00, 0x00, 0x00, 0x00, 0x00, 0x00, 0x00, 0x00, 0x00, 0x00, 0x00, 0x00, 0x00, 0x00, 0x00,
    0x00, 0x00, 0x00, 0x00, 0x00, 0x00, 0x00, 0x00, 0x00, 0x00, 0x00, 0x00, 0x00, 0x00, 0x00, 0x00,
    0x00, 0x00, 0x00, 0x00, 0x00, 0x00, 0x00, 0x00, 0x00, 0x00, 0x00, 0x00, 0x00, 0x00, 0x01, 0x00,
    0x00, 0x15, 0x52, 0x8A, 0x34, 0x8C, 0x71, 0x5B, 0xAD, 0x75, 0x94, 0xDE, 0xDB, 0xCE, 0xFF, 0xDF,
    0xF1, 0xFF, 0xFF, 0xFB, 0xFF, 0xFF, 0xFC, 0xF7, 0xBE, 0xFD, 0xF7, 0x9E, 0xFD, 0xF7, 0xBE, 0xFD,
    0xF7, 0x7D, 0xFE, 0xE7, 0x1B, 0xFE, 0xD6, 0x99, 0xFE, 0xC5, 0xF7, 0xFE, 0xAD, 0x54, 0xFF, 0x8C,
    0x71, 0xFF, 0x7B, 0xCF, 0xFF, 0x73, 0xAE, 0xFF, 0x7B, 0xCF, 0xFF, 0x8C, 0x51, 0xFF, 0x9C, 0xD3,
    0xFF, 0xAD, 0x34, 0xFF, 0xBD, 0xF7, 0xFF, 0xD6, 0xBA, 0xFF, 0xEF, 0x7D, 0xFF, 0xFF, 0xFF, 0xFF,
    0xFF, 0xFF, 0xFF, 0xE7, 0x1C, 0xFF, 0xAD, 0x35, 0xFE, 0xA4, 0xD3, 0xFF, 0xB5, 0x96, 0xFF, 0xE6,
    0xFC, 0xFF, 0xFF, 0xFF, 0xFF, 0xEF, 0x3C, 0xFF, 0xBD, 0xD7, 0xFF, 0x8C, 0x51, 0xFF, 0x63, 0x0C,
    0xFF, 0x52, 0x8A, 0xFF, 0x5A, 0xEB, 0xFF, 0x73, 0x6D, 0xFF, 0x7B, 0xEF, 0xFF, 0x94, 0x92, 0xFF,
    0xAD, 0x55, 0xFF, 0xB5, 0xB6, 0xFF, 0xAD, 0x75, 0xFF, 0x9C, 0xD3, 0xFF, 0x8C, 0x51, 0xFF, 0x7B,
    0xCF, 0xFF, 0x6B, 0x2C, 0xFF, 0x5A, 0xCB, 0xFF, 0x63, 0x0C, 0xFF, 0x84, 0x0F, 0xFF, 0xAD, 0x55,
    0xFF, 0xD6, 0x9A, 0xFF, 0xEF, 0x7D, 0xFF, 0xFF, 0xFF, 0xFE, 0xFF, 0xFF, 0xFF, 0xAD, 0x33, 0xFF,
    0x4A, 0x28, 0xB6, 0x41, 0xE7, 0x42, 0x41, 0xE7, 0x24, 0x00, 0x00, 0x10, 0x00, 0x00, 0x00, 0x00,
    0x00, 0x00, 0x00, 0x00, 0x00, 0x00, 0x00, 0x00, 0x00, 0x00, 0x01, 0xFF, 0xFF, 0x01, 0x00, 0x00,
    0x06, 0xCD, 0x72, 0x61, 0xBC, 0xEF, 0xD9, 0x39, 0x84, 0xFD, 0x00, 0x00, 0xFD, 0x5A, 0xA8, 0xFF,
    0xE6, 0xB5, 0xFF, 0xEE, 0xF7, 0xF3, 0xCD, 0xF5, 0xA8, 0x41, 0xC7, 0x2C, 0x00, 0x00, 0x00, 0x00,
    0x00, 0x00, 0x00, 0x00, 0x00, 0x00, 0x00, 0x00, 0x00, 0x00, 0x00, 0x00, 0x00, 0x00, 0x00, 0x00,
    0x00, 0x00, 0x00, 0x00, 0x00, 0x00, 0x00, 0x00, 0x00, 0x00, 0x00, 0x00, 0x00, 0x00, 0x00, 0x00,
    0x00, 0x00, 0x00, 0x00, 0x00, 0x00, 0x00, 0x00, 0x02, 0x00, 0x00, 0x05, 0x00, 0x00, 0x06, 0x00,
    0x00, 0x02, 0xFF, 0xFF, 0x01, 0x00, 0x00, 0x02, 0x00, 0x00, 0x00, 0x00, 0x00, 0x05, 0x32, 0x22,
    0x33, 0x6C, 0xE7, 0x7B, 0xA7, 0x0B, 0xC6, 0xB7, 0x8C, 0xF3, 0xB7, 0x4C, 0xFD, 0xAF, 0x0C, 0xFE,
    0xAF, 0x0C, 0xFE, 0xAF, 0x2C, 0xFF, 0xB7, 0x4C, 0xFF, 0xB7, 0x6C, 0xFF, 0xB7, 0x6C, 0xFF, 0xB7,
    0x6C, 0xFF, 0xB7, 0x4C, 0xFF, 0xB7, 0x4B, 0xFF, 0xB7, 0x4B, 0xFF, 0xAF, 0x4B, 0xFF, 0xAF, 0x4B,
    0xFF, 0xAF, 0x4B, 0xFF, 0xAF, 0x4B, 0xFF, 0xAF, 0x4B, 0xFF, 0xAF, 0x4B, 0xFF, 0xAF, 0x0B, 0xFF,
    0xAF, 0x0C, 0xFE, 0xAE, 0xEC, 0xFE, 0xAE, 0xEC, 0xFD, 0xB7, 0x6C, 0xF9, 0xB7, 0x6C, 0xDB, 0x8E,
    0x09, 0x9D, 0x53, 0xA5, 0x50, 0x00, 0x00, 0x16, 0x00, 0x00, 0x01, 0x00, 0x00, 0x00, 0x07, 0xE0,
    0x01, 0x00, 0x00, 0x00, 0x00, 0x00, 0x04, 0x00, 0x00, 0x03, 0x00, 0x00, 0x09, 0x00, 0x00, 0x24,
    0x00, 0x00, 0x21, 0x00, 0x00, 0x04, 0x00, 0x00, 0x00, 0x00, 0x00, 0x00, 0x00, 0x00, 0x00, 0x00,
    0x00, 0x00, 0x00, 0x00, 0x00, 0x00, 0x00, 0x00, 0x00, 0x00, 0x00, 0x00, 0x00, 0x00, 0x00, 0x00,
    0x00, 0x00, 0x00, 0x00, 0x00, 0x00, 0x00, 0x00, 0x00, 0x00, 0x00, 0x00, 0x00, 0x00, 0x00, 0x00,
    0x00, 0x00, 0x00, 0x00, 0x00, 0x00, 0x00, 0x00, 0x00, 0x00, 0x00, 0x00, 0x00, 0x00, 0x00, 0x00,
    0x00, 0x00, 0x00, 0x00, 0x00, 0x00, 0x00, 0x00, 0x00, 0x00, 0x00, 0x00, 0x00, 0x00, 0x00, 0x00,
    0x00, 0x00, 0x00, 0x00, 0x00, 0x00, 0x00, 0x00, 0x00, 0x00, 0x00, 0x00, 0x00, 0x00, 0x00, 0x00,
    0x00, 0x00, 0x00, 0x00, 0x00, 0x00, 0x00, 0x00, 0x00, 0x00, 0x00, 0x00, 0x00, 0x00, 0x00, 0x00,
    0x00, 0x00, 0x00, 0x00, 0x00, 0x00, 0x00, 0x00, 0x00, 0x00, 0x00, 0x00, 0x00, 0x00, 0x00, 0x00,
    0x00, 0x00, 0x00, 0x00, 0x00, 0x00, 0x00, 0x00, 0x00, 0x00, 0x00, 0x00, 0x00, 0x00, 0x00, 0x00,
    0x00, 0x00, 0x00, 0x00, 0x00, 0x00, 0x00, 0x00, 0x00, 0x00, 0x00, 0x00, 0x00, 0x00, 0x00, 0x00,
    0x00, 0x00, 0x00, 0x00, 0x00, 0x00, 0x00, 0x00, 0x00, 0x00, 0x00, 0x00, 0x00, 0x00, 0x00, 0x00,
    0x04, 0x08, 0x41, 0x1B, 0x5A, 0xEB, 0x3F, 0x8C, 0x51, 0x77, 0xC6, 0x18, 0xB4, 0xF7, 0xBE, 0xE4,
    0xFF, 0xFF, 0xF7, 0xFF, 0xFF, 0xFC, 0xFF, 0xBE, 0xFD, 0xF7, 0x9E, 0xFD, 0xEF, 0x7D, 0xFE, 0xF7,
    0x9D, 0xFE, 0xEF, 0x5D, 0xFE, 0xDE, 0xBA, 0xFF, 0xB5, 0x75, 0xFF, 0x8C, 0x50, 0xFF, 0x73, 0x6D,
    0xFF, 0x63, 0x0C, 0xFF, 0x73, 0x8D, 0xFF, 0x7B, 0xEF, 0xFF, 0x8C, 0x51, 0xFF, 0x8C, 0x51, 0xFF,
    0x8C, 0x30, 0xFF, 0x84, 0x30, 0xFF, 0x73, 0x8E, 0xFF, 0x52, 0xAA, 0xFF, 0x4A, 0x69, 0xFF, 0x63,
    0x0B, 0xFF, 0x8C, 0x30, 0xFF, 0xB5, 0x96, 0xFF, 0xE7, 0x3C, 0xFF, 0xEF, 0x5D, 0xFF, 0xB5, 0x76,
    0xFF, 0x9C, 0xB3, 0xFF, 0xBD, 0xB7, 0xFF, 0xDE, 0xBB, 0xFF, 0xBD, 0xB6, 0xFF, 0x73, 0x6D, 0xFF,
    0x4A, 0x49, 0xFF, 0x5A, 0xAA, 0xFF, 0x8C, 0x31, 0xFF, 0xC6, 0x38, 0xFF, 0xFF, 0xBE, 0xFF, 0xFF,
    0xFF, 0xFF, 0xFF, 0xFF, 0xFF, 0xFF, 0xFF, 0xFF, 0xFF, 0xFF, 0xFF, 0xFF, 0xFF, 0xFF, 0xFF, 0xFF,
    0xFF, 0xFF, 0xFF, 0xFF, 0xFF, 0xFF, 0xFF, 0xFF, 0xFF, 0xFF, 0xFF, 0xBE, 0xFF, 0xD6, 0x9A, 0xFF,
    0xA5, 0x34, 0xFF, 0x7B, 0xCF, 0xFF, 0x63, 0x0C, 0xFF, 0x6B, 0x2C, 0xFF, 0x83, 0xEF, 0xFF, 0x9C,
    0xD3, 0xFF, 0xAD, 0x34, 0xFE, 0xCE, 0x37, 0xFF, 0xE6, 0xFB, 0xE6, 0xD6, 0xBA, 0xB1, 0xB5, 0x96,
    0x97, 0x8C, 0x50, 0x64, 0x5A, 0xCA, 0x32, 0x08, 0x40, 0x17, 0x00, 0x00, 0x04, 0x00, 0x00, 0x00,
    0x00, 0x00, 0x00, 0xFF, 0xFF, 0x02, 0x08, 0x41, 0x1D, 0xD5, 0xD3, 0x85, 0xA4, 0x6E, 0xE9, 0x18,
    0xC1, 0xFD, 0x00, 0x60, 0xFE, 0x19, 0x02, 0xFF, 0xB5, 0x71, 0xFF, 0xEE, 0xB6, 0xFB, 0xF7, 0x19,
    0xD4, 0x7B, 0x8D, 0x5C, 0x00, 0x02, 0x0C, 0x00, 0x00, 0x00, 0x00, 0x00, 0x01, 0x00, 0x00, 0x00,
    0x00, 0x00, 0x00, 0x00, 0x00, 0x00, 0x00, 0x00, 0x00, 0x00, 0x00, 0x00, 0x00, 0x00, 0x00, 0x00,
    0x00, 0x08, 0x00, 0x00, 0x05, 0x00, 0x00, 0x00, 0x00, 0x00, 0x00, 0x00, 0x00, 0x00, 0xFF, 0xE0,
    0x01, 0xFF, 0xFF, 0x01, 0xFF, 0xFF, 0x01, 0xFF, 0xE0, 0x01, 0x00, 0x00, 0x01, 0x00, 0x00, 0x00,
    0x00, 0x00, 0x09, 0x42, 0xE3, 0x42, 0x8D, 0xE8, 0x9A, 0xAF, 0x4B, 0xD5, 0xAF, 0x4B, 0xF5, 0xA7,
    0x0B, 0xFF, 0xAF, 0x0B, 0xFE, 0xAF, 0x4C, 0xFF, 0xB7, 0x4C, 0xFF, 0xB7, 0x4C, 0xFC, 0xAF, 0x4B,
    0xEF, 0xAF, 0x2B, 0xE5, 0xAF, 0x2B, 0xDA, 0xA6, 0xEB, 0xCE, 0x9E, 0x89, 0xC6, 0x96, 0x29, 0xC1,
    0x96, 0x09, 0xC1, 0x96, 0x29, 0xC1, 0x96, 0x69, 0xC4, 0x9E, 0xCA, 0xC9, 0xAF, 0x0A, 0xD1, 0xAF,
    0x2B, 0xDF, 0xAF, 0x2B, 0xEB, 0xAF, 0x4B, 0xF7, 0xB7, 0x4C, 0xFF, 0xAF, 0x4C, 0xFF, 0xAF, 0x0C,
    0xFF, 0xAE, 0xEC, 0xFE, 0xA6, 0xEB, 0xF9, 0xB7, 0x6C, 0xE2, 0xA6, 0xCA, 0xBA, 0x6C, 0x87, 0x6F,
    0x19, 0x21, 0x27, 0x00, 0x00, 0x04, 0x00, 0x00, 0x00, 0x00, 0x00, 0x01, 0xFF, 0xFF, 0x01, 0xFF,
    0xEF, 0x02, 0x52, 0xA5, 0x06, 0x00, 0x60, 0x22, 0x00, 0x20, 0x21, 0x00, 0x00, 0x04, 0x00, 0x00,
    0x00, 0x00, 0x00, 0x00, 0x00, 0x00, 0x00, 0x00, 0x00, 0x00, 0x00, 0x00, 0x00, 0x00, 0x00, 0x00,
    0x00, 0x00, 0x00, 0x00, 0x00, 0x00, 0x00, 0x00, 0x00, 0x00, 0x00, 0x00, 0x00, 0x00, 0x00, 0x00,
    0x00, 0x00, 0x00, 0x00, 0x00, 0x00, 0x00, 0x00, 0x00, 0x00, 0x00, 0x00, 0x00, 0x00, 0x00, 0x00,
    0x00, 0x00, 0x00, 0x00, 0x00, 0x00, 0x00, 0x00, 0x00, 0x00, 0x00, 0x00, 0x00, 0x00, 0x00, 0x00,
    0x00, 0x00, 0x00, 0x00, 0x00, 0x00, 0x00, 0x00, 0x00, 0x00, 0x00, 0x00, 0x00, 0x00, 0x00, 0x00,
    0x00, 0x00, 0x00, 0x00, 0x00, 0x00, 0x00, 0x00, 0x00, 0x00, 0x00, 0x00, 0x00, 0x00, 0x00, 0x00,
    0x00, 0x00, 0x00, 0x00, 0x00, 0x00, 0x00, 0x00, 0x00, 0x00, 0x00, 0x00, 0x00, 0x00, 0x00, 0x00,
    0x00, 0x00, 0x00, 0x00, 0x00, 0x00, 0x00, 0x00, 0x00, 0x00, 0x00, 0x00, 0x00, 0x00, 0x00, 0x00,
    0x00, 0x00, 0x00, 0x00, 0x00, 0x00, 0x00, 0x00, 0x00, 0x00, 0x00, 0x00, 0x00, 0x00, 0x00, 0x00,
    0x00, 0x00, 0x00, 0x00, 0x00, 0x00, 0x00, 0x00, 0x00, 0x00, 0x00, 0x00, 0x00, 0x00, 0x00, 0x00,
    0x00, 0x00, 0x06, 0x18, 0xE3, 0x1B, 0x52, 0xAA, 0x45, 0x9C, 0xB2, 0x87, 0xDE, 0xDB, 0xC8, 0xFF,
    0xFF, 0xEC, 0xFF, 0xFF, 0xF8, 0xF7, 0xBE, 0xFE, 0xF7, 0x9E, 0xFE, 0xF7, 0xBE, 0xFE, 0xFF, 0xBE,
    0xFE, 0xFF, 0xDE, 0xFF, 0xEF, 0x5D, 0xFF, 0xC6, 0x18, 0xFF, 0x8C, 0x50, 0xFF, 0x6B, 0x2C, 0xFF,
    0x7B, 0x8E, 0xFF, 0xA4, 0xF3, 0xFF, 0xC6, 0x18, 0xFF, 0xE6, 0xFB, 0xFF, 0xF7, 0xBE, 0xFF, 0xFF,
    0xFF, 0xFF, 0xFF, 0xFF, 0xFF, 0xFF, 0xFF, 0xFF, 0xFF, 0xFF, 0xFF, 0xFF, 0xFF, 0xFF, 0xFF, 0xFF,
    0xFF, 0xEF, 0x7D, 0xFF, 0xD6, 0x9A, 0xFF, 0xAD, 0x54, 0xFF, 0x7B, 0xCF, 0xFF, 0x5A, 0xAA, 0xFF,
    0x6B, 0x4D, 0xFF, 0xB5, 0x96, 0xFF, 0xBD, 0xB6, 0xFF, 0xAD, 0x55, 0xFF, 0xB5, 0x76, 0xFF, 0x83,
    0xF0, 0xFF, 0x5A, 0xAA, 0xFF, 0x84, 0x10, 0xFF, 0xCE, 0x58, 0xFF, 0xF7, 0xBE, 0xFF, 0xFF, 0xFF,
    0xFF, 0xFF, 0xBE, 0xFF, 0xF7, 0x5D, 0xFF, 0xEF, 0x3C, 0xFF, 0xEF, 0x1C, 0xFF, 0xEF, 0x1C, 0xFF,
    0xEF, 0x3C, 0xFF, 0xEF, 0x1C, 0xFF, 0xE7, 0x1C, 0xFF, 0xE7, 0x1C, 0xFF, 0xE7, 0x1C, 0xFF, 0xE6,
    0xFB, 0xFF, 0xEF, 0x1B, 0xFF, 0xF7, 0x7D, 0xFF, 0xFF, 0xDF, 0xFF, 0xFF, 0xFF, 0xFF, 0xEF, 0x5D,
    0xFF, 0xBD, 0xF7, 0xFF, 0x7B, 0xEF, 0xFF, 0x42, 0x28, 0xFF, 0x41, 0xE7, 0xFF, 0x94, 0x70, 0xFF,
    0xE7, 0x3B, 0xFD, 0xFF, 0xDF, 0xF8, 0xFF, 0xFF, 0xF3, 0xFF, 0xFF, 0xDD, 0xD6, 0x99, 0xB3, 0x94,
    0xB1, 0x7C, 0x63, 0x2B, 0x3F, 0x29, 0x64, 0x1C, 0x00, 0x00, 0x05, 0x00, 0x00, 0x00, 0x29, 0x03,
    0x33, 0xCD, 0x92, 0xAB, 0x8B, 0xCC, 0xFC, 0x10, 0xC0, 0xFE, 0x29, 0xE2, 0xFE, 0x08, 0xE0, 0xFF,
    0x63, 0x09, 0xFF, 0xE6, 0xB6, 0xFF, 0xF7, 0x18, 0xF1, 0xB5, 0x12, 0x99, 0x39, 0x86, 0x24, 0x00,
    0x00, 0x00, 0x00, 0x00, 0x00, 0x00, 0x00, 0x00, 0x00, 0x00, 0x00, 0x00, 0x00, 0x00, 0x00, 0x00,
    0x00, 0x00, 0x00, 0x00, 0x10, 0xA2, 0x0B, 0x5A, 0xA8, 0x39, 0x41, 0xE6, 0x25, 0x00, 0x00, 0x06,
    0x00, 0x00, 0x00, 0x00, 0x00, 0x00, 0x00, 0x00, 0x00, 0x00, 0x00, 0x00, 0x00, 0x00, 0x01, 0x00,
    0x00, 0x01, 0x00, 0x00, 0x00, 0x00, 0xE0, 0x09, 0x43, 0x03, 0x49, 0x9E, 0x89, 0xAD, 0xAF, 0x6B,
    0xED, 0xA6, 0xEA, 0xFC, 0xA7, 0x0A, 0xFF, 0xA7, 0x0B, 0xFF, 0xAF, 0x2B, 0xFF, 0xAF, 0x2B, 0xFA,
    0xAF, 0x4B, 0xEE, 0xAF, 0x2B, 0xCC, 0x8E, 0x29, 0x9D, 0x64, 0xA6, 0x79, 0x43, 0x43, 0x5A, 0x19,
    0xA1, 0x3D, 0x00, 0x00, 0x25, 0x00, 0x00, 0x19, 0x00, 0x00, 0x16, 0x00, 0x00, 0x17, 0x00, 0x00,
    0x1F, 0x00, 0x80, 0x2E, 0x2A, 0x22, 0x47, 0x5C, 0x05, 0x68, 0x85, 0xA8, 0x8E, 0xAE, 0xEB, 0xBA,
    0xB7, 0x4C, 0xE3, 0xB7, 0x4B, 0xF5, 0xAF, 0x4C, 0xFF, 0xAF, 0x0C, 0xFF, 0xAF, 0x0B, 0xFF, 0xA6,
    0xEB, 0xFB, 0xAF, 0x2B, 0xF7, 0xAF, 0x6B, 0xD3, 0x75, 0x47, 0x82, 0x10, 0xE1, 0x2A, 0x00, 0x00,
    0x01, 0xFF, 0xE0, 0x01, 0x00, 0x00, 0x01, 0x00, 0x00, 0x00, 0x00, 0x00, 0x04, 0x00, 0x20, 0x21,
    0x00, 0x20, 0x21, 0x00, 0x00, 0x04, 0x00, 0x00, 0x00, 0x00, 0x00, 0x00, 0x00, 0x00, 0x00, 0x00,
    0x00, 0x00, 0x00, 0x00, 0x00, 0x00, 0x00, 0x00, 0x00, 0x00, 0x00, 0x00, 0x00, 0x00, 0x00, 0x00,
    0x00, 0x00, 0x00, 0x00, 0x00, 0x00, 0x00, 0x00, 0x00, 0x00, 0x00, 0x00, 0x00, 0x00, 0x00, 0x00,
    0x00, 0x00, 0x00, 0x00, 0x00, 0x00, 0x00, 0x00, 0x00, 0x00, 0x00, 0x00, 0x00, 0x00, 0x00, 0x00,
    0x00, 0x00, 0x00, 0x00, 0x00, 0x00, 0x00, 0x00, 0x00, 0x00, 0x00, 0x00, 0x00, 0x00, 0x00, 0x00,
    0x00, 0x00, 0x00, 0x00, 0x00, 0x00, 0x00, 0x00, 0x00, 0x00, 0x00, 0x00, 0x00, 0x00, 0x00, 0x00,
    0x00, 0x00, 0x00, 0x00, 0x00, 0x00, 0x00, 0x00, 0x00, 0x00, 0x00, 0x00, 0x00, 0x00, 0x00, 0x00,
    0x00, 0x00, 0x00, 0x00, 0x00, 0x00, 0x00, 0x00, 0x00, 0x00, 0x00, 0x00, 0x00, 0x00, 0x00, 0x00,
    0x00, 0x00, 0x00, 0x00, 0x00, 0x00, 0x00, 0x00, 0x00, 0x00, 0x00, 0x00, 0x00, 0x00, 0x00, 0x00,
    0x00, 0x00, 0x00, 0x00, 0x00, 0x00, 0x00, 0x00, 0x00, 0x00, 0x00, 0x00, 0x00, 0x00, 0x00, 0x00,
    0x00, 0x00, 0x00, 0x00, 0x07, 0x08, 0x42, 0x18, 0x42, 0x08, 0x43, 0x9C, 0xD3, 0x8D, 0xEF, 0x3D,
    0xCE, 0xFF, 0xFF, 0xED, 0xFF, 0xFF, 0xFA, 0xFF, 0xFF, 0xFF, 0xFF, 0xDF, 0xFF, 0xFF, 0xDE, 0xFF,
    0xFF, 0xDF, 0xFF, 0xFF, 0xFF, 0xFF, 0xE7, 0x3C, 0xFF, 0xB5, 0x75, 0xFF, 0x7B, 0xAE, 0xFF, 0x6B,
    0x0C, 0xFF, 0x94, 0x51, 0xFF, 0xCE, 0x38, 0xFF, 0xF7, 0x9D, 0xFF, 0xFF, 0xDF, 0xFF, 0xFF, 0xBE,
    0xFF, 0xF7, 0x9D, 0xFF, 0xF7, 0x7D, 0xFF, 0xF7, 0x7D, 0xFF, 0xF7, 0x7D, 0xFF, 0xF7, 0x7D, 0xFF,
    0xF7, 0x7D, 0xFF, 0xF7, 0x7D, 0xFF, 0xF7, 0x7D, 0xFF, 0xF7, 0x9E, 0xFF, 0xFF, 0xDF, 0xFF, 0xFF,
    0xFF, 0xFF, 0xFF, 0xDF, 0xFF, 0xE7, 0x1C, 0xFF, 0xA5, 0x14, 0xFF, 0x7B, 0xAF, 0xFF, 0xBD, 0xB7,
    0xFF, 0xD6, 0x9A, 0xFF, 0x94, 0x51, 0xFF, 0x94, 0x51, 0xFF, 0xDE, 0xDB, 0xFF, 0xFF, 0xFF, 0xFF,
    0xFF, 0xBE, 0xFF, 0xEF, 0x5D, 0xFF, 0xEF, 0x3C, 0xFF, 0xEF, 0x3C, 0xFF, 0xEF, 0x5D, 0xFF, 0xEF,
    0x5D, 0xFF, 0xEF, 0x5D, 0xFF, 0xEF, 0x5D, 0xFF, 0xEF, 0x5D, 0xFF, 0xEF, 0x3C, 0xFF, 0xEF, 0x3C,
    0xFF, 0xEF, 0x3C, 0xFF, 0xEF, 0x3C, 0xFF, 0xEF, 0x1C, 0xFF, 0xEF, 0x1C, 0xFF, 0xE7, 0x1B, 0xFF,
    0xE7, 0x1B, 0xFF, 0xEF, 0x1C, 0xFF, 0xF7, 0x7D, 0xFF, 0xFF, 0xFF, 0xFF, 0xFF, 0xFF, 0xFF, 0xF7,
    0x7D, 0xFF, 0xB5, 0xB6, 0xFF, 0x63, 0x2C, 0xFF, 0x5A, 0xAA, 0xFF, 0x9C, 0xB2, 0xFF, 0xD6, 0x99,
    0xFF, 0xE7, 0x1B, 0xFD, 0xE7, 0x3C, 0xF7, 0xEF, 0x5C, 0xE9, 0xE7, 0x1A, 0xC0, 0x9C, 0xF2, 0x7D,
    0x42, 0x27, 0x39, 0x08, 0x41, 0x16, 0x49, 0xE6, 0x34, 0xAC, 0xCF, 0xAC, 0x73, 0x29, 0xFF, 0x19,
    0x20, 0xFD, 0x42, 0xC3, 0xFE, 0x29, 0xC2, 0xFF, 0x21, 0x62, 0xFF, 0xC5, 0xD3, 0xFF, 0xEE, 0xB6,
    0xF8, 0xD5, 0xD4, 0xBA, 0x6A, 0xA9, 0x3A, 0x00, 0x00, 0x00, 0x00, 0x00, 0x00, 0x00, 0x00, 0x01,
    0x00, 0x00, 0x00, 0x00, 0x00, 0x00, 0x00, 0x00, 0x00, 0x00, 0x00, 0x00, 0x52, 0x88, 0x2F, 0xD6,
    0x34, 0x90, 0x83, 0xCC, 0x5F, 0x18, 0xE1, 0x12, 0x00, 0x00, 0x00, 0x00, 0x00, 0x00, 0x00, 0x00,
    0x00, 0x00, 0x00, 0x00, 0x00, 0x00, 0x01, 0x00, 0x00, 0x00, 0x00, 0x00, 0x00, 0x3A, 0x82, 0x2E,
    0x96, 0x28, 0xA0, 0xB7, 0x6B, 0xEE, 0xA6, 0xEA, 0xFF, 0xA7, 0x0A, 0xFF, 0xA7, 0x0B, 0xFF, 0xA7,
    0x0B, 0xFB, 0xAF, 0x4B, 0xF1, 0xAF, 0x2B, 0xCC, 0x85, 0xC8, 0x95, 0x4B, 0x43, 0x58, 0x00, 0xA0,
    0x25, 0x00, 0x00, 0x11, 0x00, 0x00, 0x0A, 0x21, 0x20, 0x07, 0x52, 0xA0, 0x03, 0xFF, 0xFF, 0x01,
    0xFF, 0xFF, 0x01, 0xFF, 0xE0, 0x01, 0x7B, 0xE0, 0x02, 0x31, 0x80, 0x05, 0x18, 0xE0, 0x08, 0x00,
    0x80, 0x0D, 0x00, 0x00, 0x18, 0x29, 0xE1, 0x3D, 0x6C, 0xA6, 0x7A, 0xA6, 0xCA, 0xB1, 0xB7, 0x6B,
    0xE7, 0xAF, 0x2B, 0xF8, 0xAF, 0x0B, 0xFF, 0xA7, 0x0B, 0xFF, 0xA6, 0xEB, 0xFE, 0xA7, 0x2B, 0xF9,
    0xAF, 0x4A, 0xD5, 0x7D, 0x47, 0x6B, 0x00, 0x00, 0x11, 0xFF, 0xFF, 0x01, 0x00, 0x00, 0x01, 0x00,
    0x00, 0x00, 0x00, 0x00, 0x04, 0x00, 0x20, 0x21, 0x00, 0x00, 0x21, 0x00, 0x00, 0x04, 0x00, 0x00,
    0x00, 0x00, 0x00, 0x00, 0x00, 0x00, 0x00, 0x00, 0x00, 0x00, 0x00, 0x00, 0x00, 0x00, 0x00, 0x00,
    0x00, 0x00, 0x00, 0x00, 0x00, 0x00, 0x00, 0x00, 0x00, 0x00, 0x00, 0x00, 0x00, 0x00, 0x00, 0x00,
    0x00, 0x00, 0x00, 0x00, 0x00, 0x00, 0x00, 0x00, 0x00, 0x00, 0x00, 0x00, 0x00, 0x00, 0x00, 0x00,
    0x00, 0x00, 0x00, 0x00, 0x00, 0x00, 0x00, 0x00, 0x00, 0x00, 0x00, 0x00, 0x00, 0x00, 0x00, 0x00,
    0x00, 0x00, 0x00, 0x00, 0x00, 0x00, 0x00, 0x00, 0x00, 0x00, 0x00, 0x00, 0x00, 0x00, 0x00, 0x00,
    0x00, 0x00, 0x00, 0x00, 0x00, 0x00, 0x00, 0x00, 0x00, 0x00, 0x00, 0x00, 0x00, 0x00, 0x00, 0x00,
    0x00, 0x00, 0x00, 0x00, 0x00, 0x00, 0x00, 0x00, 0x00, 0x00, 0x00, 0x00, 0x00, 0x00, 0x00, 0x00,
    0x00, 0x00, 0x00, 0x00, 0x00, 0x00, 0x00, 0x00, 0x00, 0x00, 0x00, 0x00, 0x00, 0x00, 0x00, 0x00,
    0x00, 0x00, 0x00, 0x00, 0x00, 0x00, 0x00, 0x00, 0x00, 0x00, 0x00, 0x00, 0x00, 0x00, 0x00, 0x00,
    0x00, 0x00, 0x00, 0x00, 0x7B, 0xE7, 0x04, 0x00, 0x00, 0x15, 0x31, 0xA6, 0x42, 0x9C, 0xF4, 0x89,
    0xE7, 0x3C, 0xC8, 0xEF, 0x7D, 0xEC, 0xDE, 0xDA, 0xFD, 0xCE, 0x98, 0xFF, 0xCE, 0x77, 0xFF, 0xCE,
    0x77, 0xFF, 0xD6, 0xB9, 0xFF, 0xEF, 0x7C, 0xFF, 0xDF, 0x1A, 0xFF, 0x9C, 0xD2, 0xFF, 0x62, 0xEB,
    0xFF, 0x73, 0x4D, 0xFF, 0xAD, 0x54, 0xFF, 0xE6, 0xFB, 0xFF, 0xFF, 0xBE, 0xFF, 0xF7, 0x7D, 0xFF,
    0xEF, 0x3C, 0xFF, 0xEF, 0x1C, 0xFF, 0xEF, 0x1C, 0xFF, 0xEF, 0x3C, 0xFF, 0xEF, 0x5C, 0xFF, 0xEF,
    0x5D, 0xFF, 0xF7, 0x7D, 0xFF, 0xF7, 0x7D, 0xFF, 0xF7, 0x7D, 0xFF, 0xF7, 0x7D, 0xFF, 0xF7, 0x7D,
    0xFF, 0xEF, 0x5D, 0xFF, 0xEF, 0x3C, 0xFF, 0xEF, 0x3C, 0xFF, 0xEF, 0x3C, 0xFF, 0xEF, 0x5D, 0xFF,
    0xFF, 0xBE, 0xFF, 0xEF, 0x3C, 0xFF, 0xE7, 0x1C, 0xFF, 0xD6, 0x7A, 0xFF, 0xDE, 0x9A, 0xFF, 0xF7,
    0x7D, 0xFF, 0xF7, 0x9E, 0xFF, 0xEF, 0x3C, 0xFF, 0xEF, 0x5C, 0xFF, 0xEF, 0x5D, 0xFF, 0xEF, 0x5D,
    0xFF, 0xEF, 0x5D, 0xFF, 0xEF, 0x5D, 0xFF, 0xF7, 0x5D, 0xFF, 0xEF, 0x5D, 0xFF, 0xEF, 0x5D, 0xFF,
    0xEF, 0x3C, 0xFF, 0xEF, 0x3C, 0xFF, 0xEF, 0x3C, 0xFF, 0xEF, 0x3C, 0xFF, 0xEF, 0x1C, 0xFF, 0xEF,
    0x1C, 0xFF, 0xEF, 0x1C, 0xFF, 0xEF, 0x1C, 0xFF, 0xEF, 0x3C, 0xFF, 0xEF, 0x3D, 0xFF, 0xEF, 0x5D,
    0xFF, 0xEF, 0x5D, 0xFF, 0xF7, 0x7D, 0xFF, 0xF7, 0x9E, 0xFF, 0xFF, 0xFF, 0xFF, 0xF7, 0xBE, 0xFF,
    0xB5, 0xB6, 0xFF, 0x62, 0xEB, 0xFF, 0x42, 0x07, 0xFF, 0x73, 0x6C, 0xFF, 0xA4, 0xF3, 0xFF, 0xA5,
    0x13, 0xFF, 0xAD, 0x34, 0xF2, 0xC5, 0xF7, 0xC6, 0xD6, 0x79, 0xA7, 0x9C, 0xD2, 0x78, 0x39, 0xC7,
    0x4D, 0x29, 0x02, 0x9A, 0x31, 0x62, 0xFC, 0x3A, 0x23, 0xFE, 0x4A, 0xE3, 0xFE, 0x42, 0xA3, 0xFF,
    0x21, 0xC1, 0xFF, 0x73, 0xCB, 0xFF, 0xE6, 0xD7, 0xF9, 0xEE, 0x55, 0xD0, 0x83, 0x6A, 0x63, 0x00,
    0x00, 0x11, 0x00, 0x00, 0x00, 0xF8, 0x00, 0x01, 0x00, 0x00, 0x00, 0x00, 0x00, 0x00, 0x00, 0x00,
    0x00, 0x00, 0x00, 0x0F, 0x83, 0xCC, 0x63, 0xFF, 0x78, 0xC6, 0x94, 0x2D, 0x7C, 0x10, 0xA1, 0x17,
    0x00, 0x00, 0x00, 0x00, 0x00, 0x00, 0x00, 0x00, 0x00, 0x00, 0x00, 0x00, 0x00, 0x00, 0x00, 0x00,
    0x00, 0x00, 0x00, 0x00, 0x06, 0x64, 0x46, 0x45, 0xB7, 0x2A, 0xC4, 0xAF, 0x2A, 0xFB, 0xA7, 0x0B,
    0xFF, 0xA7, 0x0B, 0xFF, 0xA7, 0x0B, 0xF8, 0xAF, 0x6B, 0xD7, 0x96, 0x49, 0xA4, 0x4B, 0xC4, 0x5D,
    0x00, 0xA0, 0x25, 0x00, 0x00, 0x0C, 0x00, 0x00, 0x02, 0x00, 0x00, 0x00, 0x00, 0x00, 0x00, 0x00,
    0x00, 0x00, 0x00, 0x00, 0x00, 0x00, 0x00, 0x00, 0x00, 0x00, 0x00, 0x00, 0x00, 0x00, 0x00, 0x00,
    0x00, 0x00, 0x00, 0x00, 0x00, 0x00, 0x00, 0x00, 0x00, 0x00, 0x00, 0x00, 0x01, 0x00, 0x00, 0x06,
    0x08, 0x60, 0x13, 0x32, 0x02, 0x37, 0x6C, 0xE7, 0x82, 0xAF, 0x2B, 0xC0, 0xB7, 0x4B, 0xF0, 0xA7,
    0x0B, 0xFF, 0xA6, 0xEB, 0xFE, 0x9E, 0xCA, 0xFF, 0xB7, 0x8B, 0xF7, 0x96, 0x68, 0x97, 0x00, 0x60,
    0x26, 0x52, 0xAA, 0x03, 0xFF, 0xE0, 0x01, 0x00, 0x00, 0x00, 0x00, 0x00, 0x04, 0x00, 0x20, 0x21,
    0x00, 0x00, 0x21, 0x00, 0x00, 0x04, 0x00, 0x00, 0x00, 0x00, 0x00, 0x00, 0x00, 0x00, 0x00, 0x00,
    0x00, 0x00, 0x00, 0x00, 0x00, 0x00, 0x00, 0x00, 0x00, 0x00, 0x00, 0x00, 0x00, 0x00, 0x00, 0x00,
    0x00, 0x00, 0x00, 0x00, 0x00, 0x00, 0x00, 0x00, 0x00, 0x00, 0x00, 0x00, 0x00, 0x00, 0x00, 0x00,
    0x00, 0x00, 0x00, 0x00, 0x00, 0x00, 0x00, 0x00, 0x00, 0x00, 0x00, 0x00, 0x00, 0x00, 0x00, 0x00,
    0x00, 0x00, 0x00, 0x00, 0x00, 0x00, 0x00, 0x00, 0x00, 0x00, 0x00, 0x00, 0x00, 0x00, 0x00, 0x00,
    0x00, 0x00, 0x00, 0x00, 0x00, 0x00, 0x00, 0x00, 0x00, 0x00, 0x00, 0x00, 0x00, 0x00, 0x00, 0x00,
    0x00, 0x00, 0x00, 0x00, 0x00, 0x00, 0x00, 0x00, 0x00, 0x00, 0x00, 0x00, 0x00, 0x00, 0x00, 0x00,
    0x00, 0x00, 0x00, 0x00, 0x00, 0x00, 0x00, 0x00, 0x00, 0x00, 0x00, 0x00, 0x00, 0x00, 0x00, 0x00,
    0x00, 0x00, 0x00, 0x00, 0x00, 0x00, 0x00, 0x00, 0x00, 0x00, 0x00, 0x00, 0x00, 0x00, 0x00, 0x00,
    0x00, 0x00, 0x01, 0x07, 0xE0, 0x01, 0x00, 0x00, 0x00, 0x00, 0x00, 0x0D, 0x18, 0xE4, 0x31, 0x94,
    0x92, 0x77, 0xD6, 0x7A, 0xB7, 0xDE, 0x9A, 0xE4, 0xCE, 0x17, 0xFB, 0xBD, 0xD5, 0xFF, 0xBD, 0xD4,
    0xFF, 0xBD, 0xF4, 0xFF, 0xBE, 0x34, 0xFF, 0xC6, 0x54, 0xFF, 0x94, 0xEE, 0xFF, 0x5B, 0x08, 0xFF,
    0x4A, 0x88, 0xFF, 0x73, 0x8D, 0xFF, 0xBD, 0xD7, 0xFF, 0xF7, 0x7D, 0xFF, 0xFF, 0xBE, 0xFF, 0xF7,
    0x7D, 0xFF, 0xEF, 0x3C, 0xFF, 0xEF, 0x1C, 0xFF, 0xEF, 0x1C, 0xFF, 0xEF, 0x1C, 0xFF, 0xEF, 0x1C,
    0xFF, 0xEF, 0x3C, 0xFF, 0xEF, 0x5C, 0xFF, 0xEF, 0x5D, 0xFF, 0xEF, 0x5D, 0xFF, 0xF7, 0x7D, 0xFF,
    0xF7, 0x7D, 0xFF, 0xF7, 0x7D, 0xFF, 0xF7, 0x7D, 0xFF, 0xEF, 0x5D, 0xFF, 0xEF, 0x5D, 0xFF, 0xEF,
    0x3C, 0xFF, 0xEF, 0x1C, 0xFF, 0xEF, 0x1C, 0xFF, 0xEF, 0x1C, 0xFF, 0xEF, 0x5D, 0xFF, 0xEF, 0x5D,
    0xFF, 0xF7, 0x5D, 0xFF, 0xF7, 0x7D, 0xFF, 0xF7, 0x5D, 0xFF, 0xEF, 0x5D, 0xFF, 0xEF, 0x5D, 0xFF,
    0xEF, 0x5D, 0xFF, 0xF7, 0x5D, 0xFF, 0xF7, 0x7D, 0xFF, 0xF7, 0x7D, 0xFF, 0xF7, 0x7D, 0xFF, 0xEF,
    0x5D, 0xFF, 0xEF, 0x5D, 0xFF, 0xEF, 0x3C, 0xFF, 0xEF, 0x3C, 0xFF, 0xEF, 0x3C, 0xFF, 0xEF, 0x3C,
    0xFF, 0xEF, 0x3C, 0xFF, 0xEF, 0x3C, 0xFF, 0xEF, 0x3C, 0xFF, 0xEF, 0x3C, 0xFF, 0xEF, 0x3C, 0xFF,
    0xEF, 0x3C, 0xFF, 0xEF, 0x3C, 0xFF, 0xEF, 0x5D, 0xFF, 0xF7, 0x5D, 0xFF, 0xF7, 0x7D, 0xFF, 0xF7,
    0x7D, 0xFF, 0xF7, 0x7D, 0xFF, 0xFF, 0xBE, 0xFF, 0xFF, 0xDF, 0xFF, 0xEF, 0x7D, 0xFF, 0xB5, 0x95,
    0xFF, 0x6B, 0x2B, 0xFF, 0x8C, 0x0F, 0xFF, 0xDE, 0xBA, 0xFF, 0xEF, 0x7D, 0xFF, 0xE6, 0xFB, 0xF4,
    0xEF, 0x7C, 0xF3, 0xFF, 0xDF, 0xE9, 0xEF, 0x5D, 0xD3, 0x84, 0x30, 0xE5, 0x29, 0x44, 0xFF, 0x18,
    0xE0, 0xFE, 0x42, 0x84, 0xFF, 0x5B, 0x44, 0xFF, 0x42, 0xE3, 0xFF, 0x3A, 0x45, 0xFF, 0xCE, 0x56,
    0xFF, 0xEE, 0xB6, 0xEF, 0xB4, 0xAF, 0x9E, 0x49, 0xC6, 0x2F, 0x00, 0x00, 0x00, 0x00, 0x00, 0x00,
    0x00, 0x00, 0x01, 0x00, 0x00, 0x00, 0x00, 0x00, 0x00, 0x39, 0xA4, 0x21, 0xBD, 0x51, 0x96, 0xFF,
    0x99, 0xE1, 0xB5, 0x30, 0x95, 0x29, 0xA4, 0x1C, 0x00, 0x00, 0x00, 0x00, 0x00, 0x00, 0x00, 0x00,
    0x00, 0x00, 0x00, 0x00, 0x00, 0x00, 0x01, 0x00, 0x00, 0x00, 0x00, 0x00, 0x01, 0x32, 0xC2, 0x2E,
    0x8E, 0x08, 0xA0, 0xBF, 0x8C, 0xED, 0xA7, 0x0B, 0xFB, 0xAF, 0x4B, 0xF6, 0xAF, 0x4B, 0xCF, 0x75,
    0x47, 0x84, 0x2A, 0x02, 0x3A, 0x00, 0x00, 0x0E, 0x00, 0x00, 0x01, 0x00, 0x00, 0x00, 0x00, 0x00,
    0x00, 0xFF, 0xFF, 0x01, 0xAD, 0x4A, 0x03, 0x29, 0x45, 0x06, 0x00, 0x00, 0x08, 0x00, 0x00, 0x0B,
    0x00, 0x00, 0x0D, 0x00, 0x00, 0x0C, 0x00, 0x00, 0x0A, 0x00, 0x00, 0x08, 0x2A, 0xA5, 0x06, 0xAF,
    0xEA, 0x03, 0xFF, 0xFF, 0x01, 0x00, 0x00, 0x00, 0x00, 0x00, 0x00, 0x00, 0x00, 0x03, 0x10, 0xC1,
    0x1E, 0x43, 0x44, 0x53, 0x9E, 0x6A, 0xA9, 0xB7, 0x6B, 0xEA, 0xAF, 0x2B, 0xFB, 0xB7, 0x4B, 0xF7,
    0xB7, 0x4B, 0xD5, 0x7D, 0x47, 0x70, 0x00, 0x00, 0x14, 0x00, 0x00, 0x00, 0x00, 0x00, 0x01, 0x00,
    0x00, 0x00, 0x00, 0x00, 0x04, 0x00, 0x20, 0x21, 0x00, 0x20, 0x21, 0x00, 0x00, 0x04, 0x00, 0x00,
    0x00, 0x00, 0x00, 0x00, 0x00, 0x00, 0x00, 0x00, 0x00, 0x00, 0x00, 0x00, 0x00, 0x00, 0x00, 0x00,
    0x00, 0x00, 0x00, 0x00, 0x00, 0x00, 0x00, 0x00, 0x00, 0x00, 0x00, 0x00, 0x00, 0x00, 0x00, 0x00,
    0x00, 0x00, 0x00, 0x00, 0x00, 0x00, 0x00, 0x00, 0x00, 0x00, 0x00, 0x00, 0x00, 0x00, 0x00, 0x00,
    0x00, 0x00, 0x00, 0x00, 0x00, 0x00, 0x00, 0x00, 0x00, 0x00, 0x00, 0x00, 0x00, 0x00, 0x00, 0x00,
    0x00, 0x00, 0x00, 0x00, 0x00, 0x00, 0x00, 0x00, 0x00, 0x00, 0x00, 0x00, 0x00, 0x00, 0x00, 0x00,
    0x00, 0x00, 0x00, 0x00, 0x00, 0x00, 0x00, 0x00, 0x00, 0x00, 0x00, 0x00, 0x00, 0x00, 0x00, 0x00,
    0x00, 0x00, 0x00, 0x00, 0x00, 0x00, 0x00, 0x00, 0x00, 0x00, 0x00, 0x00, 0x00, 0x00, 0x00, 0x00,
    0x00, 0x00, 0x00, 0x00, 0x00, 0x00, 0x00, 0x00, 0x00, 0x00, 0x00, 0x00, 0x00, 0x00, 0x00, 0x00,
    0x00, 0x00, 0x00, 0x00, 0x00, 0x00, 0x00, 0x01, 0x00, 0x00, 0x00, 0x00, 0x00, 0x04, 0x00, 0x00,
    0x12, 0x5B, 0x0A, 0x4A, 0xA5, 0x53, 0x92, 0xC6, 0x36, 0xD6, 0xD6, 0x78, 0xF7, 0xDE, 0xB9, 0xFF,
    0xE7, 0x1A, 0xFF, 0xE7, 0x19, 0xFF, 0xE7, 0x39, 0xFF, 0xF7, 0xDB, 0xFF, 0xF7, 0xFA, 0xFF, 0xB6,
    0x12, 0xFF, 0x53, 0x07, 0xFF, 0x63, 0x0A, 0xFF, 0xB5, 0xB6, 0xFF, 0xEF, 0x5D, 0xFF, 0xFF, 0xDF,
    0xFF, 0xFF, 0xBE, 0xFF, 0xF7, 0x7D, 0xFF, 0xEF, 0x3C, 0xFF, 0xEF, 0x1C, 0xFF, 0xEF, 0x1C, 0xFF,
    0xEF, 0x3C, 0xFF, 0xEF, 0x3C, 0xFF, 0xEF, 0x3C, 0xFF, 0xEF, 0x3C, 0xFF, 0xEF, 0x3C, 0xFF, 0xEF,
    0x3C, 0xFF, 0xEF, 0x3D, 0xFF, 0xEF, 0x5D, 0xFF, 0xF7, 0x7D, 0xFF, 0xF7, 0x7D, 0xFF, 0xF7, 0x7D,
    0xFF, 0xEF, 0x5D, 0xFF, 0xEF, 0x5D, 0xFF, 0xEF, 0x5D, 0xFF, 0xEF, 0x3C, 0xFF, 0xEF, 0x1C, 0xFF,
    0xE7, 0x1C, 0xFF, 0xEF, 0x1C, 0xFF, 0xEF, 0x3C, 0xFF, 0xEF, 0x5C, 0xFF, 0xEF, 0x5D, 0xFF, 0xEF,
    0x5D, 0xFF, 0xEF, 0x5D, 0xFF, 0xF7, 0x7D, 0xFF, 0xF7, 0x7D, 0xFF, 0xF7, 0x7D, 0xFF, 0xF7, 0x7D,
    0xFF, 0xEF, 0x5D, 0xFF, 0xEF, 0x5D, 0xFF, 0xEF, 0x5D, 0xFF, 0xEF, 0x5D, 0xFF, 0xEF, 0x3C, 0xFF,
    0xEF, 0x3C, 0xFF, 0xEF, 0x3C, 0xFF, 0xEF, 0x3C, 0xFF, 0xEF, 0x3C, 0xFF, 0xEF, 0x3C, 0xFF, 0xEF,
    0x3C, 0xFF, 0xEF, 0x3C, 0xFF, 0xEF, 0x3C, 0xFF, 0xEF, 0x3C, 0xFF, 0xEF, 0x5D, 0xFF, 0xEF, 0x5D,
    0xFF, 0xF7, 0x5D, 0xFF, 0xF7, 0x7D, 0xFF, 0xF7, 0x7D, 0xFF, 0xF7, 0x7D, 0xFF, 0xF7, 0x7D, 0xFF,
    0xF7, 0x9D, 0xFF, 0xFF, 0xBE, 0xFF, 0xFF, 0xDE, 0xFF, 0xE7, 0x1B, 0xFF, 0xA4, 0xF3, 0xFF, 0x7B,
    0xCE, 0xFF, 0xBD, 0xB5, 0xFF, 0xFF, 0xFF, 0xFF, 0xFF, 0xFF, 0xFF, 0xFF, 0xDF, 0xFF, 0xFF, 0xDF,
    0xFF, 0xF7, 0xBE, 0xFF, 0xCE, 0x79, 0xFF, 0x5A, 0xEB, 0xFF, 0x08, 0x80, 0xFF, 0x31, 0xE2, 0xFF,
    0x63, 0x86, 0xFF, 0x29, 0xC2, 0xFF, 0xA5, 0x31, 0xFE, 0xE6, 0xB7, 0xFA, 0xDD, 0xD2, 0xC7, 0x83,
    0x28, 0x59, 0x00, 0x00, 0x0E, 0x00, 0x00, 0x00, 0xFF, 0xE0, 0x01, 0x00, 0x00, 0x00, 0x00, 0x00,
    0x00, 0x62, 0xA7, 0x32, 0xD6, 0x13, 0xB8, 0xFF, 0xBA, 0xEC, 0xD6, 0x14, 0xAE, 0x4A, 0x46, 0x26,
    0x00, 0x00, 0x00, 0x00, 0x00, 0x00, 0x00, 0x00, 0x00, 0x00, 0x00, 0x00, 0x00, 0x00, 0x00, 0x00,
    0x00, 0x01, 0x00, 0x00, 0x00, 0x00, 0xE0, 0x09, 0x43, 0x04, 0x47, 0x8E, 0x09, 0xA1, 0xAF, 0x2B,
    0xCC, 0x9E, 0xEA, 0xBD, 0x64, 0xC6, 0x76, 0x11, 0x41, 0x2C, 0x00, 0x00, 0x05, 0x00, 0x00, 0x00,
    0x00, 0x00, 0x00, 0xFF, 0xFF, 0x01, 0x39, 0xE0, 0x04, 0x00, 0x00, 0x0C, 0x00, 0x00, 0x1D, 0x19,
    0x82, 0x3B, 0x43, 0x24, 0x54, 0x6C, 0xA7, 0x6E, 0x85, 0x68, 0x7D, 0x75, 0x07, 0x75, 0x5C, 0x05,
    0x64, 0x3B, 0x04, 0x52, 0x11, 0x61, 0x38, 0x00, 0x00, 0x1A, 0x00, 0x00, 0x08, 0xAF, 0xEA, 0x03,
    0xFF, 0xFF, 0x01, 0x00, 0x00, 0x00, 0x00, 0x00, 0x00, 0x00, 0x00, 0x0E, 0x3A, 0x83, 0x41, 0x8D,
    0xE8, 0x99, 0xAF, 0x2A, 0xC8, 0xA6, 0xCA, 0xBD, 0x6C, 0xC7, 0x79, 0x19, 0x61, 0x28, 0x78, 0x00,
    0x02, 0x07, 0xE0, 0x01, 0x00, 0x00, 0x01, 0x00, 0x00, 0x00, 0x00, 0x00, 0x04, 0x00, 0x20, 0x21,
    0x00, 0x20, 0x21, 0x00, 0x00, 0x04, 0x00, 0x00, 0x00, 0x00, 0x00, 0x00, 0x00, 0x00, 0x00, 0x00,
    0x00, 0x00, 0x00, 0x00, 0x00, 0x00, 0x00, 0x00, 0x00, 0x00, 0x00, 0x00, 0x00, 0x00, 0x00, 0x00,
    0x00, 0x00, 0x00, 0x00, 0x00, 0x00, 0x00, 0x00, 0x00, 0x00, 0x00, 0x00, 0x00, 0x00, 0x00, 0x00,
    0x00, 0x00, 0x00, 0x00, 0x00, 0x00, 0x00, 0x00, 0x00, 0x00, 0x00, 0x00, 0x00, 0x00, 0x00, 0x00,
    0x00, 0x00, 0x00, 0x00, 0x00, 0x00, 0x00, 0x00, 0x00, 0x00, 0x00, 0x00, 0x00, 0x00, 0x00, 0x00,
    0x00, 0x00, 0x00, 0x00, 0x00, 0x00, 0x00, 0x00, 0x00, 0x00, 0x00, 0x00, 0x00, 0x00, 0x00, 0x00,
    0x00, 0x00, 0x00, 0x00, 0x00, 0x00, 0x00, 0x00, 0x00, 0x00, 0x00, 0x00, 0x00, 0x00, 0x00, 0x00,
    0x00, 0x00, 0x00, 0x00, 0x00, 0x00, 0x00, 0x00, 0x00, 0x00, 0x00, 0x00, 0x00, 0x00, 0x00, 0x00,
    0x00, 0x00, 0x00, 0x00, 0x00, 0x00, 0x00, 0x00, 0x00, 0x01, 0xFF, 0xFF, 0x01, 0x00, 0x00, 0x00,
    0x00, 0x00, 0x0F, 0x32, 0x05, 0x33, 0x6B, 0xE9, 0x64, 0x95, 0x0E, 0x9E, 0xCE, 0xB6, 0xDC, 0xEF,
    0x9B, 0xFC, 0xFF, 0xFD, 0xFF, 0xFF, 0xDD, 0xFF, 0xF7, 0x9C, 0xFF, 0xF7, 0xBB, 0xFF, 0xFF, 0xFC,
    0xFF, 0xD6, 0xF7, 0xFF, 0x74, 0x0C, 0xFF, 0x5B, 0x6B, 0xFF, 0xA5, 0x54, 0xFF, 0xE7, 0x3C, 0xFF,
    0xFF, 0xDF, 0xFF, 0xFF, 0xDF, 0xFF, 0xF7, 0x9E, 0xFF, 0xEF, 0x5D, 0xFF, 0xEF, 0x3D, 0xFF, 0xEF,
    0x5D, 0xFF, 0xEF, 0x5C, 0xFF, 0xEF, 0x3C, 0xFF, 0xEF, 0x3C, 0xFF, 0xEF, 0x3C, 0xFF, 0xEF, 0x3C,
    0xFF, 0xEF, 0x3C, 0xFF, 0xEF, 0x3C, 0xFF, 0xEF, 0x3C, 0xFF, 0xEF, 0x3C, 0xFF, 0xEF, 0x3C, 0xFF,
    0xEF, 0x3C, 0xFF, 0xEF, 0x3C, 0xFF, 0xEF, 0x5D, 0xFF, 0xEF, 0x5D, 0xFF, 0xEF, 0x5C, 0xFF, 0xEF,
    0x3C, 0xFF, 0xEF, 0x3C, 0xFF, 0xEF, 0x1C, 0xFF, 0xEF, 0x3C, 0xFF, 0xEF, 0x1C, 0xFF, 0xEF, 0x3C,
    0xFF, 0xEF, 0x3C, 0xFF, 0xEF, 0x5D, 0xFF, 0xF7, 0x7D, 0xFF, 0xF7, 0x7D, 0xFF, 0xF7, 0x7D, 0xFF,
    0xEF, 0x5D, 0xFF, 0xF7, 0x7D, 0xFF, 0xF7, 0x9D, 0xFF, 0xFF, 0x9E, 0xFF, 0xF7, 0x9E, 0xFF, 0xF7,
    0x7D, 0xFF, 0xEF, 0x3C, 0xFF, 0xEF, 0x1C, 0xFF, 0xEF, 0x1C, 0xFF, 0xEF, 0x3C, 0xFF, 0xEF, 0x3C,
    0xFF, 0xEF, 0x3C, 0xFF, 0xEF, 0x3C, 0xFF, 0xEF, 0x3C, 0xFF, 0xEF, 0x3C, 0xFF, 0xEF, 0x3C, 0xFF,
    0xEF, 0x3C, 0xFF, 0xEF, 0x5C, 0xFF, 0xEF, 0x5D, 0xFF, 0xEF, 0x5D, 0xFF, 0xF7, 0x5D, 0xFF, 0xF7,
    0x7D, 0xFF, 0xF7, 0x7D, 0xFF, 0xF7, 0x7D, 0xFF, 0xEF, 0x5D, 0xFF, 0xEF, 0x5C, 0xFF, 0xF7, 0x7D,
    0xFF, 0xFF, 0xBE, 0xFF, 0xEF, 0x5C, 0xFF, 0xBD, 0xD6, 0xFF, 0x7B, 0xAE, 0xFF, 0x83, 0xEF, 0xFF,
    0xDE, 0xDA, 0xFF, 0xFF, 0xFF, 0xFF, 0xFF, 0xDF, 0xFF, 0xFF, 0xBE, 0xFF, 0xFF, 0xFF, 0xFF, 0xE7,
    0x5D, 0xFF, 0x94, 0xB2, 0xFF, 0x19, 0x23, 0xFF, 0x19, 0x21, 0xFF, 0x21, 0x82, 0xFF, 0x63, 0x6A,
    0xFF, 0xE6, 0xB7, 0xFD, 0xDE, 0x12, 0xED, 0xA4, 0x0B, 0x94, 0x51, 0xE6, 0x29, 0x00, 0x00, 0x00,
    0xFF, 0xEF, 0x02, 0xFF, 0xFF, 0x01, 0x00, 0x00, 0x06, 0x73, 0x4A, 0x51, 0xDE, 0x95, 0xDF, 0xFF,
    0xBB, 0xF7, 0xEE, 0xD7, 0xC7, 0x62, 0xC8, 0x39, 0x00, 0x00, 0x03, 0x00, 0x00, 0x00, 0x00, 0x00,
    0x00, 0x00, 0x00, 0x00, 0x00, 0x00, 0x00, 0x00, 0x00, 0x00, 0x00, 0x00, 0x00, 0x00, 0x00, 0x00,
    0x00, 0x00, 0x09, 0x3A, 0xC3, 0x31, 0x64, 0x86, 0x50, 0x5C, 0x24, 0x44, 0x01, 0x00, 0x1D, 0x00,
    0x00, 0x03, 0x00, 0x00, 0x00, 0xFF, 0xFF, 0x01, 0x7B, 0xEF, 0x02, 0x00, 0x00, 0x10, 0x19, 0xC2,
    0x38, 0x74, 0xE7, 0x6E, 0x96, 0x69, 0x99, 0xA6, 0xCA, 0xC2, 0xAF, 0x0B, 0xD2, 0xAF, 0x2C, 0xDE,
    0xAF, 0x2C, 0xE6, 0xAF, 0x4C, 0xE2, 0xAF, 0x2C, 0xDA, 0xAF, 0x2C, 0xD0, 0xAF, 0x0B, 0xB6, 0x9E,
    0x49, 0x8D, 0x5B, 0xC5, 0x59, 0x00, 0x00, 0x24, 0x00, 0x00, 0x06, 0xFF, 0xFF, 0x01, 0x00, 0x00,
    0x00, 0x00, 0x00, 0x00, 0x00, 0x00, 0x06, 0x32, 0xC2, 0x2B, 0x64, 0x86, 0x4A, 0x5C, 0x05, 0x40,
    0x09, 0x21, 0x1C, 0x00, 0x00, 0x02, 0x00, 0x00, 0x00, 0x00, 0x00, 0x00, 0x00, 0x00, 0x00, 0x00,
    0x00, 0x00, 0x00, 0x00, 0x04, 0x00, 0x20, 0x21, 0x00, 0x00, 0x21, 0x00, 0x00, 0x04, 0x00, 0x00,
    0x00, 0x00, 0x00, 0x00, 0x00, 0x00, 0x00, 0x00, 0x00, 0x00, 0x00, 0x00, 0x00, 0x00, 0x00, 0x00,
    0x00, 0x00, 0x00, 0x00, 0x00, 0x00, 0x00, 0x00, 0x00, 0x00, 0x00, 0x00, 0x00, 0x00, 0x00, 0x00,
    0x00, 0x00, 0x00, 0x00, 0x00, 0x00, 0x00, 0x00, 0x00, 0x00, 0x00, 0x00, 0x00, 0x00, 0x00, 0x00,
    0x00, 0x00, 0x00, 0x00, 0x00, 0x00, 0x00, 0x00, 0x00, 0x00, 0x00, 0x00, 0x00, 0x00, 0x00, 0x00,
    0x00, 0x00, 0x00, 0x00, 0x00, 0x00, 0x00, 0x00, 0x00, 0x00, 0x00, 0x00, 0x00, 0x00, 0x00, 0x00,
    0x00, 0x00, 0x00, 0x00, 0x00, 0x00, 0x00, 0x00, 0x00, 0x00, 0x00, 0x00, 0x00, 0x00, 0x00, 0x00,
    0x00, 0x00, 0x00, 0x00, 0x00, 0x00, 0x00, 0x00, 0x00, 0x00, 0x00, 0x00, 0x00, 0x00, 0x00, 0x00,
    0x00, 0x00, 0x00, 0x00, 0x00, 0x00, 0x00, 0x00, 0x00, 0x00, 0x00, 0x00, 0x00, 0x00, 0x01, 0x00,
    0x00, 0x00, 0x00, 0x00, 0x02, 0x00, 0x00, 0x1B, 0x5B, 0x68, 0x54, 0x7C, 0xAB, 0x8A, 0xAD, 0xF0,
    0xCB, 0xD7, 0x36, 0xE6, 0xD7, 0x38, 0xFA, 0xCE, 0xD7, 0xFF, 0xBE, 0x35, 0xFF, 0xAD, 0x93, 0xFF,
    0xBE, 0x15, 0xFF, 0xCE, 0x97, 0xFF, 0x8C, 0xB0, 0xFF, 0x42, 0x68, 0xFF, 0x6B, 0xAD, 0xFF, 0xC6,
    0x18, 0xFF, 0xF7, 0x7E, 0xFF, 0xFF, 0xBE, 0xFF, 0xF7, 0x7D, 0xFF, 0xEF, 0x3C, 0xFF, 0xEF, 0x5D,
    0xFF, 0xEF, 0x5D, 0xFF, 0xF7, 0x5D, 0xFF, 0xEF, 0x5D, 0xFF, 0xEF, 0x5D, 0xFF, 0xEF, 0x5D, 0xFF,
    0xEF, 0x3C, 0xFF, 0xEF, 0x3C, 0xFF, 0xEF, 0x3C, 0xFF, 0xEF, 0x3C, 0xFF, 0xEF, 0x3C, 0xFF, 0xEF,
    0x1C, 0xFF, 0xEF, 0x1C, 0xFF, 0xEF, 0x3C, 0xFF, 0xF7, 0x7D, 0xFF, 0xFF, 0xBE, 0xFF, 0xFF, 0xDF,
    0xFF, 0xFF, 0xFF, 0xFF, 0xFF, 0xDF, 0xFF, 0xFF, 0x9E, 0xFF, 0xEF, 0x5D, 0xFF, 0xE7, 0x1C, 0xFF,
    0xEF, 0x1C, 0xFF, 0xEF, 0x3C, 0xFF, 0xEF, 0x5C, 0xFF, 0xEF, 0x5D, 0xFF, 0xF7, 0x7D, 0xFF, 0xF7,
    0x7D, 0xFF, 0xEF, 0x5D, 0xFF, 0xF7, 0x9E, 0xFF, 0xFF, 0xFF, 0xFF, 0xFF, 0xFF, 0xFF, 0xFF, 0xBE,
    0xFF, 0xF7, 0x5D, 0xFF, 0xEF, 0x5D, 0xFF, 0xF7, 0x9D, 0xFF, 0xFF, 0xBE, 0xFF, 0xFF, 0xBE, 0xFF,
    0xF7, 0x5D, 0xFF, 0xEF, 0x1C, 0xFF, 0xEF, 0x1C, 0xFF, 0xEF, 0x3C, 0xFF, 0xEF, 0x3C, 0xFF, 0xEF,
    0x3C, 0xFF, 0xEF, 0x3C, 0xFF, 0xEF, 0x3C, 0xFF, 0xEF, 0x5C, 0xFF, 0xEF, 0x5D, 0xFF, 0xEF, 0x5D,
    0xFF, 0xEF, 0x5D, 0xFF, 0xEF, 0x5D, 0xFF, 0xF7, 0x5D, 0xFF, 0xF7, 0x5D, 0xFF, 0xF7, 0x5D, 0xFF,
    0xF7, 0x5D, 0xFF, 0xEF, 0x5D, 0xFF, 0xEF, 0x3C, 0xFF, 0xEF, 0x1C, 0xFF, 0xF7, 0x7D, 0xFF, 0xF7,
    0x9E, 0xFF, 0xD6, 0x9A, 0xFF, 0x9C, 0xB2, 0xFF, 0x7B, 0x8E, 0xFF, 0xB5, 0x75, 0xFF, 0xFF, 0xFF,
    0xFF, 0xFF, 0xFF, 0xFF, 0xF7, 0x9E, 0xFF, 0xFF, 0xBE, 0xFF, 0xEF, 0x5D, 0xFF, 0xBD, 0xD6, 0xFF,
    0x42, 0x06, 0xFF, 0x00, 0x40, 0xFF, 0x19, 0x22, 0xFF, 0xC6, 0x14, 0xFE, 0xE6, 0x74, 0xFA, 0xB4,
    0xAE, 0xB8, 0x62, 0x67, 0x40, 0x00, 0x00, 0x01, 0xFF, 0xFF, 0x02, 0xFF, 0xFF, 0x01, 0x21, 0x04,
    0x0F, 0x83, 0xEB, 0x68, 0xEE, 0xF7, 0xF2, 0xFF, 0xBB, 0xFE, 0xF7, 0x38, 0xDF, 0x73, 0x4A, 0x53,
    0x00, 0x00, 0x0A, 0x00, 0x00, 0x00, 0x00, 0x00, 0x00, 0x00, 0x00, 0x00, 0x00, 0x00, 0x00, 0x00,
    0x00, 0x00, 0x00, 0x00, 0x00, 0x00, 0x00, 0x00, 0x00, 0x00, 0x00, 0x00, 0x00, 0x00, 0x00, 0x00,
    0x09, 0x00, 0x00, 0x04, 0x00, 0x00, 0x00, 0x00, 0x00, 0x00, 0x00, 0x00, 0x00, 0x00, 0x00, 0x03,
    0x08, 0x60, 0x26, 0x6C, 0x66, 0x65, 0x9E, 0x8A, 0xA8, 0xA6, 0xEA, 0xDA, 0xAF, 0x2A, 0xF1, 0xB7,
    0x6B, 0xFF, 0xB7, 0x6B, 0xFF, 0xB7, 0x4C, 0xFF, 0xB7, 0x4C, 0xFF, 0xB7, 0x6D, 0xFF, 0xBF, 0x6D,
    0xFF, 0xBF, 0x6D, 0xFF, 0xB7, 0x6C, 0xFA, 0xAF, 0x4B, 0xEC, 0xAF, 0x0B, 0xC7, 0x96, 0x29, 0x8B,
    0x4B, 0x04, 0x4A, 0x00, 0x00, 0x14, 0xFF, 0xFF, 0x01, 0x00, 0x00, 0x00, 0x00, 0x00, 0x00, 0x00,
    0x00, 0x00, 0x00, 0x00, 0x06, 0x00, 0x00, 0x02, 0x00, 0x00, 0x00, 0x00, 0x00, 0x00, 0x00, 0x00,
    0x00, 0x00, 0x00, 0x00, 0x00, 0x00, 0x00, 0x00, 0x00, 0x00, 0x00, 0x00, 0x04, 0x00, 0x20, 0x21,
    0x00, 0x00, 0x21, 0x00, 0x00, 0x04, 0x00, 0x00, 0x00, 0x00, 0x00, 0x00, 0x00, 0x00, 0x00, 0x00,
    0x00, 0x00, 0x00, 0x00, 0x00, 0x00, 0x00, 0x00, 0x00, 0x00, 0x00, 0x00, 0x00, 0x00, 0x00, 0x00,
    0x00, 0x00, 0x00, 0x00, 0x00, 0x00, 0x00, 0x00, 0x00, 0x00, 0x00, 0x00, 0x00, 0x00, 0x00, 0x00,
    0x00, 0x00, 0x00, 0x00, 0x00, 0x00, 0x00, 0x00, 0x00, 0x00, 0x00, 0x00, 0x00, 0x00, 0x00, 0x00,
    0x00, 0x00, 0x00, 0x00, 0x00, 0x00, 0x00, 0x00, 0x00, 0x00, 0x00, 0x00, 0x00, 0x00, 0x00, 0x00,
    0x00, 0x00, 0x00, 0x00, 0x00, 0x00, 0x00, 0x00, 0x00, 0x00, 0x00, 0x00, 0x00, 0x00, 0x00, 0x00,
    0x00, 0x00, 0x00, 0x00, 0x00, 0x00, 0x00, 0x00, 0x00, 0x00, 0x00, 0x00, 0x00, 0x00, 0x00, 0x00,
    0x00, 0x00, 0x00, 0x00, 0x00, 0x00, 0x00, 0x00, 0x00, 0x00, 0x00, 0x00, 0x00, 0x00, 0x00, 0x00,
    0x00, 0x00, 0x00, 0x00, 0x00, 0x00, 0x00, 0x00, 0x00, 0x07, 0x19, 0x42, 0x2C, 0x85, 0x0B, 0x79,
    0x9D, 0xEE, 0xC2, 0xA6, 0x10, 0xDD, 0xAE, 0x10, 0xFC, 0xAD, 0xF2, 0xFF, 0xA5, 0x72, 0xFF, 0xA5,
    0x32, 0xFF, 0xA5, 0x33, 0xFF, 0xC6, 0x17, 0xFF, 0xAD, 0x74, 0xFF, 0x5B, 0x0B, 0xFF, 0x4A, 0x69,
    0xFF, 0x94, 0x92, 0xFF, 0xE7, 0x1C, 0xFF, 0xFF, 0xDF, 0xFF, 0xF7, 0x5D, 0xFF, 0xE7, 0x1B, 0xFF,
    0xEF, 0x3C, 0xFF, 0xEF, 0x5D, 0xFF, 0xEF, 0x5D, 0xFF, 0xEF, 0x5D, 0xFF, 0xEF, 0x5D, 0xFF, 0xEF,
    0x5D, 0xFF, 0xEF, 0x5D, 0xFF, 0xEF, 0x5D, 0xFF, 0xEF, 0x5D, 0xFF, 0xEF, 0x5D, 0xFF, 0xEF, 0x3C,
    0xFF, 0xEF, 0x3C, 0xFF, 0xE7, 0x1C, 0xFF, 0xEF, 0x3C, 0xFF, 0xFF, 0x9E, 0xFF, 0xFF, 0x9E, 0xFF,
    0xE7, 0x1C, 0xFF, 0xD6, 0x5A, 0xFF, 0xC5, 0xF8, 0xFF, 0xCE, 0x18, 0xFF, 0xD6, 0x9A, 0xFF, 0xEF,
    0x1C, 0xFF, 0xFF, 0x9E, 0xFF, 0xFF, 0xBE, 0xFF, 0xEF, 0x5D, 0xFF, 0xEF, 0x1C, 0xFF, 0xEF, 0x5D,
    0xFF, 0xF7, 0x7D, 0xFF, 0xEF, 0x5D, 0xFF, 0xF7, 0x7D, 0xFF, 0xFF, 0xDF, 0xFF, 0xFF, 0xBE, 0xFF,
    0xDE, 0xBA, 0xFF, 0xBD, 0xB7, 0xFF, 0xA4, 0xF4, 0xFF, 0x94, 0x72, 0xFF, 0x94, 0x92, 0xFF, 0x9C,
    0xB3, 0xFF, 0xAD, 0x14, 0xFF, 0xC6, 0x18, 0xFF, 0xEF, 0x5D, 0xFF, 0xFF, 0xBE, 0xFF, 0xF7, 0x5D,
    0xFF, 0xE6, 0xFB, 0xFF, 0xEF, 0x1C, 0xFF, 0xEF, 0x3C, 0xFF, 0xEF, 0x3C, 0xFF, 0xEF, 0x3C, 0xFF,
    0xEF, 0x5C, 0xFF, 0xEF, 0x5D, 0xFF, 0xEF, 0x5D, 0xFF, 0xEF, 0x5D, 0xFF, 0xEF, 0x5D, 0xFF, 0xEF,
    0x5D, 0xFF, 0xEF, 0x5D, 0xFF, 0xEF, 0x5D, 0xFF, 0xEF, 0x5D, 0xFF, 0xEF, 0x5D, 0xFF, 0xEF, 0x5C,
    0xFF, 0xEF, 0x3C, 0xFF, 0xE7, 0x1C, 0xFF, 0xEF, 0x3C, 0xFF, 0xFF, 0xDE, 0xFF, 0xF7, 0x7D, 0xFF,
    0xB5, 0x96, 0xFF, 0x83, 0xCF, 0xFF, 0x94, 0x71, 0xFF, 0xE7, 0x1C, 0xFF, 0xFF, 0xFF, 0xFF, 0x94,
    0x91, 0xFF, 0x5A, 0xAA, 0xFF, 0xDE, 0x99, 0xFF, 0xDE, 0xDA, 0xFF, 0x52, 0xC9, 0xFF, 0x00, 0x00,
    0xFF, 0x5A, 0xC8, 0xFE, 0xDE, 0x95, 0xFC, 0xEE, 0x94, 0xE0, 0xA4, 0x2C, 0x74, 0x08, 0x61, 0x15,
    0xFF, 0xFF, 0x01, 0x00, 0x00, 0x02, 0x00, 0x00, 0x19, 0x94, 0x4D, 0x78, 0xF7, 0x38, 0xF1, 0xFF,
    0xBB, 0xFF, 0xEF, 0x17, 0xEB, 0x7B, 0x8A, 0x60, 0x00, 0x00, 0x0D, 0x00, 0x00, 0x00, 0x00, 0x00,
    0x00, 0x00, 0x00, 0x00, 0x00, 0x00, 0x00, 0x00, 0x00, 0x00, 0x00, 0x00, 0x00, 0x00, 0x00, 0x00,
    0x00, 0x00, 0x01, 0x00, 0x00, 0x00, 0xFF, 0xFF, 0x01, 0x00, 0x00, 0x00, 0x07, 0xE0, 0x01, 0xFF,
    0xFF, 0x01, 0x00, 0x00, 0x02, 0x32, 0x42, 0x30, 0x7D, 0x67, 0x80, 0xA6, 0xEA, 0xC7, 0xAF, 0x4A,
    0xF1, 0xAF, 0x4A, 0xFF, 0xA7, 0x2A, 0xFF, 0xA7, 0x0A, 0xFE, 0xA6, 0xEA, 0xFD, 0xA6, 0xEB, 0xFD,
    0xA6, 0xEB, 0xFD, 0xAE, 0xCB, 0xFD, 0xAE, 0xEC, 0xFD, 0xAE, 0xEC, 0xFD, 0xAF, 0x0B, 0xFE, 0xAF,
    0x2B, 0xFF, 0xB7, 0x6B, 0xFB, 0xAF, 0x4A, 0xE8, 0x9E, 0xA9, 0xBA, 0x75, 0x06, 0x6A, 0x00, 0x00,
    0x22, 0x00, 0x00, 0x02, 0x00, 0x00, 0x01, 0x00, 0x00, 0x00, 0xFF, 0xFF, 0x01, 0x00, 0x00, 0x00,
    0xFF, 0xE0, 0x01, 0x00, 0x00, 0x01, 0x00, 0x00, 0x00, 0x00, 0x00, 0x00, 0x00, 0x00, 0x00, 0x00,
    0x00, 0x00, 0x00, 0x00, 0x04, 0x00, 0x00, 0x21, 0x00, 0x00, 0x21, 0x00, 0x00, 0x04, 0x00, 0x00,
    0x00, 0x00, 0x00, 0x00, 0x00, 0x00, 0x00, 0x00, 0x00, 0x00, 0x00, 0x00, 0x00, 0x00, 0x00, 0x00,
    0x00, 0x00, 0x00, 0x00, 0x00, 0x00, 0x00, 0x00, 0x00, 0x00, 0x00, 0x00, 0x00, 0x00, 0x00, 0x00,
    0x00, 0x00, 0x00, 0x00, 0x00, 0x00, 0x00, 0x00, 0x00, 0x00, 0x00, 0x00, 0x00, 0x00, 0x00, 0x00,
    0x00, 0x00, 0x00, 0x00, 0x00, 0x00, 0x00, 0x00, 0x00, 0x00, 0x00, 0x00, 0x00, 0x00, 0x00, 0x00,
    0x00, 0x00, 0x00, 0x00, 0x00, 0x00, 0x00, 0x00, 0x00, 0x00, 0x00, 0x00, 0x00, 0x00, 0x00, 0x00,
    0x00, 0x00, 0x00, 0x00, 0x00, 0x00, 0x00, 0x00, 0x00, 0x00, 0x00, 0x00, 0x00, 0x00, 0x00, 0x00,
    0x00, 0x00, 0x00, 0x00, 0x00, 0x00, 0x00, 0x00, 0x00, 0x00, 0x00, 0x00, 0x00, 0x00, 0x00, 0x00,
    0x00, 0x00, 0x00, 0x00, 0x00, 0x00, 0x00, 0x00, 0x00, 0x00, 0x00, 0x00, 0x00, 0x00, 0x0C, 0x5B,
    0x68, 0x3B, 0x95, 0x8C, 0x8C, 0x8D, 0x4B, 0xD8, 0x7C, 0xAB, 0xFD, 0x94, 0xEF, 0xFF, 0xA5, 0x92,
    0xFF, 0xB5, 0xB4, 0xFE, 0xC6, 0x17, 0xFF, 0xD6, 0x99, 0xFF, 0xF7, 0x9E, 0xFF, 0xD6, 0x79, 0xFF,
    0x7B, 0xAE, 0xFF, 0x6B, 0x4D, 0xFF, 0xBD, 0xD7, 0xFF, 0xFF, 0xFF, 0xFF, 0xFF, 0xBE, 0xFF, 0xE6,
    0xFB, 0xFF, 0xE6, 0xFC, 0xFF, 0xEF, 0x3C, 0xFF, 0xEF, 0x3C, 0xFF, 0xEF, 0x3C, 0xFF, 0xEF, 0x3C,
    0xFF, 0xEF, 0x5D, 0xFF, 0xEF, 0x5D, 0xFF, 0xEF, 0x5D, 0xFF, 0xEF, 0x5D, 0xFF, 0xEF, 0x5D, 0xFF,
    0xEF, 0x5D, 0xFF, 0xEF, 0x5D, 0xFF, 0xEF, 0x3C, 0xFF, 0xEF, 0x1C, 0xFF, 0xF7, 0x9E, 0xFF, 0xFF,
    0x9E, 0xFF, 0xD6, 0x9A, 0xFF, 0xAD, 0x15, 0xFF, 0x8C, 0x31, 0xFF, 0x83, 0xB0, 0xFF, 0x7B, 0x6F,
    0xFF, 0x7B, 0x8F, 0xFF, 0x83, 0xD0, 0xFF, 0x8C, 0x51, 0xFF, 0xB5, 0x55, 0xFF, 0xDE, 0xBA, 0xFF,
    0xFF, 0xBE, 0xFF, 0xFF, 0xBE, 0xFF, 0xF7, 0x7D, 0xFF, 0xEF, 0x5D, 0xFF, 0xF7, 0xBE, 0xFF, 0xFF,
    0xFF, 0xFF, 0xEF, 0x5D, 0xFF, 0xB5, 0x76, 0xFF, 0x8C, 0x11, 0xFF, 0x83, 0xF0, 0xFF, 0x83, 0xF0,
    0xFF, 0x84, 0x10, 0xFF, 0x8C, 0x31, 0xFF, 0x83, 0xF0, 0xFF, 0x7B, 0x8F, 0xFF, 0x7B, 0xAF, 0xFF,
    0x9C, 0x92, 0xFF, 0xC6, 0x18, 0xFF, 0xEF, 0x3C, 0xFF, 0xF7, 0x9E, 0xFF, 0xEF, 0x3C, 0xFF, 0xE7,
    0x1C, 0xFF, 0xEF, 0x3C, 0xFF, 0xEF, 0x3C, 0xFF, 0xEF, 0x5C, 0xFF, 0xEF, 0x5D, 0xFF, 0xEF, 0x5D,
    0xFF, 0xEF, 0x5D, 0xFF, 0xEF, 0x5D, 0xFF, 0xEF, 0x5D, 0xFF, 0xEF, 0x5D, 0xFF, 0xEF, 0x5D, 0xFF,
    0xEF, 0x5D, 0xFF, 0xEF, 0x5C, 0xFF, 0xEF, 0x3C, 0xFF, 0xEF, 0x3C, 0xFF, 0xEF, 0x3C, 0xFF, 0xEF,
    0x1C, 0xFF, 0xE6, 0xFB, 0xFF, 0xF7, 0x5D, 0xFF, 0xFF, 0xDF, 0xFF, 0xDE, 0xBA, 0xFF, 0x83, 0xEF,
    0xFF, 0x8C, 0x50, 0xFF, 0x9C, 0xF3, 0xFF, 0x63, 0x0B, 0xFF, 0x4A, 0x27, 0xFF, 0x63, 0x0A, 0xFF,
    0xEF, 0x7C, 0xFF, 0xE7, 0x1B, 0xFF, 0x6B, 0x6C, 0xFF, 0x08, 0x41, 0xFE, 0x6B, 0x2A, 0xFE, 0xE6,
    0x94, 0xFF, 0xC5, 0x90, 0x93, 0x08, 0x41, 0x1E, 0x00, 0x00, 0x17, 0x5B, 0x0A, 0x3B, 0x6B, 0x2A,
    0x65, 0x8C, 0x0C, 0xB8, 0xFF, 0x79, 0xF8, 0xFF, 0x9A, 0xFF, 0xE6, 0xD6, 0xEB, 0x73, 0x4A, 0x61,
    0x00, 0x00, 0x0D, 0x00, 0x00, 0x00, 0x00, 0x00, 0x00, 0x00, 0x00, 0x01, 0x00, 0x00, 0x00, 0x00,
    0x00, 0x00, 0x00, 0x00, 0x00, 0x00, 0x00, 0x00, 0x00, 0x00, 0x00, 0x00, 0x00, 0x01, 0x00, 0x00,
    0x01, 0x00, 0x00, 0x01, 0x00, 0x00, 0x01, 0x7B, 0xEF, 0x02, 0x19, 0x60, 0x22, 0x7D, 0x67, 0x80,
    0xA7, 0x29, 0xD3, 0xA7, 0x49, 0xF5, 0x9F, 0x09, 0xFE, 0xA7, 0x09, 0xFD, 0xA7, 0x0A, 0xFF, 0xAF,
    0x2A, 0xFF, 0xB7, 0x6B, 0xFF, 0xB7, 0x6B, 0xFF, 0xB7, 0x8C, 0xFF, 0xBF, 0x8C, 0xFF, 0xB7, 0x6C,
    0xFF, 0xB7, 0x4C, 0xFF, 0xAF, 0x0B, 0xFE, 0xAF, 0x0B, 0xFD, 0xA7, 0x0A, 0xFE, 0xAF, 0x2A, 0xFF,
    0xB7, 0x8B, 0xF9, 0xA7, 0x2A, 0xCC, 0x64, 0x65, 0x6A, 0x10, 0x80, 0x0F, 0x00, 0x00, 0x00, 0x00,
    0x00, 0x01, 0x00, 0x00, 0x01, 0x00, 0x00, 0x01, 0x00, 0x00, 0x00, 0x00, 0x00, 0x00, 0x00, 0x00,
    0x00, 0x00, 0x00, 0x00, 0x00, 0x00, 0x00, 0x00, 0x00, 0x00, 0x00, 0x00, 0x04, 0x00, 0x00, 0x21,
    0x00, 0x00, 0x21, 0x00, 0x00, 0x04, 0x00, 0x00, 0x00, 0x00, 0x00, 0x00, 0x00, 0x00, 0x00, 0x00,
    0x00, 0x00, 0x00, 0x00, 0x00, 0x00, 0x00, 0x00, 0x00, 0x00, 0x00, 0x00, 0x00, 0x00, 0x00, 0x00,
    0x00, 0x00, 0x00, 0x00, 0x00, 0x00, 0x00, 0x00, 0x00, 0x00, 0x00, 0x00, 0x00, 0x00, 0x00, 0x00,
    0x00, 0x00, 0x00, 0x00, 0x00, 0x00, 0x00, 0x00, 0x00, 0x00, 0x00, 0x00, 0x00, 0x00, 0x00, 0x00,
    0x00, 0x00, 0x00, 0x00, 0x00, 0x00, 0x00, 0x00, 0x00, 0x00, 0x00, 0x00, 0x00, 0x00, 0x00, 0x00,
    0x00, 0x00, 0x00, 0x00, 0x00, 0x00, 0x00, 0x00, 0x00, 0x00, 0x00, 0x00, 0x00, 0x00, 0x00, 0x00,
    0x00, 0x00, 0x00, 0x00, 0x00, 0x00, 0x00, 0x00, 0x00, 0x00, 0x00, 0x00, 0x00, 0x00, 0x00, 0x00,
    0x00, 0x00, 0x00, 0x00, 0x00, 0x00, 0x00, 0x00, 0x00, 0x00, 0x00, 0x00, 0x00, 0x00, 0xFF, 0xE0,
    0x01, 0x00, 0x03, 0x0A, 0x52, 0xC6, 0x34, 0x7C, 0x88, 0x8A, 0x74, 0x69, 0xDE, 0x63, 0xA9, 0xFC,
    0x84, 0x2F, 0xFE, 0xB5, 0x95, 0xFE, 0xDE, 0xDA, 0xFE, 0xF7, 0x9E, 0xFF, 0xFF, 0xFF, 0xFF, 0xFF,
    0xFF, 0xFF, 0xD6, 0x9A, 0xFF, 0x73, 0x8E, 0xFF, 0x83, 0xF0, 0xFF, 0xE7, 0x3C, 0xFF, 0xFF, 0xFF,
    0xFF, 0xEF, 0x3C, 0xFF, 0xE6, 0xFB, 0xFF, 0xEF, 0x1C, 0xFF, 0xEF, 0x3C, 0xFF, 0xEF, 0x3C, 0xFF,
    0xEF, 0x3C, 0xFF, 0xEF, 0x3C, 0xFF, 0xEF, 0x3C, 0xFF, 0xEF, 0x3D, 0xFF, 0xEF, 0x5D, 0xFF, 0xEF,
    0x5D, 0xFF, 0xEF, 0x5D, 0xFF, 0xF7, 0x5D, 0xFF, 0xF7, 0x5D, 0xFF, 0xEF, 0x5D, 0xFF, 0xF7, 0x5D,
    0xFF, 0xFF, 0xBE, 0xFF, 0xEF, 0x3C, 0xFF, 0xB5, 0x76, 0xFF, 0x7B, 0xD0, 0xFF, 0x73, 0x4E, 0xFF,
    0x7B, 0xB0, 0xFF, 0x8C, 0x11, 0xFF, 0x8C, 0x31, 0xFF, 0x8C, 0x11, 0xFF, 0x7B, 0xB0, 0xFF, 0x6B,
    0x2D, 0xFF, 0x62, 0xCC, 0xFF, 0x73, 0x4E, 0xFF, 0xA4, 0xF4, 0xFF, 0xDE, 0xDB, 0xFF, 0xF7, 0x9E,
    0xFF, 0xF7, 0x9E, 0xFF, 0xF7, 0x7D, 0xFF, 0xCE, 0x59, 0xFF, 0x8C, 0x31, 0xFF, 0x63, 0x0D, 0xFF,
    0x73, 0x8F, 0xFF, 0x8C, 0x52, 0xFF, 0x9C, 0xB3, 0xFF, 0xA4, 0xF4, 0xFF, 0xAD, 0x14, 0xFF, 0xAD,
    0x15, 0xFF, 0xA4, 0xD4, 0xFF, 0x94, 0x52, 0xFF, 0x83, 0xF0, 0xFF, 0x8C, 0x10, 0xFF, 0xA4, 0xF4,
    0xFF, 0xD6, 0x9A, 0xFF, 0xF7, 0x7D, 0xFF, 0xF7, 0x7D, 0xFF, 0xEF, 0x1C, 0xFF, 0xEF, 0x3C, 0xFF,
    0xEF, 0x5D, 0xFF, 0xEF, 0x5D, 0xFF, 0xEF, 0x5D, 0xFF, 0xEF, 0x5D, 0xFF, 0xEF, 0x5D, 0xFF, 0xEF,
    0x5D, 0xFF, 0xEF, 0x5D, 0xFF, 0xEF, 0x3D, 0xFF, 0xEF, 0x5D, 0xFF, 0xEF, 0x3C, 0xFF, 0xEF, 0x3C,
    0xFF, 0xEF, 0x3C, 0xFF, 0xEF, 0x3C, 0xFF, 0xEF, 0x3C, 0xFF, 0xEF, 0x3C, 0xFF, 0xE6, 0xFB, 0xFF,
    0xE6, 0xFB, 0xFF, 0xFF, 0xDE, 0xFF, 0xEF, 0x5D, 0xFF, 0x9C, 0xF3, 0xFF, 0x39, 0xA6, 0xFF, 0x73,
    0x2A, 0xFF, 0xE6, 0xD8, 0xFF, 0x62, 0xC9, 0xFF, 0x73, 0x8D, 0xFF, 0xFF, 0xFF, 0xFF, 0xF7, 0x9C,
    0xFF, 0x7B, 0xCE, 0xFE, 0x18, 0xE3, 0xFD, 0x5A, 0xC8, 0xFC, 0x7B, 0x8A, 0x7F, 0x00, 0x00, 0x25,
    0x8C, 0x50, 0x60, 0xCE, 0x98, 0xAA, 0x9C, 0xD0, 0xD0, 0x8C, 0x2D, 0xF9, 0xFF, 0xBA, 0xFF, 0xF7,
    0x79, 0xFF, 0xEE, 0xD6, 0xEB, 0x73, 0x4A, 0x60, 0x00, 0x00, 0x0C, 0x00, 0x00, 0x00, 0x00, 0x00,
    0x00, 0x00, 0x00, 0x00, 0x00, 0x00, 0x00, 0x00, 0x00, 0x00, 0x00, 0x00, 0x00, 0x00, 0x00, 0x00,
    0x00, 0x00, 0x00, 0x00, 0x00, 0x00, 0x00, 0x00, 0x00, 0x00, 0x00, 0x00, 0xFF, 0xE0, 0x01, 0x00,
    0x00, 0x07, 0x4B, 0x44, 0x4C, 0xA6, 0xE9, 0xBC, 0xAF, 0x4A, 0xF7, 0x9E, 0xC8, 0xFD, 0xA7, 0x09,
    0xFF, 0xAF, 0x4A, 0xFF, 0xAF, 0x4A, 0xFB, 0xA7, 0x29, 0xE6, 0x9E, 0xCA, 0xD5, 0x9E, 0x8A, 0xC2,
    0x9E, 0x6A, 0xBB, 0xA6, 0xAA, 0xC4, 0xAE, 0xEB, 0xD5, 0xAF, 0x2B, 0xE5, 0xB7, 0x6C, 0xF7, 0xB7,
    0x6C, 0xFF, 0xAF, 0x2B, 0xFF, 0xA7, 0x0A, 0xFD, 0xAF, 0x2B, 0xFF, 0xB7, 0x6B, 0xF2, 0x9E, 0xCA,
    0xA1, 0x19, 0x61, 0x21, 0x00, 0x00, 0x01, 0x00, 0x00, 0x00, 0x00, 0x00, 0x00, 0x00, 0x00, 0x00,
    0x00, 0x00, 0x00, 0x00, 0x00, 0x00, 0x00, 0x00, 0x00, 0x00, 0x00, 0x00, 0x00, 0x00, 0x00, 0x00,
    0x00, 0x00, 0x00, 0x00, 0x04, 0x00, 0x00, 0x21, 0x00, 0x00, 0x21, 0x00, 0x00, 0x04, 0x00, 0x00,
    0x00, 0x00, 0x00, 0x00, 0x00, 0x00, 0x00, 0x00, 0x00, 0x00, 0x00, 0x00, 0x00, 0x00, 0x00, 0x00,
    0x00, 0x00, 0x00, 0x00, 0x00, 0x00, 0x00, 0x00, 0x00, 0x00, 0x00, 0x00, 0x00, 0x00, 0x00, 0x00,
    0x00, 0x00, 0x00, 0x00, 0x00, 0x00, 0x00, 0x00, 0x00, 0x00, 0x00, 0x00, 0x00, 0x00, 0x00, 0x00,
    0x00, 0x00, 0x00, 0x00, 0x00, 0x00, 0x00, 0x00, 0x00, 0x00, 0x00, 0x00, 0x00, 0x00, 0x00, 0x00,
    0x00, 0x00, 0x00, 0x00, 0x00, 0x00, 0x00, 0x00, 0x00, 0x00, 0x00, 0x00, 0x00, 0x00, 0x00, 0x00,
    0x00, 0x00, 0x00, 0x00, 0x00, 0x00, 0x00, 0x00, 0x00, 0x00, 0x00, 0x00, 0x00, 0x00, 0x00, 0x00,
    0x00, 0x00, 0x00, 0x00, 0x00, 0x00, 0x00, 0x00, 0x00, 0x00, 0x00, 0x00, 0x00, 0x00, 0x00, 0x00,
    0x00, 0x00, 0x00, 0x00, 0x00, 0x00, 0x52, 0xAA, 0x03, 0x00, 0x40, 0x1E, 0x53, 0x66, 0x6D, 0x6B,
    0xE9, 0xCD, 0x6B, 0xAC, 0xFA, 0xA5, 0x14, 0xFE, 0xEF, 0x3D, 0xFE, 0xFF, 0xFF, 0xFF, 0xFF, 0xFF,
    0xFF, 0xFF, 0xDF, 0xFF, 0xFF, 0xFF, 0xFF, 0xC6, 0x18, 0xFF, 0x73, 0x6D, 0xFF, 0x94, 0x92, 0xFF,
    0xF7, 0x9E, 0xFF, 0xFF, 0xFF, 0xFF, 0xE7, 0x1C, 0xFF, 0xEF, 0x3C, 0xFF, 0xEF, 0x5C, 0xFF, 0xEF,
    0x3C, 0xFF, 0xEF, 0x3C, 0xFF, 0xEF, 0x3C, 0xFF, 0xEF, 0x3C, 0xFF, 0xEF, 0x3C, 0xFF, 0xEF, 0x3C,
    0xFF, 0xEF, 0x5D, 0xFF, 0xEF, 0x5D, 0xFF, 0xEF, 0x5D, 0xFF, 0xF7, 0x7D, 0xFF, 0xF7, 0x7D, 0xFF,
    0xEF, 0x5D, 0xFF, 0xF7, 0x9E, 0xFF, 0xFF, 0xDF, 0xFF, 0xDE, 0xDB, 0xFF, 0x94, 0x92, 0xFF, 0x6B,
    0x2D, 0xFF, 0x7B, 0xB0, 0xFF, 0x9C, 0xB4, 0xFF, 0xAC, 0xF5, 0xFF, 0xA4, 0xD4, 0xFF, 0xA4, 0xD4,
    0xFF, 0xA4, 0xF4, 0xFF, 0xAD, 0x15, 0xFF, 0xA4, 0xD4, 0xFF, 0x83, 0xF0, 0xFF, 0x5A, 0xCC, 0xFF,
    0x52, 0x4A, 0xFF, 0x9C, 0xB3, 0xFF, 0xEF, 0x5D, 0xFF, 0xFF, 0xFF, 0xFF, 0xD6, 0x9A, 0xFF, 0x8C,
    0x31, 0xFF, 0x73, 0x8F, 0xFF, 0x94, 0x92, 0xFF, 0xAD, 0x15, 0xFF, 0xA5, 0x15, 0xFF, 0xA4, 0xF4,
    0xFF, 0x9C, 0xB3, 0xFF, 0x94, 0x93, 0xFF, 0x94, 0x72, 0xFF, 0x94, 0x72, 0xFF, 0xA4, 0xD4, 0xFF,
    0xAD, 0x15, 0xFF, 0x9C, 0xB3, 0xFF, 0x8B, 0xF1, 0xFF, 0x94, 0x32, 0xFF, 0xC5, 0xD7, 0xFF, 0xEF,
    0x3D, 0xFF, 0xF7, 0x7D, 0xFF, 0xEF, 0x3C, 0xFF, 0xEF, 0x3C, 0xFF, 0xEF, 0x5D, 0xFF, 0xEF, 0x5D,
    0xFF, 0xEF, 0x5C, 0xFF, 0xEF, 0x5C, 0xFF, 0xEF, 0x3C, 0xFF, 0xEF, 0x3C, 0xFF, 0xEF, 0x3C, 0xFF,
    0xEF, 0x3C, 0xFF, 0xEF, 0x3D, 0xFF, 0xEF, 0x3C, 0xFF, 0xEF, 0x3C, 0xFF, 0xEF, 0x3C, 0xFF, 0xEF,
    0x3C, 0xFF, 0xEF, 0x1C, 0xFF, 0xEF, 0x3C, 0xFF, 0xEF, 0x3C, 0xFF, 0xDE, 0x9A, 0xFF, 0xFF, 0xFF,
    0xFF, 0xE7, 0x5C, 0xFF, 0x62, 0xEA, 0xFF, 0x83, 0xCC, 0xFF, 0xFF, 0xFC, 0xFF, 0xAC, 0xD0, 0xFF,
    0x31, 0x85, 0xFF, 0xBE, 0x16, 0xFF, 0xFF, 0xFE, 0xFF, 0xFF, 0xFF, 0xFE, 0x94, 0xB1, 0xFE, 0x10,
    0x81, 0xFA, 0x10, 0xA1, 0xA3, 0x9C, 0xF1, 0x7F, 0xEF, 0x7C, 0xC3, 0xF7, 0xBD, 0xF4, 0xA5, 0x11,
    0xFA, 0x94, 0x6E, 0xFF, 0xFF, 0x9A, 0xFF, 0xF7, 0x59, 0xFF, 0xEE, 0xF6, 0xEB, 0x73, 0x6A, 0x5E,
    0x00, 0x00, 0x0C, 0x62, 0xCC, 0x19, 0x31, 0x06, 0x24, 0x00, 0x00, 0x0C, 0x00, 0x00, 0x00, 0x00,
    0x00, 0x00, 0x00, 0x00, 0x00, 0x00, 0x00, 0x00, 0x00, 0x00, 0x00, 0x00, 0x00, 0x00, 0x00, 0x00,
    0x00, 0x00, 0x00, 0x00, 0xFF, 0xFF, 0x01, 0x29, 0x40, 0x06, 0x4B, 0x44, 0x44, 0x9E, 0x89, 0xB4,
    0xAF, 0x6A, 0xF8, 0xA7, 0x4A, 0xFF, 0xA7, 0x4A, 0xFA, 0xA7, 0x2A, 0xE4, 0x9E, 0x89, 0xBB, 0x7D,
    0xA7, 0x82, 0x5C, 0x45, 0x61, 0x32, 0x42, 0x45, 0x11, 0x00, 0x39, 0x32, 0x62, 0x46, 0x64, 0x45,
    0x61, 0x85, 0xA8, 0x7F, 0x9E, 0x8A, 0xB2, 0xAF, 0x2B, 0xE1, 0xB7, 0x6C, 0xF9, 0xB7, 0x4C, 0xFF,
    0xB7, 0x4C, 0xFE, 0xB7, 0x6B, 0xE5, 0x8E, 0x09, 0x93, 0x21, 0x82, 0x1F, 0x00, 0x00, 0x02, 0x00,
    0x00, 0x00, 0x00, 0x00, 0x00, 0x00, 0x00, 0x00, 0x00, 0x00, 0x00, 0x00, 0x00, 0x00, 0x00, 0x00,
    0x00, 0x00, 0x00, 0x00, 0x00, 0x00, 0x00, 0x00, 0x00, 0x00, 0x00, 0x00, 0x04, 0x00, 0x00, 0x21,
    0x00, 0x00, 0x21, 0x00, 0x00, 0x04, 0x00, 0x00, 0x00, 0x00, 0x00, 0x00, 0x00, 0x00, 0x00, 0x00,
    0x00, 0x00, 0x00, 0x00, 0x00, 0x00, 0x00, 0x00, 0x00, 0x00, 0x00, 0x00, 0x00, 0x00, 0x00, 0x00,
    0x00, 0x00, 0x00, 0x00, 0x00, 0x00, 0x00, 0x00, 0x00, 0x00, 0x00, 0x00, 0x00, 0x00, 0x00, 0x00,
    0x00, 0x00, 0x00, 0x00, 0x00, 0x00, 0x00, 0x00, 0x00, 0x00, 0x00, 0x00, 0x00, 0x00, 0x00, 0x00,
    0x00, 0x00, 0x00, 0x00, 0x00, 0x00, 0x00, 0x00, 0x00, 0x00, 0x00, 0x00, 0x00, 0x00, 0x00, 0x00,
    0x00, 0x00, 0x00, 0x00, 0x00, 0x00, 0x00, 0x00, 0x00, 0x00, 0x00, 0x00, 0x00, 0x00, 0x00, 0x00,
    0x00, 0x00, 0x00, 0x00, 0x00, 0x00, 0x00, 0x00, 0x00, 0x00, 0x00, 0x00, 0x00, 0x00, 0x00, 0x00,
    0x00, 0x00, 0x00, 0x00, 0x00, 0x00, 0x00, 0x00, 0x00, 0x00, 0x00, 0x00, 0x00, 0x05, 0x00, 0x00,
    0x16, 0x42, 0xE6, 0x52, 0x74, 0x2D, 0xB4, 0xA5, 0x54, 0xF7, 0xEF, 0x5D, 0xFE, 0xFF, 0xFF, 0xFE,
    0xFF, 0xFF, 0xFF, 0xF7, 0x9D, 0xFF, 0xF7, 0x9D, 0xFF, 0xFF, 0xDE, 0xFF, 0xBD, 0xD7, 0xFF, 0x6B,
    0x6D, 0xFF, 0xB5, 0xB6, 0xFF, 0xFF, 0xFF, 0xFF, 0xFF, 0xBE, 0xFF, 0xEF, 0x3C, 0xFF, 0xF7, 0x7D,
    0xFF, 0xEF, 0x5D, 0xFF, 0xEF, 0x3C, 0xFF, 0xEF, 0x3C, 0xFF, 0xEF, 0x3C, 0xFF, 0xEF, 0x3C, 0xFF,
    0xEF, 0x3C, 0xFF, 0xEF, 0x3C, 0xFF, 0xEF, 0x3C, 0xFF, 0xEF, 0x3C, 0xFF, 0xEF, 0x5D, 0xFF, 0xEF,
    0x5D, 0xFF, 0xF7, 0x5D, 0xFF, 0xEF, 0x5D, 0xFF, 0xF7, 0x9E, 0xFF, 0xFF, 0xDF, 0xFF, 0xD6, 0x9A,
    0xFF, 0x83, 0xD0, 0xFF, 0x6B, 0x2E, 0xFF, 0x94, 0x52, 0xFF, 0x9C, 0xD4, 0xFF, 0x94, 0x52, 0xFF,
    0x83, 0xF1, 0xFF, 0x8C, 0x31, 0xFF, 0xA4, 0xB3, 0xFF, 0xB5, 0x76, 0xFF, 0xC5, 0xF8, 0xFF, 0xC6,
    0x18, 0xFF, 0xC6, 0x18, 0xFF, 0xC5, 0xF8, 0xFF, 0xB5, 0x76, 0xFF, 0xBD, 0xB7, 0xFF, 0xEF, 0x3C,
    0xFF, 0xFF, 0xBE, 0xFF, 0xE6, 0xDB, 0xFF, 0xD6, 0x7A, 0xFF, 0xE7, 0x1C, 0xFF, 0xEF, 0x5D, 0xFF,
    0xE7, 0x1C, 0xFF, 0xE7, 0x1C, 0xFF, 0xE7, 0x1C, 0xFF, 0xDE, 0xDB, 0xFF, 0xCE, 0x59, 0xFF, 0xB5,
    0x97, 0xFF, 0xA4, 0xD4, 0xFF, 0x8C, 0x31, 0xFF, 0x8C, 0x11, 0xFF, 0x94, 0x72, 0xFF, 0xA4, 0xD4,
    0xFF, 0x94, 0x32, 0xFF, 0x83, 0xF0, 0xFF, 0xB5, 0x56, 0xFF, 0xEF, 0x3C, 0xFF, 0xF7, 0x9E, 0xFF,
    0xEF, 0x5C, 0xFF, 0xEF, 0x5C, 0xFF, 0xEF, 0x5D, 0xFF, 0xEF, 0x5C, 0xFF, 0xEF, 0x5C, 0xFF, 0xEF,
    0x3C, 0xFF, 0xEF, 0x3C, 0xFF, 0xEF, 0x3C, 0xFF, 0xEF, 0x3D, 0xFF, 0xEF, 0x3D, 0xFF, 0xEF, 0x3C,
    0xFF, 0xEF, 0x3C, 0xFF, 0xEF, 0x3C, 0xFF, 0xEF, 0x3C, 0xFF, 0xEF, 0x3C, 0xFF, 0xEF, 0x3C, 0xFF,
    0xEF, 0x3C, 0xFF, 0xE6, 0xFB, 0xFF, 0xFF, 0xDF, 0xFF, 0xBD, 0xB6, 0xFF, 0x73, 0x6B, 0xFF, 0xC5,
    0xD3, 0xFF, 0xFF, 0xBB, 0xFF, 0xDE, 0x35, 0xFF, 0x4A, 0x06, 0xFF, 0x5A, 0xEA, 0xFF, 0xD6, 0xB9,
    0xFF, 0xF7, 0x9D, 0xFF, 0xFF, 0xFF, 0xFE, 0x83, 0xEE, 0xFF, 0x39, 0xE5, 0xF9, 0xBD, 0xF5, 0xF5,
    0xFF, 0xFF, 0xFD, 0xE7, 0x1A, 0xFF, 0x9C, 0xF1, 0xFE, 0x9C, 0x8E, 0xFE, 0xFF, 0x9A, 0xFF, 0xF7,
    0x38, 0xFF, 0xEE, 0xF6, 0xEA, 0x73, 0x49, 0x5A, 0x00, 0x00, 0x11, 0x8C, 0x52, 0x4F, 0xA5, 0x35,
    0x82, 0x94, 0xB2, 0x5D, 0x52, 0x8A, 0x2B, 0x00, 0x00, 0x10, 0x00, 0x00, 0x00, 0x00, 0x00, 0x00,
    0x00, 0x00, 0x00, 0x00, 0x00, 0x00, 0x00, 0x00, 0x00, 0x00, 0x00, 0x00, 0x00, 0x00, 0x01, 0xFF,
    0xFF, 0x01, 0x00, 0x00, 0x17, 0x6C, 0xA6, 0x65, 0xA6, 0xCA, 0xBF, 0xAF, 0x6A, 0xE8, 0xA7, 0x29,
    0xCB, 0x7D, 0x87, 0x85, 0x2A, 0x02, 0x44, 0x00, 0x00, 0x13, 0x00, 0x00, 0x07, 0x00, 0x00, 0x03,
    0x55, 0x4A, 0x03, 0x00, 0x00, 0x04, 0x00, 0x00, 0x07, 0x00, 0x00, 0x13, 0x19, 0x81, 0x3D, 0x7D,
    0x47, 0x7D, 0xAF, 0x2B, 0xC0, 0xB7, 0x4C, 0xEB, 0xB7, 0x4C, 0xE4, 0x9E, 0xAA, 0xA9, 0x33, 0x23,
    0x4F, 0x00, 0x00, 0x0B, 0x00, 0x00, 0x00, 0x00, 0x00, 0x00, 0x00, 0x00, 0x00, 0x00, 0x00, 0x00,
    0x00, 0x00, 0x00, 0x00, 0x00, 0x00, 0x00, 0x00, 0x00, 0x00, 0x00, 0x00, 0x00, 0x00, 0x00, 0x00,
    0x00, 0x00, 0x00, 0x00, 0x04, 0x00, 0x00, 0x21, 0x00, 0x00, 0x21, 0x00, 0x00, 0x04, 0x00, 0x00,
    0x00, 0x00, 0x00, 0x00, 0x00, 0x00, 0x00, 0x00, 0x00, 0x00, 0x00, 0x00, 0x00, 0x00, 0x00, 0x00,
    0x00, 0x00, 0x00, 0x00, 0x00, 0x00, 0x00, 0x00, 0x00, 0x00, 0x00, 0x00, 0x00, 0x00, 0x00, 0x00,
    0x00, 0x00, 0x00, 0x00, 0x00, 0x00, 0x00, 0x00, 0x00, 0x00, 0x00, 0x00, 0x00, 0x00, 0x00, 0x00,
    0x00, 0x00, 0x00, 0x00, 0x00, 0x00, 0x00, 0x00, 0x00, 0x00, 0x00, 0x00, 0x00, 0x00, 0x00, 0x00,
    0x00, 0x00, 0x00, 0x00, 0x00, 0x00, 0x00, 0x00, 0x00, 0x00, 0x00, 0x00, 0x00, 0x00, 0x00, 0x00,
    0x00, 0x00, 0x00, 0x00, 0x00, 0x00, 0x00, 0x00, 0x00, 0x00, 0x00, 0x00, 0x00, 0x00, 0x00, 0x00,
    0x00, 0x00, 0x00, 0x00, 0x00, 0x00, 0x00, 0x00, 0x00, 0x00, 0x00, 0x00, 0x00, 0x00, 0x00, 0x00,
    0x00, 0x00, 0x0A, 0x21, 0x80, 0x24, 0x42, 0xC6, 0x5C, 0xA5, 0x93, 0xB6, 0xEF, 0x7D, 0xF5, 0xFF,
    0xFF, 0xFF, 0xFF, 0xDE, 0xFE, 0xF7, 0x7D, 0xFF, 0xF7, 0x7D, 0xFF, 0xF7, 0x9E, 0xFF, 0xFF, 0xBE,
    0xFF, 0xB5, 0x96, 0xFF, 0x63, 0x0C, 0xFF, 0xBD, 0xF7, 0xFF, 0xFF, 0xFF, 0xFF, 0xF7, 0x7D, 0xFF,
    0xEF, 0x3C, 0xFF, 0xF7, 0x5D, 0xFF, 0xEF, 0x5D, 0xFF, 0xEF, 0x5D, 0xFF, 0xEF, 0x3C, 0xFF, 0xEF,
    0x3C, 0xFF, 0xEF, 0x3C, 0xFF, 0xEF, 0x3C, 0xFF, 0xEF, 0x3C, 0xFF, 0xEF, 0x3C, 0xFF, 0xEF, 0x3C,
    0xFF, 0xEF, 0x3C, 0xFF, 0xEF, 0x3C, 0xFF, 0xEF, 0x5D, 0xFF, 0xEF, 0x5D, 0xFF, 0xF7, 0x9E, 0xFF,
    0xFF, 0xDF, 0xFF, 0xCE, 0x39, 0xFF, 0x73, 0x4E, 0xFF, 0x7B, 0x8F, 0xFF, 0x9C, 0xB3, 0xFF, 0x8C,
    0x51, 0xFF, 0x8C, 0x11, 0xFF, 0xA4, 0xF4, 0xFF, 0xC5, 0xF8, 0xFF, 0xDE, 0xBB, 0xFF, 0xF7, 0x7D,
    0xFF, 0xFF, 0xDF, 0xFF, 0xFF, 0xBE, 0xFF, 0xEF, 0x3C, 0xFF, 0xEF, 0x1C, 0xFF, 0xF7, 0x9E, 0xFF,
    0xFF, 0xDF, 0xFF, 0xFF, 0xBE, 0xFF, 0xF7, 0x5D, 0xFF, 0xEF, 0x1C, 0xFF, 0xF7, 0x7D, 0xFF, 0xEF,
    0x5D, 0xFF, 0xE7, 0x1C, 0xFF, 0xF7, 0xBE, 0xFF, 0xFF, 0xFF, 0xFF, 0xFF, 0xFF, 0xFF, 0xFF, 0xDF,
    0xFF, 0xFF, 0xDF, 0xFF, 0xFF, 0xDF, 0xFF, 0xFF, 0xDF, 0xFF, 0xF7, 0x9E, 0xFF, 0xEF, 0x1C, 0xFF,
    0xCE, 0x39, 0xFF, 0xA4, 0xF4, 0xFF, 0x83, 0xF0, 0xFF, 0x8C, 0x31, 0xFF, 0x9C, 0x93, 0xFF, 0x8C,
    0x11, 0xFF, 0xA4, 0xD3, 0xFF, 0xEF, 0x3C, 0xFF, 0xF7, 0x9E, 0xFF, 0xEF, 0x5C, 0xFF, 0xEF, 0x3C,
    0xFF, 0xEF, 0x3C, 0xFF, 0xEF, 0x3C, 0xFF, 0xEF, 0x3C, 0xFF, 0xEF, 0x3C, 0xFF, 0xEF, 0x3C, 0xFF,
    0xEF, 0x3C, 0xFF, 0xEF, 0x3C, 0xFF, 0xEF, 0x3C, 0xFF, 0xEF, 0x3C, 0xFF, 0xEF, 0x3C, 0xFF, 0xEF,
    0x3C, 0xFF, 0xEF, 0x3C, 0xFF, 0xEF, 0x3C, 0xFF, 0xEF, 0x1C, 0xFF, 0xEF, 0x5C, 0xFF, 0xFF, 0xBE,
    0xFF, 0x7B, 0xEF, 0xFF, 0x63, 0x29, 0xFF, 0xEF, 0x38, 0xFF, 0xF7, 0x18, 0xFF, 0xEE, 0xD7, 0xFF,
    0x8B, 0xEC, 0xFF, 0x31, 0x64, 0xFF, 0x84, 0x0E, 0xFF, 0xB5, 0x74, 0xFF, 0xEF, 0x5D, 0xFF, 0xEF,
    0x5B, 0xFF, 0x52, 0xA9, 0xFE, 0x4A, 0xA9, 0xFE, 0xDF, 0x1A, 0xFE, 0xF7, 0x9C, 0xFE, 0x9C, 0xF1,
    0xFF, 0x9C, 0xAE, 0xFF, 0xFF, 0x99, 0xFF, 0xEF, 0x17, 0xFF, 0xEE, 0xF5, 0xEA, 0x7B, 0x69, 0x5A,
    0x00, 0x00, 0x12, 0x73, 0xAE, 0x51, 0xEF, 0x7D, 0xBD, 0xFF, 0xFF, 0xD8, 0xC6, 0x18, 0xA7, 0x8C,
    0x10, 0x63, 0x3A, 0x28, 0x28, 0x00, 0x00, 0x0C, 0x00, 0x00, 0x00, 0x00, 0x00, 0x00, 0x00, 0x00,
    0x00, 0x00, 0x00, 0x00, 0x00, 0x00, 0x00, 0x00, 0x00, 0x01, 0xFF, 0xE0, 0x01, 0x00, 0x00, 0x18,
    0x53, 0xC3, 0x54, 0x7D, 0xA6, 0x81, 0x5C, 0x84, 0x61, 0x00, 0x00, 0x23, 0x39, 0xE0, 0x08, 0xFF,
    0xEF, 0x02, 0xFF, 0xFF, 0x01, 0xFF, 0xE0, 0x01, 0x00, 0x00, 0x00, 0x00, 0x00, 0x00, 0xFF, 0xFF,
    0x01, 0xFF, 0xFF, 0x01, 0x29, 0x45, 0x06, 0x00, 0x00, 0x1B, 0x43, 0x44, 0x53, 0x8E, 0x08, 0x8D,
    0x8E, 0x08, 0x8A, 0x32, 0xC3, 0x4B, 0x00, 0x00, 0x10, 0x00, 0x00, 0x00, 0x00, 0x00, 0x00, 0x00,
    0x00, 0x00, 0x00, 0x00, 0x00, 0x00, 0x00, 0x00, 0x00, 0x00, 0x00, 0x00, 0x00, 0x00, 0x00, 0x00,
    0x00, 0x00, 0x00, 0x00, 0x00, 0x00, 0x00, 0x00, 0x00, 0x00, 0x00, 0x00, 0x04, 0x00, 0x00, 0x21,
    0x00, 0x00, 0x21, 0x00, 0x00, 0x04, 0x00, 0x00, 0x00, 0x00, 0x00, 0x00, 0x00, 0x00, 0x00, 0x00,
    0x00, 0x00, 0x00, 0x00, 0x00, 0x00, 0x00, 0x00, 0x00, 0x00, 0x00, 0x00, 0x00, 0x00, 0x00, 0x00,
    0x00, 0x00, 0x00, 0x00, 0x00, 0x00, 0x00, 0x00, 0x00, 0x00, 0x00, 0x00, 0x00, 0x00, 0x00, 0x00,
    0x00, 0x00, 0x00, 0x00, 0x00, 0x00, 0x00, 0x00, 0x00, 0x00, 0x00, 0x00, 0x00, 0x00, 0x00, 0x00,
    0x00, 0x00, 0x00, 0x00, 0x00, 0x00, 0x00, 0x00, 0x00, 0x00, 0x00, 0x00, 0x00, 0x00, 0x00, 0x00,
    0x00, 0x00, 0x00, 0x00, 0x00, 0x00, 0x00, 0x00, 0x00, 0x00, 0x00, 0x00, 0x00, 0x00, 0x00, 0x00,
    0x00, 0x00, 0x00, 0x00, 0x00, 0x00, 0x00, 0x00, 0x00, 0x00, 0x00, 0x00, 0x00, 0x00, 0x00, 0x00,
    0x00, 0x00, 0x00, 0x00, 0x06, 0x21, 0x01, 0x16, 0x3A, 0x64, 0x39, 0x63, 0xA7, 0x74, 0xC6, 0x97,
    0xC2, 0xFF, 0xFF, 0xF7, 0xFF, 0xDE, 0xFF, 0xF7, 0x5D, 0xFE, 0xF7, 0x7D, 0xFF, 0xF7, 0x7D, 0xFF,
    0xF7, 0x9E, 0xFF, 0xFF, 0xDE, 0xFF, 0xB5, 0x96, 0xFF, 0x62, 0xEB, 0xFF, 0xC6, 0x38, 0xFF, 0xFF,
    0xBE, 0xFF, 0xEF, 0x3C, 0xFF, 0xEF, 0x3C, 0xFF, 0xEF, 0x5D, 0xFF, 0xEF, 0x5D, 0xFF, 0xEF, 0x5D,
    0xFF, 0xEF, 0x5D, 0xFF, 0xEF, 0x5D, 0xFF, 0xEF, 0x3C, 0xFF, 0xEF, 0x3C, 0xFF, 0xEF, 0x3C, 0xFF,
    0xEF, 0x3C, 0xFF, 0xEF, 0x3C, 0xFF, 0xEF, 0x3C, 0xFF, 0xEF, 0x3C, 0xFF, 0xEF, 0x3C, 0xFF, 0xEF,
    0x3C, 0xFF, 0xF7, 0x7D, 0xFF, 0xFF, 0xDF, 0xFF, 0xC5, 0xF7, 0xFF, 0x6B, 0x2D, 0xFF, 0x7B, 0xAF,
    0xFF, 0x8C, 0x31, 0xFF, 0x94, 0x92, 0xFF, 0xBD, 0xD7, 0xFF, 0xE7, 0x1C, 0xFF, 0xFF, 0xBE, 0xFF,
    0xFF, 0xBE, 0xFF, 0xF7, 0x9D, 0xFF, 0xFF, 0x9E, 0xFF, 0xE7, 0x1C, 0xFF, 0xC6, 0x18, 0xFF, 0xCE,
    0x39, 0xFF, 0xE7, 0x1C, 0xFF, 0xEF, 0x5D, 0xFF, 0xEF, 0x3C, 0xFF, 0xEF, 0x3C, 0xFF, 0xEF, 0x3D,
    0xFF, 0xEF, 0x3C, 0xFF, 0xDE, 0xBB, 0xFF, 0xCE, 0x19, 0xFF, 0xAD, 0x14, 0xFF, 0xA5, 0x14, 0xFF,
    0xE6, 0xFB, 0xFF, 0xFF, 0xDF, 0xFF, 0xF7, 0x9E, 0xFF, 0xF7, 0x7D, 0xFF, 0xF7, 0x5D, 0xFF, 0xF7,
    0x5D, 0xFF, 0xF7, 0x5D, 0xFF, 0xF7, 0x7D, 0xFF, 0xFF, 0x9E, 0xFF, 0xFF, 0xBE, 0xFF, 0xEF, 0x1C,
    0xFF, 0xB5, 0x76, 0xFF, 0x94, 0x31, 0xFF, 0x83, 0xD0, 0xFF, 0x6B, 0x2D, 0xFF, 0x8C, 0x31, 0xFF,
    0xEF, 0x3C, 0xFF, 0xFF, 0x9E, 0xFF, 0xEF, 0x3C, 0xFF, 0xEF, 0x3C, 0xFF, 0xEF, 0x3C, 0xFF, 0xEF,
    0x3C, 0xFF, 0xEF, 0x3C, 0xFF, 0xEF, 0x3C, 0xFF, 0xEF, 0x3C, 0xFF, 0xEF, 0x3C, 0xFF, 0xEF, 0x3C,
    0xFF, 0xEF, 0x3C, 0xFF, 0xEF, 0x3C, 0xFF, 0xEF, 0x3C, 0xFF, 0xEF, 0x3D, 0xFF, 0xEF, 0x5D, 0xFF,
    0xEF, 0x1C, 0xFF, 0xFF, 0x9E, 0xFF, 0xE7, 0x1C, 0xFF, 0x6B, 0x4C, 0xFF, 0x84, 0x0D, 0xFF, 0xFF,
    0xBB, 0xFF, 0xE6, 0x97, 0xFF, 0xF6, 0xD8, 0xFF, 0xCD, 0x92, 0xFF, 0x4A, 0x05, 0xFF, 0x9C, 0xB1,
    0xFF, 0x9C, 0xB1, 0xFF, 0x8C, 0x4F, 0xFF, 0xDE, 0xF9, 0xFF, 0x9C, 0xD1, 0xFF, 0x63, 0x4B, 0xFF,
    0xD6, 0xB8, 0xFF, 0xFF, 0xBC, 0xFF, 0x9C, 0xF1, 0xFF, 0x9C, 0x8E, 0xFF, 0xFF, 0x99, 0xFF, 0xEE,
    0xF6, 0xFF, 0xEE, 0xD5, 0xEA, 0x7B, 0x49, 0x5B, 0x00, 0x00, 0x0E, 0x00, 0x00, 0x22, 0xD6, 0xBA,
    0x9B, 0xF7, 0xBE, 0xEF, 0xFF, 0xBE, 0xF1, 0xFF, 0xDF, 0xD7, 0xCE, 0x59, 0xA1, 0x5A, 0xCB, 0x54,
    0x08, 0x41, 0x19, 0x00, 0x00, 0x00, 0x00, 0x00, 0x00, 0x00, 0x00, 0x00, 0x00, 0x00, 0x00, 0x00,
    0x00, 0x00, 0x00, 0x00, 0x00, 0xFF, 0xE0, 0x01, 0x00, 0x00, 0x09, 0x00, 0x00, 0x12, 0x00, 0x00,
    0x0C, 0x7F, 0xEF, 0x02, 0x00, 0x00, 0x00, 0x00, 0x00, 0x00, 0x00, 0x00, 0x00, 0x00, 0x00, 0x07,
    0x00, 0x00, 0x0C, 0x00, 0x00, 0x08, 0x00, 0x00, 0x01, 0x00, 0x00, 0x00, 0x00, 0x00, 0x00, 0xFF,
    0xFF, 0x01, 0x00, 0xE0, 0x09, 0x00, 0x40, 0x17, 0x00, 0x81, 0x1A, 0x00, 0x00, 0x09, 0x00, 0x00,
    0x00, 0x00, 0x00, 0x00, 0x00, 0x00, 0x00, 0x00, 0x00, 0x00, 0x00, 0x00, 0x00, 0x00, 0x00, 0x00,
    0x00, 0x00, 0x00, 0x00, 0x00, 0x00, 0x00, 0x00, 0x00, 0x00, 0x00, 0x00, 0x00, 0x00, 0x00, 0x00,
    0x00, 0x00, 0x00, 0x00, 0x04, 0x00, 0x00, 0x21, 0x00, 0x00, 0x21, 0x00, 0x00, 0x04, 0x00, 0x00,
    0x00, 0x00, 0x00, 0x00, 0x00, 0x00, 0x00, 0x00, 0x00, 0x00, 0x00, 0x00, 0x00, 0x00, 0x00, 0x00,
    0x00, 0x00, 0x00, 0x00, 0x00, 0x00, 0x00, 0x00, 0x00, 0x00, 0x00, 0x00, 0x00, 0x00, 0x00, 0x00,
    0x00, 0x00, 0x00, 0x00, 0x00, 0x00, 0x00, 0x00, 0x00, 0x00, 0x00, 0x00, 0x00, 0x00, 0x00, 0x00,
    0x00, 0x00, 0x00, 0x00, 0x00, 0x00, 0x00, 0x00, 0x00, 0x00, 0x00, 0x00, 0x00, 0x00, 0x00, 0x00,
    0x00, 0x00, 0x00, 0x00, 0x00, 0x00, 0x00, 0x00, 0x00, 0x00, 0x00, 0x00, 0x00, 0x00, 0x00, 0x00,
    0x00, 0x00, 0x00, 0x00, 0x00, 0x00, 0x00, 0x00, 0x00, 0x00, 0x00, 0x00, 0x00, 0x00, 0x00, 0x00,
    0x00, 0x00, 0x00, 0x00, 0x00, 0x00, 0x00, 0x00, 0x00, 0x10, 0x39, 0xE6, 0x35, 0x63, 0xC9, 0x69,
    0x84, 0xAC, 0x99, 0xE7, 0x39, 0xD2, 0xFF, 0xDE, 0xF9, 0xF7, 0x9E, 0xFF, 0xF7, 0x7D, 0xFE, 0xF7,
    0x7D, 0xFF, 0xF7, 0x5D, 0xFF, 0xF7, 0x7D, 0xFF, 0xFF, 0xBE, 0xFF, 0xB5, 0x96, 0xFF, 0x63, 0x0C,
    0xFF, 0xCE, 0x59, 0xFF, 0xFF, 0x9E, 0xFF, 0xEF, 0x3C, 0xFF, 0xE7, 0x1C, 0xFF, 0xEF, 0x3C, 0xFF,
    0xEF, 0x3C, 0xFF, 0xEF, 0x3D, 0xFF, 0xEF, 0x5D, 0xFF, 0xEF, 0x5D, 0xFF, 0xEF, 0x5D, 0xFF, 0xEF,
    0x5D, 0xFF, 0xEF, 0x5D, 0xFF, 0xEF, 0x3C, 0xFF, 0xEF, 0x3C, 0xFF, 0xEF, 0x3C, 0xFF, 0xEF, 0x3C,
    0xFF, 0xEF, 0x3C, 0xFF, 0xEF, 0x1C, 0xFF, 0xF7, 0x5D, 0xFF, 0xFF, 0xBE, 0xFF, 0xBD, 0xB7, 0xFF,
    0x5A, 0xCB, 0xFF, 0x73, 0x4E, 0xFF, 0x94, 0x92, 0xFF, 0xC6, 0x18, 0xFF, 0xF7, 0x9E, 0xFF, 0xFF,
    0xDF, 0xFF, 0xF7, 0x9E, 0xFF, 0xEF, 0x5C, 0xFF, 0xEF, 0x5D, 0xFF, 0xF7, 0x7D, 0xFF, 0xD6, 0x79,
    0xFF, 0xB5, 0x76, 0xFF, 0xD6, 0x7A, 0xFF, 0xF7, 0x7D, 0xFF, 0xF7, 0x7D, 0xFF, 0xEF, 0x5D, 0xFF,
    0xEF, 0x3C, 0xFF, 0xEF, 0x3C, 0xFF, 0xEF, 0x3C, 0xFF, 0xF7, 0x5D, 0xFF, 0xDE, 0xBA, 0xFF, 0xCE,
    0x39, 0xFF, 0xDE, 0xBA, 0xFF, 0xB5, 0x76, 0xFF, 0x83, 0xF0, 0xFF, 0xC5, 0xF8, 0xFF, 0xFF, 0xFF,
    0xFF, 0xF7, 0x9E, 0xFF, 0xF7, 0x7D, 0xFF, 0xF7, 0x7D, 0xFF, 0xF7, 0x7D, 0xFF, 0xEF, 0x5D, 0xFF,
    0xEF, 0x3D, 0xFF, 0xEF, 0x3C, 0xFF, 0xF7, 0x7D, 0xFF, 0xFF, 0xBE, 0xFF, 0xEF, 0x3C, 0xFF, 0xBD,
    0x96, 0xFF, 0x73, 0x6E, 0xFF, 0x52, 0x4A, 0xFF, 0x7B, 0xCF, 0xFF, 0xE7, 0x1C, 0xFF, 0xFF, 0x9E,
    0xFF, 0xEF, 0x3C, 0xFF, 0xEF, 0x3C, 0xFF, 0xEF, 0x3C, 0xFF, 0xEF, 0x3C, 0xFF, 0xEF, 0x3C, 0xFF,
    0xEF, 0x3C, 0xFF, 0xEF, 0x3C, 0xFF, 0xEF, 0x3C, 0xFF, 0xEF, 0x3C, 0xFF, 0xEF, 0x3C, 0xFF, 0xEF,
    0x5D, 0xFF, 0xEF, 0x5D, 0xFF, 0xF7, 0x5D, 0xFF, 0xE7, 0x1C, 0xFF, 0xFF, 0xFF, 0xFF, 0xD6, 0x9A,
    0xFF, 0x6B, 0x6C, 0xFF, 0xAD, 0x11, 0xFF, 0xFF, 0xDB, 0xFF, 0xE6, 0x97, 0xFF, 0xF7, 0x39, 0xFF,
    0xD6, 0x13, 0xFF, 0x7B, 0x08, 0xFF, 0x6B, 0x2B, 0xFF, 0xEF, 0x7D, 0xFF, 0xBD, 0xD6, 0xFF, 0x84,
    0x0D, 0xFF, 0xB5, 0xB3, 0xFF, 0xC6, 0x36, 0xFF, 0xD6, 0xB9, 0xFF, 0xEF, 0x7B, 0xFF, 0xA5, 0x12,
    0xFF, 0x94, 0x6E, 0xFF, 0xFF, 0x78, 0xFF, 0xEE, 0xD5, 0xFF, 0xEE, 0xD5, 0xE9, 0x73, 0x48, 0x59,
    0x00, 0x00, 0x0B, 0x00, 0x00, 0x07, 0xB5, 0x95, 0x73, 0xE7, 0x1C, 0xE2, 0xEF, 0x3C, 0xFE, 0xE7,
    0x1C, 0xFC, 0xFF, 0xBE, 0xF0, 0xF7, 0x7D, 0xC3, 0x9C, 0xB2, 0x77, 0x18, 0xC3, 0x27, 0x00, 0x00,
    0x05, 0x00, 0x00, 0x00, 0x00, 0x00, 0x00, 0x00, 0x00, 0x00, 0x00, 0x00, 0x00, 0x00, 0x00, 0x00,
    0x00, 0x00, 0x00, 0x00, 0x00, 0x00, 0x00, 0x00, 0x00, 0x00, 0x00, 0x00, 0x00, 0x00, 0x00, 0x00,
    0x00, 0x07, 0x10, 0x81, 0x1C, 0x3A, 0x64, 0x3C, 0x53, 0x25, 0x51, 0x42, 0x84, 0x43, 0x19, 0x40,
    0x25, 0x00, 0x00, 0x0B, 0x00, 0x00, 0x01, 0x00, 0x00, 0x00, 0x00, 0x00, 0x00, 0x00, 0x00, 0x01,
    0x00, 0x00, 0x03, 0x00, 0x00, 0x00, 0x00, 0x00, 0x00, 0x00, 0x00, 0x00, 0x00, 0x00, 0x00, 0x00,
    0x00, 0x00, 0x00, 0x00, 0x00, 0x00, 0x00, 0x00, 0x00, 0x00, 0x00, 0x00, 0x00, 0x00, 0x00, 0x00,
    0x00, 0x00, 0x00, 0x00, 0x00, 0x00, 0x00, 0x00, 0x00, 0x00, 0x00, 0x00, 0x04, 0x00, 0x00, 0x21,
    0x00, 0x00, 0x21, 0x00, 0x00, 0x04, 0x00, 0x00, 0x00, 0x00, 0x00, 0x00, 0x00, 0x00, 0x00, 0x00,
    0x00, 0x00, 0x00, 0x00, 0x00, 0x00, 0x00, 0x00, 0x00, 0x00, 0x00, 0x00, 0x00, 0x00, 0x00, 0x00,
    0x00, 0x00, 0x00, 0x00, 0x00, 0x00, 0x00, 0x00, 0x00, 0x00, 0x00, 0x00, 0x00, 0x00, 0x00, 0x00,
    0x00, 0x00, 0x00, 0x00, 0x00, 0x00, 0x00, 0x00, 0x00, 0x00, 0x00, 0x00, 0x00, 0x00, 0x00, 0x00,
    0x00, 0x00, 0x00, 0x00, 0x00, 0x00, 0x00, 0x00, 0x00, 0x00, 0x00, 0x00, 0x00, 0x00, 0x00, 0x00,
    0x00, 0x00, 0x00, 0x00, 0x00, 0x00, 0x00, 0x00, 0x00, 0x00, 0x00, 0x00, 0x00, 0x00, 0x00, 0x00,
    0x00, 0x00, 0x00, 0x00, 0x00, 0x00, 0x00, 0x00, 0x00, 0x00, 0x00, 0x00, 0x00, 0x00, 0x18, 0x5B,
    0x0A, 0x59, 0xAD, 0xF1, 0xA0, 0x9D, 0x4E, 0xDA, 0xDF, 0x38, 0xEF, 0xFF, 0xFE, 0xFB, 0xF7, 0x9E,
    0xFF, 0xF7, 0x9D, 0xFF, 0xF7, 0x7D, 0xFF, 0xEF, 0x5C, 0xFF, 0xF7, 0x7D, 0xFF, 0xFF, 0xDF, 0xFF,
    0xBD, 0xD7, 0xFF, 0x6B, 0x2C, 0xFF, 0xD6, 0x79, 0xFF, 0xF7, 0x7D, 0xFF, 0xEF, 0x3C, 0xFF, 0xE7,
    0x1C, 0xFF, 0xEF, 0x1C, 0xFF, 0xEF, 0x3C, 0xFF, 0xEF, 0x3C, 0xFF, 0xEF, 0x3C, 0xFF, 0xEF, 0x3C,
    0xFF, 0xEF, 0x5D, 0xFF, 0xEF, 0x5D, 0xFF, 0xEF, 0x5D, 0xFF, 0xEF, 0x5D, 0xFF, 0xEF, 0x5C, 0xFF,
    0xEF, 0x3C, 0xFF, 0xEF, 0x3C, 0xFF, 0xEF, 0x3C, 0xFF, 0xE7, 0x1C, 0xFF, 0xEF, 0x3C, 0xFF, 0xFF,
    0xBF, 0xFF, 0xBD, 0xB7, 0xFF, 0x4A, 0x29, 0xFF, 0x62, 0xEC, 0xFF, 0xB5, 0x96, 0xFF, 0xEF, 0x5D,
    0xFF, 0xFF, 0xDF, 0xFF, 0xF7, 0xBE, 0xFF, 0xF7, 0x7D, 0xFF, 0xEF, 0x5D, 0xFF, 0xF7, 0x5D, 0xFF,
    0xF7, 0x9E, 0xFF, 0xCE, 0x39, 0xFF, 0xB5, 0x76, 0xFF, 0xDE, 0xDB, 0xFF, 0xF7, 0x9E, 0xFF, 0xEF,
    0x5D, 0xFF, 0xEF, 0x5D, 0xFF, 0xEF, 0x3D, 0xFF, 0xEF, 0x3C, 0xFF, 0xEF, 0x3C, 0xFF, 0xEF, 0x3C,
    0xFF, 0xEF, 0x1C, 0xFF, 0xF7, 0x7D, 0xFF, 0xCE, 0x59, 0xFF, 0xCE, 0x38, 0xFF, 0xF7, 0x7D, 0xFF,
    0xCE, 0x38, 0xFF, 0x7B, 0xAF, 0xFF, 0xA5, 0x14, 0xFF, 0xFF, 0xBF, 0xFF, 0xFF, 0xBE, 0xFF, 0xF7,
    0x7D, 0xFF, 0xF7, 0x7D, 0xFF, 0xF7, 0x7D, 0xFF, 0xEF, 0x5D, 0xFF, 0xEF, 0x5D, 0xFF, 0xEF, 0x5D,
    0xFF, 0xEF, 0x3C, 0xFF, 0xF7, 0x5D, 0xFF, 0xF7, 0x9E, 0xFF, 0xE7, 0x1C, 0xFF, 0x94, 0x72, 0xFF,
    0x4A, 0x29, 0xFF, 0x7B, 0xAF, 0xFF, 0xE7, 0x1C, 0xFF, 0xF7, 0xBE, 0xFF, 0xEF, 0x3C, 0xFF, 0xEF,
    0x3C, 0xFF, 0xEF, 0x3C, 0xFF, 0xEF, 0x3C, 0xFF, 0xEF, 0x3C, 0xFF, 0xEF, 0x3C, 0xFF, 0xEF, 0x3C,
    0xFF, 0xEF, 0x3C, 0xFF, 0xEF, 0x3D, 0xFF, 0xEF, 0x5D, 0xFF, 0xEF, 0x5D, 0xFF, 0xF7, 0x7D, 0xFF,
    0xEF, 0x3C, 0xFF, 0xFF, 0xFF, 0xFF, 0xB5, 0xD7, 0xFF, 0x63, 0x2B, 0xFF, 0xBD, 0xD4, 0xFF, 0xFF,
    0xBB, 0xFF, 0xE6, 0xB7, 0xFF, 0xEF, 0x18, 0xFF, 0x73, 0x2A, 0xFF, 0x62, 0xA7, 0xFF, 0x5A, 0x67,
    0xFF, 0xAD, 0x33, 0xFF, 0xFF, 0xDF, 0xFF, 0xC5, 0xF6, 0xFF, 0x84, 0x0D, 0xFF, 0xB5, 0xB4, 0xFF,
    0xEF, 0x7B, 0xFF, 0xE7, 0x1A, 0xFF, 0xA5, 0x32, 0xFF, 0x8C, 0x4D, 0xFF, 0xFF, 0x58, 0xFF, 0xEE,
    0xD5, 0xFF, 0xEE, 0xD4, 0xEA, 0x73, 0x69, 0x5A, 0x00, 0x00, 0x0D, 0x00, 0x00, 0x02, 0x83, 0xEF,
    0x58, 0xDE, 0xFA, 0xD0, 0xF7, 0x7D, 0xFF, 0xE6, 0xDB, 0xFE, 0xE7, 0x1C, 0xFF, 0xF7, 0x5D, 0xFB,
    0xFF, 0xDF, 0xDE, 0xC6, 0x58, 0x97, 0x31, 0x85, 0x40, 0x00, 0x00, 0x0E, 0x00, 0x00, 0x00, 0x00,
    0x00, 0x01, 0x00, 0x00, 0x00, 0x00, 0x00, 0x00, 0x00, 0x00, 0x00, 0x00, 0x00, 0x00, 0x00, 0x00,
    0x00, 0x00, 0x00, 0x00, 0x00, 0x00, 0x10, 0x32, 0x42, 0x48, 0x95, 0xEA, 0x92, 0xC7, 0x90, 0xC5,
    0xCF, 0xD0, 0xDB, 0xCF, 0xCF, 0xCC, 0xA6, 0x8C, 0xA4, 0x53, 0xA5, 0x5E, 0x00, 0x00, 0x1B, 0x00,
    0x1F, 0x01, 0x07, 0xE0, 0x01, 0x00, 0x00, 0x00, 0x00, 0x00, 0x00, 0x00, 0x00, 0x00, 0x00, 0x00,
    0x00, 0x00, 0x00, 0x00, 0x00, 0x00, 0x00, 0x00, 0x00, 0x00, 0x00, 0x00, 0x00, 0x00, 0x00, 0x00,
    0x00, 0x00, 0x00, 0x00, 0x00, 0x00, 0x00, 0x00, 0x00, 0x00, 0x00, 0x00, 0x00, 0x00, 0x00, 0x00,
    0x00, 0x00, 0x00, 0x00, 0x04, 0x00, 0x00, 0x21, 0x00, 0x00, 0x21, 0x00, 0x00, 0x04, 0x00, 0x00,
    0x00, 0x00, 0x00, 0x00, 0x00, 0x00, 0x00, 0x00, 0x00, 0x00, 0x00, 0x00, 0x00, 0x00, 0x00, 0x00,
    0x00, 0x00, 0x00, 0x00, 0x00, 0x00, 0x00, 0x00, 0x00, 0x00, 0x00, 0x00, 0x00, 0x00, 0x00, 0x00,
    0x00, 0x00, 0x00, 0x00, 0x00, 0x00, 0x00, 0x00, 0x00, 0x00, 0x00, 0x00, 0x00, 0x00, 0x00, 0x00,
    0x00, 0x00, 0x00, 0x00, 0x00, 0x00, 0x00, 0x00, 0x00, 0x00, 0x00, 0x00, 0x00, 0x00, 0x00, 0x00,
    0x00, 0x00, 0x00, 0x00, 0x00, 0x00, 0x00, 0x00, 0x00, 0x00, 0x00, 0x00, 0x00, 0x00, 0x00, 0x00,
    0x00, 0x00, 0x00, 0x00, 0x00, 0x00, 0x00, 0x00, 0x00, 0x00, 0x00, 0x00, 0x00, 0x00, 0x00, 0x00,
    0x00, 0x00, 0x00, 0x18, 0x63, 0x4B, 0x65, 0xCE, 0xD6, 0xBB, 0x95, 0x4E, 0xEC, 0xD7, 0x17, 0xFF,
    0xFF, 0xDD, 0xFF, 0xF7, 0x7D, 0xFF, 0xF7, 0x7D, 0xFF, 0xF7, 0x7D, 0xFF, 0xF7, 0x7D, 0xFF, 0xF7,
    0x7D, 0xFF, 0xFF, 0xDF, 0xFF, 0xCE, 0x38, 0xFF, 0x73, 0x8E, 0xFF, 0xCE, 0x59, 0xFF, 0xF7, 0x9D,
    0xFF, 0xEF, 0x3C, 0xFF, 0xEF, 0x1C, 0xFF, 0xEF, 0x1C, 0xFF, 0xEF, 0x3C, 0xFF, 0xEF, 0x3C, 0xFF,
    0xEF, 0x3C, 0xFF, 0xEF, 0x3C, 0xFF, 0xEF, 0x3C, 0xFF, 0xEF, 0x3C, 0xFF, 0xEF, 0x3D, 0xFF, 0xEF,
    0x5D, 0xFF, 0xEF, 0x5D, 0xFF, 0xEF, 0x5D, 0xFF, 0xEF, 0x5D, 0xFF, 0xEF, 0x3C, 0xFF, 0xEF, 0x1C,
    0xFF, 0xEF, 0x1C, 0xFF, 0xFF, 0xDF, 0xFF, 0xC5, 0xF7, 0xFF, 0x52, 0x4A, 0xFF, 0x73, 0x6E, 0xFF,
    0xDE, 0xBB, 0xFF, 0xFF, 0xBE, 0xFF, 0xFF, 0x9E, 0xFF, 0xF7, 0x9D, 0xFF, 0xF7, 0x7D, 0xFF, 0xF7,
    0x7D, 0xFF, 0xF7, 0x7D, 0xFF, 0xFF, 0xDE, 0xFF, 0xCE, 0x59, 0xFF, 0xB5, 0x96, 0xFF, 0xE6, 0xFB,
    0xFF, 0xFF, 0x9E, 0xFF, 0xEF, 0x5D, 0xFF, 0xEF, 0x5D, 0xFF, 0xEF, 0x3C, 0xFF, 0xEF, 0x3C, 0xFF,
    0xEF, 0x3C, 0xFF, 0xEF, 0x3C, 0xFF, 0xEF, 0x3C, 0xFF, 0xEF, 0x1C, 0xFF, 0xF7, 0x5D, 0xFF, 0xE6,
    0xFC, 0xFF, 0xBD, 0xB7, 0xFF, 0xD6, 0x59, 0xFF, 0xFF, 0xFF, 0xFF, 0xD6, 0x9A, 0xFF, 0x83, 0xD0,
    0xFF, 0x9C, 0xB3, 0xFF, 0xFF, 0xDE, 0xFF, 0xFF, 0xDF, 0xFF, 0xF7, 0x7D, 0xFF, 0xF7, 0x7D, 0xFF,
    0xF7, 0x7D, 0xFF, 0xEF, 0x5D, 0xFF, 0xEF, 0x5D, 0xFF, 0xEF, 0x3C, 0xFF, 0xEF, 0x1C, 0xFF, 0xEF,
    0x3C, 0xFF, 0xF7, 0x7E, 0xFF, 0xF7, 0x7D, 0xFF, 0xB5, 0x56, 0xFF, 0x52, 0x6B, 0xFF, 0x7B, 0xD0,
    0xFF, 0xEF, 0x3C, 0xFF, 0xFF, 0xBE, 0xFF, 0xEF, 0x1C, 0xFF, 0xEF, 0x3C, 0xFF, 0xEF, 0x3C, 0xFF,
    0xEF, 0x3C, 0xFF, 0xEF, 0x3C, 0xFF, 0xEF, 0x3C, 0xFF, 0xEF, 0x3C, 0xFF, 0xEF, 0x5D, 0xFF, 0xEF,
    0x5D, 0xFF, 0xEF, 0x5D, 0xFF, 0xEF, 0x5D, 0xFF, 0xEF, 0x3C, 0xFF, 0xFF, 0xFF, 0xFF, 0x94, 0xD3,
    0xFF, 0x5B, 0x0A, 0xFF, 0xD6, 0x76, 0xFF, 0xFF, 0x9B, 0xFF, 0xEE, 0xD7, 0xFF, 0xDE, 0x75, 0xFF,
    0x31, 0xA5, 0xFF, 0x20, 0xE2, 0xFF, 0x6A, 0xC8, 0xFF, 0x6A, 0xA9, 0xFF, 0xDE, 0xDA, 0xFF, 0xFF,
    0xDF, 0xFF, 0xAD, 0x54, 0xFF, 0x8C, 0x4F, 0xFF, 0xD6, 0xB8, 0xFF, 0xEF, 0x7C, 0xFF, 0x9D, 0x11,
    0xFF, 0x84, 0x0C, 0xFF, 0xF7, 0x17, 0xFF, 0xEE, 0xD4, 0xFF, 0xEE, 0xF4, 0xEB, 0x83, 0xAA, 0x66,
    0x00, 0x00, 0x10, 0xAD, 0x55, 0x03, 0x31, 0xC5, 0x3C, 0xD6, 0xB9, 0xBA, 0xF7, 0x9E, 0xFF, 0xE6,
    0xFB, 0xFD, 0xEF, 0x1C, 0xFE, 0xEF, 0x3C, 0xFF, 0xEF, 0x7D, 0xFF, 0xFF, 0xBE, 0xEB, 0xE7, 0x1C,
    0xAF, 0x62, 0xAB, 0x57, 0x00, 0x00, 0x17, 0x00, 0x00, 0x00, 0x00, 0x00, 0x01, 0x00, 0x00, 0x00,
    0x00, 0x00, 0x00, 0x00, 0x00, 0x01, 0x00, 0x00, 0x00, 0x00, 0x00, 0x0C, 0x43, 0x45, 0x50, 0xB7,
    0x0E, 0xB0, 0xCF, 0xD1, 0xE9, 0xC7, 0x92, 0xFB, 0xC7, 0x91, 0xFF, 0xC7, 0x91, 0xFC, 0xCF, 0xD1,
    0xF1, 0xBF, 0x4E, 0xC3, 0x6C, 0x86, 0x62, 0x00, 0x00, 0x13, 0x00, 0x00, 0x00, 0x07, 0xE0, 0x01,
    0x00, 0x00, 0x00, 0x00, 0x00, 0x00, 0x00, 0x00, 0x00, 0x00, 0x00, 0x00, 0x00, 0x00, 0x00, 0x00,
    0x00, 0x00, 0x00, 0x00, 0x00, 0x00, 0x00, 0x00, 0x00, 0x00, 0x00, 0x00, 0x00, 0x00, 0x00, 0x00,
    0x00, 0x00, 0x00, 0x00, 0x00, 0x00, 0x00, 0x00, 0x00, 0x00, 0x00, 0x00, 0x04, 0x00, 0x00, 0x21,
    0x00, 0x00, 0x21, 0x00, 0x00, 0x04, 0x00, 0x00, 0x00, 0x00, 0x00, 0x00, 0x00, 0x00, 0x00, 0x00,
    0x00, 0x00, 0x00, 0x00, 0x00, 0x00, 0x00, 0x00, 0x00, 0x00, 0x00, 0x00, 0x00, 0x00, 0x00, 0x00,
    0x00, 0x00, 0x00, 0x00, 0x00, 0x00, 0x00, 0x00, 0x00, 0x00, 0x00, 0x00, 0x00, 0x00, 0x00, 0x00,
    0x00, 0x00, 0x00, 0x00, 0x00, 0x00, 0x00, 0x00, 0x00, 0x00, 0x00, 0x00, 0x00, 0x00, 0x00, 0x00,
    0x00, 0x00, 0x00, 0x00, 0x00, 0x00, 0x00, 0x00, 0x00, 0x00, 0x00, 0x00, 0x00, 0x00, 0x00, 0x00,
    0x00, 0x00, 0x00, 0x00, 0x00, 0x00, 0x00, 0x00, 0x00, 0x00, 0x00, 0x00, 0x00, 0x00, 0x00, 0x00,
    0x00, 0x00, 0x00, 0xFF, 0xFF, 0x01, 0x00, 0x00, 0x0F, 0x5B, 0x2A, 0x5D, 0xD7, 0x17, 0xC4, 0x9D,
    0xAF, 0xF5, 0xC6, 0x94, 0xFF, 0xF7, 0xBC, 0xFF, 0xE7, 0x3B, 0xFF, 0xEF, 0x3C, 0xFF, 0xF7, 0x7E,
    0xFF, 0xF7, 0x7D, 0xFF, 0xF7, 0x7D, 0xFF, 0xFF, 0xFF, 0xFF, 0xCE, 0x59, 0xFF, 0x83, 0xCF, 0xFF,
    0xCE, 0x38, 0xFF, 0xFF, 0xBE, 0xFF, 0xEF, 0x3C, 0xFF, 0xEF, 0x1C, 0xFF, 0xEF, 0x3C, 0xFF, 0xEF,
    0x3C, 0xFF, 0xEF, 0x3C, 0xFF, 0xEF, 0x3C, 0xFF, 0xEF, 0x3C, 0xFF, 0xEF, 0x3C, 0xFF, 0xEF, 0x3C,
    0xFF, 0xEF, 0x3C, 0xFF, 0xEF, 0x5D, 0xFF, 0xEF, 0x5D, 0xFF, 0xEF, 0x5D, 0xFF, 0xEF, 0x5D, 0xFF,
    0xEF, 0x5D, 0xFF, 0xEF, 0x3C, 0xFF, 0xEF, 0x1C, 0xFF, 0xFF, 0xDF, 0xFF, 0xC5, 0xF7, 0xFF, 0x5A,
    0x8B, 0xFF, 0x83, 0xF0, 0xFF, 0xEF, 0x5D, 0xFF, 0xFF, 0xBE, 0xFF, 0xF7, 0x7D, 0xFF, 0xEF, 0x5D,
    0xFF, 0xEF, 0x5D, 0xFF, 0xF7, 0x7D, 0xFF, 0xEF, 0x5D, 0xFF, 0xFF, 0xDF, 0xFF, 0xDE, 0xBA, 0xFF,
    0xBD, 0xB7, 0xFF, 0xDE, 0xDB, 0xFF, 0xFF, 0xBE, 0xFF, 0xEF, 0x5D, 0xFF, 0xEF, 0x3D, 0xFF, 0xEF,
    0x3D, 0xFF, 0xEF, 0x3C, 0xFF, 0xEF, 0x3C, 0xFF, 0xEF, 0x3C, 0xFF, 0xEF, 0x3C, 0xFF, 0xEF, 0x3C,
    0xFF, 0xEF, 0x1C, 0xFF, 0xEF, 0x1C, 0xFF, 0xF7, 0x7D, 0xFF, 0xCE, 0x39, 0xFF, 0xB5, 0x35, 0xFF,
    0xE7, 0x3C, 0xFF, 0xFF, 0xFF, 0xFF, 0xDE, 0xDB, 0xFF, 0x83, 0xF0, 0xFF, 0x94, 0x72, 0xFF, 0xF7,
    0xBE, 0xFF, 0xFF, 0xDF, 0xFF, 0xEF, 0x5D, 0xFF, 0xF7, 0x5D, 0xFF, 0xEF, 0x5D, 0xFF, 0xEF, 0x3C,
    0xFF, 0xEF, 0x3C, 0xFF, 0xEF, 0x1C, 0xFF, 0xEF, 0x1C, 0xFF, 0xEF, 0x1C, 0xFF, 0xF7, 0x5D, 0xFF,
    0xFF, 0x9E, 0xFF, 0xC5, 0xF8, 0xFF, 0x5A, 0xAC, 0xFF, 0x83, 0xF0, 0xFF, 0xEF, 0x5D, 0xFF, 0xFF,
    0xBE, 0xFF, 0xE7, 0x1C, 0xFF, 0xEF, 0x3C, 0xFF, 0xEF, 0x3C, 0xFF, 0xEF, 0x3C, 0xFF, 0xEF, 0x3C,
    0xFF, 0xEF, 0x3C, 0xFF, 0xEF, 0x3C, 0xFF, 0xEF, 0x3C, 0xFF, 0xEF, 0x3C, 0xFF, 0xEF, 0x5D, 0xFF,
    0xEF, 0x3C, 0xFF, 0xFF, 0xFF, 0xFF, 0x8C, 0x50, 0xFF, 0x6B, 0x6B, 0xFF, 0xE7, 0x19, 0xFF, 0xFF,
    0x7A, 0xFF, 0xEE, 0xF7, 0xFF, 0xC5, 0xB1, 0xFF, 0x19, 0x02, 0xFF, 0x00, 0x20, 0xFF, 0x52, 0x26,
    0xFF, 0x59, 0xE6, 0xFF, 0xA4, 0xD2, 0xFF, 0xF7, 0xBE, 0xFF, 0xF7, 0xBE, 0xFF, 0xA5, 0x33, 0xFF,
    0xAD, 0x53, 0xFF, 0xF7, 0x9C, 0xFF, 0xAD, 0x73, 0xFF, 0x7B, 0xCB, 0xFF, 0xE6, 0xD6, 0xFF, 0xEE,
    0xD4, 0xFF, 0xF7, 0x14, 0xED, 0x8C, 0x0B, 0x77, 0x08, 0x40, 0x17, 0xAD, 0x5F, 0x03, 0x00, 0x00,
    0x2D, 0xBE, 0x17, 0xA9, 0xEF, 0x7D, 0xFE, 0xE7, 0x1C, 0xFE, 0xEF, 0x3C, 0xFE, 0xEF, 0x3C, 0xFF,
    0xEF, 0x3C, 0xFF, 0xF7, 0x7D, 0xFF, 0xFF, 0xDF, 0xF3, 0xF7, 0x7E, 0xC0, 0x7B, 0xCF, 0x68, 0x00,
    0x00, 0x1C, 0x00, 0x00, 0x00, 0xFF, 0xFF, 0x01, 0x00, 0x00, 0x01, 0x00, 0x00, 0x00, 0x00, 0x00,
    0x00, 0x32, 0x82, 0x29, 0x8D, 0xEA, 0x9B, 0xCF, 0xF2, 0xEE, 0xC7, 0x92, 0xFF, 0xC7, 0x72, 0xFF,
    0xC7, 0x71, 0xFF, 0xC7, 0x71, 0xFF, 0xC7, 0x91, 0xFF, 0xCF, 0xF1, 0xF7, 0x9E, 0x6C, 0xAB, 0x32,
    0x82, 0x38, 0x00, 0x00, 0x00, 0x7F, 0xEF, 0x02, 0x00, 0x00, 0x01, 0x00, 0x00, 0x00, 0x00, 0x00,
    0x00, 0x00, 0x00, 0x00, 0x00, 0x00, 0x00, 0x00, 0x00, 0x00, 0x00, 0x00, 0x00, 0x00, 0x00, 0x00,
    0x00, 0x00, 0x00, 0x00, 0x00, 0x00, 0x00, 0x00, 0x00, 0x00, 0x00, 0x00, 0x00, 0x00, 0x00, 0x00,
    0x00, 0x00, 0x00, 0x00, 0x04, 0x00, 0x00, 0x21, 0x00, 0x00, 0x21, 0x00, 0x00, 0x04, 0x00, 0x00,
    0x00, 0x00, 0x00, 0x00, 0x00, 0x00, 0x00, 0x00, 0x00, 0x00, 0x00, 0x00, 0x00, 0x00, 0x00, 0x00,
    0x00, 0x00, 0x00, 0x00, 0x00, 0x00, 0x00, 0x00, 0x00, 0x00, 0x00, 0x00, 0x00, 0x00, 0x00, 0x00,
    0x00, 0x00, 0x00, 0x00, 0x00, 0x00, 0x00, 0x00, 0x00, 0x00, 0x00, 0x00, 0x00, 0x00, 0x00, 0x00,
    0x00, 0x00, 0x00, 0x00, 0x00, 0x00, 0x00, 0x00, 0x00, 0x00, 0x00, 0x00, 0x00, 0x00, 0x00, 0x00,
    0x00, 0x00, 0x00, 0x00, 0x00, 0x00, 0x00, 0x00, 0x00, 0x00, 0x00, 0x00, 0x00, 0x00, 0x00, 0x00,
    0x00, 0x00, 0x00, 0x00, 0x00, 0x00, 0x00, 0x01, 0xFF, 0xFF, 0x01, 0x00, 0x00, 0x03, 0x4A, 0x88,
    0x40, 0xC6, 0x94, 0xB6, 0xAE, 0x30, 0xF7, 0xA5, 0xD0, 0xFF, 0xE7, 0x5A, 0xFF, 0xE6, 0xFA, 0xFF,
    0xE7, 0x1B, 0xFF, 0xEF, 0x5D, 0xFF, 0xF7, 0x7D, 0xFF, 0xEF, 0x5D, 0xFF, 0xFF, 0xFF, 0xFF, 0xD6,
    0x9A, 0xFF, 0x84, 0x10, 0xFF, 0xBD, 0xF7, 0xFF, 0xFF, 0xBE, 0xFF, 0xEF, 0x3C, 0xFF, 0xEF, 0x3C,
    0xFF, 0xEF, 0x3C, 0xFF, 0xEF, 0x3C, 0xFF, 0xEF, 0x3C, 0xFF, 0xEF, 0x3C, 0xFF, 0xEF, 0x3C, 0xFF,
    0xEF, 0x3C, 0xFF, 0xEF, 0x3C, 0xFF, 0xEF, 0x5D, 0xFF, 0xEF, 0x5D, 0xFF, 0xEF, 0x5D, 0xFF, 0xEF,
    0x5D, 0xFF, 0xEF, 0x5D, 0xFF, 0xEF, 0x5D, 0xFF, 0xEF, 0x5D, 0xFF, 0xEF, 0x1C, 0xFF, 0xFF, 0xFF,
    0xFF, 0xD6, 0x59, 0xFF, 0x6B, 0x0C, 0xFF, 0x8C, 0x10, 0xFF, 0xF7, 0x5D, 0xFF, 0xFF, 0x9E, 0xFF,
    0xEF, 0x3C, 0xFF, 0xEF, 0x1C, 0xFF, 0xEF, 0x3D, 0xFF, 0xF7, 0x5D, 0xFF, 0xEF, 0x5D, 0xFF, 0xFF,
    0xBE, 0xFF, 0xE7, 0x1C, 0xFF, 0xBD, 0xD7, 0xFF, 0xDE, 0xBA, 0xFF, 0xFF, 0xBE, 0xFF, 0xF7, 0x5D,
    0xFF, 0xEF, 0x5D, 0xFF, 0xEF, 0x5D, 0xFF, 0xEF, 0x3D, 0xFF, 0xEF, 0x3C, 0xFF, 0xEF, 0x3C, 0xFF,
    0xEF, 0x3C, 0xFF, 0xEF, 0x3C, 0xFF, 0xEF, 0x3C, 0xFF, 0xEF, 0x1C, 0xFF, 0xEF, 0x1C, 0xFF, 0xF7,
    0x5D, 0xFF, 0xE6, 0xFB, 0xFF, 0xB5, 0x76, 0xFF, 0xBD, 0xB7, 0xFF, 0xFF, 0xBF, 0xFF, 0xFF, 0xFF,
    0xFF, 0xDE, 0xDB, 0xFF, 0x7B, 0xAF, 0xFF, 0x94, 0x93, 0xFF, 0xF7, 0xBE, 0xFF, 0xFF, 0xBE, 0xFF,
    0xEF, 0x3C, 0xFF, 0xEF, 0x5D, 0xFF, 0xEF, 0x3C, 0xFF, 0xEF, 0x3C, 0xFF, 0xEF, 0x3C, 0xFF, 0xEF,
    0x1C, 0xFF, 0xEF, 0x1C, 0xFF, 0xEF, 0x1C, 0xFF, 0xF7, 0x5D, 0xFF, 0xFF, 0x9E, 0xFF, 0xCE, 0x39,
    0xFF, 0x62, 0xEC, 0xFF, 0x8C, 0x31, 0xFF, 0xF7, 0x7D, 0xFF, 0xFF, 0xBE, 0xFF, 0xE6, 0xFB, 0xFF,
    0xEF, 0x3C, 0xFF, 0xEF, 0x3C, 0xFF, 0xEF, 0x3C, 0xFF, 0xEF, 0x3C, 0xFF, 0xEF, 0x3C, 0xFF, 0xEF,
    0x3C, 0xFF, 0xEF, 0x3C, 0xFF, 0xEF, 0x3C, 0xFF, 0xF7, 0x5D, 0xFF, 0xFF, 0xDF, 0xFF, 0x7C, 0x0F,
    0xFF, 0x7B, 0xED, 0xFF, 0xF7, 0x9A, 0xFF, 0xFF, 0x7A, 0xFF, 0xF6, 0xF7, 0xFF, 0xAC, 0xEF, 0xFF,
    0x10, 0xC0, 0xFF, 0x10, 0xA0, 0xFF, 0x21, 0x22, 0xFF, 0x5A, 0x26, 0xFF, 0x6A, 0xEA, 0xFF, 0xD6,
    0xBA, 0xFF, 0xFF, 0xFF, 0xFF, 0xE7, 0x1B, 0xFF, 0xB5, 0x74, 0xFF, 0xCE, 0x57, 0xFF, 0xBE, 0x16,
    0xFF, 0x6B, 0x8A, 0xFF, 0xDE, 0x74, 0xFF, 0xEE, 0xD5, 0xFF, 0xF6, 0xD4, 0xF0, 0x9C, 0x6C, 0x89,
    0x20, 0xC2, 0x1E, 0x42, 0x88, 0x16, 0x18, 0xE1, 0x79, 0x8C, 0x70, 0xE1, 0xEF, 0x5C, 0xFF, 0xF7,
    0x7D, 0xFD, 0xEF, 0x1C, 0xFF, 0xEF, 0x5D, 0xFF, 0xEF, 0x5C, 0xFF, 0xEF, 0x5C, 0xFF, 0xF7, 0x7D,
    0xFF, 0xFF, 0xBE, 0xF8, 0xF7, 0x7E, 0xC8, 0x8C, 0x31, 0x6F, 0x00, 0x00, 0x1F, 0x00, 0x00, 0x00,
    0xFF, 0xFF, 0x01, 0xFF, 0xFF, 0x01, 0x00, 0x00, 0x01, 0x53, 0xE5, 0x40, 0xAF, 0x0D, 0xC5, 0xCF,
    0xD2, 0xFA, 0xC7, 0x52, 0xFF, 0xC7, 0x71, 0xFF, 0xC7, 0x71, 0xFF, 0xC7, 0x71, 0xFE, 0xBF, 0x50,
    0xFD, 0xC7, 0xB1, 0xFF, 0xAF, 0x0D, 0xD1, 0x6C, 0xA6, 0x56, 0x00, 0x00, 0x00, 0xFF, 0xFF, 0x02,
    0x00, 0x00, 0x01, 0x00, 0x00, 0x00, 0x00, 0x00, 0x00, 0x00, 0x00, 0x00, 0x00, 0x00, 0x00, 0x00,
    0x00, 0x00, 0x00, 0x00, 0x00, 0x00, 0x00, 0x00, 0x00, 0x00, 0x00, 0x00, 0x00, 0x00, 0x00, 0x00,
    0x00, 0x00, 0x00, 0x00, 0x00, 0x00, 0x00, 0x00, 0x00, 0x00, 0x00, 0x00, 0x04, 0x00, 0x00, 0x21,
    0x00, 0x00, 0x21, 0x00, 0x00, 0x04, 0x00, 0x00, 0x00, 0x00, 0x00, 0x00, 0x00, 0x00, 0x00, 0x00,
    0x00, 0x00, 0x00, 0x00, 0x00, 0x00, 0x00, 0x00, 0x00, 0x00, 0x00, 0x00, 0x00, 0x00, 0x00, 0x00,
    0x00, 0x00, 0x00, 0x00, 0x00, 0x00, 0x00, 0x00, 0x00, 0x00, 0x00, 0x00, 0x00, 0x00, 0x00, 0x00,
    0x00, 0x00, 0x00, 0x00, 0x00, 0x00, 0x00, 0x00, 0x00, 0x00, 0x00, 0x00, 0x00, 0x00, 0x00, 0x00,
    0x00, 0x00, 0x00, 0x00, 0x00, 0x00, 0x00, 0x00, 0x00, 0x00, 0x00, 0x00, 0x00, 0x00, 0x00, 0x00,
    0x00, 0x00, 0x00, 0x00, 0x00, 0x00, 0x00, 0x00, 0x00, 0x00, 0x00, 0x00, 0x01, 0xFF, 0xFF, 0x01,
    0x00, 0x00, 0x00, 0x42, 0x47, 0x29, 0x9D, 0x90, 0x96, 0xBE, 0xB1, 0xF0, 0x8D, 0x2C, 0xFF, 0xD6,
    0xF7, 0xFF, 0xDE, 0xDA, 0xFF, 0xE6, 0xDA, 0xFF, 0xEF, 0x3C, 0xFF, 0xF7, 0x7D, 0xFF, 0xEF, 0x5D,
    0xFF, 0xFF, 0xFF, 0xFF, 0xDE, 0xDB, 0xFF, 0x8C, 0x51, 0xFF, 0xB5, 0x75, 0xFF, 0xFF, 0xFF, 0xFF,
    0xEF, 0x5D, 0xFF, 0xEF, 0x3C, 0xFF, 0xEF, 0x5C, 0xFF, 0xEF, 0x3C, 0xFF, 0xEF, 0x3C, 0xFF, 0xEF,
    0x3C, 0xFF, 0xEF, 0x3C, 0xFF, 0xEF, 0x3C, 0xFF, 0xEF, 0x3C, 0xFF, 0xEF, 0x3C, 0xFF, 0xEF, 0x5D,
    0xFF, 0xEF, 0x3D, 0xFF, 0xEF, 0x5D, 0xFF, 0xEF, 0x5D, 0xFF, 0xEF, 0x5D, 0xFF, 0xEF, 0x5D, 0xFF,
    0xEF, 0x3C, 0xFF, 0xFF, 0xDF, 0xFF, 0xE6, 0xFC, 0xFF, 0x83, 0xCF, 0xFF, 0x94, 0x51, 0xFF, 0xF7,
    0x5D, 0xFF, 0xFF, 0x9E, 0xFF, 0xE6, 0xFB, 0xFF, 0xE7, 0x1C, 0xFF, 0xEF, 0x3C, 0xFF, 0xEF, 0x3D,
    0xFF, 0xEF, 0x5D, 0xFF, 0xF7, 0x7D, 0xFF, 0xF7, 0x7D, 0xFF, 0xC5, 0xF8, 0xFF, 0xD6, 0x7A, 0xFF,
    0xF7, 0x9E, 0xFF, 0xF7, 0x7E, 0xFF, 0xEF, 0x5D, 0xFF, 0xEF, 0x5D, 0xFF, 0xEF, 0x5D, 0xFF, 0xEF,
    0x3D, 0xFF, 0xEF, 0x3C, 0xFF, 0xEF, 0x3C, 0xFF, 0xEF, 0x3C, 0xFF, 0xEF, 0x3C, 0xFF, 0xEF, 0x3C,
    0xFF, 0xEF, 0x3C, 0xFF, 0xEF, 0x1C, 0xFF, 0xEF, 0x3C, 0xFF, 0xF7, 0x5D, 0xFF, 0xCE, 0x39, 0xFF,
    0xAD, 0x35, 0xFF, 0xE6, 0xFB, 0xFF, 0xFF, 0xDF, 0xFF, 0xFF, 0xFF, 0xFF, 0xDE, 0xBB, 0xFF, 0x73,
    0x4E, 0xFF, 0xA4, 0xF4, 0xFF, 0xFF, 0xBE, 0xFF, 0xFF, 0x9E, 0xFF, 0xEF, 0x1C, 0xFF, 0xEF, 0x3C,
    0xFF, 0xEF, 0x3C, 0xFF, 0xEF, 0x3C, 0xFF, 0xEF, 0x1C, 0xFF, 0xEF, 0x3C, 0xFF, 0xEF, 0x3C, 0xFF,
    0xEF, 0x1C, 0xFF, 0xEF, 0x3D, 0xFF, 0xFF, 0xDF, 0xFF, 0xCE, 0x59, 0xFF, 0x63, 0x0C, 0xFF, 0x9C,
    0xB3, 0xFF, 0xFF, 0xBE, 0xFF, 0xF7, 0x7D, 0xFF, 0xE6, 0xFB, 0xFF, 0xEF, 0x3C, 0xFF, 0xEF, 0x3C,
    0xFF, 0xEF, 0x3C, 0xFF, 0xEF, 0x3C, 0xFF, 0xEF, 0x3C, 0xFF, 0xEF, 0x3C, 0xFF, 0xE7, 0x1C, 0xFF,
    0xF7, 0x9D, 0xFF, 0xF7, 0x9E, 0xFF, 0x73, 0x8D, 0xFF, 0x8C, 0x4E, 0xFF, 0xFF, 0xDB, 0xFF, 0xFF,
    0x5A, 0xFF, 0xF6, 0xF7, 0xFF, 0x8C, 0x2C, 0xFF, 0x08, 0x80, 0xFF, 0x21, 0x21, 0xFF, 0x10, 0xC0,
    0xFF, 0x4A, 0x06, 0xFF, 0x49, 0xC5, 0xFF, 0xAD, 0x13, 0xFF, 0xF7, 0x9E, 0xFF, 0xFF, 0xFF, 0xFF,
    0xDE, 0xBA, 0xFF, 0xC5, 0xD6, 0xFF, 0xAD, 0x94, 0xFF, 0x7B, 0xCC, 0xFF, 0xC5, 0xB1, 0xFF, 0xF6,
    0xF5, 0xFF, 0xEE, 0xB3, 0xF4, 0xB5, 0x0E, 0x9E, 0x4A, 0x25, 0x28, 0x21, 0x23, 0x1C, 0x4A, 0x65,
    0xAE, 0x6B, 0x4A, 0xFF, 0xCE, 0x79, 0xFE, 0xFF, 0xDF, 0xFE, 0xE7, 0x1C, 0xFF, 0xF7, 0x5D, 0xFF,
    0xEF, 0x5D, 0xFF, 0xEF, 0x5D, 0xFF, 0xEF, 0x5C, 0xFF, 0xEF, 0x3D, 0xFF, 0xFF, 0xBE, 0xF7, 0xF7,
    0x9E, 0xCB, 0x94, 0xB3, 0x74, 0x00, 0x00, 0x21, 0xFF, 0xFF, 0x01, 0xFF, 0xFF, 0x01, 0x00, 0x00,
    0x02, 0x64, 0x86, 0x47, 0xB7, 0x2D, 0xCE, 0xC7, 0x92, 0xF9, 0xC7, 0x71, 0xFE, 0xC7, 0x71, 0xFF,
    0xC7, 0x71, 0xFF, 0xC7, 0x70, 0xFF, 0xBF, 0x70, 0xFC, 0xC7, 0x70, 0xFD, 0xB7, 0x0D, 0xD7, 0x85,
    0x88, 0x5B, 0x00, 0x00, 0x00, 0xFF, 0xFF, 0x02, 0x00, 0x00, 0x01, 0x00, 0x00, 0x00, 0x00, 0x00,
    0x00, 0x00, 0x00, 0x00, 0x00, 0x00, 0x00, 0x00, 0x00, 0x00, 0x00, 0x00, 0x00, 0x00, 0x00, 0x00,
    0x00, 0x00, 0x00, 0x00, 0x00, 0x00, 0x00, 0x00, 0x00, 0x00, 0x00, 0x00, 0x00, 0x00, 0x00, 0x00,
    0x00, 0x00, 0x00, 0x00, 0x04, 0x00, 0x00, 0x21, 0x00, 0x00, 0x21, 0x00, 0x00, 0x04, 0x00, 0x00,
    0x00, 0x00, 0x00, 0x00, 0x00, 0x00, 0x00, 0x00, 0x00, 0x00, 0x00, 0x00, 0x00, 0x00, 0x00, 0x00,
    0x00, 0x00, 0x00, 0x00, 0x00, 0x00, 0x00, 0x00, 0x00, 0x00, 0x00, 0x00, 0x00, 0x00, 0x00, 0x00,
    0x00, 0x00, 0x00, 0x00, 0x00, 0x00, 0x00, 0x00, 0x00, 0x00, 0x00, 0x00, 0x00, 0x00, 0x00, 0x00,
    0x00, 0x00, 0x00, 0x00, 0x00, 0x00, 0x00, 0x00, 0x00, 0x00, 0x00, 0x00, 0x00, 0x00, 0x00, 0x00,
    0x00, 0x00, 0x00, 0x00, 0x00, 0x00, 0x00, 0x00, 0x00, 0x00, 0x00, 0x00, 0x00, 0x00, 0x00, 0x00,
    0x00, 0x01, 0x00, 0x00, 0x01, 0x00, 0x00, 0x00, 0x00, 0x00, 0x14, 0x7C, 0x8B, 0x6C, 0xB6, 0xB0,
    0xD6, 0x85, 0x2B, 0xFD, 0xB6, 0x13, 0xFE, 0xE6, 0xFA, 0xFF, 0xE6, 0xFB, 0xFF, 0xF7, 0x5C, 0xFF,
    0xF7, 0x7D, 0xFF, 0xEF, 0x5C, 0xFF, 0xFF, 0xBE, 0xFF, 0xDE, 0xDB, 0xFF, 0x8C, 0x31, 0xFF, 0x9C,
    0xD3, 0xFF, 0xFF, 0xDF, 0xFF, 0xF7, 0x7D, 0xFF, 0xEF, 0x3C, 0xFF, 0xEF, 0x5D, 0xFF, 0xEF, 0x5D,
    0xFF, 0xEF, 0x3C, 0xFF, 0xEF, 0x3C, 0xFF, 0xEF, 0x3C, 0xFF, 0xEF, 0x3C, 0xFF, 0xEF, 0x3C, 0xFF,
    0xEF, 0x3C, 0xFF, 0xEF, 0x3C, 0xFF, 0xEF, 0x3C, 0xFF, 0xEF, 0x3C, 0xFF, 0xEF, 0x5C, 0xFF, 0xEF,
    0x5D, 0xFF, 0xEF, 0x5D, 0xFF, 0xEF, 0x3D, 0xFF, 0xF7, 0x9E, 0xFF, 0xF7, 0x7D, 0xFF, 0x94, 0x72,
    0xFF, 0x9C, 0x92, 0xFF, 0xEF, 0x3D, 0xFF, 0xFF, 0x9E, 0xFF, 0xE6, 0xFB, 0xFF, 0xEF, 0x1C, 0xFF,
    0xEF, 0x3C, 0xFF, 0xEF, 0x3C, 0xFF, 0xEF, 0x3C, 0xFF, 0xEF, 0x5D, 0xFF, 0xF7, 0x9E, 0xFF, 0xD6,
    0x59, 0xFF, 0xCE, 0x39, 0xFF, 0xF7, 0x5D, 0xFF, 0xF7, 0x9E, 0xFF, 0xEF, 0x5D, 0xFF, 0xEF, 0x5D,
    0xFF, 0xEF, 0x5D, 0xFF, 0xEF, 0x5D, 0xFF, 0xEF, 0x3C, 0xFF, 0xEF, 0x3C, 0xFF, 0xEF, 0x3C, 0xFF,
    0xEF, 0x3C, 0xFF, 0xEF, 0x3C, 0xFF, 0xEF, 0x3C, 0xFF, 0xEF, 0x3C, 0xFF, 0xEF, 0x3C, 0xFF, 0xEF,
    0x1C, 0xFF, 0xF7, 0x7D, 0xFF, 0xE6, 0xFB, 0xFF, 0xB5, 0x76, 0xFF, 0xC5, 0xF8, 0xFF, 0xFF, 0xBE,
    0xFF, 0xF7, 0x9E, 0xFF, 0xFF, 0xFF, 0xFF, 0xCE, 0x59, 0xFF, 0x6B, 0x4E, 0xFF, 0xB5, 0x96, 0xFF,
    0xFF, 0xDF, 0xFF, 0xF7, 0x7D, 0xFF, 0xE7, 0x1C, 0xFF, 0xEF, 0x3C, 0xFF, 0xEF, 0x3C, 0xFF, 0xEF,
    0x3C, 0xFF, 0xEF, 0x3C, 0xFF, 0xEF, 0x3C, 0xFF, 0xEF, 0x5C, 0xFF, 0xEF, 0x3C, 0xFF, 0xEF, 0x5D,
    0xFF, 0xFF, 0xFF, 0xFF, 0xC5, 0xF8, 0xFF, 0x6B, 0x2D, 0xFF, 0xAD, 0x55, 0xFF, 0xFF, 0xDF, 0xFF,
    0xEF, 0x3C, 0xFF, 0xEF, 0x1C, 0xFF, 0xEF, 0x3C, 0xFF, 0xEF, 0x3C, 0xFF, 0xEF, 0x3C, 0xFF, 0xEF,
    0x3C, 0xFF, 0xEF, 0x3C, 0xFF, 0xE7, 0x1C, 0xFF, 0xFF, 0xBE, 0xFF, 0xE7, 0x3C, 0xFF, 0x63, 0x4C,
    0xFF, 0x94, 0x8F, 0xFF, 0xFF, 0xFC, 0xFF, 0xF7, 0x39, 0xFF, 0xF7, 0x17, 0xFF, 0x7B, 0xCB, 0xFF,
    0x00, 0x60, 0xFF, 0x21, 0x62, 0xFF, 0x29, 0x82, 0xFF, 0x29, 0x43, 0xFF, 0x49, 0xC5, 0xFF, 0x73,
    0x0B, 0xFF, 0xD6, 0x9A, 0xFF, 0xFF, 0xFF, 0xFF, 0xF7, 0x5D, 0xFF, 0xE6, 0xFB, 0xFF, 0xAD, 0x53,
    0xFF, 0x73, 0xAB, 0xFF, 0xA4, 0xEE, 0xFF, 0xF7, 0x15, 0xFF, 0xE6, 0x72, 0xF6, 0xCD, 0xB0, 0xB1,
    0x31, 0x83, 0x32, 0x00, 0x00, 0x13, 0x94, 0xAE, 0xA6, 0x5A, 0xE8, 0xFE, 0x9C, 0xD2, 0xFF, 0xFF,
    0xFF, 0xFE, 0xEF, 0x5C, 0xFF, 0xEF, 0x5D, 0xFF, 0xEF, 0x5D, 0xFF, 0xEF, 0x5D, 0xFF, 0xEF, 0x5D,
    0xFF, 0xEF, 0x3C, 0xFE, 0xE7, 0x1C, 0xFE, 0xF7, 0xBE, 0xF8, 0xF7, 0x7E, 0xCE, 0x9C, 0xD3, 0x75,
    0x00, 0x00, 0x21, 0x00, 0x00, 0x00, 0x00, 0x00, 0x02, 0x53, 0xC3, 0x3D, 0xAE, 0xCC, 0xBE, 0xCF,
    0xB2, 0xF9, 0xBF, 0x51, 0xFF, 0xC7, 0x70, 0xFE, 0xBF, 0x70, 0xFE, 0xBF, 0x70, 0xFE, 0xBF, 0x50,
    0xFD, 0xCF, 0x90, 0xFE, 0xAE, 0xAC, 0xC8, 0x5C, 0x24, 0x4E, 0x00, 0x00, 0x00, 0xFF, 0xFF, 0x02,
    0x00, 0x00, 0x00, 0x00, 0x00, 0x00, 0x00, 0x00, 0x00, 0x00, 0x00, 0x00, 0x00, 0x00, 0x00, 0x00,
    0x00, 0x00, 0x00, 0x00, 0x00, 0x00, 0x00, 0x00, 0x00, 0x00, 0x00, 0x00, 0x00, 0x00, 0x00, 0x00,
    0x00, 0x00, 0x00, 0x00, 0x00, 0x00, 0x00, 0x00, 0x00, 0x00, 0x00, 0x00, 0x04, 0x00, 0x00, 0x21,
    0x00, 0x20, 0x21, 0x00, 0x00, 0x04, 0x00, 0x00, 0x00, 0x00, 0x00, 0x00, 0x00, 0x00, 0x00, 0x00,
    0x00, 0x00, 0x00, 0x00, 0x00, 0x00, 0x00, 0x00, 0x00, 0x00, 0x00, 0x00, 0x00, 0x00, 0x00, 0x00,
    0x00, 0x00, 0x00, 0x00, 0x00, 0x00, 0x00, 0x00, 0x00, 0x00, 0x00, 0x00, 0x00, 0x00, 0x00, 0x00,
    0x00, 0x00, 0x00, 0x00, 0x00, 0x00, 0x00, 0x00, 0x00, 0x00, 0x00, 0x00, 0x00, 0x00, 0x00, 0x00,
    0x00, 0x00, 0x00, 0x00, 0x00, 0x00, 0x00, 0x00, 0x00, 0x00, 0x00, 0x00, 0x00, 0x00, 0x00, 0x00,
    0x00, 0x00, 0x00, 0x00, 0x00, 0x00, 0x00, 0x00, 0x00, 0x01, 0xFF, 0xFF, 0x01, 0x00, 0x00, 0x04,
    0x63, 0x47, 0x47, 0xA6, 0x0D, 0xB5, 0x95, 0xAC, 0xF1, 0x8D, 0x0E, 0xFC, 0xE7, 0x1A, 0xFF, 0xE7,
    0x1B, 0xFF, 0xF7, 0x7D, 0xFF, 0xEF, 0x3C, 0xFF, 0xE6, 0xFB, 0xFF, 0xDE, 0x9A, 0xFF, 0xCE, 0x59,
    0xFF, 0x83, 0xF0, 0xFF, 0x8C, 0x30, 0xFF, 0xEF, 0x5D, 0xFF, 0xFF, 0xBE, 0xFF, 0xEF, 0x1C, 0xFF,
    0xEF, 0x5D, 0xFF, 0xEF, 0x5D, 0xFF, 0xEF, 0x5D, 0xFF, 0xEF, 0x3C, 0xFF, 0xEF, 0x3C, 0xFF, 0xEF,
    0x3C, 0xFF, 0xEF, 0x3C, 0xFF, 0xEF, 0x3C, 0xFF, 0xEF, 0x3C, 0xFF, 0xEF, 0x3C, 0xFF, 0xEF, 0x3C,
    0xFF, 0xEF, 0x3C, 0xFF, 0xEF, 0x3C, 0xFF, 0xEF, 0x5D, 0xFF, 0xEF, 0x5D, 0xFF, 0xF7, 0x7D, 0xFF,
    0xFF, 0xBE, 0xFF, 0xB5, 0x55, 0xFF, 0x9C, 0xB3, 0xFF, 0xE6, 0xFC, 0xFF, 0xFF, 0x9E, 0xFF, 0xE6,
    0xFB, 0xFF, 0xEF, 0x1C, 0xFF, 0xEF, 0x3C, 0xFF, 0xEF, 0x3C, 0xFF, 0xEF, 0x3C, 0xFF, 0xEF, 0x3C,
    0xFF, 0xF7, 0x7D, 0xFF, 0xE6, 0xFB, 0xFF, 0xC6, 0x18, 0xFF, 0xEF, 0x1C, 0xFF, 0xF7, 0x9E, 0xFF,
    0xEF, 0x5D, 0xFF, 0xEF, 0x5D, 0xFF, 0xEF, 0x5D, 0xFF, 0xEF, 0x5D, 0xFF, 0xEF, 0x5D, 0xFF, 0xEF,
    0x3C, 0xFF, 0xEF, 0x3C, 0xFF, 0xEF, 0x3C, 0xFF, 0xEF, 0x3C, 0xFF, 0xEF, 0x3C, 0xFF, 0xEF, 0x3C,
    0xFF, 0xEF, 0x3C, 0xFF, 0xEF, 0x3C, 0xFF, 0xEF, 0x1C, 0xFF, 0xF7, 0x5D, 0xFF, 0xF7, 0x5D, 0xFF,
    0xC5, 0xF8, 0xFF, 0xAD, 0x35, 0xFF, 0xEF, 0x3D, 0xFF, 0xF7, 0x9E, 0xFF, 0xF7, 0x5D, 0xFF, 0xFF,
    0xFF, 0xFF, 0xBD, 0xB7, 0xFF, 0x73, 0x6E, 0xFF, 0xCE, 0x18, 0xFF, 0xFF, 0xDE, 0xFF, 0xEF, 0x1C,
    0xFF, 0xEF, 0x1C, 0xFF, 0xEF, 0x3C, 0xFF, 0xEF, 0x3C, 0xFF, 0xEF, 0x3C, 0xFF, 0xEF, 0x3C, 0xFF,
    0xEF, 0x5D, 0xFF, 0xEF, 0x5D, 0xFF, 0xEF, 0x3C, 0xFF, 0xEF, 0x5C, 0xFF, 0xFF, 0xFF, 0xFF, 0xB5,
    0x96, 0xFF, 0x6B, 0x4D, 0xFF, 0xBD, 0xD7, 0xFF, 0xFF, 0xFF, 0xFF, 0xE7, 0x1B, 0xFF, 0xEF, 0x1C,
    0xFF, 0xEF, 0x1C, 0xFF, 0xEF, 0x1C, 0xFF, 0xEF, 0x3C, 0xFF, 0xEF, 0x3C, 0xFF, 0xE7, 0x1C, 0xFF,
    0xFF, 0xFF, 0xFF, 0xCE, 0xBA, 0xFF, 0x63, 0x0B, 0xFF, 0xA5, 0x11, 0xFF, 0xFF, 0xFC, 0xFF, 0xF7,
    0x39, 0xFF, 0xF7, 0x38, 0xFF, 0x7B, 0xAB, 0xFF, 0x00, 0x40, 0xFF, 0x29, 0xA2, 0xFF, 0x42, 0x84,
    0xFF, 0x21, 0x61, 0xFF, 0x39, 0x84, 0xFF, 0x49, 0xA5, 0xFF, 0xAC, 0xF3, 0xFF, 0xF7, 0x9E, 0xFF,
    0xFF, 0x7D, 0xFF, 0xFF, 0x9D, 0xFF, 0xDE, 0xDA, 0xFF, 0x84, 0x0E, 0xFF, 0x73, 0x8A, 0xFF, 0xEE,
    0xD4, 0xFF, 0xF6, 0xF3, 0xFB, 0xF6, 0xF3, 0xDB, 0xA4, 0xEE, 0x93, 0x10, 0xA1, 0x7B, 0x9C, 0xF0,
    0xCC, 0x8C, 0x6D, 0xFF, 0x7B, 0xCD, 0xFF, 0xDE, 0xFB, 0xFE, 0xFF, 0xDE, 0xFF, 0xEF, 0x3C, 0xFF,
    0xF7, 0x7D, 0xFF, 0xEF, 0x5D, 0xFF, 0xEF, 0x3C, 0xFF, 0xEF, 0x3C, 0xFF, 0xE7, 0x1C, 0xFE, 0xDE,
    0xDB, 0xFE, 0xF7, 0x9E, 0xF7, 0xF7, 0x7D, 0xCD, 0x9C, 0xB2, 0x73, 0x00, 0x00, 0x1E, 0x00, 0x00,
    0x00, 0x21, 0xC0, 0x23, 0x85, 0x48, 0x8C, 0xCF, 0xD0, 0xE5, 0xC7, 0x71, 0xFE, 0xBF, 0x71, 0xFF,
    0xBF, 0x70, 0xFE, 0xBF, 0x50, 0xFE, 0xC7, 0x71, 0xFE, 0xCF, 0x8F, 0xEF, 0x8D, 0xE9, 0x99, 0x11,
    0xC0, 0x2D, 0x00, 0x00, 0x00, 0x7F, 0xE0, 0x02, 0x00, 0x00, 0x00, 0x00, 0x00, 0x00, 0x00, 0x00,
    0x00, 0x00, 0x00, 0x00, 0x00, 0x00, 0x00, 0x00, 0x00, 0x00, 0x00, 0x00, 0x00, 0x00, 0x00, 0x00,
    0x00, 0x00, 0x00, 0x00, 0x00, 0x00, 0x00, 0x00, 0x00, 0x00, 0x00, 0x00, 0x00, 0x00, 0x00, 0x00,
    0x00, 0x00, 0x00, 0x00, 0x04, 0x00, 0x00, 0x21, 0x00, 0x20, 0x21, 0x00, 0x00, 0x04, 0x00, 0x00,
    0x00, 0x00, 0x00, 0x00, 0x00, 0x00, 0x00, 0x00, 0x00, 0x00, 0x00, 0x00, 0x00, 0x00, 0x00, 0x00,
    0x00, 0x00, 0x00, 0x00, 0x00, 0x00, 0x00, 0x00, 0x00, 0x00, 0x00, 0x00, 0x00, 0x00, 0x00, 0x00,
    0x00, 0x00, 0x00, 0x00, 0x00, 0x00, 0x00, 0x00, 0x00, 0x00, 0x00, 0x00, 0x00, 0x00, 0x00, 0x00,
    0x00, 0x00, 0x00, 0x00, 0x00, 0x00, 0x00, 0x00, 0x00, 0x00, 0x00, 0x00, 0x00, 0x00, 0x00, 0x00,
    0x00, 0x00, 0x00, 0x00, 0x00, 0x00, 0x00, 0x00, 0x00, 0x00, 0x00, 0x00, 0x00, 0x00, 0x00, 0xFF,
    0xE0, 0x01, 0x00, 0x00, 0x00, 0x29, 0xA3, 0x22, 0x9D, 0x8B, 0x8B, 0xA6, 0x2C, 0xEC, 0x84, 0xAD,
    0xFD, 0xD6, 0xB8, 0xFE, 0xE7, 0x1B, 0xFF, 0xE6, 0xFB, 0xFF, 0xD6, 0x9A, 0xFF, 0xCE, 0x18, 0xFF,
    0xB5, 0x96, 0xFF, 0xB5, 0x76, 0xFF, 0x73, 0x6E, 0xFF, 0x73, 0x6E, 0xFF, 0xDE, 0xDB, 0xFF, 0xFF,
    0xFF, 0xFF, 0xE7, 0x1C, 0xFF, 0xEF, 0x5D, 0xFF, 0xEF, 0x5D, 0xFF, 0xEF, 0x5D, 0xFF, 0xEF, 0x5D,
    0xFF, 0xEF, 0x3C, 0xFF, 0xEF, 0x3C, 0xFF, 0xEF, 0x3C, 0xFF, 0xEF, 0x3C, 0xFF, 0xEF, 0x3C, 0xFF,
    0xEF, 0x3C, 0xFF, 0xEF, 0x3C, 0xFF, 0xEF, 0x3C, 0xFF, 0xEF, 0x3C, 0xFF, 0xEF, 0x3C, 0xFF, 0xEF,
    0x5D, 0xFF, 0xEF, 0x5D, 0xFF, 0xFF, 0xBE, 0xFF, 0xCE, 0x59, 0xFF, 0xA4, 0xF3, 0xFF, 0xE6, 0xDB,
    0xFF, 0xFF, 0x9E, 0xFF, 0xE7, 0x1C, 0xFF, 0xEF, 0x3C, 0xFF, 0xEF, 0x3C, 0xFF, 0xEF, 0x3C, 0xFF,
    0xEF, 0x3C, 0xFF, 0xEF, 0x3C, 0xFF, 0xEF, 0x3D, 0xFF, 0xF7, 0x5D, 0xFF, 0xCE, 0x38, 0xFF, 0xDE,
    0xBB, 0xFF, 0xF7, 0x7D, 0xFF, 0xEF, 0x5D, 0xFF, 0xEF, 0x5D, 0xFF, 0xEF, 0x5D, 0xFF, 0xEF, 0x5D,
    0xFF, 0xEF, 0x5D, 0xFF, 0xEF, 0x5D, 0xFF, 0xEF, 0x3C, 0xFF, 0xEF, 0x3C, 0xFF, 0xEF, 0x3C, 0xFF,
    0xEF, 0x3C, 0xFF, 0xEF, 0x3C, 0xFF, 0xEF, 0x3C, 0xFF, 0xEF, 0x3C, 0xFF, 0xEF, 0x3C, 0xFF, 0xEF,
    0x3C, 0xFF, 0xEF, 0x3D, 0xFF, 0xF7, 0x7D, 0xFF, 0xD6, 0x9A, 0xFF, 0xAD, 0x15, 0xFF, 0xD6, 0x9A,
    0xFF, 0xFF, 0x9E, 0xFF, 0xEF, 0x3D, 0xFF, 0xF7, 0x7D, 0xFF, 0xFF, 0xFF, 0xFF, 0x9C, 0xD3, 0xFF,
    0x83, 0xF0, 0xFF, 0xDE, 0xBB, 0xFF, 0xFF, 0xBE, 0xFF, 0xE7, 0x1C, 0xFF, 0xEF, 0x3C, 0xFF, 0xEF,
    0x3D, 0xFF, 0xEF, 0x3D, 0xFF, 0xEF, 0x3D, 0xFF, 0xEF, 0x5D, 0xFF, 0xEF, 0x5D, 0xFF, 0xF7, 0x7D,
    0xFF, 0xEF, 0x3C, 0xFF, 0xF7, 0x5D, 0xFF, 0xFF, 0xDF, 0xFF, 0xA4, 0xD3, 0xFF, 0x7B, 0x8E, 0xFF,
    0xDE, 0xBA, 0xFF, 0xFF, 0xBE, 0xFF, 0xE6, 0xFB, 0xFF, 0xEF, 0x1C, 0xFF, 0xEF, 0x1C, 0xFF, 0xEF,
    0x3C, 0xFF, 0xEF, 0x3C, 0xFF, 0xEF, 0x1C, 0xFF, 0xFF, 0xFF, 0xFF, 0xBE, 0x18, 0xFF, 0x63, 0x2B,
    0xFF, 0xB5, 0x92, 0xFF, 0xFF, 0xFB, 0xFF, 0xFF, 0x39, 0xFF, 0xEF, 0x59, 0xFF, 0x6B, 0x4A, 0xFF,
    0x00, 0x60, 0xFF, 0x29, 0xE2, 0xFF, 0x4A, 0xE4, 0xFF, 0x3A, 0x43, 0xFF, 0x21, 0x22, 0xFF, 0x39,
    0x44, 0xFF, 0x7B, 0x4B, 0xFF, 0xDE, 0xB9, 0xFF, 0xFF, 0xBE, 0xFF, 0xF7, 0x3C, 0xFF, 0xFF, 0xDE,
    0xFF, 0xC6, 0x17, 0xFF, 0x63, 0x09, 0xFF, 0xA4, 0xEE, 0xFF, 0xC5, 0x8F, 0xFF, 0xBD, 0x0E, 0xFF,
    0xAC, 0xED, 0xFE, 0x42, 0x24, 0xFB, 0x63, 0x49, 0xFF, 0xBD, 0xF3, 0xFF, 0x8C, 0x2E, 0xFE, 0x9C,
    0xF3, 0xFF, 0xFF, 0xFF, 0xFF, 0xEF, 0x5D, 0xFF, 0xF7, 0x7D, 0xFF, 0xEF, 0x5D, 0xFF, 0xEF, 0x3C,
    0xFF, 0xE7, 0x1C, 0xFF, 0xE7, 0x1C, 0xFF, 0xE6, 0xFC, 0xFE, 0xDE, 0xDB, 0xFD, 0xF7, 0x9E, 0xF8,
    0xEF, 0x5D, 0xCA, 0x8C, 0x51, 0x69, 0x00, 0x00, 0x14, 0x00, 0x03, 0x08, 0x3A, 0xC2, 0x42, 0x9E,
    0x4A, 0xA2, 0xBF, 0x4F, 0xE2, 0xC7, 0x90, 0xFF, 0xC7, 0xB1, 0xFF, 0xC7, 0x70, 0xFF, 0xC7, 0x6F,
    0xEC, 0x9E, 0x8A, 0xB2, 0x4B, 0xE3, 0x50, 0x00, 0x02, 0x0C, 0x00, 0x00, 0x00, 0x07, 0xE0, 0x01,
    0x00, 0x00, 0x00, 0x00, 0x00, 0x00, 0x00, 0x00, 0x00, 0x00, 0x00, 0x00, 0x00, 0x00, 0x00, 0x00,
    0x00, 0x00, 0x00, 0x00, 0x00, 0x00, 0x00, 0x00, 0x00, 0x00, 0x00, 0x00, 0x00, 0x00, 0x00, 0x00,
    0x00, 0x00, 0x00, 0x00, 0x00, 0x00, 0x00, 0x00, 0x00, 0x00, 0x00, 0x00, 0x04, 0x00, 0x00, 0x21,
    0x00, 0x00, 0x21, 0x00, 0x00, 0x04, 0x00, 0x00, 0x00, 0x00, 0x00, 0x00, 0x00, 0x00, 0x00, 0x00,
    0x00, 0x00, 0x00, 0x00, 0x00, 0x00, 0x00, 0x00, 0x00, 0x00, 0x00, 0x00, 0x00, 0x00, 0x00, 0x00,
    0x00, 0x00, 0x00, 0x00, 0x00, 0x00, 0x00, 0x00, 0x00, 0x00, 0x00, 0x00, 0x00, 0x00, 0x00, 0x00,
    0x00, 0x00, 0x00, 0x00, 0x00, 0x00, 0x00, 0x00, 0x00, 0x00, 0x00, 0x00, 0x00, 0x00, 0x00, 0x00,
    0x00, 0x00, 0x00, 0x00, 0x00, 0x00, 0x00, 0x00, 0x00, 0x00, 0x00, 0x00, 0x00, 0x00, 0x00, 0x00,
    0x00, 0x00, 0x00, 0x00, 0x00, 0x00, 0x01, 0xFF, 0xFF, 0x01, 0x00, 0x00, 0x07, 0x6C, 0x09, 0x52,
    0x95, 0xAC, 0xC6, 0x95, 0x6D, 0xFD, 0xBD, 0xF5, 0xFE, 0xE7, 0x3B, 0xFF, 0xCE, 0x38, 0xFF, 0xBD,
    0xB7, 0xFF, 0xAD, 0x55, 0xFF, 0x9C, 0x92, 0xFF, 0xAD, 0x14, 0xFF, 0x83, 0xD0, 0xFF, 0x5A, 0xCB,
    0xFF, 0xC5, 0xF8, 0xFF, 0xFF, 0xFF, 0xFF, 0xE7, 0x1B, 0xFF, 0xEF, 0x5D, 0xFF, 0xEF, 0x5D, 0xFF,
    0xEF, 0x5D, 0xFF, 0xEF, 0x5D, 0xFF, 0xEF, 0x5D, 0xFF, 0xEF, 0x5D, 0xFF, 0xEF, 0x5C, 0xFF, 0xEF,
    0x3C, 0xFF, 0xEF, 0x3C, 0xFF, 0xEF, 0x3C, 0xFF, 0xEF, 0x3C, 0xFF, 0xEF, 0x3C, 0xFF, 0xEF, 0x3C,
    0xFF, 0xEF, 0x3C, 0xFF, 0xEF, 0x3C, 0xFF, 0xEF, 0x3C, 0xFF, 0xF7, 0x7D, 0xFF, 0xE6, 0xFB, 0xFF,
    0xAD, 0x34, 0xFF, 0xDE, 0xBA, 0xFF, 0xF7, 0x9E, 0xFF, 0xEF, 0x3C, 0xFF, 0xEF, 0x3C, 0xFF, 0xEF,
    0x3C, 0xFF, 0xEF, 0x3C, 0xFF, 0xEF, 0x3C, 0xFF, 0xEF, 0x3C, 0xFF, 0xEF, 0x5D, 0xFF, 0xF7, 0x5D,
    0xFF, 0xDE, 0x9A, 0xFF, 0xCE, 0x39, 0xFF, 0xEF, 0x3C, 0xFF, 0xEF, 0x5D, 0xFF, 0xEF, 0x3D, 0xFF,
    0xEF, 0x5D, 0xFF, 0xEF, 0x5C, 0xFF, 0xEF, 0x5C, 0xFF, 0xEF, 0x3C, 0xFF, 0xEF, 0x3C, 0xFF, 0xEF,
    0x3C, 0xFF, 0xEF, 0x3C, 0xFF, 0xEF, 0x3C, 0xFF, 0xEF, 0x3C, 0xFF, 0xEF, 0x3C, 0xFF, 0xEF, 0x3C,
    0xFF, 0xEF, 0x3C, 0xFF, 0xEF, 0x3C, 0xFF, 0xEF, 0x3C, 0xFF, 0xEF, 0x3C, 0xFF, 0xF7, 0x7D, 0xFF,
    0xE7, 0x1C, 0xFF, 0xB5, 0x56, 0xFF, 0xC5, 0xD7, 0xFF, 0xF7, 0x7D, 0xFF, 0xF7, 0x5D, 0xFF, 0xE7,
    0x1C, 0xFF, 0xF7, 0x7D, 0xFF, 0xF7, 0x7D, 0xFF, 0x8C, 0x31, 0xFF, 0x9C, 0xB3, 0xFF, 0xF7, 0x7D,
    0xFF, 0xF7, 0x9E, 0xFF, 0xEF, 0x1C, 0xFF, 0xEF, 0x5D, 0xFF, 0xEF, 0x5D, 0xFF, 0xEF, 0x5D, 0xFF,
    0xEF, 0x5D, 0xFF, 0xEF, 0x5D, 0xFF, 0xEF, 0x5D, 0xFF, 0xF7, 0x7D, 0xFF, 0xE7, 0x1C, 0xFF, 0xF7,
    0x7E, 0xFF, 0xEF, 0x5D, 0xFF, 0x94, 0x72, 0xFF, 0x8C, 0x31, 0xFF, 0xF7, 0x7D, 0xFF, 0xEF, 0x5C,
    0xFF, 0xE6, 0xFB, 0xFF, 0xEF, 0x1C, 0xFF, 0xEF, 0x3C, 0xFF, 0xEF, 0x5D, 0xFF, 0xEF, 0x3C, 0xFF,
    0xFF, 0xFF, 0xFF, 0xBD, 0xD7, 0xFF, 0x6B, 0x6C, 0xFF, 0xC5, 0xD4, 0xFF, 0xFF, 0xFC, 0xFF, 0xFF,
    0x9B, 0xFF, 0xE7, 0x19, 0xFF, 0x4A, 0x66, 0xFF, 0x00, 0x80, 0xFF, 0x29, 0xE2, 0xFF, 0x42, 0xA3,
    0xFF, 0x4B, 0x04, 0xFF, 0x21, 0x82, 0xFF, 0x21, 0x23, 0xFF, 0x52, 0x06, 0xFF, 0xB5, 0x53, 0xFF,
    0xFF, 0xBE, 0xFF, 0xF7, 0x3C, 0xFF, 0xF7, 0x7D, 0xFF, 0xFF, 0xBE, 0xFF, 0xA4, 0xF2, 0xFF, 0x52,
    0x46, 0xFF, 0x6A, 0xE7, 0xFF, 0x5A, 0x66, 0xFE, 0x83, 0x89, 0xFD, 0x8C, 0x0A, 0xFE, 0x39, 0xE3,
    0xFE, 0x94, 0x8F, 0xFF, 0xAD, 0x32, 0xFF, 0x84, 0x2F, 0xFF, 0xEF, 0x3C, 0xFF, 0xFF, 0xDE, 0xFF,
    0xEF, 0x5D, 0xFF, 0xEF, 0x5D, 0xFF, 0xEF, 0x3C, 0xFF, 0xE7, 0x1C, 0xFF, 0xE7, 0x1C, 0xFF, 0xE7,
    0x1C, 0xFF, 0xE7, 0x1C, 0xFE, 0xE6, 0xDB, 0xFE, 0xFF, 0xBE, 0xF5, 0xEF, 0x5C, 0xBD, 0x6B, 0x2D,
    0x58, 0x00, 0x00, 0x0E, 0x21, 0x24, 0x0D, 0x32, 0x41, 0x42, 0x8D, 0xC9, 0x83, 0xA6, 0xAC, 0xBC,
    0xAE, 0xED, 0xCD, 0xAE, 0xAD, 0xC4, 0x96, 0x29, 0x93, 0x43, 0x82, 0x4F, 0x00, 0x00, 0x16, 0x00,
    0x00, 0x00, 0x00, 0x00, 0x00, 0x00, 0x00, 0x00, 0x00, 0x00, 0x00, 0x00, 0x00, 0x00, 0x00, 0x00,
    0x00, 0x00, 0x00, 0x00, 0x00, 0x00, 0x00, 0x00, 0x00, 0x00, 0x00, 0x00, 0x00, 0x00, 0x00, 0x00,
    0x00, 0x00, 0x00, 0x00, 0x00, 0x00, 0x00, 0x00, 0x00, 0x00, 0x00, 0x00, 0x00, 0x00, 0x00, 0x00,
    0x00, 0x00, 0x00, 0x00, 0x04, 0x00, 0x20, 0x21, 0x00, 0x00, 0x21, 0x00, 0x00, 0x04, 0x00, 0x00,
    0x00, 0x00, 0x00, 0x00, 0x00, 0x00, 0x00, 0x00, 0x00, 0x00, 0x00, 0x00, 0x00, 0x00, 0x00, 0x00,
    0x00, 0x00, 0x00, 0x00, 0x00, 0x00, 0x00, 0x00, 0x00, 0x00, 0x00, 0x00, 0x00, 0x00, 0x00, 0x00,
    0x00, 0x00, 0x00, 0x00, 0x00, 0x00, 0x00, 0x00, 0x00, 0x00, 0x00, 0x00, 0x00, 0x00, 0x00, 0x00,
    0x00, 0x00, 0x00, 0x00, 0x00, 0x00, 0x00, 0x00, 0x00, 0x00, 0x00, 0x00, 0x00, 0x00, 0x00, 0x00,
    0x00, 0x00, 0x00, 0x00, 0x00, 0x00, 0x00, 0x00, 0x00, 0x00, 0x00, 0x00, 0x00, 0x00, 0x00, 0x00,
    0x00, 0x00, 0x10, 0xA1, 0x22, 0x8D, 0x2C, 0x84, 0x9D, 0x8E, 0xE1, 0xAD, 0xB2, 0xFD, 0xDF, 0x1A,
    0xFE, 0xB5, 0xB6, 0xFF, 0xA5, 0x14, 0xFF, 0xA4, 0xF3, 0xFF, 0x8C, 0x51, 0xFF, 0x94, 0x72, 0xFF,
    0xAD, 0x14, 0xFF, 0x52, 0x6A, 0xFF, 0x94, 0x92, 0xFF, 0xFF, 0x9E, 0xFF, 0xEF, 0x5D, 0xFF, 0xEF,
    0x3C, 0xFF, 0xEF, 0x5D, 0xFF, 0xEF, 0x5D, 0xFF, 0xEF, 0x5D, 0xFF, 0xEF, 0x3D, 0xFF, 0xEF, 0x5D,
    0xFF, 0xEF, 0x5D, 0xFF, 0xEF, 0x5D, 0xFF, 0xEF, 0x3C, 0xFF, 0xEF, 0x3C, 0xFF, 0xEF, 0x3C, 0xFF,
    0xEF, 0x3C, 0xFF, 0xEF, 0x3C, 0xFF, 0xEF, 0x3C, 0xFF, 0xEF, 0x3C, 0xFF, 0xEF, 0x3C, 0xFF, 0xF7,
    0x5D, 0xFF, 0xEF, 0x5D, 0xFF, 0xB5, 0x96, 0xFF, 0xCE, 0x59, 0xFF, 0xF7, 0x7D, 0xFF, 0xEF, 0x5D,
    0xFF, 0xEF, 0x3C, 0xFF, 0xEF, 0x3C, 0xFF, 0xEF, 0x3C, 0xFF, 0xEF, 0x3C, 0xFF, 0xEF, 0x3C, 0xFF,
    0xEF, 0x3C, 0xFF, 0xEF, 0x5D, 0xFF, 0xEF, 0x3C, 0xFF, 0xCE, 0x18, 0xFF, 0xE6, 0xDB, 0xFF, 0xEF,
    0x5D, 0xFF, 0xEF, 0x3C, 0xFF, 0xEF, 0x3C, 0xFF, 0xEF, 0x5D, 0xFF, 0xEF, 0x3C, 0xFF, 0xEF, 0x3C,
    0xFF, 0xEF, 0x3C, 0xFF, 0xEF, 0x3C, 0xFF, 0xEF, 0x3C, 0xFF, 0xEF, 0x3C, 0xFF, 0xEF, 0x3C, 0xFF,
    0xEF, 0x5D, 0xFF, 0xEF, 0x5D, 0xFF, 0xEF, 0x5C, 0xFF, 0xEF, 0x3C, 0xFF, 0xEF, 0x5C, 0xFF, 0xEF,
    0x5C, 0xFF, 0xEF, 0x3C, 0xFF, 0xF7, 0x7D, 0xFF, 0xEF, 0x5D, 0xFF, 0xC5, 0xD8, 0xFF, 0xAD, 0x56,
    0xFF, 0xEF, 0x3C, 0xFF, 0xF7, 0x5D, 0xFF, 0xEF, 0x3C, 0xFF, 0xE6, 0xDB, 0xFF, 0xFF, 0xBE, 0xFF,
    0xDE, 0x9A, 0xFF, 0x84, 0x10, 0xFF, 0xBD, 0x96, 0xFF, 0xFF, 0xDF, 0xFF, 0xEF, 0x3D, 0xFF, 0xEF,
    0x5D, 0xFF, 0xEF, 0x5D, 0xFF, 0xEF, 0x5D, 0xFF, 0xEF, 0x5D, 0xFF, 0xEF, 0x5D, 0xFF, 0xEF, 0x5D,
    0xFF, 0xEF, 0x5D, 0xFF, 0xEF, 0x5D, 0xFF, 0xE6, 0xFB, 0xFF, 0xFF, 0x9E, 0xFF, 0xDE, 0xBB, 0xFF,
    0x8C, 0x31, 0xFF, 0xAD, 0x34, 0xFF, 0xFF, 0xBE, 0xFF, 0xEF, 0x1C, 0xFF, 0xEF, 0x1C, 0xFF, 0xEF,
    0x3C, 0xFF, 0xEF, 0x5D, 0xFF, 0xEF, 0x3C, 0xFF, 0xFF, 0xFF, 0xFF, 0xBD, 0xF7, 0xFF, 0x73, 0xAD,
    0xFF, 0xC6, 0x16, 0xFF, 0xFF, 0xFE, 0xFF, 0xFF, 0xDC, 0xFF, 0xCE, 0x35, 0xFF, 0x29, 0x83, 0xFF,
    0x08, 0xC0, 0xFF, 0x21, 0xA2, 0xFF, 0x3A, 0x83, 0xFF, 0x42, 0xE4, 0xFF, 0x3A, 0x64, 0xFF, 0x11,
    0x02, 0xFF, 0x18, 0xC2, 0xFF, 0x7B, 0x8D, 0xFF, 0xDE, 0xDA, 0xFF, 0xFF, 0xBE, 0xFF, 0xEF, 0x3C,
    0xFF, 0xFF, 0xDE, 0xFF, 0xD6, 0x99, 0xFF, 0x52, 0x06, 0xFF, 0x9C, 0x90, 0xFF, 0xB5, 0x93, 0xFF,
    0xAD, 0x31, 0xFE, 0xB5, 0x70, 0xFE, 0x62, 0xE7, 0xFF, 0x6B, 0x29, 0xFF, 0xB5, 0x93, 0xFF, 0x9C,
    0xD1, 0xFF, 0xB5, 0x74, 0xFF, 0xFF, 0xFF, 0xFF, 0xEF, 0x5D, 0xFF, 0xEF, 0x5D, 0xFF, 0xEF, 0x3C,
    0xFF, 0xE7, 0x1C, 0xFF, 0xE7, 0x1C, 0xFF, 0xEF, 0x1C, 0xFF, 0xEF, 0x1C, 0xFF, 0xE7, 0x1C, 0xFE,
    0xEF, 0x3C, 0xFF, 0xFF, 0xDF, 0xF2, 0xE6, 0xFB, 0xB0, 0x49, 0xE7, 0x46, 0x00, 0x00, 0x08, 0x39,
    0xE7, 0x04, 0x00, 0x00, 0x16, 0x11, 0x80, 0x38, 0x2A, 0xA0, 0x47, 0x21, 0xE0, 0x3E, 0x00, 0x00,
    0x1D, 0x00, 0x00, 0x07, 0xFF, 0xFF, 0x01, 0x00, 0x00, 0x01, 0x00, 0x00, 0x00, 0x00, 0x00, 0x00,
    0x00, 0x00, 0x00, 0x00, 0x00, 0x00, 0x00, 0x00, 0x00, 0x00, 0x00, 0x00, 0x00, 0x00, 0x00, 0x00,
    0x00, 0x00, 0x00, 0x00, 0x00, 0x00, 0x00, 0x00, 0x00, 0x00, 0x00, 0x00, 0x00, 0x00, 0x00, 0x00,
    0x00, 0x00, 0x00, 0x00, 0x00, 0x00, 0x00, 0x00, 0x00, 0x00, 0x00, 0x00, 0x04, 0x00, 0x20, 0x21,
    0x00, 0x00, 0x21, 0x00, 0x00, 0x04, 0x00, 0x00, 0x00, 0x00, 0x00, 0x00, 0x00, 0x00, 0x00, 0x00,
    0x00, 0x00, 0x00, 0x00, 0x00, 0x00, 0x00, 0x00, 0x00, 0x00, 0x00, 0x00, 0x00, 0x00, 0x00, 0x00,
    0x00, 0x00, 0x00, 0x00, 0x00, 0x00, 0x00, 0x00, 0x00, 0x00, 0x00, 0x00, 0x00, 0x00, 0x00, 0x00,
    0x00, 0x00, 0x00, 0x00, 0x00, 0x00, 0x00, 0x00, 0x00, 0x00, 0x00, 0x00, 0x00, 0x00, 0x00, 0x00,
    0x00, 0x00, 0x00, 0x00, 0x00, 0x00, 0x00, 0x00, 0x00, 0x00, 0x00, 0x00, 0x00, 0x00, 0x00, 0x00,
    0x00, 0x00, 0x00, 0x00, 0x00, 0x00, 0x01, 0x08, 0x61, 0x12, 0x63, 0xA9, 0x60, 0x85, 0x0C, 0xC7,
    0xAD, 0xF1, 0xFB, 0xCE, 0x77, 0xFF, 0xB5, 0xB6, 0xFE, 0x94, 0x92, 0xFF, 0x9C, 0xD2, 0xFF, 0x8C,
    0x51, 0xFF, 0x94, 0x71, 0xFF, 0xD6, 0x79, 0xFF, 0x94, 0x92, 0xFF, 0x83, 0xEF, 0xFF, 0xDE, 0xDB,
    0xFF, 0xFF, 0x9E, 0xFF, 0xE6, 0xFB, 0xFF, 0xEF, 0x5D, 0xFF, 0xEF, 0x3C, 0xFF, 0xEF, 0x3C, 0xFF,
    0xEF, 0x3C, 0xFF, 0xEF, 0x3C, 0xFF, 0xEF, 0x3C, 0xFF, 0xEF, 0x3D, 0xFF, 0xEF, 0x3D, 0xFF, 0xEF,
    0x3D, 0xFF, 0xEF, 0x3C, 0xFF, 0xEF, 0x3C, 0xFF, 0xEF, 0x3C, 0xFF, 0xEF, 0x3C, 0xFF, 0xEF, 0x3C,
    0xFF, 0xEF, 0x3C, 0xFF, 0xEF, 0x5D, 0xFF, 0xF7, 0x7D, 0xFF, 0xCE, 0x38, 0xFF, 0xC5, 0xF7, 0xFF,
    0xEF, 0x5D, 0xFF, 0xEF, 0x5D, 0xFF, 0xEF, 0x3C, 0xFF, 0xEF, 0x3D, 0xFF, 0xEF, 0x5D, 0xFF, 0xEF,
    0x5D, 0xFF, 0xEF, 0x3C, 0xFF, 0xEF, 0x3C, 0xFF, 0xEF, 0x5D, 0xFF, 0xEF, 0x5D, 0xFF, 0xDE, 0x9A,
    0xFF, 0xCE, 0x59, 0xFF, 0xEF, 0x3C, 0xFF, 0xEF, 0x5C, 0xFF, 0xEF, 0x3C, 0xFF, 0xEF, 0x3C, 0xFF,
    0xEF, 0x3C, 0xFF, 0xEF, 0x3C, 0xFF, 0xEF, 0x3C, 0xFF, 0xEF, 0x3C, 0xFF, 0xEF, 0x3C, 0xFF, 0xEF,
    0x3C, 0xFF, 0xEF, 0x3C, 0xFF, 0xEF, 0x3C, 0xFF, 0xEF, 0x3C, 0xFF, 0xEF, 0x3C, 0xFF, 0xEF, 0x5D,
    0xFF, 0xEF, 0x5D, 0xFF, 0xEF, 0x5D, 0xFF, 0xEF, 0x5D, 0xFF, 0xEF, 0x3C, 0xFF, 0xEF, 0x5D, 0xFF,
    0xF7, 0x5D, 0xFF, 0xD6, 0x59, 0xFF, 0xAD, 0x15, 0xFF, 0xDE, 0xDB, 0xFF, 0xEF, 0x5D, 0xFF, 0xEF,
    0x1C, 0xFF, 0xE7, 0x1C, 0xFF, 0xE6, 0xFB, 0xFF, 0xFF, 0xDF, 0xFF, 0xB5, 0x76, 0xFF, 0x8C, 0x51,
    0xFF, 0xDE, 0xDB, 0xFF, 0xFF, 0xDE, 0xFF, 0xEF, 0x3C, 0xFF, 0xF7, 0x5D, 0xFF, 0xEF, 0x5D, 0xFF,
    0xEF, 0x5D, 0xFF, 0xEF, 0x5D, 0xFF, 0xEF, 0x5D, 0xFF, 0xEF, 0x3D, 0xFF, 0xEF, 0x3D, 0xFF, 0xEF,
    0x3C, 0xFF, 0xE7, 0x1C, 0xFF, 0xFF, 0x9E, 0xFF, 0xCE, 0x39, 0xFF, 0x83, 0xF0, 0xFF, 0xD6, 0x59,
    0xFF, 0xFF, 0x9E, 0xFF, 0xE6, 0xFB, 0xFF, 0xEF, 0x3C, 0xFF, 0xEF, 0x5D, 0xFF, 0xEF, 0x3C, 0xFF,
    0xFF, 0xFF, 0xFF, 0xBE, 0x18, 0xFF, 0x7B, 0xCD, 0xFF, 0xC6, 0x15, 0xFF, 0xFF, 0xFE, 0xFF, 0xFF,
    0x7A, 0xFF, 0xB5, 0x51, 0xFF, 0x19, 0x21, 0xFF, 0x11, 0x01, 0xFF, 0x19, 0x41, 0xFF, 0x3A, 0x64,
    0xFF, 0x42, 0xA4, 0xFF, 0x4A, 0xE5, 0xFF, 0x29, 0xA3, 0xFF, 0x10, 0xA1, 0xFF, 0x41, 0xE7, 0xFF,
    0xBD, 0x95, 0xFF, 0xFF, 0xDE, 0xFF, 0xEF, 0x7D, 0xFF, 0xFF, 0xBE, 0xFF, 0xCE, 0x38, 0xFF, 0x62,
    0xA8, 0xFF, 0xEF, 0x39, 0xFF, 0xFF, 0xFC, 0xFF, 0xFF, 0xDB, 0xFF, 0xFF, 0xDA, 0xFF, 0xDE, 0x74,
    0xFF, 0x8C, 0x4B, 0xFF, 0xB5, 0x71, 0xFF, 0xB5, 0x72, 0xFF, 0x9C, 0x91, 0xFF, 0xFF, 0xFF, 0xFF,
    0xF7, 0x7E, 0xFF, 0xF7, 0x5D, 0xFF, 0xEF, 0x3D, 0xFF, 0xEF, 0x3C, 0xFF, 0xE7, 0x1C, 0xFF, 0xE7,
    0x1C, 0xFF, 0xEF, 0x3C, 0xFF, 0xEF, 0x3C, 0xFF, 0xE7, 0x1C, 0xFE, 0xEF, 0x7D, 0xFF, 0xFF, 0xDF,
    0xED, 0xD6, 0x9A, 0x9E, 0x18, 0xC3, 0x33, 0x7B, 0xEF, 0x02, 0xFF, 0xEF, 0x02, 0x4A, 0x44, 0x07,
    0x18, 0xE3, 0x08, 0x21, 0x24, 0x07, 0xAD, 0x4A, 0x03, 0xFF, 0xE0, 0x01, 0x00, 0x00, 0x01, 0x00,
    0x00, 0x00, 0x00, 0x00, 0x00, 0x00, 0x00, 0x00, 0x00, 0x00, 0x00, 0x00, 0x00, 0x00, 0x00, 0x00,
    0x00, 0x00, 0x00, 0x00, 0x00, 0x00, 0x00, 0x00, 0x00, 0x00, 0x00, 0x00, 0x00, 0x00, 0x00, 0x00,
    0x00, 0x00, 0x00, 0x00, 0x00, 0x00, 0x00, 0x00, 0x00, 0x00, 0x00, 0x00, 0x00, 0x00, 0x00, 0x00,
    0x00, 0x00, 0x00, 0x00, 0x04, 0x00, 0x00, 0x21, 0x00, 0x00, 0x21, 0x00, 0x00, 0x04, 0x00, 0x00,
    0x00, 0x00, 0x00, 0x00, 0x00, 0x00, 0x00, 0x00, 0x00, 0x00, 0x00, 0x00, 0x00, 0x00, 0x00, 0x00,
    0x00, 0x00, 0x00, 0x00, 0x00, 0x00, 0x00, 0x00, 0x00, 0x00, 0x00, 0x00, 0x00, 0x00, 0x00, 0x00,
    0x00, 0x00, 0x00, 0x00, 0x00, 0x00, 0x00, 0x00, 0x00, 0x00, 0x00, 0x00, 0x00, 0x00, 0x00, 0x00,
    0x00, 0x00, 0x00, 0x00, 0x00, 0x00, 0x00, 0x00, 0x00, 0x00, 0x00, 0x00, 0x00, 0x00, 0x00, 0x00,
    0x00, 0x00, 0x00, 0x00, 0x00, 0x00, 0x00, 0x00, 0x01, 0x00, 0x00, 0x00, 0x08, 0x41, 0x16, 0x6B,
    0x6C, 0x58, 0x74, 0x4B, 0xBB, 0x8D, 0x4C, 0xF8, 0xBE, 0x73, 0xFF, 0xA5, 0x53, 0xFE, 0x73, 0x8F,
    0xFF, 0x9C, 0xF3, 0xFF, 0xCE, 0x59, 0xFF, 0xE7, 0x1C, 0xFF, 0xFF, 0xDF, 0xFF, 0xC6, 0x18, 0xFF,
    0x6B, 0x0C, 0xFF, 0xCE, 0x59, 0xFF, 0xFF, 0xBE, 0xFF, 0xE6, 0xFB, 0xFF, 0xF7, 0x5D, 0xFF, 0xEF,
    0x5D, 0xFF, 0xEF, 0x3C, 0xFF, 0xEF, 0x3C, 0xFF, 0xEF, 0x3C, 0xFF, 0xEF, 0x3C, 0xFF, 0xEF, 0x3C,
    0xFF, 0xEF, 0x5D, 0xFF, 0xEF, 0x5D, 0xFF, 0xEF, 0x5D, 0xFF, 0xEF, 0x5C, 0xFF, 0xEF, 0x5C, 0xFF,
    0xEF, 0x3C, 0xFF, 0xEF, 0x3C, 0xFF, 0xEF, 0x3C, 0xFF, 0xEF, 0x3C, 0xFF, 0xEF, 0x5D, 0xFF, 0xDE,
    0xDB, 0xFF, 0xBD, 0xB6, 0xFF, 0xEF, 0x3C, 0xFF, 0xF7, 0x5D, 0xFF, 0xEF, 0x3C, 0xFF, 0xEF, 0x3C,
    0xFF, 0xEF, 0x3D, 0xFF, 0xEF, 0x5D, 0xFF, 0xEF, 0x5D, 0xFF, 0xEF, 0x5D, 0xFF, 0xEF, 0x5D, 0xFF,
    0xEF, 0x5D, 0xFF, 0xEF, 0x3C, 0xFF, 0xCE, 0x18, 0xFF, 0xE6, 0xFB, 0xFF, 0xEF, 0x3C, 0xFF, 0xEF,
    0x3C, 0xFF, 0xEF, 0x3C, 0xFF, 0xEF, 0x3C, 0xFF, 0xEF, 0x3C, 0xFF, 0xEF, 0x3C, 0xFF, 0xEF, 0x3C,
    0xFF, 0xEF, 0x3C, 0xFF, 0xEF, 0x3C, 0xFF, 0xEF, 0x5D, 0xFF, 0xEF, 0x5D, 0xFF, 0xEF, 0x5C, 0xFF,
    0xEF, 0x5D, 0xFF, 0xEF, 0x3D, 0xFF, 0xEF, 0x5D, 0xFF, 0xEF, 0x5D, 0xFF, 0xEF, 0x5D, 0xFF, 0xEF,
    0x5D, 0xFF, 0xEF, 0x3C, 0xFF, 0xEF, 0x3C, 0xFF, 0xF7, 0x5D, 0xFF, 0xDE, 0xDB, 0xFF, 0xAD, 0x35,
    0xFF, 0xD6, 0x79, 0xFF, 0xEF, 0x5D, 0xFF, 0xEF, 0x1C, 0xFF, 0xEF, 0x1C, 0xFF, 0xE6, 0xFB, 0xFF,
    0xF7, 0x7D, 0xFF, 0xEF, 0x5D, 0xFF, 0xA4, 0xD3, 0xFF, 0xAD, 0x34, 0xFF, 0xFF, 0xDF, 0xFF, 0xF7,
    0x7D, 0xFF, 0xF7, 0x5D, 0xFF, 0xEF, 0x5D, 0xFF, 0xEF, 0x5D, 0xFF, 0xEF, 0x5D, 0xFF, 0xEF, 0x5D,
    0xFF, 0xEF, 0x3C, 0xFF, 0xEF, 0x3C, 0xFF, 0xEF, 0x3C, 0xFF, 0xE7, 0x1C, 0xFF, 0xF7, 0x3D, 0xFF,
    0xF7, 0x5D, 0xFF, 0xB5, 0x76, 0xFF, 0x8C, 0x31, 0xFF, 0xEF, 0x5D, 0xFF, 0xEF, 0x5C, 0xFF, 0xEF,
    0x1C, 0xFF, 0xEF, 0x5D, 0xFF, 0xEF, 0x3C, 0xFF, 0xFF, 0xFF, 0xFF, 0xDE, 0xDB, 0xFF, 0x73, 0x8D,
    0xFF, 0xA4, 0xCF, 0xFF, 0xFF, 0x37, 0xFF, 0xF6, 0xB6, 0xFF, 0xC5, 0x91, 0xFF, 0x21, 0x42, 0xFF,
    0x10, 0xC1, 0xFF, 0x11, 0x01, 0xFF, 0x32, 0x23, 0xFF, 0x42, 0xC4, 0xFF, 0x4A, 0xC5, 0xFF, 0x4A,
    0xA5, 0xFF, 0x6B, 0x48, 0xFF, 0x5A, 0x67, 0xFF, 0x9C, 0x71, 0xFF, 0xFF, 0xFF, 0xFF, 0xFF, 0xDF,
    0xFF, 0xFF, 0xDF, 0xFF, 0xC6, 0x17, 0xFF, 0x62, 0xC9, 0xFF, 0xE6, 0xF8, 0xFF, 0xF7, 0x7A, 0xFF,
    0xEF, 0x5A, 0xFF, 0xF7, 0x59, 0xFF, 0xC5, 0xB2, 0xFF, 0x73, 0x49, 0xFF, 0x94, 0x6D, 0xFF, 0xB5,
    0x70, 0xFF, 0x9C, 0x8F, 0xFF, 0xD6, 0x9A, 0xFF, 0xFF, 0xFF, 0xFF, 0xF7, 0x5D, 0xFF, 0xF7, 0x7D,
    0xFF, 0xEF, 0x5D, 0xFF, 0xEF, 0x5C, 0xFF, 0xEF, 0x5D, 0xFF, 0xEF, 0x3C, 0xFF, 0xEF, 0x3C, 0xFF,
    0xEF, 0x3C, 0xFF, 0xE7, 0x1C, 0xFF, 0xF7, 0xBE, 0xFF, 0xFF, 0xDF, 0xE4, 0xBD, 0xD6, 0x88, 0x00,
    0x20, 0x21, 0x00, 0x00, 0x00, 0x00, 0x00, 0x00, 0x00, 0x00, 0x00, 0x00, 0x00, 0x00, 0x00, 0x00,
    0x00, 0x00, 0x00, 0x00, 0x00, 0x00, 0x00, 0x00, 0x00, 0x00, 0x00, 0x00, 0x00, 0x00, 0x00, 0x00,
    0x00, 0x00, 0x00, 0x00, 0x00, 0x00, 0x00, 0x00, 0x00, 0x00, 0x00, 0x00, 0x00, 0x00, 0x00, 0x00,
    0x00, 0x00, 0x00, 0x00, 0x00, 0x00, 0x00, 0x00, 0x00, 0x00, 0x00, 0x00, 0x00, 0x00, 0x00, 0x00,
    0x00, 0x00, 0x00, 0x00, 0x00, 0x00, 0x00, 0x00, 0x00, 0x00, 0x00, 0x00, 0x04, 0x00, 0x20, 0x21,
    0x00, 0x00, 0x21, 0x00, 0x00, 0x04, 0x00, 0x00, 0x00, 0x00, 0x00, 0x00, 0x00, 0x00, 0x00, 0x00,
    0x00, 0x00, 0x00, 0x00, 0x00, 0x00, 0x00, 0x00, 0x00, 0x00, 0x00, 0x00, 0x00, 0x00, 0x00, 0x00,
    0x00, 0x00, 0x00, 0x00, 0x00, 0x00, 0x00, 0x00, 0x00, 0x00, 0x00, 0x00, 0x00, 0x00, 0x00, 0x00,
    0x00, 0x00, 0x00, 0x00, 0x00, 0x00, 0x00, 0x00, 0x00, 0x00, 0x00, 0x00, 0x00, 0x00, 0x00, 0x00,
    0x00, 0x00, 0x00, 0x00, 0x00, 0x00, 0x00, 0x00, 0x00, 0x00, 0x00, 0x00, 0x00, 0x00, 0x00, 0x00,
    0x00, 0x00, 0x00, 0x14, 0x8C, 0x72, 0x5B, 0x73, 0xED, 0xBF, 0x74, 0x8A, 0xF9, 0xA6, 0x0F, 0xFF,
    0x8C, 0xCF, 0xFE, 0x6B, 0x4D, 0xFF, 0xBD, 0xB7, 0xFF, 0xFF, 0xBE, 0xFF, 0xFF, 0xFF, 0xFF, 0xFF,
    0xFF, 0xFF, 0xF7, 0x9D, 0xFF, 0x62, 0xEB, 0xFF, 0xA5, 0x14, 0xFF, 0xF7, 0xBE, 0xFF, 0xEF, 0x5D,
    0xFF, 0xEF, 0x5D, 0xFF, 0xFF, 0x9E, 0xFF, 0xEF, 0x3C, 0xFF, 0xEF, 0x1C, 0xFF, 0xEF, 0x3C, 0xFF,
    0xEF, 0x3C, 0xFF, 0xEF, 0x3C, 0xFF, 0xEF, 0x3C, 0xFF, 0xEF, 0x5D, 0xFF, 0xEF, 0x5D, 0xFF, 0xEF,
    0x5D, 0xFF, 0xEF, 0x3C, 0xFF, 0xEF, 0x3D, 0xFF, 0xEF, 0x3D, 0xFF, 0xEF, 0x3C, 0xFF, 0xEF, 0x3C,
    0xFF, 0xF7, 0x5D, 0xFF, 0xEF, 0x1C, 0xFF, 0xBD, 0xD7, 0xFF, 0xDE, 0x9A, 0xFF, 0xF7, 0x5D, 0xFF,
    0xEF, 0x3C, 0xFF, 0xEF, 0x3C, 0xFF, 0xEF, 0x3D, 0xFF, 0xEF, 0x5D, 0xFF, 0xEF, 0x5D, 0xFF, 0xEF,
    0x5D, 0xFF, 0xEF, 0x3D, 0xFF, 0xEF, 0x5D, 0xFF, 0xEF, 0x5D, 0xFF, 0xDE, 0xDB, 0xFF, 0xCE, 0x59,
    0xFF, 0xEF, 0x3C, 0xFF, 0xEF, 0x3C, 0xFF, 0xEF, 0x3C, 0xFF, 0xEF, 0x3C, 0xFF, 0xEF, 0x3C, 0xFF,
    0xEF, 0x3C, 0xFF, 0xEF, 0x3C, 0xFF, 0xEF, 0x3C, 0xFF, 0xEF, 0x3C, 0xFF, 0xEF, 0x3C, 0xFF, 0xEF,
    0x3C, 0xFF, 0xEF, 0x3C, 0xFF, 0xEF, 0x5D, 0xFF, 0xEF, 0x5D, 0xFF, 0xEF, 0x5D, 0xFF, 0xEF, 0x5D,
    0xFF, 0xEF, 0x5D, 0xFF, 0xEF, 0x5D, 0xFF, 0xEF, 0x5D, 0xFF, 0xEF, 0x5D, 0xFF, 0xEF, 0x3C, 0xFF,
    0xEF, 0x5D, 0xFF, 0xE7, 0x1C, 0xFF, 0xB5, 0x96, 0xFF, 0xC6, 0x18, 0xFF, 0xEF, 0x5D, 0xFF, 0xEF,
    0x1C, 0xFF, 0xEF, 0x1C, 0xFF, 0xEF, 0x1C, 0xFF, 0xE6, 0xFB, 0xFF, 0xFF, 0xDF, 0xFF, 0xD6, 0x79,
    0xFF, 0x9C, 0xB3, 0xFF, 0xD6, 0x9A, 0xFF, 0xFF, 0xFF, 0xFF, 0xEF, 0x5D, 0xFF, 0xEF, 0x5D, 0xFF,
    0xEF, 0x5D, 0xFF, 0xEF, 0x5D, 0xFF, 0xEF, 0x5D, 0xFF, 0xEF, 0x3C, 0xFF, 0xEF, 0x3C, 0xFF, 0xEF,
    0x1C, 0xFF, 0xEF, 0x3C, 0xFF, 0xE7, 0x1C, 0xFF, 0xF7, 0x7D, 0xFF, 0xE6, 0xFB, 0xFF, 0x94, 0x92,
    0xFF, 0xB5, 0x55, 0xFF, 0xFF, 0x9E, 0xFF, 0xEF, 0x3C, 0xFF, 0xEF, 0x3C, 0xFF, 0xEF, 0x3C, 0xFF,
    0xF7, 0x7E, 0xFF, 0xFF, 0xDF, 0xFF, 0x83, 0xEF, 0xFF, 0x73, 0x09, 0xFF, 0xD5, 0xB1, 0xFF, 0xEE,
    0x94, 0xFF, 0xD6, 0x12, 0xFF, 0x3A, 0x04, 0xFF, 0x00, 0x60, 0xFF, 0x19, 0x01, 0xFF, 0x21, 0x82,
    0xFF, 0x42, 0xC4, 0xFF, 0x42, 0xC5, 0xFF, 0x52, 0xC5, 0xFF, 0x9C, 0xCC, 0xFF, 0x83, 0xCA, 0xFF,
    0x83, 0xCE, 0xFF, 0xC5, 0xF7, 0xFF, 0xCE, 0x38, 0xFF, 0xFF, 0xFF, 0xFF, 0xCE, 0x79, 0xFF, 0x73,
    0x6B, 0xFF, 0xEF, 0x19, 0xFF, 0xF7, 0x7A, 0xFF, 0xF7, 0x5A, 0xFF, 0xF7, 0x9A, 0xFF, 0x6B, 0x4A,
    0xFF, 0x00, 0x00, 0xFF, 0x29, 0x43, 0xFF, 0x9C, 0x8D, 0xFF, 0x9C, 0x6C, 0xFF, 0x6B, 0x6B, 0xFF,
    0xEF, 0x7E, 0xFF, 0xFF, 0xFF, 0xFF, 0xF7, 0x9D, 0xFF, 0xF7, 0x9D, 0xFF, 0xF7, 0xBE, 0xFF, 0xFF,
    0xDE, 0xFF, 0xF7, 0x9E, 0xFF, 0xF7, 0x7D, 0xFF, 0xF7, 0x7D, 0xFF, 0xEF, 0x3C, 0xFF, 0xEF, 0x3C,
    0xFF, 0xFF, 0xBE, 0xFB, 0xF7, 0xBE, 0xD1, 0x8C, 0x51, 0x70, 0x00, 0x00, 0x19, 0x00, 0x00, 0x00,
    0x00, 0x00, 0x00, 0x00, 0x00, 0x00, 0x00, 0x00, 0x00, 0x00, 0x00, 0x00, 0x00, 0x00, 0x00, 0x00,
    0x00, 0x00, 0x00, 0x00, 0x00, 0x00, 0x00, 0x00, 0x00, 0x00, 0x00, 0x00, 0x00, 0x00, 0x00, 0x00,
    0x00, 0x00, 0x00, 0x00, 0x00, 0x00, 0x00, 0x00, 0x00, 0x00, 0x00, 0x00, 0x00, 0x00, 0x00, 0x00,
    0x00, 0x00, 0x00, 0x00, 0x00, 0x00, 0x00, 0x00, 0x00, 0x00, 0x00, 0x00, 0x00, 0x00, 0x00, 0x00,
    0x00, 0x00, 0x00, 0x00, 0x04, 0x00, 0x20, 0x21, 0x00, 0x00, 0x21, 0x00, 0x00, 0x04, 0x00, 0x00,
    0x00, 0x00, 0x00, 0x00, 0x00, 0x00, 0x00, 0x00, 0x00, 0x00, 0x00, 0x00, 0x00, 0x00, 0x00, 0x00,
    0x00, 0x00, 0x00, 0x00, 0x00, 0x00, 0x00, 0x00, 0x00, 0x00, 0x00, 0x00, 0x00, 0x00, 0x00, 0x00,
    0x00, 0x00, 0x00, 0x00, 0x00, 0x00, 0x00, 0x00, 0x00, 0x00, 0x00, 0x00, 0x00, 0x00, 0x00, 0x00,
    0x00, 0x00, 0x00, 0x00, 0x00, 0x00, 0x00, 0x00, 0x00, 0x00, 0x00, 0x00, 0x00, 0x00, 0x00, 0x00,
    0x00, 0x00, 0x00, 0x00, 0x00, 0x00, 0x19, 0x86, 0x0A, 0x63, 0x2C, 0x51, 0xAD, 0x96, 0x99, 0x6B,
    0xEA, 0xE1, 0x85, 0x0A, 0xFF, 0x7C, 0xCB, 0xFF, 0x6B, 0xAC, 0xFF, 0xCE, 0x39, 0xFF, 0xFF, 0xFF,
    0xFF, 0xFF, 0xFF, 0xFF, 0xFF, 0xDF, 0xFF, 0xFF, 0xFF, 0xFF, 0x94, 0x92, 0xFF, 0x7B, 0xCF, 0xFF,
    0xEF, 0x5D, 0xFF, 0xFF, 0xBE, 0xFF, 0xEF, 0x3C, 0xFF, 0xFF, 0xBE, 0xFF, 0xF7, 0x5D, 0xFF, 0xE7,
    0x1C, 0xFF, 0xEF, 0x3C, 0xFF, 0xEF, 0x3C, 0xFF, 0xEF, 0x3C, 0xFF, 0xEF, 0x3C, 0xFF, 0xEF, 0x3C,
    0xFF, 0xEF, 0x5D, 0xFF, 0xEF, 0x5D, 0xFF, 0xEF, 0x5D, 0xFF, 0xEF, 0x5D, 0xFF, 0xEF, 0x5D, 0xFF,
    0xEF, 0x5D, 0xFF, 0xEF, 0x3C, 0xFF, 0xEF, 0x5D, 0xFF, 0xEF, 0x3C, 0xFF, 0xCE, 0x59, 0xFF, 0xC5,
    0xF8, 0xFF, 0xEF, 0x5D, 0xFF, 0xEF, 0x3C, 0xFF, 0xEF, 0x3C, 0xFF, 0xEF, 0x3C, 0xFF, 0xEF, 0x3D,
    0xFF, 0xEF, 0x3D, 0xFF, 0xEF, 0x5D, 0xFF, 0xEF, 0x5D, 0xFF, 0xEF, 0x3D, 0xFF, 0xF7, 0x5D, 0xFF,
    0xEF, 0x3C, 0xFF, 0xD6, 0x7A, 0xFF, 0xE6, 0xDB, 0xFF, 0xEF, 0x5D, 0xFF, 0xEF, 0x3C, 0xFF, 0xEF,
    0x3C, 0xFF, 0xEF, 0x3C, 0xFF, 0xEF, 0x3C, 0xFF, 0xEF, 0x3C, 0xFF, 0xEF, 0x3C, 0xFF, 0xEF, 0x3C,
    0xFF, 0xEF, 0x3C, 0xFF, 0xEF, 0x3C, 0xFF, 0xEF, 0x3C, 0xFF, 0xEF, 0x3C, 0xFF, 0xEF, 0x5D, 0xFF,
    0xEF, 0x5D, 0xFF, 0xEF, 0x5D, 0xFF, 0xEF, 0x5D, 0xFF, 0xEF, 0x5D, 0xFF, 0xEF, 0x5D, 0xFF, 0xEF,
    0x5D, 0xFF, 0xEF, 0x5D, 0xFF, 0xEF, 0x3C, 0xFF, 0xEF, 0x5D, 0xFF, 0xEF, 0x3C, 0xFF, 0xC6, 0x18,
    0xFF, 0xBD, 0xB7, 0xFF, 0xEF, 0x3C, 0xFF, 0xEF, 0x3C, 0xFF, 0xEF, 0x1C, 0xFF, 0xEF, 0x1C, 0xFF,
    0xEF, 0x1C, 0xFF, 0xF7, 0x7D, 0xFF, 0xF7, 0x9E, 0xFF, 0xBD, 0xB7, 0xFF, 0xAD, 0x35, 0xFF, 0xFF,
    0xBE, 0xFF, 0xF7, 0x7D, 0xFF, 0xEF, 0x5D, 0xFF, 0xEF, 0x5D, 0xFF, 0xEF, 0x5D, 0xFF, 0xEF, 0x5D,
    0xFF, 0xEF, 0x3C, 0xFF, 0xEF, 0x3C, 0xFF, 0xEF, 0x3C, 0xFF, 0xEF, 0x1C, 0xFF, 0xEF, 0x1C, 0xFF,
    0xEF, 0x1C, 0xFF, 0xF7, 0x5D, 0xFF, 0xCE, 0x39, 0xFF, 0x8C, 0x10, 0xFF, 0xDE, 0xBB, 0xFF, 0xF7,
    0x7D, 0xFF, 0xEF, 0x3C, 0xFF, 0xEF, 0x1C, 0xFF, 0xE7, 0x1C, 0xFF, 0xFF, 0xFF, 0xFF, 0xB5, 0xD7,
    0xFF, 0x62, 0xE9, 0xFF, 0x9C, 0x4C, 0xFF, 0xDD, 0xF2, 0xFF, 0xD5, 0xD1, 0xFF, 0x94, 0x2C, 0xFF,
    0x10, 0x81, 0xFF, 0x08, 0xA0, 0xFF, 0x19, 0x41, 0xFF, 0x3A, 0x84, 0xFF, 0x4B, 0x25, 0xFF, 0x3A,
    0x64, 0xFF, 0x94, 0xAB, 0xFF, 0x8C, 0x2B, 0xFF, 0x62, 0x89, 0xFF, 0x83, 0xAE, 0xFF, 0x73, 0x2C,
    0xFF, 0x8C, 0x30, 0xFF, 0xD6, 0xDA, 0xFF, 0x84, 0x0E, 0xFF, 0xEF, 0x18, 0xFF, 0xF7, 0x7A, 0xFF,
    0xF7, 0x5A, 0xFF, 0xF7, 0x79, 0xFF, 0x5A, 0xE9, 0xFF, 0x00, 0x20, 0xFF, 0x00, 0x00, 0xFF, 0x39,
    0xE4, 0xFF, 0x94, 0x6C, 0xFF, 0x62, 0xC7, 0xFF, 0x4A, 0x28, 0xFF, 0xBD, 0xD7, 0xFF, 0xFF, 0xDE,
    0xFF, 0xF7, 0x9D, 0xFF, 0xF7, 0x9E, 0xFF, 0xFF, 0xBE, 0xFF, 0xFF, 0xDF, 0xFF, 0xFF, 0xDF, 0xFF,
    0xFF, 0xDE, 0xFF, 0xF7, 0x9E, 0xFF, 0xEF, 0x3C, 0xFF, 0xEF, 0x5C, 0xFF, 0xFF, 0xDF, 0xF7, 0xF7,
    0x9D, 0xC2, 0x5A, 0xEB, 0x59, 0x10, 0x82, 0x0E, 0x00, 0x00, 0x00, 0x00, 0x00, 0x00, 0x00, 0x00,
    0x00, 0x00, 0x00, 0x00, 0x00, 0x00, 0x00, 0x00, 0x00, 0x00, 0x00, 0x00, 0x00, 0x00, 0x00, 0x00,
    0x00, 0x00, 0x00, 0x00, 0x00, 0x00, 0x00, 0x00, 0x00, 0x00, 0x00, 0x00, 0x00, 0x00, 0x00, 0x00,
    0x00, 0x00, 0x00, 0x00, 0x00, 0x00, 0x00, 0x00, 0x00, 0x00, 0x00, 0x00, 0x00, 0x00, 0x00, 0x00,
    0x00, 0x00, 0x00, 0x00, 0x00, 0x00, 0x00, 0x00, 0x00, 0x00, 0x00, 0x00, 0x04, 0x00, 0x00, 0x21,
    0x00, 0x00, 0x21, 0x00, 0x00, 0x04, 0x00, 0x00, 0x00, 0x00, 0x00, 0x00, 0x00, 0x00, 0x00, 0x00,
    0x00, 0x00, 0x00, 0x00, 0x00, 0x00, 0x00, 0x00, 0x00, 0x00, 0x00, 0x00, 0x00, 0x00, 0x00, 0x00,
    0x00, 0x00, 0x00, 0x00, 0x00, 0x00, 0x00, 0x00, 0x00, 0x00, 0x00, 0x00, 0x00, 0x00, 0x00, 0x00,
    0x00, 0x00, 0x00, 0x00, 0x00, 0x00, 0x00, 0x00, 0x00, 0x00, 0x00, 0x00, 0x00, 0x00, 0x00, 0x00,
    0x00, 0x00, 0x00, 0x00, 0x00, 0x00, 0x00, 0x00, 0x00, 0x00, 0x00, 0xFF, 0xFF, 0x02, 0x00, 0x00,
    0x24, 0xC6, 0x37, 0x99, 0x84, 0x6F, 0xDF, 0x5B, 0x88, 0xF9, 0x53, 0x45, 0xFF, 0x7C, 0x2D, 0xFF,
    0xD6, 0xBA, 0xFF, 0xFF, 0xFF, 0xFF, 0xFF, 0xDF, 0xFF, 0xFF, 0xFF, 0xFF, 0xFF, 0xFF, 0xFF, 0xD6,
    0x79, 0xFF, 0x5A, 0xAB, 0xFF, 0xD6, 0x7A, 0xFF, 0xFF, 0xDF, 0xFF, 0xF7, 0x5D, 0xFF, 0xFF, 0xBE,
    0xFF, 0xF7, 0xBE, 0xFF, 0xEF, 0x3C, 0xFF, 0xE7, 0x1C, 0xFF, 0xEF, 0x3C, 0xFF, 0xEF, 0x3C, 0xFF,
    0xEF, 0x3C, 0xFF, 0xEF, 0x3C, 0xFF, 0xEF, 0x3C, 0xFF, 0xEF, 0x5D, 0xFF, 0xEF, 0x5D, 0xFF, 0xEF,
    0x5D, 0xFF, 0xEF, 0x5D, 0xFF, 0xEF, 0x5D, 0xFF, 0xEF, 0x3D, 0xFF, 0xEF, 0x5D, 0xFF, 0xF7, 0x5D,
    0xFF, 0xDE, 0xDB, 0xFF, 0xBD, 0xD7, 0xFF, 0xE6, 0xFC, 0xFF, 0xEF, 0x3D, 0xFF, 0xEF, 0x1C, 0xFF,
    0xEF, 0x3C, 0xFF, 0xEF, 0x3D, 0xFF, 0xEF, 0x5D, 0xFF, 0xEF, 0x5D, 0xFF, 0xEF, 0x5D, 0xFF, 0xEF,
    0x5D, 0xFF, 0xEF, 0x5D, 0xFF, 0xF7, 0x5D, 0xFF, 0xE7, 0x1C, 0xFF, 0xD6, 0x79, 0xFF, 0xEF, 0x3D,
    0xFF, 0xEF, 0x3C, 0xFF, 0xEF, 0x3C, 0xFF, 0xEF, 0x3C, 0xFF, 0xEF, 0x3C, 0xFF, 0xEF, 0x3C, 0xFF,
    0xEF, 0x3C, 0xFF, 0xEF, 0x3C, 0xFF, 0xEF, 0x3C, 0xFF, 0xEF, 0x3C, 0xFF, 0xEF, 0x3C, 0xFF, 0xEF,
    0x3C, 0xFF, 0xEF, 0x3C, 0xFF, 0xEF, 0x5C, 0xFF, 0xEF, 0x3C, 0xFF, 0xEF, 0x5D, 0xFF, 0xEF, 0x5D,
    0xFF, 0xEF, 0x5D, 0xFF, 0xEF, 0x3C, 0xFF, 0xEF, 0x3C, 0xFF, 0xEF, 0x3C, 0xFF, 0xEF, 0x3C, 0xFF,
    0xEF, 0x3C, 0xFF, 0xEF, 0x3D, 0xFF, 0xD6, 0x7A, 0xFF, 0xB5, 0x96, 0xFF, 0xE6, 0xFC, 0xFF, 0xEF,
    0x3C, 0xFF, 0xEF, 0x1C, 0xFF, 0xEF, 0x1C, 0xFF, 0xEF, 0x3C, 0xFF, 0xEF, 0x1C, 0xFF, 0xFF, 0xDE,
    0xFF, 0xE6, 0xFB, 0xFF, 0xAD, 0x35, 0xFF, 0xD6, 0x7A, 0xFF, 0xFF, 0xBE, 0xFF, 0xEF, 0x5D, 0xFF,
    0xEF, 0x5D, 0xFF, 0xEF, 0x5D, 0xFF, 0xEF, 0x5D, 0xFF, 0xEF, 0x3C, 0xFF, 0xEF, 0x3C, 0xFF, 0xEF,
    0x3C, 0xFF, 0xEF, 0x3C, 0xFF, 0xEF, 0x3C, 0xFF, 0xE7, 0x1B, 0xFF, 0xF7, 0x5D, 0xFF, 0xEF, 0x5D,
    0xFF, 0xA5, 0x14, 0xFF, 0xA4, 0xD3, 0xFF, 0xF7, 0x7D, 0xFF, 0xEF, 0x3C, 0xFF, 0xFF, 0x9E, 0xFF,
    0xFF, 0xDE, 0xFF, 0xE7, 0x1C, 0xFF, 0xD6, 0x99, 0xFF, 0x73, 0x8D, 0xFF, 0x6A, 0xC7, 0xFF, 0xCD,
    0x70, 0xFF, 0xC5, 0x2F, 0xFF, 0xCD, 0x50, 0xFF, 0xAC, 0x8E, 0xFF, 0x3A, 0x05, 0xFF, 0x08, 0xE0,
    0xFF, 0x32, 0x23, 0xFF, 0x53, 0x45, 0xFF, 0x32, 0x43, 0xFF, 0x74, 0x09, 0xFF, 0x94, 0x8C, 0xFF,
    0x8B, 0xED, 0xFF, 0xCE, 0x37, 0xFF, 0xDE, 0xB8, 0xFF, 0x7B, 0x4B, 0xFF, 0x4A, 0x28, 0xFF, 0x6B,
    0x4B, 0xFF, 0xEF, 0x59, 0xFF, 0xF7, 0x5A, 0xFF, 0xF7, 0x59, 0xFF, 0xF7, 0x79, 0xFF, 0x63, 0x09,
    0xFF, 0x00, 0x20, 0xFF, 0x10, 0xA2, 0xFF, 0x21, 0x23, 0xFF, 0x39, 0xA3, 0xFF, 0x5A, 0xA7, 0xFF,
    0x73, 0x8B, 0xFF, 0x63, 0x09, 0xFF, 0xA5, 0x33, 0xFF, 0xF7, 0xBE, 0xFF, 0xF7, 0x7D, 0xFF, 0xF7,
    0x7D, 0xFF, 0xF7, 0x9D, 0xFF, 0xFF, 0xBE, 0xFF, 0xFF, 0xDF, 0xFF, 0xFF, 0xDF, 0xFF, 0xF7, 0xBE,
    0xFF, 0xEF, 0x5D, 0xFF, 0xFF, 0x9D, 0xFF, 0xFF, 0xDE, 0xF3, 0xDE, 0xDA, 0xAA, 0x29, 0x45, 0x36,
    0x39, 0xE7, 0x04, 0x00, 0x00, 0x01, 0x00, 0x00, 0x00, 0x00, 0x00, 0x00, 0x00, 0x00, 0x00, 0x00,
    0x00, 0x00, 0x00, 0x00, 0x00, 0x00, 0x00, 0x00, 0x00, 0x00, 0x00, 0x00, 0x00, 0x00, 0x00, 0x00,
    0x00, 0x00, 0x00, 0x00, 0x00, 0x00, 0x00, 0x00, 0x00, 0x00, 0x00, 0x00, 0x00, 0x00, 0x00, 0x00,
    0x00, 0x00, 0x00, 0x00, 0x00, 0x00, 0x00, 0x00, 0x00, 0x00, 0x00, 0x00, 0x00, 0x00, 0x00, 0x00,
    0x00, 0x00, 0x00, 0x00, 0x04, 0x00, 0x00, 0x21, 0x00, 0x00, 0x21, 0x00, 0x00, 0x04, 0x00, 0x00,
    0x00, 0x00, 0x00, 0x00, 0x00, 0x00, 0x00, 0x00, 0x00, 0x00, 0x00, 0x00, 0x00, 0x00, 0x00, 0x00,
    0x00, 0x00, 0x00, 0x00, 0x00, 0x00, 0x00, 0x00, 0x00, 0x00, 0x00, 0x00, 0x00, 0x00, 0x00, 0x00,
    0x00, 0x00, 0x00, 0x00, 0x00, 0x00, 0x00, 0x00, 0x00, 0x00, 0x00, 0x00, 0x00, 0x00, 0x00, 0x00,
    0x00, 0x00, 0x00, 0x00, 0x00, 0x00, 0x00, 0x00, 0x00, 0x00, 0x00, 0x00, 0x00, 0x00, 0x00, 0x00,
    0x00, 0x00, 0x00, 0x08, 0x61, 0x10, 0x63, 0x2C, 0x67, 0xE7, 0x3B, 0xD5, 0x63, 0xAA, 0xFE, 0x19,
    0x61, 0xFF, 0x73, 0xEC, 0xFF, 0xE6, 0xFB, 0xFF, 0xFF, 0xFF, 0xFF, 0xF7, 0x9E, 0xFF, 0xF7, 0x9E,
    0xFF, 0xFF, 0xFF, 0xFF, 0xF7, 0x9E, 0xFF, 0x73, 0x6E, 0xFF, 0x9C, 0xB3, 0xFF, 0xFF, 0xDF, 0xFF,
    0xF7, 0x9E, 0xFF, 0xF7, 0x9D, 0xFF, 0xFF, 0xFF, 0xFF, 0xF7, 0x9D, 0xFF, 0xEF, 0x3C, 0xFF, 0xEF,
    0x3C, 0xFF, 0xEF, 0x3C, 0xFF, 0xEF, 0x3C, 0xFF, 0xEF, 0x3C, 0xFF, 0xEF, 0x3C, 0xFF, 0xEF, 0x5C,
    0xFF, 0xEF, 0x5D, 0xFF, 0xEF, 0x5D, 0xFF, 0xEF, 0x5D, 0xFF, 0xEF, 0x5D, 0xFF, 0xEF, 0x5D, 0xFF,
    0xEF, 0x5D, 0xFF, 0xF7, 0x7D, 0xFF, 0xEF, 0x3C, 0xFF, 0xCE, 0x38, 0xFF, 0xD6, 0x79, 0xFF, 0xF7,
    0x5D, 0xFF, 0xEF, 0x1C, 0xFF, 0xEF, 0x1C, 0xFF, 0xEF, 0x3C, 0xFF, 0xEF, 0x3C, 0xFF, 0xEF, 0x5D,
    0xFF, 0xEF, 0x5D, 0xFF, 0xEF, 0x5D, 0xFF, 0xEF, 0x5D, 0xFF, 0xF7, 0x7D, 0xFF, 0xEF, 0x5D, 0xFF,
    0xDE, 0xDB, 0xFF, 0xDE, 0xDB, 0xFF, 0xF7, 0x5D, 0xFF, 0xEF, 0x3C, 0xFF, 0xEF, 0x3C, 0xFF, 0xEF,
    0x3C, 0xFF, 0xEF, 0x3C, 0xFF, 0xEF, 0x3C, 0xFF, 0xEF, 0x3C, 0xFF, 0xEF, 0x3C, 0xFF, 0xEF, 0x3C,
    0xFF, 0xEF, 0x3C, 0xFF, 0xEF, 0x3C, 0xFF, 0xEF, 0x3C, 0xFF, 0xEF, 0x3C, 0xFF, 0xEF, 0x5D, 0xFF,
    0xEF, 0x3D, 0xFF, 0xEF, 0x5D, 0xFF, 0xEF, 0x5D, 0xFF, 0xEF, 0x3C, 0xFF, 0xEF, 0x3C, 0xFF, 0xEF,
    0x3C, 0xFF, 0xEF, 0x3C, 0xFF, 0xEF, 0x3C, 0xFF, 0xEF, 0x3C, 0xFF, 0xEF, 0x5C, 0xFF, 0xDE, 0xDB,
    0xFF, 0xBD, 0x97, 0xFF, 0xE6, 0xDB, 0xFF, 0xEF, 0x3C, 0xFF, 0xEF, 0x3C, 0xFF, 0xEF, 0x1C, 0xFF,
    0xEF, 0x3C, 0xFF, 0xEF, 0x3C, 0xFF, 0xF7, 0x5D, 0xFF, 0xF7, 0x9E, 0xFF, 0xCE, 0x59, 0xFF, 0xB5,
    0x96, 0xFF, 0xF7, 0x9D, 0xFF, 0xEF, 0x5D, 0xFF, 0xEF, 0x5D, 0xFF, 0xEF, 0x5D, 0xFF, 0xEF, 0x3C,
    0xFF, 0xEF, 0x3C, 0xFF, 0xEF, 0x3C, 0xFF, 0xEF, 0x3C, 0xFF, 0xEF, 0x3C, 0xFF, 0xEF, 0x3C, 0xFF,
    0xEF, 0x3C, 0xFF, 0xEF, 0x3C, 0xFF, 0xF7, 0x7D, 0xFF, 0xDE, 0xDB, 0xFF, 0x8C, 0x31, 0xFF, 0xD6,
    0x59, 0xFF, 0xFF, 0xDF, 0xFF, 0xDE, 0xDB, 0xFF, 0x7B, 0xAE, 0xFF, 0x73, 0x6D, 0xFF, 0x8C, 0x0E,
    0xFF, 0x4A, 0x27, 0xFF, 0x29, 0x22, 0xFF, 0x62, 0xA7, 0xFF, 0xAC, 0x4C, 0xFF, 0xCD, 0x2F, 0xFF,
    0xD5, 0x90, 0xFF, 0xAC, 0xEE, 0xFF, 0x21, 0xA2, 0xFF, 0x2A, 0x02, 0xFF, 0x53, 0x45, 0xFF, 0x42,
    0xE4, 0xFF, 0x4B, 0x04, 0xFF, 0x8C, 0xAC, 0xFF, 0xD6, 0x35, 0xFF, 0xF7, 0x5A, 0xFF, 0xFF, 0xDC,
    0xFF, 0xD6, 0x35, 0xFF, 0x83, 0xCD, 0xFF, 0x4A, 0x27, 0xFF, 0xCE, 0x76, 0xFF, 0xF7, 0x9A, 0xFF,
    0xEF, 0x39, 0xFF, 0xF7, 0x38, 0xFF, 0x63, 0x2A, 0xFF, 0x00, 0x20, 0xFF, 0x42, 0x46, 0xFF, 0x9C,
    0xCC, 0xFF, 0x8C, 0x2C, 0xFF, 0x63, 0x29, 0xFF, 0x9C, 0xCE, 0xFF, 0xA4, 0xEF, 0xFF, 0x4A, 0x27,
    0xFF, 0xDE, 0xBA, 0xFF, 0xF7, 0x7D, 0xFF, 0xEF, 0x3C, 0xFF, 0xEF, 0x3C, 0xFF, 0xEF, 0x5C, 0xFF,
    0xF7, 0x9D, 0xFF, 0xFF, 0xBE, 0xFF, 0xFF, 0xDE, 0xFF, 0xF7, 0xBE, 0xFF, 0xF7, 0x9D, 0xFF, 0xFF,
    0xBE, 0xFF, 0xFF, 0xFF, 0xE6, 0xAD, 0x55, 0x87, 0x21, 0x04, 0x1F, 0x00, 0x00, 0x00, 0xFF, 0xFF,
    0x01, 0x00, 0x00, 0x01, 0x00, 0x00, 0x00, 0x00, 0x00, 0x00, 0x00, 0x00, 0x00, 0x00, 0x00, 0x00,
    0x00, 0x00, 0x00, 0x00, 0x00, 0x00, 0x00, 0x00, 0x00, 0x00, 0x00, 0x00, 0x00, 0x00, 0x00, 0x00,
    0x00, 0x00, 0x00, 0x00, 0x00, 0x00, 0x00, 0x00, 0x00, 0x00, 0x00, 0x00, 0x00, 0x00, 0x00, 0x00,
    0x00, 0x00, 0x00, 0x00, 0x00, 0x00, 0x00, 0x00, 0x00, 0x00, 0x00, 0x00, 0x04, 0x00, 0x00, 0x21,
    0x00, 0x00, 0x21, 0x00, 0x00, 0x04, 0x00, 0x00, 0x00, 0x00, 0x00, 0x00, 0x00, 0x00, 0x00, 0x00,
    0x00, 0x00, 0x00, 0x00, 0x00, 0x00, 0x00, 0x00, 0x00, 0x00, 0x00, 0x00, 0x00, 0x00, 0x00, 0x00,
    0x00, 0x00, 0x00, 0x00, 0x00, 0x00, 0x00, 0x00, 0x00, 0x00, 0x00, 0x00, 0x00, 0x00, 0x00, 0x00,
    0x00, 0x00, 0x00, 0x00, 0x00, 0x00, 0x00, 0x00, 0x00, 0x00, 0x00, 0x00, 0x00, 0x00, 0x00, 0x00,
    0x00, 0x00, 0x00, 0x00, 0x00, 0x00, 0x00, 0x01, 0x29, 0x45, 0x06, 0x18, 0xE3, 0x43, 0xE7, 0x3D,
    0xBA, 0xC6, 0x56, 0xF9, 0x3A, 0x65, 0xFF, 0x63, 0x6B, 0xFF, 0xE6, 0xFB, 0xFF, 0xFF, 0xDF, 0xFF,
    0xF7, 0x7D, 0xFF, 0xF7, 0x5D, 0xFF, 0xF7, 0x9E, 0xFF, 0xFF, 0xDF, 0xFF, 0xB5, 0x96, 0xFF, 0x62,
    0xEB, 0xFF, 0xEF, 0x3D, 0xFF, 0xFF, 0xDF, 0xFF, 0xF7, 0x9E, 0xFF, 0xFF, 0xDF, 0xFF, 0xFF, 0xFF,
    0xFF, 0xF7, 0x7D, 0xFF, 0xEF, 0x3C, 0xFF, 0xEF, 0x3C, 0xFF, 0xEF, 0x3C, 0xFF, 0xEF, 0x3C, 0xFF,
    0xEF, 0x3C, 0xFF, 0xEF, 0x3C, 0xFF, 0xEF, 0x3C, 0xFF, 0xEF, 0x5D, 0xFF, 0xEF, 0x5D, 0xFF, 0xEF,
    0x5D, 0xFF, 0xF7, 0x7D, 0xFF, 0xF7, 0x9D, 0xFF, 0xF7, 0x7D, 0xFF, 0xF7, 0x7D, 0xFF, 0xDE, 0xBA,
    0xFF, 0xC6, 0x18, 0xFF, 0xEF, 0x5D, 0xFF, 0xEF, 0x3C, 0xFF, 0xEF, 0x1C, 0xFF, 0xEF, 0x3C, 0xFF,
    0xEF, 0x3C, 0xFF, 0xEF, 0x3D, 0xFF, 0xEF, 0x5D, 0xFF, 0xEF, 0x5D, 0xFF, 0xEF, 0x5D, 0xFF, 0xEF,
    0x5D, 0xFF, 0xF7, 0x7D, 0xFF, 0xEF, 0x3D, 0xFF, 0xDE, 0xDB, 0xFF, 0xEF, 0x3C, 0xFF, 0xEF, 0x5D,
    0xFF, 0xEF, 0x3C, 0xFF, 0xEF, 0x3C, 0xFF, 0xEF, 0x3C, 0xFF, 0xEF, 0x3C, 0xFF, 0xEF, 0x3C, 0xFF,
    0xEF, 0x3C, 0xFF, 0xEF, 0x3C, 0xFF, 0xEF, 0x3C, 0xFF, 0xEF, 0x3C, 0xFF, 0xEF, 0x3C, 0xFF, 0xEF,
    0x3C, 0xFF, 0xEF, 0x3C, 0xFF, 0xEF, 0x5D, 0xFF, 0xEF, 0x5C, 0xFF, 0xEF, 0x5D, 0xFF, 0xEF, 0x3C,
    0xFF, 0xEF, 0x3C, 0xFF, 0xEF, 0x3C, 0xFF, 0xEF, 0x3C, 0xFF, 0xEF, 0x3C, 0xFF, 0xEF, 0x3C, 0xFF,
    0xEF, 0x3C, 0xFF, 0xEF, 0x5C, 0xFF, 0xE6, 0xFC, 0xFF, 0xBD, 0xD7, 0xFF, 0xDE, 0xBB, 0xFF, 0xEF,
    0x5C, 0xFF, 0xEF, 0x3C, 0xFF, 0xEF, 0x3C, 0xFF, 0xEF, 0x3C, 0xFF, 0xEF, 0x3C, 0xFF, 0xEF, 0x3C,
    0xFF, 0xFF, 0x9E, 0xFF, 0xE7, 0x1C, 0xFF, 0xB5, 0x76, 0xFF, 0xDE, 0x9A, 0xFF, 0xF7, 0x9E, 0xFF,
    0xEF, 0x3D, 0xFF, 0xEF, 0x3C, 0xFF, 0xEF, 0x3C, 0xFF, 0xEF, 0x3C, 0xFF, 0xEF, 0x3C, 0xFF, 0xEF,
    0x3C, 0xFF, 0xEF, 0x3C, 0xFF, 0xEF, 0x3C, 0xFF, 0xEF, 0x3C, 0xFF, 0xEF, 0x3C, 0xFF, 0xF7, 0x5D,
    0xFF, 0xF7, 0x9E, 0xFF, 0xBD, 0x96, 0xFF, 0xAD, 0x55, 0xFF, 0xF7, 0x7D, 0xFF, 0x62, 0xEB, 0xFF,
    0x62, 0xEB, 0xFF, 0xC6, 0x15, 0xFF, 0xD6, 0x56, 0xFF, 0xB5, 0x72, 0xFF, 0x9C, 0xCF, 0xFF, 0x73,
    0x4A, 0xFF, 0x62, 0x66, 0xFF, 0x93, 0x89, 0xFF, 0xCD, 0x2F, 0xFF, 0xDD, 0xB1, 0xFF, 0x5A, 0xC6,
    0xFF, 0x2A, 0x42, 0xFF, 0x4B, 0x24, 0xFF, 0x4B, 0x65, 0xFF, 0x32, 0xA2, 0xFF, 0x6B, 0xA8, 0xFF,
    0xE6, 0xB5, 0xFF, 0xF7, 0x18, 0xFF, 0x8C, 0x2D, 0xFF, 0x6A, 0xE9, 0xFF, 0xA4, 0x6F, 0xFF, 0x9C,
    0x6F, 0xFF, 0xAD, 0x11, 0xFF, 0xE7, 0x18, 0xFF, 0xFF, 0xBB, 0xFF, 0xFF, 0xB9, 0xFF, 0x73, 0x4A,
    0xFF, 0x08, 0x81, 0xFF, 0x4A, 0x86, 0xFF, 0xAD, 0x4D, 0xFF, 0xDE, 0xB3, 0xFF, 0xD6, 0x94, 0xFF,
    0xA5, 0x0F, 0xFF, 0x7B, 0xAA, 0xFF, 0x39, 0xA4, 0xFF, 0xC5, 0xF6, 0xFF, 0xF7, 0x7D, 0xFF, 0xEF,
    0x3C, 0xFF, 0xEF, 0x1B, 0xFF, 0xEF, 0x3C, 0xFF, 0xEF, 0x3C, 0xFF, 0xF7, 0x7D, 0xFF, 0xF7, 0xBE,
    0xFF, 0xFF, 0xDE, 0xFF, 0xFF, 0xBE, 0xFF, 0xFF, 0x9E, 0xFF, 0xFF, 0xDE, 0xFC, 0xF7, 0xBE, 0xCE,
    0x7B, 0xCE, 0x64, 0x00, 0x00, 0x12, 0x00, 0x00, 0x00, 0xFF, 0xFF, 0x01, 0x00, 0x00, 0x00, 0x00,
    0x00, 0x00, 0x00, 0x00, 0x00, 0x00, 0x00, 0x00, 0x00, 0x00, 0x00, 0x00, 0x00, 0x00, 0x00, 0x00,
    0x00, 0x00, 0x00, 0x00, 0x00, 0x00, 0x00, 0x00, 0x00, 0x00, 0x00, 0x00, 0x00, 0x00, 0x00, 0x00,
    0x00, 0x00, 0x00, 0x00, 0x00, 0x00, 0x00, 0x00, 0x00, 0x00, 0x00, 0x00, 0x00, 0x00, 0x00, 0x00,
    0x00, 0x00, 0x00, 0x00, 0x04, 0x00, 0x00, 0x21, 0x00, 0x00, 0x21, 0x00, 0x00, 0x04, 0x00, 0x00,
    0x00, 0x00, 0x00, 0x00, 0x00, 0x00, 0x00, 0x00, 0x00, 0x00, 0x00, 0x00, 0x00, 0x00, 0x00, 0x00,
    0x00, 0x00, 0x00, 0x00, 0x00, 0x00, 0x00, 0x00, 0x00, 0x00, 0x00, 0x00, 0x00, 0x00, 0x00, 0x00,
    0x00, 0x00, 0x00, 0x00, 0x00, 0x00, 0x00, 0x00, 0x00, 0x00, 0x00, 0x00, 0x00, 0x00, 0x00, 0x00,
    0x00, 0x00, 0x00, 0x00, 0x00, 0x00, 0x00, 0x00, 0x00, 0x00, 0x00, 0x00, 0x00, 0x00, 0x00, 0x00,
    0x00, 0x20, 0x20, 0xB5, 0xB7, 0x9A, 0xF7, 0xDE, 0xF2, 0x6B, 0xCB, 0xFF, 0x74, 0x0D, 0xFF, 0xE7,
    0x3B, 0xFF, 0xFF, 0xDF, 0xFF, 0xEF, 0x3C, 0xFF, 0xF7, 0x5D, 0xFF, 0xF7, 0x7D, 0xFF, 0xFF, 0xDE,
    0xFF, 0xE7, 0x3C, 0xFF, 0x6B, 0x2D, 0xFF, 0xB5, 0x76, 0xFF, 0xFF, 0xFF, 0xFF, 0xFF, 0xBE, 0xFF,
    0xFF, 0xDE, 0xFF, 0xFF, 0xFF, 0xFF, 0xFF, 0xDF, 0xFF, 0xF7, 0x7D, 0xFF, 0xEF, 0x3C, 0xFF, 0xEF,
    0x3C, 0xFF, 0xEF, 0x3C, 0xFF, 0xEF, 0x3C, 0xFF, 0xEF, 0x5D, 0xFF, 0xEF, 0x3D, 0xFF, 0xEF, 0x5D,
    0xFF, 0xEF, 0x5D, 0xFF, 0xEF, 0x3D, 0xFF, 0xEF, 0x5D, 0xFF, 0xFF, 0xBE, 0xFF, 0xF7, 0x9E, 0xFF,
    0xFF, 0x9E, 0xFF, 0xE7, 0x1C, 0xFF, 0xC6, 0x18, 0xFF, 0xDE, 0xBB, 0xFF, 0xF7, 0x7D, 0xFF, 0xEF,
    0x1C, 0xFF, 0xEF, 0x3C, 0xFF, 0xEF, 0x3C, 0xFF, 0xEF, 0x3C, 0xFF, 0xEF, 0x3D, 0xFF, 0xEF, 0x5D,
    0xFF, 0xEF, 0x5D, 0xFF, 0xEF, 0x5D, 0xFF, 0xF7, 0x7D, 0xFF, 0xF7, 0x7D, 0xFF, 0xEF, 0x1C, 0xFF,
    0xE6, 0xDB, 0xFF, 0xEF, 0x5D, 0xFF, 0xEF, 0x3D, 0xFF, 0xEF, 0x3C, 0xFF, 0xEF, 0x3C, 0xFF, 0xEF,
    0x3C, 0xFF, 0xEF, 0x3C, 0xFF, 0xEF, 0x3C, 0xFF, 0xEF, 0x3C, 0xFF, 0xEF, 0x3C, 0xFF, 0xEF, 0x3C,
    0xFF, 0xEF, 0x3C, 0xFF, 0xEF, 0x3C, 0xFF, 0xEF, 0x3D, 0xFF, 0xEF, 0x3D, 0xFF, 0xEF, 0x5C, 0xFF,
    0xEF, 0x5C, 0xFF, 0xEF, 0x5D, 0xFF, 0xEF, 0x3C, 0xFF, 0xEF, 0x3C, 0xFF, 0xEF, 0x3C, 0xFF, 0xEF,
    0x3C, 0xFF, 0xEF, 0x3C, 0xFF, 0xEF, 0x3C, 0xFF, 0xEF, 0x3C, 0xFF, 0xEF, 0x3C, 0xFF, 0xEF, 0x1C,
    0xFF, 0xC6, 0x18, 0xFF, 0xDE, 0x9A, 0xFF, 0xEF, 0x5C, 0xFF, 0xEF, 0x3C, 0xFF, 0xEF, 0x3C, 0xFF,
    0xEF, 0x3C, 0xFF, 0xEF, 0x3C, 0xFF, 0xEF, 0x3C, 0xFF, 0xF7, 0x7D, 0xFF, 0xF7, 0x7D, 0xFF, 0xCE,
    0x38, 0xFF, 0xBD, 0x96, 0xFF, 0xF7, 0x7D, 0xFF, 0xEF, 0x5D, 0xFF, 0xEF, 0x3C, 0xFF, 0xEF, 0x3C,
    0xFF, 0xEF, 0x3C, 0xFF, 0xEF, 0x3C, 0xFF, 0xEF, 0x3C, 0xFF, 0xEF, 0x3C, 0xFF, 0xEF, 0x5C, 0xFF,
    0xEF, 0x5C, 0xFF, 0xEF, 0x3C, 0xFF, 0xEF, 0x5D, 0xFF, 0xF7, 0x9E, 0xFF, 0xEF, 0x5D, 0xFF, 0xAD,
    0x14, 0xFF, 0x73, 0x6D, 0xFF, 0x52, 0x68, 0xFF, 0xD6, 0x77, 0xFF, 0xFF, 0xFD, 0xFF, 0xFF, 0xDA,
    0xFF, 0xFF, 0xB9, 0xFF, 0xFF, 0xFA, 0xFF, 0xEF, 0x79, 0xFF, 0xB5, 0x71, 0xFF, 0x83, 0x6A, 0xFF,
    0x9B, 0xEB, 0xFF, 0xDD, 0x91, 0xFF, 0x8C, 0x4B, 0xFF, 0x32, 0x63, 0xFF, 0x53, 0x85, 0xFF, 0x53,
    0x85, 0xFF, 0x2A, 0x82, 0xFF, 0x42, 0xE4, 0xFF, 0xC6, 0x32, 0xFF, 0xDE, 0x75, 0xFF, 0x31, 0x84,
    0xFF, 0x00, 0x40, 0xFF, 0x39, 0xA5, 0xFF, 0x73, 0x4B, 0xFF, 0xAC, 0x8F, 0xFF, 0xCD, 0xD3, 0xFF,
    0xDE, 0x96, 0xFF, 0xEF, 0x16, 0xFF, 0x73, 0x8B, 0xFF, 0x19, 0x03, 0xFF, 0x31, 0xE5, 0xFF, 0x7C,
    0x49, 0xFF, 0xBE, 0x0F, 0xFF, 0xAD, 0x6F, 0xFF, 0x7C, 0x2A, 0xFF, 0x5B, 0x25, 0xFF, 0x3A, 0x04,
    0xFF, 0xA5, 0x12, 0xFF, 0xFF, 0xDF, 0xFF, 0xEF, 0x3C, 0xFF, 0xE6, 0xFB, 0xFF, 0xEF, 0x3C, 0xFF,
    0xEF, 0x1C, 0xFF, 0xEF, 0x1C, 0xFF, 0xEF, 0x7D, 0xFF, 0xFF, 0xBE, 0xFF, 0xFF, 0xDF, 0xFF, 0xFF,
    0xBE, 0xFF, 0xFF, 0xBE, 0xFE, 0xFF, 0xFF, 0xF2, 0xE7, 0x1B, 0xB6, 0x52, 0x89, 0x46, 0x00, 0x00,
    0x07, 0xFF, 0xFF, 0x01, 0x00, 0x00, 0x01, 0x00, 0x00, 0x00, 0x00, 0x00, 0x00, 0x00, 0x00, 0x00,
    0x00, 0x00, 0x00, 0x00, 0x00, 0x00, 0x00, 0x00, 0x00, 0x00, 0x00, 0x00, 0x00, 0x00, 0x00, 0x00,
    0x00, 0x00, 0x00, 0x00, 0x00, 0x00, 0x00, 0x00, 0x00, 0x00, 0x00, 0x00, 0x00, 0x00, 0x00, 0x00,
    0x00, 0x00, 0x00, 0x00, 0x00, 0x00, 0x00, 0x00, 0x00, 0x00, 0x00, 0x00, 0x04, 0x00, 0x00, 0x21,
    0x00, 0x00, 0x21, 0x00, 0x00, 0x04, 0x00, 0x00, 0x00, 0x00, 0x00, 0x00, 0x00, 0x00, 0x00, 0x00,
    0x00, 0x00, 0x00, 0x00, 0x00, 0x00, 0x00, 0x00, 0x00, 0x00, 0x00, 0x00, 0x00, 0x00, 0x00, 0x00,
    0x00, 0x00, 0x00, 0x00, 0x00, 0x00, 0x00, 0x00, 0x00, 0x00, 0x00, 0x00, 0x00, 0x00, 0x00, 0x00,
    0x00, 0x00, 0x00, 0x00, 0x00, 0x00, 0x00, 0x00, 0x00, 0x00, 0x00, 0x00, 0x00, 0x00, 0x00, 0x00,
    0x00, 0x00, 0x00, 0x00, 0x00, 0x00, 0x02, 0x0D, 0x6B, 0x6D, 0x61, 0xFF, 0xFF, 0xDE, 0x9D, 0x30,
    0xFF, 0x6B, 0xEC, 0xFE, 0xDF, 0x1A, 0xFF, 0xFF, 0xFF, 0xFF, 0xEF, 0x3C, 0xFF, 0xF7, 0x7D, 0xFF,
    0xF7, 0x7D, 0xFF, 0xFF, 0xBE, 0xFF, 0xFF, 0xDE, 0xFF, 0xAD, 0x34, 0xFF, 0x6B, 0x4D, 0xFF, 0xF7,
    0xBF, 0xFF, 0xF7, 0xBE, 0xFF, 0xF7, 0xBE, 0xFF, 0xFF, 0xFF, 0xFF, 0xFF, 0xFF, 0xFF, 0xF7, 0xBE,
    0xFF, 0xEF, 0x5D, 0xFF, 0xEF, 0x3C, 0xFF, 0xEF, 0x3C, 0xFF, 0xEF, 0x3C, 0xFF, 0xEF, 0x5D, 0xFF,
    0xF7, 0x7D, 0xFF, 0xEF, 0x3C, 0xFF, 0xEF, 0x3C, 0xFF, 0xEF, 0x3C, 0xFF, 0xEF, 0x5D, 0xFF, 0xFF,
    0xBE, 0xFF, 0xFF, 0xDF, 0xFF, 0xFF, 0xBE, 0xFF, 0xF7, 0x7D, 0xFF, 0xD6, 0x59, 0xFF, 0xCE, 0x18,
    0xFF, 0xF7, 0x7E, 0xFF, 0xEF, 0x3C, 0xFF, 0xEF, 0x3C, 0xFF, 0xEF, 0x3C, 0xFF, 0xEF, 0x3C, 0xFF,
    0xEF, 0x3D, 0xFF, 0xEF, 0x5D, 0xFF, 0xEF, 0x5D, 0xFF, 0xEF, 0x5D, 0xFF, 0xEF, 0x7D, 0xFF, 0xF7,
    0x9E, 0xFF, 0xF7, 0x5D, 0xFF, 0xE6, 0xDB, 0xFF, 0xE6, 0xFC, 0xFF, 0xF7, 0x7D, 0xFF, 0xEF, 0x3D,
    0xFF, 0xEF, 0x3C, 0xFF, 0xEF, 0x3C, 0xFF, 0xEF, 0x3C, 0xFF, 0xEF, 0x3C, 0xFF, 0xEF, 0x3C, 0xFF,
    0xEF, 0x3C, 0xFF, 0xEF, 0x3C, 0xFF, 0xEF, 0x3C, 0xFF, 0xEF, 0x3C, 0xFF, 0xEF, 0x3C, 0xFF, 0xEF,
    0x3D, 0xFF, 0xEF, 0x3D, 0xFF, 0xEF, 0x5C, 0xFF, 0xEF, 0x5D, 0xFF, 0xEF, 0x5D, 0xFF, 0xEF, 0x3C,
    0xFF, 0xEF, 0x3C, 0xFF, 0xEF, 0x3C, 0xFF, 0xEF, 0x3C, 0xFF, 0xEF, 0x3C, 0xFF, 0xEF, 0x3C, 0xFF,
    0xEF, 0x3C, 0xFF, 0xEF, 0x3C, 0xFF, 0xEF, 0x3C, 0xFF, 0xCE, 0x59, 0xFF, 0xD6, 0x9A, 0xFF, 0xEF,
    0x3C, 0xFF, 0xEF, 0x3C, 0xFF, 0xEF, 0x3C, 0xFF, 0xEF, 0x3C, 0xFF, 0xEF, 0x3C, 0xFF, 0xEF, 0x5D,
    0xFF, 0xEF, 0x3C, 0xFF, 0xF7, 0x9D, 0xFF, 0xE6, 0xFB, 0xFF, 0xB5, 0x55, 0xFF, 0xDE, 0xBA, 0xFF,
    0xF7, 0x5D, 0xFF, 0xEF, 0x3C, 0xFF, 0xEF, 0x3C, 0xFF, 0xEF, 0x3C, 0xFF, 0xEF, 0x3C, 0xFF, 0xEF,
    0x3C, 0xFF, 0xEF, 0x5D, 0xFF, 0xEF, 0x5D, 0xFF, 0xEF, 0x5D, 0xFF, 0xEF, 0x5D, 0xFF, 0xEF, 0x7D,
    0xFF, 0xF7, 0x7D, 0xFF, 0xFF, 0xFF, 0xFF, 0xC5, 0xF7, 0xFF, 0x29, 0x24, 0xFF, 0xAD, 0x32, 0xFF,
    0xFF, 0xFC, 0xFF, 0xF7, 0x58, 0xFF, 0xEF, 0x37, 0xFF, 0xFF, 0xD9, 0xFF, 0xF7, 0x78, 0xFF, 0xD6,
    0x95, 0xFF, 0xD6, 0x34, 0xFF, 0xB5, 0x31, 0xFF, 0xAC, 0x4E, 0xFF, 0xD5, 0x70, 0xFF, 0xBD, 0x4F,
    0xFF, 0x3A, 0x64, 0xFF, 0x6C, 0x07, 0xFF, 0x95, 0x4A, 0xFF, 0x4B, 0x24, 0xFF, 0x22, 0x01, 0xFF,
    0xAD, 0x8F, 0xFF, 0xC5, 0xF2, 0xFF, 0x20, 0xE2, 0xFF, 0x08, 0x41, 0xFF, 0x00, 0x20, 0xFF, 0x10,
    0x81, 0xFF, 0x5A, 0x88, 0xFF, 0xA4, 0x6E, 0xFF, 0xC5, 0x71, 0xFF, 0x9C, 0x8D, 0xFF, 0x41, 0xE5,
    0xFF, 0x18, 0xE3, 0xFF, 0x32, 0x05, 0xFF, 0x53, 0x46, 0xFF, 0x63, 0xC6, 0xFF, 0x4B, 0x24, 0xFF,
    0x5B, 0xE5, 0xFF, 0x7C, 0xA7, 0xFF, 0x3A, 0x43, 0xFF, 0x5B, 0x0A, 0xFF, 0xE7, 0x1B, 0xFF, 0xFF,
    0xFF, 0xFF, 0xEF, 0x3C, 0xFF, 0xE7, 0x1C, 0xFF, 0xEF, 0x3C, 0xFF, 0xEF, 0x3C, 0xFF, 0xEF, 0x3C,
    0xFF, 0xF7, 0x7D, 0xFF, 0xFF, 0xDF, 0xFF, 0xFF, 0xFF, 0xFF, 0xFF, 0xBE, 0xFF, 0xF7, 0x7D, 0xFE,
    0xFF, 0xFF, 0xEB, 0xBD, 0xB6, 0x92, 0x39, 0xC6, 0x24, 0x00, 0x00, 0x00, 0xFF, 0xFF, 0x01, 0x00,
    0x00, 0x01, 0x00, 0x00, 0x00, 0x00, 0x00, 0x00, 0x00, 0x00, 0x00, 0x00, 0x00, 0x00, 0x00, 0x00,
    0x00, 0x00, 0x00, 0x00, 0x00, 0x00, 0x00, 0x00, 0x00, 0x00, 0x00, 0x00, 0x00, 0x00, 0x00, 0x00,
    0x00, 0x00, 0x00, 0x00, 0x00, 0x00, 0x00, 0x00, 0x00, 0x00, 0x00, 0x00, 0x00, 0x00, 0x00, 0x00,
    0x00, 0x00, 0x00, 0x00, 0x04, 0x00, 0x00, 0x21, 0x00, 0x00, 0x21, 0x00, 0x00, 0x04, 0x00, 0x00,
    0x00, 0x00, 0x00, 0x00, 0x00, 0x00, 0x00, 0x00, 0x00, 0x00, 0x00, 0x00, 0x00, 0x00, 0x00, 0x00,
    0x00, 0x00, 0x00, 0x00, 0x00, 0x00, 0x00, 0x00, 0x00, 0x00, 0x00, 0x00, 0x00, 0x00, 0x00, 0x00,
    0x00, 0x00, 0x00, 0x00, 0x00, 0x00, 0x00, 0x00, 0x00, 0x00, 0x00, 0x00, 0x00, 0x00, 0x00, 0x00,
    0x00, 0x00, 0x00, 0x00, 0x00, 0x00, 0x00, 0x00, 0x00, 0x00, 0x00, 0x00, 0x00, 0x31, 0x86, 0x2D,
    0xCE, 0x58, 0xB0, 0xD6, 0xD8, 0xF7, 0x6B, 0xEA, 0xFE, 0xCE, 0xB8, 0xFF, 0xF7, 0xBD, 0xFF, 0xE7,
    0x3C, 0xFF, 0xF7, 0x7D, 0xFF, 0xFF, 0xBE, 0xFF, 0xF7, 0x7D, 0xFF, 0xFF, 0xFF, 0xFF, 0xDE, 0xDB,
    0xFF, 0x6B, 0x0C, 0xFF, 0xBD, 0xD7, 0xFF, 0xFF, 0xFF, 0xFF, 0xF7, 0x7D, 0xFF, 0xF7, 0xBE, 0xFF,
    0xFF, 0xFF, 0xFF, 0xFF, 0xFF, 0xFF, 0xF7, 0x7D, 0xFF, 0xEF, 0x3C, 0xFF, 0xEF, 0x3D, 0xFF, 0xEF,
    0x3C, 0xFF, 0xEF, 0x3C, 0xFF, 0xEF, 0x5D, 0xFF, 0xF7, 0x7D, 0xFF, 0xEF, 0x3D, 0xFF, 0xEF, 0x3D,
    0xFF, 0xF7, 0x5D, 0xFF, 0xF7, 0xBE, 0xFF, 0xFF, 0xFF, 0xFF, 0xFF, 0xBE, 0xFF, 0xFF, 0xDF, 0xFF,
    0xE6, 0xDB, 0xFF, 0xC5, 0xF8, 0xFF, 0xE6, 0xFC, 0xFF, 0xF7, 0x7E, 0xFF, 0xEF, 0x3C, 0xFF, 0xEF,
    0x5C, 0xFF, 0xEF, 0x3C, 0xFF, 0xEF, 0x3D, 0xFF, 0xEF, 0x3D, 0xFF, 0xEF, 0x5D, 0xFF, 0xEF, 0x5D,
    0xFF, 0xF7, 0x5D, 0xFF, 0xF7, 0x7D, 0xFF, 0xF7, 0x9E, 0xFF, 0xEF, 0x3C, 0xFF, 0xD6, 0x9A, 0xFF,
    0xEF, 0x3D, 0xFF, 0xF7, 0x7D, 0xFF, 0xEF, 0x5D, 0xFF, 0xEF, 0x3D, 0xFF, 0xEF, 0x3C, 0xFF, 0xEF,
    0x3C, 0xFF, 0xEF, 0x3C, 0xFF, 0xEF, 0x3C, 0xFF, 0xEF, 0x3C, 0xFF, 0xEF, 0x3C, 0xFF, 0xEF, 0x3C,
    0xFF, 0xEF, 0x3C, 0xFF, 0xEF, 0x3C, 0xFF, 0xEF, 0x3C, 0xFF, 0xEF, 0x3C, 0xFF, 0xEF, 0x5D, 0xFF,
    0xEF, 0x5D, 0xFF, 0xEF, 0x3C, 0xFF, 0xEF, 0x3C, 0xFF, 0xEF, 0x3C, 0xFF, 0xEF, 0x3C, 0xFF, 0xEF,
    0x3C, 0xFF, 0xEF, 0x3C, 0xFF, 0xEF, 0x3C, 0xFF, 0xEF, 0x3C, 0xFF, 0xEF, 0x3C, 0xFF, 0xEF, 0x3D,
    0xFF, 0xDE, 0xBB, 0xFF, 0xDE, 0x9A, 0xFF, 0xEF, 0x3C, 0xFF, 0xEF, 0x3C, 0xFF, 0xEF, 0x3C, 0xFF,
    0xEF, 0x3C, 0xFF, 0xEF, 0x5C, 0xFF, 0xEF, 0x5D, 0xFF, 0xEF, 0x3C, 0xFF, 0xF7, 0x7D, 0xFF, 0xEF,
    0x5D, 0xFF, 0xC6, 0x18, 0xFF, 0xC5, 0xD7, 0xFF, 0xF7, 0x7D, 0xFF, 0xEF, 0x3C, 0xFF, 0xEF, 0x3C,
    0xFF, 0xEF, 0x3C, 0xFF, 0xEF, 0x3C, 0xFF, 0xEF, 0x3C, 0xFF, 0xEF, 0x5D, 0xFF, 0xEF, 0x5D, 0xFF,
    0xEF, 0x5D, 0xFF, 0xF7, 0x7D, 0xFF, 0xF7, 0x7D, 0xFF, 0xF7, 0x7D, 0xFF, 0xFF, 0xFF, 0xFF, 0xBD,
    0xB6, 0xFF, 0x5A, 0xA9, 0xFF, 0xDE, 0xD8, 0xFF, 0xFF, 0xB9, 0xFF, 0xEE, 0xF6, 0xFF, 0xFF, 0xD9,
    0xFF, 0xDE, 0xD7, 0xFF, 0x73, 0xAC, 0xFF, 0x31, 0x64, 0xFF, 0x39, 0xC4, 0xFF, 0x73, 0x8B, 0xFF,
    0x9C, 0x4E, 0xFF, 0xC4, 0xEE, 0xFF, 0xD5, 0xF0, 0xFF, 0x4A, 0xA6, 0xFF, 0x63, 0xA7, 0xFF, 0xDF,
    0x31, 0xFF, 0xB5, 0xCE, 0xFF, 0x32, 0x03, 0xFF, 0x84, 0x8B, 0xFF, 0xAD, 0x90, 0xFF, 0x29, 0x63,
    0xFF, 0x5A, 0xE7, 0xFF, 0x5A, 0xC7, 0xFF, 0x18, 0xE2, 0xFF, 0x10, 0xA1, 0xFF, 0x52, 0x26, 0xFF,
    0x8B, 0xAB, 0xFF, 0x8B, 0xAA, 0xFF, 0x6B, 0x09, 0xFF, 0x39, 0xE5, 0xFF, 0x29, 0xC4, 0xFF, 0x3A,
    0x64, 0xFF, 0x42, 0xE3, 0xFF, 0x53, 0xE4, 0xFF, 0x6C, 0x86, 0xFF, 0x74, 0xA7, 0xFF, 0x3A, 0x64,
    0xFF, 0x29, 0x83, 0xFF, 0x8C, 0x8F, 0xFF, 0xE7, 0x3B, 0xFF, 0xFF, 0xDF, 0xFF, 0xEF, 0x7D, 0xFF,
    0xE7, 0x3C, 0xFF, 0xEF, 0x5D, 0xFF, 0xEF, 0x5D, 0xFF, 0xEF, 0x3C, 0xFF, 0xF7, 0x9D, 0xFF, 0xFF,
    0xDF, 0xFF, 0xFF, 0xBE, 0xFF, 0xEF, 0x3C, 0xFF, 0xF7, 0x9E, 0xFB, 0xF7, 0xBE, 0xD3, 0x8C, 0x71,
    0x63, 0x00, 0x00, 0x0E, 0x00, 0x00, 0x00, 0xFF, 0xFF, 0x01, 0x00, 0x00, 0x00, 0x00, 0x00, 0x00,
    0x00, 0x00, 0x00, 0x00, 0x00, 0x00, 0x00, 0x00, 0x00, 0x00, 0x00, 0x00, 0x00, 0x00, 0x00, 0x00,
    0x00, 0x00, 0x00, 0x00, 0x00, 0x00, 0x00, 0x00, 0x00, 0x00, 0x00, 0x00, 0x00, 0x00, 0x00, 0x00,
    0x00, 0x00, 0x00, 0x00, 0x00, 0x00, 0x00, 0x00, 0x00, 0x00, 0x00, 0x00, 0x04, 0x00, 0x00, 0x21,
    0x00, 0x00, 0x21, 0x00, 0x00, 0x04, 0x00, 0x00, 0x00, 0x00, 0x00, 0x00, 0x00, 0x00, 0x00, 0x00,
    0x00, 0x00, 0x00, 0x00, 0x00, 0x00, 0x00, 0x00, 0x00, 0x00, 0x00, 0x00, 0x00, 0x00, 0x00, 0x00,
    0x00, 0x00, 0x00, 0x00, 0x00, 0x00, 0x00, 0x00, 0x00, 0x00, 0x00, 0x00, 0x00, 0x00, 0x00, 0x00,
    0x00, 0x00, 0x00, 0x00, 0x00, 0x00, 0x00, 0x00, 0x00, 0x00, 0x00, 0x00, 0x00, 0x00, 0x01, 0x00,
    0x00, 0x00, 0x00, 0x00, 0x0D, 0x7B, 0xEE, 0x62, 0xF7, 0x9B, 0xE1, 0x84, 0xAD, 0xFF, 0xB6, 0x14,
    0xFF, 0xEF, 0x9C, 0xFF, 0xE7, 0x1B, 0xFF, 0xEF, 0x5C, 0xFF, 0xF7, 0x9E, 0xFF, 0xF7, 0x7D, 0xFF,
    0xFF, 0xDF, 0xFF, 0xF7, 0xBE, 0xFF, 0x9C, 0xB2, 0xFF, 0x6B, 0x4D, 0xFF, 0xFF, 0xDF, 0xFF, 0xF7,
    0x7D, 0xFF, 0xF7, 0x7D, 0xFF, 0xF7, 0xBE, 0xFF, 0xFF, 0xFF, 0xFF, 0xFF, 0xBE, 0xFF, 0xEF, 0x3D,
    0xFF, 0xEF, 0x3C, 0xFF, 0xEF, 0x5D, 0xFF, 0xEF, 0x5D, 0xFF, 0xEF, 0x5C, 0xFF, 0xF7, 0x7D, 0xFF,
    0xFF, 0xBE, 0xFF, 0xF7, 0x9E, 0xFF, 0xF7, 0xBE, 0xFF, 0xFF, 0xBE, 0xFF, 0xFF, 0xDF, 0xFF, 0xFF,
    0xDE, 0xFF, 0xFF, 0xDF, 0xFF, 0xF7, 0x9D, 0xFF, 0xCE, 0x18, 0xFF, 0xCE, 0x59, 0xFF, 0xFF, 0xBE,
    0xFF, 0xEF, 0x3D, 0xFF, 0xEF, 0x5D, 0xFF, 0xEF, 0x5D, 0xFF, 0xEF, 0x5C, 0xFF, 0xEF, 0x3D, 0xFF,
    0xEF, 0x3D, 0xFF, 0xEF, 0x5D, 0xFF, 0xEF, 0x5D, 0xFF, 0xF7, 0x5D, 0xFF, 0xF7, 0x7D, 0xFF, 0xF7,
    0x9E, 0xFF, 0xE6, 0xFB, 0xFF, 0xD6, 0x79, 0xFF, 0xF7, 0x7D, 0xFF, 0xEF, 0x5D, 0xFF, 0xEF, 0x5D,
    0xFF, 0xEF, 0x5D, 0xFF, 0xEF, 0x3C, 0xFF, 0xEF, 0x3C, 0xFF, 0xEF, 0x3C, 0xFF, 0xEF, 0x3C, 0xFF,
    0xEF, 0x3C, 0xFF, 0xEF, 0x3C, 0xFF, 0xEF, 0x3C, 0xFF, 0xEF, 0x3C, 0xFF, 0xEF, 0x3C, 0xFF, 0xEF,
    0x3C, 0xFF, 0xEF, 0x3C, 0xFF, 0xEF, 0x5D, 0xFF, 0xEF, 0x5C, 0xFF, 0xEF, 0x3C, 0xFF, 0xEF, 0x3C,
    0xFF, 0xEF, 0x3C, 0xFF, 0xEF, 0x3C, 0xFF, 0xEF, 0x3C, 0xFF, 0xEF, 0x3C, 0xFF, 0xEF, 0x3C, 0xFF,
    0xEF, 0x3C, 0xFF, 0xEF, 0x3C, 0xFF, 0xEF, 0x5D, 0xFF, 0xE6, 0xFB, 0xFF, 0xDE, 0xBB, 0xFF, 0xEF,
    0x3C, 0xFF, 0xEF, 0x5D, 0xFF, 0xEF, 0x3C, 0xFF, 0xEF, 0x3D, 0xFF, 0xEF, 0x5D, 0xFF, 0xEF, 0x5D,
    0xFF, 0xEF, 0x3C, 0xFF, 0xEF, 0x3C, 0xFF, 0xEF, 0x5D, 0xFF, 0xE6, 0xFB, 0xFF, 0xB5, 0x96, 0xFF,
    0xE6, 0xFB, 0xFF, 0xEF, 0x5C, 0xFF, 0xEF, 0x3C, 0xFF, 0xEF, 0x5D, 0xFF, 0xF7, 0x5D, 0xFF, 0xEF,
    0x5D, 0xFF, 0xEF, 0x5D, 0xFF, 0xF7, 0x5D, 0xFF, 0xEF, 0x7D, 0xFF, 0xF7, 0x7D, 0xFF, 0xEF, 0x5D,
    0xFF, 0xF7, 0x9E, 0xFF, 0xF7, 0xBF, 0xFF, 0x6B, 0x4D, 0xFF, 0x8C, 0x2E, 0xFF, 0xF7, 0x79, 0xFF,
    0xF7, 0x38, 0xFF, 0xF7, 0x58, 0xFF, 0xEF, 0x78, 0xFF, 0x6B, 0x6B, 0xFF, 0x00, 0x00, 0xFF, 0x00,
    0x00, 0xFF, 0x00, 0x40, 0xFF, 0x00, 0x00, 0xFF, 0x18, 0xC2, 0xFF, 0x73, 0x29, 0xFF, 0xDE, 0x31,
    0xFF, 0x9C, 0xAC, 0xFF, 0x53, 0x26, 0xFF, 0xC6, 0x70, 0xFF, 0xFF, 0xF8, 0xFF, 0x94, 0xAD, 0xFF,
    0x7C, 0x0A, 0xFF, 0x94, 0xAC, 0xFF, 0x6B, 0x89, 0xFF, 0xE7, 0x33, 0xFF, 0xBD, 0xCD, 0xFF, 0x42,
    0x44, 0xFF, 0x29, 0x83, 0xFF, 0x10, 0xA1, 0xFF, 0x21, 0x02, 0xFF, 0x62, 0xC8, 0xFF, 0xC5, 0x91,
    0xFF, 0x83, 0xCB, 0xFF, 0x18, 0xE1, 0xFF, 0x21, 0xE3, 0xFF, 0x53, 0xA5, 0xFF, 0x64, 0x44, 0xFF,
    0x64, 0x45, 0xFF, 0x6C, 0x86, 0xFF, 0x32, 0x43, 0xFF, 0x29, 0xA4, 0xFF, 0x5B, 0x27, 0xFF, 0x8C,
    0xAE, 0xFF, 0xD6, 0xB8, 0xFF, 0xFF, 0xDE, 0xFF, 0xF7, 0x9E, 0xFF, 0xEF, 0x5C, 0xFF, 0xF7, 0x7D,
    0xFF, 0xEF, 0x5D, 0xFF, 0xEF, 0x5C, 0xFF, 0xF7, 0x9D, 0xFF, 0xF7, 0x9E, 0xFF, 0xEF, 0x5C, 0xFF,
    0xE7, 0x1C, 0xFD, 0xFF, 0xFF, 0xF2, 0xD6, 0x9A, 0xB1, 0x52, 0xAA, 0x3F, 0x00, 0x00, 0x02, 0x00,
    0x00, 0x00, 0x00, 0x00, 0x01, 0x00, 0x00, 0x00, 0x00, 0x00, 0x00, 0x00, 0x00, 0x00, 0x00, 0x00,
    0x00, 0x00, 0x00, 0x00, 0x00, 0x00, 0x00, 0x00, 0x00, 0x00, 0x00, 0x00, 0x00, 0x00, 0x00, 0x00,
    0x00, 0x00, 0x00, 0x00, 0x00, 0x00, 0x00, 0x00, 0x00, 0x00, 0x00, 0x00, 0x00, 0x00, 0x00, 0x00,
    0x00, 0x00, 0x00, 0x00, 0x04, 0x00, 0x00, 0x21, 0x00, 0x00, 0x21, 0x00, 0x00, 0x04, 0x00, 0x00,
    0x00, 0x00, 0x00, 0x00, 0x00, 0x00, 0x00, 0x00, 0x00, 0x00, 0x00, 0x00, 0x00, 0x00, 0x00, 0x00,
    0x00, 0x00, 0x00, 0x00, 0x00, 0x00, 0x00, 0x00, 0x00, 0x00, 0x00, 0x00, 0x00, 0x00, 0x00, 0x00,
    0x00, 0x00, 0x00, 0x00, 0x00, 0x00, 0x00, 0x00, 0x00, 0x00, 0x00, 0x00, 0x00, 0x00, 0x00, 0x00,
    0x00, 0x00, 0x00, 0x00, 0x00, 0x00, 0x00, 0x00, 0x00, 0x00, 0x42, 0x08, 0x27, 0xAD, 0xD4, 0xA7,
    0xCE, 0xB5, 0xF5, 0x95, 0x0F, 0xFF, 0xEF, 0x7B, 0xFF, 0xE7, 0x1B, 0xFF, 0xEF, 0x3C, 0xFF, 0xF7,
    0x9E, 0xFF, 0xF7, 0x9E, 0xFF, 0xF7, 0x9E, 0xFF, 0xFF, 0xFF, 0xFF, 0xCE, 0x59, 0xFF, 0x62, 0xEB,
    0xFF, 0xC5, 0xF7, 0xFF, 0xFF, 0xDF, 0xFF, 0xEF, 0x5D, 0xFF, 0xF7, 0x7D, 0xFF, 0xFF, 0xDE, 0xFF,
    0xFF, 0xDF, 0xFF, 0xF7, 0x7D, 0xFF, 0xEF, 0x3D, 0xFF, 0xEF, 0x5D, 0xFF, 0xEF, 0x5D, 0xFF, 0xEF,
    0x5C, 0xFF, 0xEF, 0x5D, 0xFF, 0xF7, 0x9E, 0xFF, 0xFF, 0xDE, 0xFF, 0xFF, 0xDE, 0xFF, 0xFF, 0xDE,
    0xFF, 0xFF, 0xDE, 0xFF, 0xFF, 0xDE, 0xFF, 0xFF, 0xBE, 0xFF, 0xFF, 0xFF, 0xFF, 0xD6, 0x9A, 0xFF,
    0xC5, 0xD8, 0xFF, 0xEF, 0x3C, 0xFF, 0xF7, 0x9E, 0xFF, 0xF7, 0x7D, 0xFF, 0xF7, 0x9E, 0xFF, 0xEF,
    0x5D, 0xFF, 0xEF, 0x5D, 0xFF, 0xEF, 0x3C, 0xFF, 0xEF, 0x5D, 0xFF, 0xEF, 0x5D, 0xFF, 0xEF, 0x5D,
    0xFF, 0xEF, 0x5D, 0xFF, 0xF7, 0x9E, 0xFF, 0xEF, 0x5D, 0xFF, 0xD6, 0x9A, 0xFF, 0xDE, 0xBA, 0xFF,
    0xF7, 0x9E, 0xFF, 0xEF, 0x5D, 0xFF, 0xEF, 0x5D, 0xFF, 0xEF, 0x5D, 0xFF, 0xEF, 0x3C, 0xFF, 0xEF,
    0x3C, 0xFF, 0xEF, 0x3C, 0xFF, 0xEF, 0x3C, 0xFF, 0xEF, 0x3C, 0xFF, 0xEF, 0x3C, 0xFF, 0xEF, 0x3C,
    0xFF, 0xEF, 0x3C, 0xFF, 0xEF, 0x3C, 0xFF, 0xEF, 0x3C, 0xFF, 0xEF, 0x3C, 0xFF, 0xEF, 0x3C, 0xFF,
    0xEF, 0x3C, 0xFF, 0xEF, 0x3C, 0xFF, 0xEF, 0x3C, 0xFF, 0xEF, 0x3C, 0xFF, 0xEF, 0x3C, 0xFF, 0xEF,
    0x3C, 0xFF, 0xEF, 0x3C, 0xFF, 0xEF, 0x3C, 0xFF, 0xEF, 0x3C, 0xFF, 0xEF, 0x3D, 0xFF, 0xEF, 0x5D,
    0xFF, 0xE7, 0x1C, 0xFF, 0xDE, 0xDB, 0xFF, 0xEF, 0x5D, 0xFF, 0xEF, 0x5D, 0xFF, 0xEF, 0x5D, 0xFF,
    0xEF, 0x5D, 0xFF, 0xEF, 0x3D, 0xFF, 0xEF, 0x3C, 0xFF, 0xEF, 0x3C, 0xFF, 0xEF, 0x3C, 0xFF, 0xEF,
    0x5D, 0xFF, 0xEF, 0x5D, 0xFF, 0xC5, 0xF8, 0xFF, 0xCE, 0x39, 0xFF, 0xF7, 0x5D, 0xFF, 0xEF, 0x3C,
    0xFF, 0xEF, 0x5D, 0xFF, 0xFF, 0x9E, 0xFF, 0xF7, 0x7D, 0xFF, 0xEF, 0x5D, 0xFF, 0xF7, 0x5D, 0xFF,
    0xF7, 0x7D, 0xFF, 0xEF, 0x5D, 0xFF, 0xF7, 0x7D, 0xFF, 0xFF, 0xDF, 0xFF, 0xCE, 0x59, 0xFF, 0x41,
    0xE6, 0xFF, 0xC5, 0xF4, 0xFF, 0xFF, 0x9A, 0xFF, 0xEE, 0xF7, 0xFF, 0xFF, 0xFB, 0xFF, 0xAD, 0x51,
    0xFF, 0x18, 0xC2, 0xFF, 0x00, 0x20, 0xFF, 0x18, 0xE2, 0xFF, 0x21, 0x01, 0xFF, 0x21, 0x22, 0xFF,
    0x10, 0xC2, 0xFF, 0x08, 0x81, 0xFF, 0x8C, 0x0B, 0xFF, 0xBD, 0x8F, 0xFF, 0x4A, 0xC5, 0xFF, 0x9D,
    0x0D, 0xFF, 0xFF, 0xD8, 0xFF, 0xE7, 0x17, 0xFF, 0xA5, 0x4E, 0xFF, 0x8C, 0x49, 0xFF, 0xB5, 0x8E,
    0xFF, 0xD6, 0xB1, 0xFF, 0x84, 0x47, 0xFF, 0x53, 0x24, 0xFF, 0x32, 0x04, 0xFF, 0x21, 0x23, 0xFF,
    0x10, 0xC2, 0xFF, 0x00, 0x00, 0xFF, 0x5A, 0x87, 0xFF, 0x7B, 0x4A, 0xFF, 0x31, 0x84, 0xFF, 0x21,
    0x82, 0xFF, 0x3A, 0xA3, 0xFF, 0x53, 0xA4, 0xFF, 0x74, 0xA6, 0xFF, 0x7C, 0xA7, 0xFF, 0x32, 0x23,
    0xFF, 0x29, 0xA4, 0xFF, 0x7C, 0x4C, 0xFF, 0x6B, 0xE9, 0xFF, 0x7C, 0x4B, 0xFF, 0xCE, 0x98, 0xFF,
    0xFF, 0xFF, 0xFF, 0xF7, 0x9E, 0xFF, 0xEF, 0x5D, 0xFF, 0xF7, 0x7D, 0xFF, 0xF7, 0x5D, 0xFF, 0xEF,
    0x5D, 0xFF, 0xF7, 0x7D, 0xFF, 0xEF, 0x5D, 0xFF, 0xEF, 0x3C, 0xFE, 0xEF, 0x1C, 0xFC, 0xFF, 0xFF,
    0xE6, 0xB5, 0x95, 0x81, 0x18, 0x82, 0x1B, 0x00, 0x00, 0x00, 0xFF, 0xFF, 0x01, 0x00, 0x00, 0x00,
    0x00, 0x00, 0x00, 0x00, 0x00, 0x00, 0x00, 0x00, 0x00, 0x00, 0x00, 0x00, 0x00, 0x00, 0x00, 0x00,
    0x00, 0x00, 0x00, 0x00, 0x00, 0x00, 0x00, 0x00, 0x00, 0x00, 0x00, 0x00, 0x00, 0x00, 0x00, 0x00,
    0x00, 0x00, 0x00, 0x00, 0x00, 0x00, 0x00, 0x00, 0x00, 0x00, 0x00, 0x00, 0x04, 0x00, 0x00, 0x21,
    0x00, 0x00, 0x21, 0x00, 0x00, 0x04, 0x00, 0x00, 0x00, 0x00, 0x00, 0x00, 0x00, 0x00, 0x00, 0x00,
    0x00, 0x00, 0x00, 0x00, 0x00, 0x00, 0x00, 0x00, 0x00, 0x00, 0x00, 0x00, 0x00, 0x00, 0x00, 0x00,
    0x00, 0x00, 0x00, 0x00, 0x00, 0x00, 0x00, 0x00, 0x00, 0x00, 0x00, 0x00, 0x00, 0x00, 0x00, 0x00,
    0x00, 0x00, 0x00, 0x00, 0x00, 0x00, 0x00, 0x00, 0x00, 0x00, 0x00, 0x01, 0x00, 0x00, 0x00, 0x00,
    0x00, 0x01, 0x74, 0x2C, 0x45, 0xD7, 0x15, 0xD2, 0x95, 0x4E, 0xFC, 0xCE, 0xB6, 0xFF, 0xDF, 0x1A,
    0xFF, 0xE7, 0x1C, 0xFF, 0xF7, 0x9E, 0xFF, 0xF7, 0x9E, 0xFF, 0xF7, 0x9D, 0xFF, 0xFF, 0xFF, 0xFF,
    0xF7, 0x9E, 0xFF, 0x94, 0x71, 0xFF, 0x73, 0x8E, 0xFF, 0xFF, 0xFF, 0xFF, 0xF7, 0x7D, 0xFF, 0xF7,
    0x7D, 0xFF, 0xF7, 0x7D, 0xFF, 0xFF, 0xDF, 0xFF, 0xFF, 0xBE, 0xFF, 0xEF, 0x5D, 0xFF, 0xEF, 0x3C,
    0xFF, 0xEF, 0x5D, 0xFF, 0xEF, 0x5D, 0xFF, 0xEF, 0x5C, 0xFF, 0xF7, 0x7D, 0xFF, 0xFF, 0xBE, 0xFF,
    0xFF, 0xDE, 0xFF, 0xFF, 0xBE, 0xFF, 0xFF, 0xBE, 0xFF, 0xFF, 0xDE, 0xFF, 0xFF, 0xBE, 0xFF, 0xFF,
    0xFF, 0xFF, 0xEF, 0x5D, 0xFF, 0xBD, 0xB7, 0xFF, 0xD6, 0x7A, 0xFF, 0xFF, 0xBE, 0xFF, 0xF7, 0x7D,
    0xFF, 0xFF, 0xFF, 0xFF, 0xFF, 0xDE, 0xFF, 0xEF, 0x5D, 0xFF, 0xEF, 0x5D, 0xFF, 0xEF, 0x5D, 0xFF,
    0xEF, 0x5D, 0xFF, 0xEF, 0x5D, 0xFF, 0xEF, 0x5D, 0xFF, 0xEF, 0x5D, 0xFF, 0xF7, 0x9E, 0xFF, 0xE7,
    0x1C, 0xFF, 0xCE, 0x59, 0xFF, 0xE6, 0xFB, 0xFF, 0xF7, 0x9E, 0xFF, 0xEF, 0x5D, 0xFF, 0xEF, 0x5D,
    0xFF, 0xEF, 0x5D, 0xFF, 0xEF, 0x3D, 0xFF, 0xEF, 0x3C, 0xFF, 0xEF, 0x3C, 0xFF, 0xEF, 0x3C, 0xFF,
    0xEF, 0x3C, 0xFF, 0xEF, 0x3C, 0xFF, 0xEF, 0x3C, 0xFF, 0xEF, 0x3C, 0xFF, 0xEF, 0x3C, 0xFF, 0xEF,
    0x3C, 0xFF, 0xEF, 0x3C, 0xFF, 0xEF, 0x3C, 0xFF, 0xEF, 0x3C, 0xFF, 0xEF, 0x3C, 0xFF, 0xEF, 0x3C,
    0xFF, 0xEF, 0x3C, 0xFF, 0xEF, 0x3C, 0xFF, 0xEF, 0x3C, 0xFF, 0xEF, 0x3C, 0xFF, 0xEF, 0x3C, 0xFF,
    0xEF, 0x3C, 0xFF, 0xEF, 0x3D, 0xFF, 0xEF, 0x5D, 0xFF, 0xEF, 0x3C, 0xFF, 0xE6, 0xFB, 0xFF, 0xEF,
    0x5D, 0xFF, 0xEF, 0x5D, 0xFF, 0xEF, 0x5D, 0xFF, 0xEF, 0x5D, 0xFF, 0xEF, 0x3C, 0xFF, 0xEF, 0x3C,
    0xFF, 0xEF, 0x3C, 0xFF, 0xEF, 0x3C, 0xFF, 0xEF, 0x3C, 0xFF, 0xEF, 0x5D, 0xFF, 0xDE, 0x9A, 0xFF,
    0xBD, 0x96, 0xFF, 0xEF, 0x1C, 0xFF, 0xF7, 0x5D, 0xFF, 0xEF, 0x3C, 0xFF, 0xF7, 0x7E, 0xFF, 0xFF,
    0xBE, 0xFF, 0xF7, 0x7D, 0xFF, 0xEF, 0x5D, 0xFF, 0xF7, 0x7D, 0xFF, 0xEF, 0x5D, 0xFF, 0xF7, 0xBE,
    0xFF, 0xF7, 0xBE, 0xFF, 0x7B, 0xAE, 0xFF, 0x6B, 0x2A, 0xFF, 0xF7, 0x7A, 0xFF, 0xF7, 0x79, 0xFF,
    0xF7, 0x59, 0xFF, 0xFF, 0xBA, 0xFF, 0x6B, 0x4A, 0xFF, 0x00, 0x00, 0xFF, 0x08, 0x61, 0xFF, 0x10,
    0xA0, 0xFF, 0x31, 0xA2, 0xFF, 0x94, 0x8E, 0xFF, 0xAD, 0x93, 0xFF, 0x52, 0xC8, 0xFF, 0x21, 0x22,
    0xFF, 0x4A, 0x66, 0xFF, 0x42, 0x64, 0xFF, 0xAD, 0x6E, 0xFF, 0xEF, 0x57, 0xFF, 0xFF, 0xBA, 0xFF,
    0xD6, 0x74, 0xFF, 0x94, 0x6A, 0xFF, 0x94, 0xEA, 0xFF, 0x74, 0x28, 0xFF, 0x3A, 0xA2, 0xFF, 0x4B,
    0x44, 0xFF, 0x3A, 0x63, 0xFF, 0x19, 0x22, 0xFF, 0x08, 0x81, 0xFF, 0x21, 0x23, 0xFF, 0x52, 0x06,
    0xFF, 0x5A, 0x26, 0xFF, 0x93, 0xCB, 0xFF, 0x83, 0xCA, 0xFF, 0x19, 0x42, 0xFF, 0x32, 0x83, 0xFF,
    0x6C, 0x26, 0xFF, 0x74, 0x46, 0xFF, 0x63, 0x46, 0xFF, 0x4A, 0x66, 0xFF, 0xAD, 0x92, 0xFF, 0x94,
    0xCE, 0xFF, 0x63, 0xC8, 0xFF, 0x74, 0x4B, 0xFF, 0xCE, 0x98, 0xFF, 0xFF, 0xFF, 0xFF, 0xF7, 0x9D,
    0xFF, 0xF7, 0x7D, 0xFF, 0xF7, 0x7D, 0xFF, 0xEF, 0x5D, 0xFF, 0xEF, 0x5D, 0xFF, 0xEF, 0x3C, 0xFF,
    0xEF, 0x3C, 0xFF, 0xE6, 0xFB, 0xFE, 0xFF, 0xBE, 0xFA, 0xE6, 0xFB, 0xC6, 0x7B, 0xAF, 0x52, 0x00,
    0x00, 0x06, 0x00, 0x00, 0x00, 0x00, 0x00, 0x01, 0x00, 0x00, 0x00, 0x00, 0x00, 0x00, 0x00, 0x00,
    0x00, 0x00, 0x00, 0x00, 0x00, 0x00, 0x00, 0x00, 0x00, 0x00, 0x00, 0x00, 0x00, 0x00, 0x00, 0x00,
    0x00, 0x00, 0x00, 0x00, 0x00, 0x00, 0x00, 0x00, 0x00, 0x00, 0x00, 0x00, 0x00, 0x00, 0x00, 0x00,
    0x00, 0x00, 0x00, 0x00, 0x04, 0x00, 0x00, 0x21, 0x00, 0x00, 0x21, 0x00, 0x00, 0x04, 0x00, 0x00,
    0x00, 0x00, 0x00, 0x00, 0x00, 0x00, 0x00, 0x00, 0x00, 0x00, 0x00, 0x00, 0x00, 0x00, 0x00, 0x00,
    0x00, 0x00, 0x00, 0x00, 0x00, 0x00, 0x00, 0x00, 0x00, 0x00, 0x00, 0x00, 0x00, 0x00, 0x00, 0x00,
    0x00, 0x00, 0x00, 0x00, 0x00, 0x00, 0x00, 0x00, 0x00, 0x00, 0x00, 0x00, 0x00, 0x00, 0x00, 0x00,
    0x00, 0xFF, 0xE0, 0x01, 0x00, 0x00, 0x00, 0x08, 0x41, 0x16, 0x7C, 0x6C, 0x74, 0xC6, 0xD0, 0xE3,
    0x95, 0x2D, 0xFC, 0xDF, 0x19, 0xFF, 0xD6, 0xB9, 0xFF, 0xEF, 0x7D, 0xFF, 0xF7, 0x9E, 0xFF, 0xF7,
    0x9E, 0xFF, 0xF7, 0x9E, 0xFF, 0xFF, 0xFF, 0xFF, 0xBD, 0xF7, 0xFF, 0x63, 0x0C, 0xFF, 0xC6, 0x38,
    0xFF, 0xFF, 0xFF, 0xFF, 0xEF, 0x5D, 0xFF, 0xF7, 0x7D, 0xFF, 0xFF, 0xBE, 0xFF, 0xFF, 0xDF, 0xFF,
    0xF7, 0x7D, 0xFF, 0xEF, 0x3C, 0xFF, 0xEF, 0x3C, 0xFF, 0xEF, 0x5D, 0xFF, 0xEF, 0x3C, 0xFF, 0xEF,
    0x5D, 0xFF, 0xF7, 0xBE, 0xFF, 0xFF, 0xDE, 0xFF, 0xFF, 0xDE, 0xFF, 0xFF, 0xBE, 0xFF, 0xFF, 0xBE,
    0xFF, 0xFF, 0xDE, 0xFF, 0xFF, 0xBE, 0xFF, 0xFF, 0xFF, 0xFF, 0xCE, 0x18, 0xFF, 0xC5, 0xD7, 0xFF,
    0xEF, 0x5D, 0xFF, 0xFF, 0xBE, 0xFF, 0xFF, 0xDE, 0xFF, 0xFF, 0xFF, 0xFF, 0xFF, 0xDE, 0xFF, 0xEF,
    0x5D, 0xFF, 0xEF, 0x5D, 0xFF, 0xEF, 0x5D, 0xFF, 0xEF, 0x5D, 0xFF, 0xEF, 0x3D, 0xFF, 0xEF, 0x3D,
    0xFF, 0xEF, 0x5D, 0xFF, 0xF7, 0x9E, 0xFF, 0xDE, 0xBA, 0xFF, 0xCE, 0x38, 0xFF, 0xEF, 0x3C, 0xFF,
    0xF7, 0x7D, 0xFF, 0xF7, 0x5D, 0xFF, 0xEF, 0x5D, 0xFF, 0xEF, 0x5D, 0xFF, 0xEF, 0x3D, 0xFF, 0xEF,
    0x3D, 0xFF, 0xEF, 0x5D, 0xFF, 0xEF, 0x3C, 0xFF, 0xEF, 0x3D, 0xFF, 0xEF, 0x5D, 0xFF, 0xEF, 0x3D,
    0xFF, 0xEF, 0x3D, 0xFF, 0xEF, 0x5D, 0xFF, 0xEF, 0x5D, 0xFF, 0xEF, 0x3C, 0xFF, 0xEF, 0x3C, 0xFF,
    0xEF, 0x3C, 0xFF, 0xEF, 0x3C, 0xFF, 0xEF, 0x3C, 0xFF, 0xEF, 0x3C, 0xFF, 0xEF, 0x3C, 0xFF, 0xEF,
    0x3C, 0xFF, 0xEF, 0x3C, 0xFF, 0xEF, 0x3C, 0xFF, 0xEF, 0x3C, 0xFF, 0xEF, 0x3C, 0xFF, 0xEF, 0x3D,
    0xFF, 0xEF, 0x5D, 0xFF, 0xEF, 0x3C, 0xFF, 0xEF, 0x5D, 0xFF, 0xEF, 0x3D, 0xFF, 0xEF, 0x3C, 0xFF,
    0xEF, 0x5D, 0xFF, 0xEF, 0x5C, 0xFF, 0xEF, 0x3C, 0xFF, 0xEF, 0x3C, 0xFF, 0xEF, 0x3C, 0xFF, 0xEF,
    0x3C, 0xFF, 0xEF, 0x3D, 0xFF, 0xEF, 0x3C, 0xFF, 0xBD, 0x96, 0xFF, 0xD6, 0x9A, 0xFF, 0xF7, 0x7D,
    0xFF, 0xEF, 0x3C, 0xFF, 0xEF, 0x5D, 0xFF, 0xFF, 0xDF, 0xFF, 0xFF, 0xBE, 0xFF, 0xEF, 0x5D, 0xFF,
    0xEF, 0x5D, 0xFF, 0xF7, 0x7D, 0xFF, 0xFF, 0xDF, 0xFF, 0xD6, 0x9A, 0xFF, 0x4A, 0x27, 0xFF, 0xC5,
    0xF5, 0xFF, 0xFF, 0xDB, 0xFF, 0xEF, 0x19, 0xFF, 0xFF, 0xFC, 0xFF, 0xC6, 0x56, 0xFF, 0x31, 0x85,
    0xFF, 0x00, 0x00, 0xFF, 0x18, 0xE1, 0xFF, 0x21, 0x61, 0xFF, 0x63, 0x67, 0xFF, 0xD6, 0xF6, 0xFF,
    0xEF, 0x9A, 0xFF, 0xCE, 0xB4, 0xFF, 0x6B, 0x88, 0xFF, 0x52, 0xE6, 0xFF, 0x8C, 0xAA, 0xFF, 0xC6,
    0x50, 0xFF, 0xE6, 0xF6, 0xFF, 0xFF, 0x9A, 0xFF, 0xE6, 0xF7, 0xFF, 0x7C, 0x4B, 0xFF, 0x2A, 0x62,
    0xFF, 0x43, 0x84, 0xFF, 0x4B, 0x64, 0xFF, 0x43, 0x03, 0xFF, 0x32, 0x43, 0xFF, 0x21, 0x43, 0xFF,
    0x00, 0x00, 0xFF, 0x62, 0xC8, 0xFF, 0x93, 0xEB, 0xFF, 0x72, 0xE8, 0xFF, 0xB4, 0xAE, 0xFF, 0xE6,
    0x12, 0xFF, 0x83, 0xAA, 0xFF, 0x29, 0xC3, 0xFF, 0x21, 0xC2, 0xFF, 0x3A, 0x44, 0xFF, 0x8C, 0x4C,
    0xFF, 0x7B, 0x6A, 0xFF, 0xA5, 0x32, 0xFF, 0xC6, 0x57, 0xFF, 0x7C, 0x4C, 0xFF, 0x5B, 0x87, 0xFF,
    0x7C, 0x6C, 0xFF, 0xCE, 0x98, 0xFF, 0xFF, 0xFF, 0xFF, 0xF7, 0x5D, 0xFF, 0xEF, 0x5D, 0xFF, 0xEF,
    0x5C, 0xFF, 0xEF, 0x3C, 0xFF, 0xEF, 0x3C, 0xFF, 0xE7, 0x1C, 0xFF, 0xE6, 0xFB, 0xFE, 0xE6, 0xFB,
    0xFE, 0xFF, 0xDF, 0xEE, 0xC6, 0x18, 0x95, 0x08, 0x61, 0x29, 0x00, 0x00, 0x00, 0x7B, 0xEF, 0x02,
    0x00, 0x00, 0x00, 0x00, 0x00, 0x00, 0x00, 0x00, 0x00, 0x00, 0x00, 0x00, 0x00, 0x00, 0x00, 0x00,
    0x00, 0x00, 0x00, 0x00, 0x00, 0x00, 0x00, 0x00, 0x00, 0x00, 0x00, 0x00, 0x00, 0x00, 0x00, 0x00,
    0x00, 0x00, 0x00, 0x00, 0x00, 0x00, 0x00, 0x00, 0x00, 0x00, 0x00, 0x00, 0x04, 0x00, 0x20, 0x21,
    0x00, 0x00, 0x21, 0x00, 0x00, 0x04, 0x00, 0x00, 0x00, 0x00, 0x00, 0x00, 0x00, 0x00, 0x00, 0x00,
    0x00, 0x00, 0x00, 0x00, 0x00, 0x00, 0x00, 0x00, 0x00, 0x00, 0x00, 0x00, 0x00, 0x00, 0x00, 0x00,
    0x00, 0x00, 0x00, 0x00, 0x00, 0x00, 0x00, 0x00, 0x00, 0x00, 0x00, 0x00, 0x00, 0x00, 0x00, 0x00,
    0x00, 0x00, 0x00, 0x00, 0x00, 0x00, 0x00, 0x00, 0x01, 0x00, 0x00, 0x00, 0x00, 0x00, 0x00, 0x5A,
    0xE9, 0x30, 0x9D, 0x8D, 0xAC, 0xA5, 0xEC, 0xF5, 0xB6, 0x12, 0xFF, 0xD6, 0x98, 0xFF, 0xE6, 0xFA,
    0xFF, 0xEF, 0x7D, 0xFF, 0xF7, 0x9D, 0xFF, 0xF7, 0x9E, 0xFF, 0xFF, 0xFF, 0xFF, 0xEF, 0x5D, 0xFF,
    0x83, 0xF0, 0xFF, 0x7B, 0xCF, 0xFF, 0xFF, 0xFF, 0xFF, 0xF7, 0x7D, 0xFF, 0xF7, 0x7D, 0xFF, 0xF7,
    0x9E, 0xFF, 0xFF, 0xFF, 0xFF, 0xFF, 0xBE, 0xFF, 0xEF, 0x3C, 0xFF, 0xEF, 0x3C, 0xFF, 0xEF, 0x5D,
    0xFF, 0xEF, 0x5D, 0xFF, 0xEF, 0x3C, 0xFF, 0xF7, 0x7D, 0xFF, 0xFF, 0xDE, 0xFF, 0xFF, 0xDE, 0xFF,
    0xFF, 0xDE, 0xFF, 0xFF, 0xBE, 0xFF, 0xFF, 0xBE, 0xFF, 0xFF, 0xBE, 0xFF, 0xFF, 0xFF, 0xFF, 0xE7,
    0x1C, 0xFF, 0xB5, 0x96, 0xFF, 0xD6, 0x9A, 0xFF, 0xFF, 0xDE, 0xFF, 0xF7, 0xBE, 0xFF, 0xFF, 0xFF,
    0xFF, 0xFF, 0xFF, 0xFF, 0xFF, 0xDE, 0xFF, 0xEF, 0x5D, 0xFF, 0xEF, 0x5D, 0xFF, 0xEF, 0x5D, 0xFF,
    0xEF, 0x3D, 0xFF, 0xEF, 0x3D, 0xFF, 0xF7, 0x7D, 0xFF, 0xF7, 0x7D, 0xFF, 0xEF, 0x5D, 0xFF, 0xD6,
    0x59, 0xFF, 0xCE, 0x18, 0xFF, 0xF7, 0x7D, 0xFF, 0xF7, 0x7D, 0xFF, 0xF7, 0x9E, 0xFF, 0xEF, 0x5D,
    0xFF, 0xEF, 0x5D, 0xFF, 0xEF, 0x5D, 0xFF, 0xEF, 0x5D, 0xFF, 0xEF, 0x5D, 0xFF, 0xEF, 0x5D, 0xFF,
    0xEF, 0x5D, 0xFF, 0xEF, 0x5D, 0xFF, 0xEF, 0x5D, 0xFF, 0xEF, 0x5C, 0xFF, 0xEF, 0x5D, 0xFF, 0xEF,
    0x5D, 0xFF, 0xEF, 0x3C, 0xFF, 0xEF, 0x3C, 0xFF, 0xEF, 0x3C, 0xFF, 0xEF, 0x3C, 0xFF, 0xEF, 0x3C,
    0xFF, 0xEF, 0x3C, 0xFF, 0xEF, 0x3C, 0xFF, 0xEF, 0x3C, 0xFF, 0xEF, 0x3C, 0xFF, 0xEF, 0x3C, 0xFF,
    0xEF, 0x3C, 0xFF, 0xEF, 0x3C, 0xFF, 0xEF, 0x5D, 0xFF, 0xEF, 0x5D, 0xFF, 0xEF, 0x5D, 0xFF, 0xEF,
    0x5D, 0xFF, 0xEF, 0x5D, 0xFF, 0xEF, 0x3D, 0xFF, 0xEF, 0x3D, 0xFF, 0xEF, 0x3C, 0xFF, 0xEF, 0x3C,
    0xFF, 0xEF, 0x3C, 0xFF, 0xEF, 0x3C, 0xFF, 0xEF, 0x3C, 0xFF, 0xF7, 0x5D, 0xFF, 0xFF, 0xBE, 0xFF,
    0xCE, 0x18, 0xFF, 0xBD, 0xD7, 0xFF, 0xEF, 0x5D, 0xFF, 0xF7, 0x9E, 0xFF, 0xFF, 0xBE, 0xFF, 0xFF,
    0xFF, 0xFF, 0xFF, 0xDF, 0xFF, 0xF7, 0x9D, 0xFF, 0xEF, 0x3C, 0xFF, 0xF7, 0xBE, 0xFF, 0xF7, 0xBE,
    0xFF, 0x94, 0xB2, 0xFF, 0x6B, 0x2A, 0xFF, 0xF7, 0xBB, 0xFF, 0xF7, 0x7B, 0xFF, 0xEF, 0x5A, 0xFF,
    0xFF, 0xFD, 0xFF, 0x7B, 0xED, 0xFF, 0x00, 0x20, 0xFF, 0x08, 0x80, 0xFF, 0x32, 0x02, 0xFF, 0x4B,
    0x04, 0xFF, 0x4B, 0x24, 0xFF, 0x53, 0x65, 0xFF, 0x5B, 0xA6, 0xFF, 0x63, 0xE7, 0xFF, 0x6C, 0x07,
    0xFF, 0x74, 0x67, 0xFF, 0x6C, 0x06, 0xFF, 0x6B, 0xC6, 0xFF, 0xA5, 0x6E, 0xFF, 0xF7, 0x98, 0xFF,
    0xDF, 0x16, 0xFF, 0x6C, 0x49, 0xFF, 0x33, 0x23, 0xFF, 0x4B, 0xA5, 0xFF, 0x43, 0x23, 0xFF, 0x43,
    0x03, 0xFF, 0x3A, 0xA3, 0xFF, 0x19, 0x02, 0xFF, 0x19, 0x02, 0xFF, 0xAC, 0x8D, 0xFF, 0x83, 0x49,
    0xFF, 0x5A, 0x46, 0xFF, 0xA4, 0x2C, 0xFF, 0xCD, 0x0F, 0xFF, 0xD5, 0x91, 0xFF, 0xA4, 0xAE, 0xFF,
    0x39, 0xA4, 0xFF, 0x29, 0x63, 0xFF, 0xA4, 0xF0, 0xFF, 0x94, 0x4E, 0xFF, 0x52, 0xA9, 0xFF, 0xE7,
    0x3C, 0xFF, 0xBE, 0x16, 0xFF, 0x6B, 0xEA, 0xFF, 0x63, 0xA7, 0xFF, 0x7C, 0x4C, 0xFF, 0xD6, 0x99,
    0xFF, 0xFF, 0xFF, 0xFF, 0xEF, 0x1C, 0xFF, 0xEF, 0x3C, 0xFF, 0xEF, 0x1C, 0xFF, 0xEF, 0x1C, 0xFF,
    0xE7, 0x1B, 0xFF, 0xE6, 0xFB, 0xFF, 0xE6, 0xDA, 0xFE, 0xF7, 0x7D, 0xFD, 0xEF, 0x5D, 0xD4, 0xA4,
    0xF3, 0x62, 0x00, 0x00, 0x09, 0x00, 0x20, 0x00, 0x00, 0x00, 0x01, 0x00, 0x00, 0x00, 0x00, 0x00,
    0x00, 0x00, 0x00, 0x00, 0x00, 0x00, 0x00, 0x00, 0x00, 0x00, 0x00, 0x00, 0x00, 0x00, 0x00, 0x00,
    0x00, 0x00, 0x00, 0x00, 0x00, 0x00, 0x00, 0x00, 0x00, 0x00, 0x00, 0x00, 0x00, 0x00, 0x00, 0x00,
    0x00, 0x00, 0x00, 0x00, 0x04, 0x00, 0x00, 0x21, 0x00, 0x00, 0x21, 0x00, 0x00, 0x04, 0x00, 0x00,
    0x00, 0x00, 0x00, 0x00, 0x00, 0x00, 0x00, 0x00, 0x00, 0x00, 0x00, 0x00, 0x00, 0x00, 0x00, 0x00,
    0x00, 0x00, 0x00, 0x00, 0x00, 0x00, 0x00, 0x00, 0x00, 0x00, 0x00, 0x00, 0x00, 0x00, 0x00, 0x00,
    0x00, 0x00, 0x00, 0x00, 0x00, 0x00, 0x00, 0x00, 0x00, 0x00, 0x00, 0x00, 0x00, 0x00, 0x00, 0x00,
    0x01, 0x00, 0x00, 0x00, 0x00, 0x00, 0x00, 0x74, 0x4A, 0x45, 0xA6, 0x0D, 0xCC, 0x95, 0x6C, 0xFA,
    0xCE, 0x96, 0xFF, 0xCE, 0x37, 0xFF, 0xE7, 0x1B, 0xFF, 0xF7, 0x7D, 0xFF, 0xFF, 0xBE, 0xFF, 0xF7,
    0x7D, 0xFF, 0xF7, 0x5D, 0xFF, 0xA4, 0xF4, 0xFF, 0x6B, 0x4D, 0xFF, 0xC6, 0x38, 0xFF, 0xFF, 0xFF,
    0xFF, 0xEF, 0x5D, 0xFF, 0xF7, 0x7D, 0xFF, 0xFF, 0xBE, 0xFF, 0xFF, 0xDF, 0xFF, 0xF7, 0x5D, 0xFF,
    0xEF, 0x3C, 0xFF, 0xEF, 0x3C, 0xFF, 0xEF, 0x5D, 0xFF, 0xEF, 0x3C, 0xFF, 0xEF, 0x5D, 0xFF, 0xF7,
    0x9E, 0xFF, 0xFF, 0xDE, 0xFF, 0xFF, 0xDE, 0xFF, 0xFF, 0xDE, 0xFF, 0xFF, 0xBE, 0xFF, 0xFF, 0xBE,
    0xFF, 0xFF, 0xDE, 0xFF, 0xFF, 0xFF, 0xFF, 0xBD, 0xD7, 0xFF, 0xC5, 0xD7, 0xFF, 0xEF, 0x5D, 0xFF,
    0xFF, 0xBE, 0xFF, 0xFF, 0xDF, 0xFF, 0xFF, 0xFF, 0xFF, 0xFF, 0xFF, 0xFF, 0xFF, 0xDF, 0xFF, 0xEF,
    0x7D, 0xFF, 0xF7, 0x5D, 0xFF, 0xEF, 0x5D, 0xFF, 0xEF, 0x5C, 0xFF, 0xF7, 0x9D, 0xFF, 0xFF, 0xBE,
    0xFF, 0xFF, 0xBE, 0xFF, 0xE6, 0xFB, 0xFF, 0xC5, 0xF8, 0xFF, 0xD6, 0x59, 0xFF, 0xF7, 0x7D, 0xFF,
    0xF7, 0x9E, 0xFF, 0xFF, 0xBE, 0xFF, 0xEF, 0x5D, 0xFF, 0xEF, 0x5D, 0xFF, 0xEF, 0x5D, 0xFF, 0xEF,
    0x5D, 0xFF, 0xEF, 0x5D, 0xFF, 0xEF, 0x5D, 0xFF, 0xEF, 0x5D, 0xFF, 0xEF, 0x5D, 0xFF, 0xEF, 0x5C,
    0xFF, 0xEF, 0x3C, 0xFF, 0xEF, 0x3D, 0xFF, 0xEF, 0x3D, 0xFF, 0xEF, 0x3C, 0xFF, 0xEF, 0x3C, 0xFF,
    0xEF, 0x3C, 0xFF, 0xEF, 0x3C, 0xFF, 0xEF, 0x3C, 0xFF, 0xEF, 0x3D, 0xFF, 0xEF, 0x3D, 0xFF, 0xEF,
    0x3C, 0xFF, 0xEF, 0x3C, 0xFF, 0xEF, 0x3C, 0xFF, 0xEF, 0x3C, 0xFF, 0xEF, 0x3C, 0xFF, 0xEF, 0x5D,
    0xFF, 0xEF, 0x5D, 0xFF, 0xEF, 0x5D, 0xFF, 0xEF, 0x5D, 0xFF, 0xEF, 0x5D, 0xFF, 0xEF, 0x3D, 0xFF,
    0xEF, 0x3D, 0xFF, 0xEF, 0x3C, 0xFF, 0xEF, 0x5D, 0xFF, 0xEF, 0x5C, 0xFF, 0xE7, 0x1C, 0xFF, 0xEF,
    0x5C, 0xFF, 0xF7, 0x9E, 0xFF, 0xFF, 0xDF, 0xFF, 0xE6, 0xFB, 0xFF, 0xAD, 0x55, 0xFF, 0xE6, 0xFB,
    0xFF, 0xFF, 0xDE, 0xFF, 0xFF, 0xDE, 0xFF, 0xFF, 0xBE, 0xFF, 0xFF, 0xFF, 0xFF, 0xF7, 0xBE, 0xFF,
    0xEF, 0x5D, 0xFF, 0xFF, 0xDF, 0xFF, 0xD6, 0xBA, 0xFF, 0x52, 0x68, 0xFF, 0xBD, 0x93, 0xFF, 0xFF,
    0xFD, 0xFF, 0xEF, 0x5A, 0xFF, 0xFF, 0xFE, 0xFF, 0xBD, 0xD5, 0xFF, 0x29, 0x23, 0xFF, 0x00, 0x20,
    0xFF, 0x29, 0xA2, 0xFF, 0x42, 0xC4, 0xFF, 0x53, 0x85, 0xFF, 0x53, 0x85, 0xFF, 0x4B, 0x65, 0xFF,
    0x53, 0x84, 0xFF, 0x53, 0xA5, 0xFF, 0x5B, 0xC5, 0xFF, 0x53, 0xA5, 0xFF, 0x53, 0x85, 0xFF, 0x53,
    0x64, 0xFF, 0x53, 0x64, 0xFF, 0x8D, 0x0B, 0xFF, 0xA5, 0xAD, 0xFF, 0x64, 0x06, 0xFF, 0x43, 0x63,
    0xFF, 0x4B, 0x84, 0xFF, 0x4B, 0x44, 0xFF, 0x4B, 0x44, 0xFF, 0x42, 0x84, 0xFF, 0x08, 0xE1, 0xFF,
    0x62, 0xA7, 0xFF, 0xC5, 0x2E, 0xFF, 0x62, 0xA6, 0xFF, 0x41, 0xE5, 0xFF, 0xA4, 0x4D, 0xFF, 0xBC,
    0xEE, 0xFF, 0xB4, 0xAE, 0xFF, 0xD5, 0x91, 0xFF, 0xC5, 0x31, 0xFF, 0xBD, 0x71, 0xFF, 0xEE, 0xF7,
    0xFF, 0xBD, 0xB3, 0xFF, 0x29, 0x63, 0xFF, 0xA5, 0x54, 0xFF, 0xFF, 0xFF, 0xFF, 0xA5, 0x72, 0xFF,
    0x74, 0x0A, 0xFF, 0x63, 0xA8, 0xFF, 0x73, 0xCA, 0xFF, 0xD6, 0xB9, 0xFF, 0xFF, 0xDF, 0xFF, 0xEE,
    0xFC, 0xFF, 0xEF, 0x1C, 0xFF, 0xE6, 0xFB, 0xFF, 0xE6, 0xFB, 0xFF, 0xEE, 0xFB, 0xFF, 0xE6, 0xDB,
    0xFE, 0xEF, 0x1B, 0xFE, 0xFF, 0xFF, 0xF3, 0xCE, 0x79, 0xA1, 0x18, 0xC3, 0x31, 0x7F, 0xFF, 0x02,
    0xFF, 0xFF, 0x01, 0x00, 0x00, 0x00, 0x00, 0x00, 0x00, 0x00, 0x00, 0x00, 0x00, 0x00, 0x00, 0x00,
    0x00, 0x00, 0x00, 0x00, 0x00, 0x00, 0x00, 0x00, 0x00, 0x00, 0x00, 0x00, 0x00, 0x00, 0x00, 0x00,
    0x00, 0x00, 0x00, 0x00, 0x00, 0x00, 0x00, 0x00, 0x00, 0x00, 0x00, 0x00, 0x04, 0x00, 0x00, 0x21,
    0x00, 0x00, 0x21, 0x00, 0x00, 0x04, 0x00, 0x00, 0x00, 0x00, 0x00, 0x00, 0x00, 0x00, 0x00, 0x00,
    0x00, 0x00, 0x00, 0x00, 0x00, 0x00, 0x00, 0x00, 0x00, 0x00, 0x00, 0x00, 0x00, 0x00, 0x00, 0x00,
    0x00, 0x00, 0x00, 0x00, 0x00, 0x00, 0x00, 0x00, 0x00, 0x00, 0x00, 0x00, 0x00, 0x00, 0x00, 0x00,
    0x00, 0x00, 0x00, 0x00, 0x00, 0x00, 0xFF, 0xE0, 0x01, 0x00, 0x00, 0x00, 0x00, 0x00, 0x11, 0x6C,
    0x28, 0x6F, 0x9D, 0xEC, 0xEC, 0x9D, 0x8F, 0xFE, 0xC6, 0x56, 0xFF, 0xD6, 0x79, 0xFF, 0xF7, 0x5C,
    0xFF, 0xF7, 0x9D, 0xFF, 0xDE, 0xBA, 0xFF, 0xD6, 0x59, 0xFF, 0xD6, 0x79, 0xFF, 0x84, 0x10, 0xFF,
    0x8C, 0x51, 0xFF, 0xFF, 0xDF, 0xFF, 0xF7, 0x7D, 0xFF, 0xEF, 0x5D, 0xFF, 0xF7, 0x7D, 0xFF, 0xFF,
    0xDF, 0xFF, 0xF7, 0x9E, 0xFF, 0xEF, 0x3C, 0xFF, 0xEF, 0x3D, 0xFF, 0xEF, 0x5D, 0xFF, 0xEF, 0x5D,
    0xFF, 0xEF, 0x3C, 0xFF, 0xF7, 0x7D, 0xFF, 0xFF, 0xDE, 0xFF, 0xFF, 0xDE, 0xFF, 0xFF, 0xDE, 0xFF,
    0xFF, 0xBE, 0xFF, 0xFF, 0xBE, 0xFF, 0xFF, 0xBE, 0xFF, 0xFF, 0xDE, 0xFF, 0xE6, 0xFC, 0xFF, 0xB5,
    0x55, 0xFF, 0xDE, 0x9A, 0xFF, 0xFF, 0xDE, 0xFF, 0xFF, 0xBE, 0xFF, 0xFF, 0xFF, 0xFF, 0xFF, 0xFF,
    0xFF, 0xFF, 0xFF, 0xFF, 0xFF, 0xDF, 0xFF, 0xF7, 0x7D, 0xFF, 0xF7, 0x7D, 0xFF, 0xEF, 0x5D, 0xFF,
    0xF7, 0x7D, 0xFF, 0xFF, 0xBE, 0xFF, 0xFF, 0xBE, 0xFF, 0xFF, 0xBE, 0xFF, 0xD6, 0x9A, 0xFF, 0xBD,
    0xB7, 0xFF, 0xDE, 0x9A, 0xFF, 0xF7, 0x7D, 0xFF, 0xF7, 0x9E, 0xFF, 0xFF, 0xBE, 0xFF, 0xEF, 0x5D,
    0xFF, 0xEF, 0x5D, 0xFF, 0xF7, 0x5D, 0xFF, 0xEF, 0x5D, 0xFF, 0xEF, 0x5D, 0xFF, 0xF7, 0x7D, 0xFF,
    0xF7, 0x7D, 0xFF, 0xEF, 0x5D, 0xFF, 0xEF, 0x5D, 0xFF, 0xEF, 0x5D, 0xFF, 0xEF, 0x5D, 0xFF, 0xEF,
    0x5D, 0xFF, 0xEF, 0x3C, 0xFF, 0xEF, 0x3C, 0xFF, 0xEF, 0x3C, 0xFF, 0xEF, 0x3C, 0xFF, 0xEF, 0x3C,
    0xFF, 0xEF, 0x3C, 0xFF, 0xEF, 0x3C, 0xFF, 0xEF, 0x3C, 0xFF, 0xEF, 0x3D, 0xFF, 0xEF, 0x3D, 0xFF,
    0xEF, 0x3C, 0xFF, 0xEF, 0x3C, 0xFF, 0xEF, 0x5D, 0xFF, 0xEF, 0x5D, 0xFF, 0xEF, 0x5D, 0xFF, 0xEF,
    0x5D, 0xFF, 0xEF, 0x5D, 0xFF, 0xEF, 0x5D, 0xFF, 0xEF, 0x3C, 0xFF, 0xEF, 0x3D, 0xFF, 0xF7, 0x9E,
    0xFF, 0xF7, 0x9D, 0xFF, 0xE7, 0x1C, 0xFF, 0xEF, 0x3C, 0xFF, 0xFF, 0xBE, 0xFF, 0xFF, 0xBE, 0xFF,
    0xF7, 0xBE, 0xFF, 0xB5, 0x75, 0xFF, 0xCE, 0x38, 0xFF, 0xFF, 0x9E, 0xFF, 0xFF, 0xDE, 0xFF, 0xFF,
    0x9E, 0xFF, 0xFF, 0xDF, 0xFF, 0xF7, 0xBE, 0xFF, 0xFF, 0xFF, 0xFF, 0xEF, 0x7D, 0xFF, 0x7B, 0xCE,
    0xFF, 0x5A, 0x88, 0xFF, 0xF7, 0x9C, 0xFF, 0xF7, 0x7B, 0xFF, 0xFF, 0xFE, 0xFF, 0xDE, 0xB9, 0xFF,
    0x42, 0x27, 0xFF, 0x08, 0x40, 0xFF, 0x19, 0x21, 0xFF, 0x3A, 0x63, 0xFF, 0x4B, 0x24, 0xFF, 0x4B,
    0x44, 0xFF, 0x53, 0xA5, 0xFF, 0x53, 0x85, 0xFF, 0x53, 0xA5, 0xFF, 0x53, 0xA5, 0xFF, 0x5B, 0xC5,
    0xFF, 0x5B, 0xA5, 0xFF, 0x53, 0x85, 0xFF, 0x53, 0x85, 0xFF, 0x4B, 0x44, 0xFF, 0x53, 0x84, 0xFF,
    0x64, 0x26, 0xFF, 0x5C, 0x05, 0xFF, 0x4B, 0x64, 0xFF, 0x3A, 0xE3, 0xFF, 0x32, 0x43, 0xFF, 0x42,
    0xA6, 0xFF, 0x3A, 0x24, 0xFF, 0x19, 0x02, 0xFF, 0x9C, 0x4C, 0xFF, 0xBC, 0xED, 0xFF, 0x52, 0x25,
    0xFF, 0x10, 0x82, 0xFF, 0x73, 0x09, 0xFF, 0xCD, 0x50, 0xFF, 0xBC, 0xCE, 0xFF, 0xAC, 0x8E, 0xFF,
    0xBD, 0x10, 0xFF, 0xBD, 0x10, 0xFF, 0xB5, 0x10, 0xFF, 0xCD, 0xD3, 0xFF, 0x52, 0x67, 0xFF, 0x42,
    0x47, 0xFF, 0xE7, 0x1C, 0xFF, 0xF7, 0xBE, 0xFF, 0x8C, 0xCF, 0xFF, 0x74, 0x2A, 0xFF, 0x63, 0xC8,
    0xFF, 0x63, 0x89, 0xFF, 0xD6, 0xDA, 0xFF, 0xFF, 0xBE, 0xFF, 0xE6, 0xDB, 0xFF, 0xEE, 0xFB, 0xFF,
    0xE6, 0xFB, 0xFF, 0xE6, 0xFB, 0xFF, 0xE6, 0xFB, 0xFF, 0xE6, 0xDB, 0xFE, 0xFF, 0xBE, 0xFE, 0xEF,
    0x7D, 0xD8, 0x9C, 0xD3, 0x69, 0x00, 0xC3, 0x0A, 0x00, 0x20, 0x00, 0x00, 0x00, 0x01, 0x00, 0x00,
    0x00, 0x00, 0x00, 0x00, 0x00, 0x00, 0x00, 0x00, 0x00, 0x00, 0x00, 0x00, 0x00, 0x00, 0x00, 0x00,
    0x00, 0x00, 0x00, 0x00, 0x00, 0x00, 0x00, 0x00, 0x00, 0x00, 0x00, 0x00, 0x00, 0x00, 0x00, 0x00,
    0x00, 0x00, 0x00, 0x00, 0x04, 0x00, 0x00, 0x21, 0x00, 0x00, 0x21, 0x00, 0x00, 0x04, 0x00, 0x00,
    0x00, 0x00, 0x00, 0x00, 0x00, 0x00, 0x00, 0x00, 0x00, 0x00, 0x00, 0x00, 0x00, 0x00, 0x00, 0x00,
    0x00, 0x00, 0x00, 0x00, 0x00, 0x00, 0x00, 0x00, 0x00, 0x00, 0x00, 0x00, 0x00, 0x00, 0x00, 0x00,
    0x00, 0x00, 0x00, 0x00, 0x00, 0x00, 0x00, 0x00, 0x00, 0x00, 0x00, 0x00, 0x00, 0x01, 0xFF, 0xFF,
    0x01, 0x00, 0x00, 0x00, 0x29, 0x44, 0x24, 0x6C, 0x48, 0x92, 0x95, 0xCC, 0xF8, 0xB5, 0xF2, 0xFE,
    0xCE, 0x37, 0xFF, 0xEF, 0x5C, 0xFF, 0xEF, 0x3C, 0xFF, 0xCE, 0x39, 0xFF, 0xC5, 0xD7, 0xFF, 0xD6,
    0x79, 0xFF, 0x9C, 0xB2, 0xFF, 0x73, 0x4E, 0xFF, 0xCE, 0x38, 0xFF, 0xFF, 0xFF, 0xFF, 0xEF, 0x3C,
    0xFF, 0xEF, 0x5D, 0xFF, 0xF7, 0x9E, 0xFF, 0xFF, 0xBE, 0xFF, 0xEF, 0x5D, 0xFF, 0xEF, 0x3C, 0xFF,
    0xEF, 0x5D, 0xFF, 0xEF, 0x5D, 0xFF, 0xEF, 0x3C, 0xFF, 0xEF, 0x5D, 0xFF, 0xF7, 0x9E, 0xFF, 0xFF,
    0xDE, 0xFF, 0xFF, 0xDE, 0xFF, 0xFF, 0xDE, 0xFF, 0xFF, 0xBE, 0xFF, 0xFF, 0xBE, 0xFF, 0xFF, 0xBE,
    0xFF, 0xFF, 0xDE, 0xFF, 0xBD, 0xB7, 0xFF, 0xC5, 0xD8, 0xFF, 0xEF, 0x5D, 0xFF, 0xFF, 0xBE, 0xFF,
    0xFF, 0xDE, 0xFF, 0xFF, 0xFF, 0xFF, 0xFF, 0xDF, 0xFF, 0xFF, 0xFF, 0xFF, 0xFF, 0xDF, 0xFF, 0xF7,
    0x7D, 0xFF, 0xEF, 0x5D, 0xFF, 0xF7, 0x7D, 0xFF, 0xFF, 0xBE, 0xFF, 0xFF, 0xDE, 0xFF, 0xFF, 0x9D,
    0xFF, 0xF7, 0x7D, 0xFF, 0xCE, 0x38, 0xFF, 0xBD, 0xD7, 0xFF, 0xE6, 0xDB, 0xFF, 0xEF, 0x5C, 0xFF,
    0xFF, 0x9E, 0xFF, 0xFF, 0xBE, 0xFF, 0xF7, 0x7D, 0xFF, 0xEF, 0x5D, 0xFF, 0xF7, 0x7D, 0xFF, 0xF7,
    0x5D, 0xFF, 0xEF, 0x5D, 0xFF, 0xF7, 0x9E, 0xFF, 0xF7, 0xBE, 0xFF, 0xEF, 0x5D, 0xFF, 0xEF, 0x3C,
    0xFF, 0xEF, 0x5D, 0xFF, 0xEF, 0x5D, 0xFF, 0xEF, 0x3C, 0xFF, 0xEF, 0x3C, 0xFF, 0xEF, 0x3C, 0xFF,
    0xEF, 0x3C, 0xFF, 0xEF, 0x3C, 0xFF, 0xEF, 0x3C, 0xFF, 0xEF, 0x3C, 0xFF, 0xEF, 0x3C, 0xFF, 0xEF,
    0x3C, 0xFF, 0xEF, 0x3C, 0xFF, 0xEF, 0x3C, 0xFF, 0xF7, 0x7D, 0xFF, 0xF7, 0x9E, 0xFF, 0xEF, 0x3D,
    0xFF, 0xEF, 0x3D, 0xFF, 0xEF, 0x3C, 0xFF, 0xEF, 0x5D, 0xFF, 0xEF, 0x5D, 0xFF, 0xEF, 0x5D, 0xFF,
    0xEF, 0x3C, 0xFF, 0xF7, 0x7D, 0xFF, 0xFF, 0xBE, 0xFF, 0xF7, 0x9D, 0xFF, 0xEF, 0x1C, 0xFF, 0xE7,
    0x1B, 0xFF, 0xF7, 0x9E, 0xFF, 0xFF, 0xBE, 0xFF, 0xFF, 0xFF, 0xFF, 0xC6, 0x18, 0xFF, 0xB5, 0x76,
    0xFF, 0xEF, 0x5C, 0xFF, 0xFF, 0xDE, 0xFF, 0xFF, 0x9E, 0xFF, 0xF7, 0xBE, 0xFF, 0xFF, 0xDF, 0xFF,
    0xFF, 0xFF, 0xFF, 0xB5, 0x75, 0xFF, 0x4A, 0x27, 0xFF, 0xD6, 0x98, 0xFF, 0xFF, 0xFE, 0xFF, 0xFF,
    0xFD, 0xFF, 0xE7, 0x19, 0xFF, 0x42, 0x27, 0xFF, 0x00, 0x00, 0xFF, 0x10, 0xA1, 0xFF, 0x3A, 0x03,
    0xFF, 0x42, 0xA4, 0xFF, 0x3A, 0x83, 0xFF, 0x32, 0x63, 0xFF, 0x42, 0xC4, 0xFF, 0x5B, 0x86, 0xFF,
    0x5B, 0xA6, 0xFF, 0x53, 0x85, 0xFF, 0x53, 0x85, 0xFF, 0x5B, 0xC6, 0xFF, 0x53, 0x65, 0xFF, 0x3A,
    0xA3, 0xFF, 0x4B, 0x04, 0xFF, 0x53, 0x85, 0xFF, 0x64, 0x06, 0xFF, 0x53, 0xA5, 0xFF, 0x53, 0x65,
    0xFF, 0x84, 0x6A, 0xFF, 0x42, 0x05, 0xFF, 0x10, 0xC1, 0xFF, 0x10, 0xC1, 0xFF, 0x5A, 0xA8, 0xFF,
    0xC5, 0x30, 0xFF, 0x9C, 0x0B, 0xFF, 0x5A, 0x87, 0xFF, 0x4A, 0x48, 0xFF, 0x39, 0xC5, 0xFF, 0x72,
    0xE8, 0xFF, 0xC5, 0x2F, 0xFF, 0xC5, 0x2F, 0xFF, 0xAC, 0x8D, 0xFF, 0xA4, 0x8D, 0xFF, 0x94, 0x0D,
    0xFF, 0xDE, 0x96, 0xFF, 0x94, 0x6E, 0xFF, 0x21, 0x22, 0xFF, 0x8C, 0x70, 0xFF, 0xFF, 0xFF, 0xFF,
    0xD6, 0x98, 0xFF, 0x84, 0x8C, 0xFF, 0x7C, 0x8A, 0xFF, 0x5B, 0x87, 0xFF, 0x63, 0x6A, 0xFF, 0xDE,
    0xDA, 0xFF, 0xF7, 0x7D, 0xFF, 0xE6, 0xDB, 0xFF, 0xE7, 0x1B, 0xFF, 0xE7, 0x1B, 0xFF, 0xE6, 0xFB,
    0xFF, 0xE7, 0x1B, 0xFE, 0xF7, 0x3C, 0xFE, 0xFF, 0xFF, 0xF5, 0xD6, 0xBB, 0xA7, 0x29, 0x24, 0x35,
    0xAD, 0x55, 0x03, 0xFF, 0xFF, 0x01, 0x00, 0x00, 0x00, 0x00, 0x00, 0x00, 0x00, 0x00, 0x00, 0x00,
    0x00, 0x00, 0x00, 0x00, 0x00, 0x00, 0x00, 0x00, 0x00, 0x00, 0x00, 0x00, 0x00, 0x00, 0x00, 0x00,
    0x00, 0x00, 0x00, 0x00, 0x00, 0x00, 0x00, 0x00, 0x00, 0x00, 0x00, 0x00, 0x04, 0x00, 0x00, 0x21,
    0x00, 0x00, 0x21, 0x00, 0x00, 0x04, 0x00, 0x00, 0x00, 0x00, 0x00, 0x00, 0x00, 0x00, 0x00, 0x00,
    0x00, 0x00, 0x00, 0x00, 0x01, 0x03, 0xE0, 0x02, 0x00, 0x00, 0x00, 0x00, 0x00, 0x00, 0x00, 0x00,
    0x00, 0x00, 0x00, 0x00, 0x00, 0x00, 0x00, 0x00, 0x00, 0x00, 0x00, 0x00, 0x00, 0x00, 0x00, 0x00,
    0x00, 0x00, 0x00, 0x00, 0x00, 0x01, 0xFF, 0xE0, 0x01, 0x00, 0x00, 0x05, 0x4A, 0xC6, 0x3D, 0x84,
    0xEB, 0xAC, 0x95, 0x6E, 0xF8, 0xBE, 0x15, 0xFE, 0xE6, 0xFA, 0xFF, 0xE6, 0xFB, 0xFF, 0xC5, 0xD7,
    0xFF, 0xBD, 0xD7, 0xFF, 0xAD, 0x55, 0xFF, 0x94, 0x72, 0xFF, 0x4A, 0x2A, 0xFF, 0x84, 0x11, 0xFF,
    0xFF, 0xBE, 0xFF, 0xF7, 0x9E, 0xFF, 0xEF, 0x5D, 0xFF, 0xF7, 0x7D, 0xFF, 0xFF, 0xDE, 0xFF, 0xF7,
    0x7D, 0xFF, 0xEF, 0x3C, 0xFF, 0xEF, 0x3C, 0xFF, 0xEF, 0x5D, 0xFF, 0xEF, 0x5D, 0xFF, 0xEF, 0x5D,
    0xFF, 0xEF, 0x5D, 0xFF, 0xF7, 0x7D, 0xFF, 0xFF, 0xDE, 0xFF, 0xFF, 0xDE, 0xFF, 0xFF, 0xBE, 0xFF,
    0xFF, 0xBE, 0xFF, 0xFF, 0xBE, 0xFF, 0xFF, 0xBE, 0xFF, 0xEF, 0x1C, 0xFF, 0xAD, 0x35, 0xFF, 0xDE,
    0xBB, 0xFF, 0xF7, 0x9E, 0xFF, 0xF7, 0xBE, 0xFF, 0xFF, 0xDF, 0xFF, 0xFF, 0xDF, 0xFF, 0xFF, 0xDF,
    0xFF, 0xFF, 0xFF, 0xFF, 0xFF, 0xDF, 0xFF, 0xEF, 0x7D, 0xFF, 0xF7, 0x7D, 0xFF, 0xFF, 0xBE, 0xFF,
    0xFF, 0xDE, 0xFF, 0xFF, 0xBE, 0xFF, 0xF7, 0x9D, 0xFF, 0xF7, 0x5D, 0xFF, 0xC5, 0xF7, 0xFF, 0xC5,
    0xD7, 0xFF, 0xE7, 0x1C, 0xFF, 0xEF, 0x3C, 0xFF, 0xF7, 0xBE, 0xFF, 0xFF, 0xBE, 0xFF, 0xF7, 0xBE,
    0xFF, 0xFF, 0xBE, 0xFF, 0xF7, 0x9E, 0xFF, 0xEF, 0x5D, 0xFF, 0xEF, 0x5D, 0xFF, 0xFF, 0xBE, 0xFF,
    0xFF, 0xDF, 0xFF, 0xF7, 0x9E, 0xFF, 0xEF, 0x5D, 0xFF, 0xEF, 0x3C, 0xFF, 0xEF, 0x3D, 0xFF, 0xEF,
    0x3C, 0xFF, 0xEF, 0x3C, 0xFF, 0xEF, 0x3C, 0xFF, 0xEF, 0x3C, 0xFF, 0xEF, 0x3C, 0xFF, 0xEF, 0x3C,
    0xFF, 0xEF, 0x3C, 0xFF, 0xEF, 0x3C, 0xFF, 0xEF, 0x3C, 0xFF, 0xEF, 0x3C, 0xFF, 0xF7, 0x7D, 0xFF,
    0xFF, 0xBE, 0xFF, 0xFF, 0xBE, 0xFF, 0xEF, 0x5D, 0xFF, 0xEF, 0x5D, 0xFF, 0xE7, 0x1C, 0xFF, 0xEF,
    0x3C, 0xFF, 0xF7, 0x9E, 0xFF, 0xEF, 0x7D, 0xFF, 0xEF, 0x5C, 0xFF, 0xF7, 0x9E, 0xFF, 0xFF, 0xBE,
    0xFF, 0xFF, 0xBE, 0xFF, 0xEF, 0x5C, 0xFF, 0xE6, 0xFB, 0xFF, 0xF7, 0x7D, 0xFF, 0xFF, 0xDE, 0xFF,
    0xFF, 0xFF, 0xFF, 0xE7, 0x1B, 0xFF, 0xAD, 0x35, 0xFF, 0xDE, 0xDB, 0xFF, 0xFF, 0xDE, 0xFF, 0xFF,
    0xBD, 0xFF, 0xF7, 0x7D, 0xFF, 0xFF, 0xFF, 0xFF, 0xDE, 0xDB, 0xFF, 0x83, 0xCE, 0xFF, 0xA4, 0xB0,
    0xFF, 0xEE, 0xF8, 0xFF, 0xCD, 0xB3, 0xFF, 0xD6, 0x34, 0xFF, 0xB5, 0x0F, 0xFF, 0x5A, 0x86, 0xFF,
    0x39, 0xC4, 0xFF, 0x21, 0x43, 0xFF, 0x19, 0x21, 0xFF, 0x19, 0x61, 0xFF, 0x21, 0xA2, 0xFF, 0x29,
    0xC2, 0xFF, 0x21, 0x82, 0xFF, 0x32, 0x03, 0xFF, 0x4B, 0x04, 0xFF, 0x53, 0x85, 0xFF, 0x5B, 0xA5,
    0xFF, 0x4B, 0x04, 0xFF, 0x53, 0x05, 0xFF, 0x84, 0x0A, 0xFF, 0x5B, 0x46, 0xFF, 0x4B, 0x44, 0xFF,
    0x6C, 0x87, 0xFF, 0x53, 0xA5, 0xFF, 0x42, 0xE4, 0xFF, 0x9C, 0x8C, 0xFF, 0xC5, 0x50, 0xFF, 0x6B,
    0x09, 0xFF, 0x52, 0x47, 0xFF, 0xAC, 0xAF, 0xFF, 0xCD, 0x50, 0xFF, 0x8B, 0x49, 0xFF, 0x6B, 0x0A,
    0xFF, 0xAD, 0x74, 0xFF, 0x8C, 0x50, 0xFF, 0x41, 0xC6, 0xFF, 0x62, 0xA7, 0xFF, 0x9C, 0x4C, 0xFF,
    0xAC, 0x8C, 0xFF, 0x7B, 0x48, 0xFF, 0xBD, 0x72, 0xFF, 0xFF, 0xBC, 0xFF, 0xBD, 0xB3, 0xFF, 0x62,
    0xE8, 0xFF, 0x52, 0xA7, 0xFF, 0xCE, 0x78, 0xFF, 0xFF, 0xFF, 0xFF, 0xB5, 0xB3, 0xFF, 0x7C, 0x8B,
    0xFF, 0x84, 0xEC, 0xFF, 0x5B, 0x47, 0xFF, 0x6B, 0x6B, 0xFF, 0xDE, 0xBA, 0xFF, 0xFF, 0x9E, 0xFF,
    0xE7, 0x1B, 0xFF, 0xE7, 0x1B, 0xFF, 0xEF, 0x1C, 0xFF, 0xEF, 0x1C, 0xFF, 0xEF, 0x3C, 0xFE, 0xFF,
    0xDF, 0xFE, 0xF7, 0x9E, 0xDC, 0xA5, 0x34, 0x72, 0x00, 0x00, 0x0A, 0x00, 0x00, 0x00, 0x00, 0x00,
    0x01, 0x00, 0x00, 0x00, 0x00, 0x00, 0x00, 0x00, 0x00, 0x00, 0x00, 0x00, 0x00, 0x00, 0x00, 0x00,
    0x00, 0x00, 0x00, 0x00, 0x00, 0x00, 0x00, 0x00, 0x00, 0x00, 0x00, 0x00, 0x00, 0x00, 0x00, 0x00,
    0x00, 0x00, 0x00, 0x00, 0x04, 0x00, 0x20, 0x21, 0x00, 0x00, 0x21, 0x00, 0x00, 0x04, 0x00, 0x00,
    0x00, 0x00, 0x00, 0x00, 0x00, 0x00, 0x00, 0x00, 0x00, 0x00, 0x10, 0x00, 0x0C, 0x08, 0x00, 0x10,
    0x00, 0x00, 0x00, 0x00, 0x00, 0x00, 0x00, 0x00, 0x00, 0x00, 0x00, 0x00, 0x00, 0x00, 0x00, 0x00,
    0x00, 0x00, 0x00, 0x00, 0x00, 0x00, 0x00, 0x00, 0x00, 0x00, 0x01, 0x00, 0x00, 0x00, 0x00, 0x00,
    0x00, 0x4A, 0x09, 0x23, 0x74, 0x2B, 0x81, 0x8D, 0x0C, 0xDD, 0xA5, 0x71, 0xFD, 0xCE, 0x98, 0xFE,
    0xD6, 0x99, 0xFF, 0xB5, 0x76, 0xFF, 0xBD, 0xB6, 0xFF, 0x94, 0x72, 0xFF, 0x94, 0x72, 0xFF, 0x8C,
    0x31, 0xFF, 0x62, 0xEC, 0xFF, 0xBD, 0x96, 0xFF, 0xFF, 0xFF, 0xFF, 0xEF, 0x3C, 0xFF, 0xEF, 0x5D,
    0xFF, 0xF7, 0x9E, 0xFF, 0xF7, 0xBE, 0xFF, 0xEF, 0x5D, 0xFF, 0xEF, 0x3C, 0xFF, 0xEF, 0x3D, 0xFF,
    0xEF, 0x5D, 0xFF, 0xEF, 0x5D, 0xFF, 0xEF, 0x5D, 0xFF, 0xEF, 0x5D, 0xFF, 0xEF, 0x5D, 0xFF, 0xF7,
    0xBE, 0xFF, 0xFF, 0xDE, 0xFF, 0xFF, 0xDE, 0xFF, 0xFF, 0xBE, 0xFF, 0xF7, 0xBE, 0xFF, 0xFF, 0x9E,
    0xFF, 0xC5, 0xD7, 0xFF, 0xBD, 0xB7, 0xFF, 0xEF, 0x3D, 0xFF, 0xF7, 0x9E, 0xFF, 0xF7, 0x9E, 0xFF,
    0xFF, 0xDF, 0xFF, 0xFF, 0xDE, 0xFF, 0xFF, 0xDF, 0xFF, 0xFF, 0xDF, 0xFF, 0xFF, 0xDE, 0xFF, 0xF7,
    0x7D, 0xFF, 0xF7, 0x9E, 0xFF, 0xFF, 0xDE, 0xFF, 0xFF, 0xDE, 0xFF, 0xFF, 0xBE, 0xFF, 0xFF, 0xBE,
    0xFF, 0xE7, 0x1C, 0xFF, 0xBD, 0x96, 0xFF, 0xC5, 0xF8, 0xFF, 0xEF, 0x5C, 0xFF, 0xEF, 0x3C, 0xFF,
    0xF7, 0xBE, 0xFF, 0xFF, 0xBE, 0xFF, 0xFF, 0xDE, 0xFF, 0xFF, 0xDF, 0xFF, 0xF7, 0xBE, 0xFF, 0xEF,
    0x7D, 0xFF, 0xF7, 0x7D, 0xFF, 0xFF, 0xBE, 0xFF, 0xFF, 0xDF, 0xFF, 0xFF, 0xDE, 0xFF, 0xF7, 0x9E,
    0xFF, 0xEF, 0x5D, 0xFF, 0xEF, 0x3C, 0xFF, 0xEF, 0x3C, 0xFF, 0xEF, 0x3C, 0xFF, 0xEF, 0x3C, 0xFF,
    0xEF, 0x3C, 0xFF, 0xEF, 0x3C, 0xFF, 0xEF, 0x3C, 0xFF, 0xEF, 0x3C, 0xFF, 0xEF, 0x3C, 0xFF, 0xEF,
    0x3D, 0xFF, 0xF7, 0x7D, 0xFF, 0xFF, 0xBE, 0xFF, 0xFF, 0xDF, 0xFF, 0xF7, 0xBE, 0xFF, 0xEF, 0x5D,
    0xFF, 0xEF, 0x3D, 0xFF, 0xE6, 0xFC, 0xFF, 0xE7, 0x1C, 0xFF, 0xFF, 0xBE, 0xFF, 0xFF, 0xBE, 0xFF,
    0xF7, 0x9D, 0xFF, 0xFF, 0xBE, 0xFF, 0xFF, 0xBE, 0xFF, 0xFF, 0xDE, 0xFF, 0xF7, 0x7D, 0xFF, 0xE6,
    0xFB, 0xFF, 0xEF, 0x3C, 0xFF, 0xFF, 0xDF, 0xFF, 0xFF, 0xDF, 0xFF, 0xFF, 0xBE, 0xFF, 0xB5, 0x76,
    0xFF, 0xCE, 0x59, 0xFF, 0xFF, 0xBE, 0xFF, 0xFF, 0xBE, 0xFF, 0xFF, 0xBE, 0xFF, 0xFF, 0xFF, 0xFF,
    0x94, 0x91, 0xFF, 0x31, 0x43, 0xFF, 0xAC, 0xAE, 0xFF, 0xC5, 0x4F, 0xFF, 0xB4, 0xCC, 0xFF, 0xAC,
    0x8C, 0xFF, 0xA4, 0x6B, 0xFF, 0xB4, 0xCD, 0xFF, 0xAC, 0xCD, 0xFF, 0x83, 0xAA, 0xFF, 0x62, 0xE8,
    0xFF, 0x42, 0x46, 0xFF, 0x11, 0x01, 0xFF, 0x00, 0x80, 0xFF, 0x11, 0x21, 0xFF, 0x19, 0x42, 0xFF,
    0x21, 0xA2, 0xFF, 0x3A, 0x64, 0xFF, 0x4A, 0xE6, 0xFF, 0x09, 0x00, 0xFF, 0x73, 0x69, 0xFF, 0xEE,
    0xD6, 0xFF, 0x7C, 0x0A, 0xFF, 0x3A, 0xA3, 0xFF, 0x6C, 0x67, 0xFF, 0x5C, 0x06, 0xFF, 0x3A, 0xE4,
    0xFF, 0x63, 0x26, 0xFF, 0xCD, 0x90, 0xFF, 0xB4, 0x8E, 0xFF, 0xB4, 0xCF, 0xFF, 0xC5, 0x10, 0xFF,
    0xCD, 0x50, 0xFF, 0x7B, 0x08, 0xFF, 0x73, 0x4B, 0xFF, 0xD6, 0xB9, 0xFF, 0xCE, 0x18, 0xFF, 0x7B,
    0xCF, 0xFF, 0x6B, 0x4C, 0xFF, 0x4A, 0x06, 0xFF, 0x41, 0xA4, 0xFF, 0x62, 0xA7, 0xFF, 0xE6, 0xD7,
    0xFF, 0xFF, 0x9B, 0xFF, 0xCE, 0x35, 0xFF, 0x73, 0x8B, 0xFF, 0x31, 0xC4, 0xFF, 0x84, 0x2F, 0xFF,
    0xF7, 0x9E, 0xFF, 0xEF, 0x5C, 0xFF, 0x94, 0xEE, 0xFF, 0x7C, 0xCB, 0xFF, 0x8D, 0x2D, 0xFF, 0x5B,
    0x27, 0xFF, 0x6B, 0x8B, 0xFF, 0xDE, 0xDB, 0xFF, 0xF7, 0x9E, 0xFF, 0xEF, 0x1C, 0xFF, 0xEF, 0x1C,
    0xFF, 0xEF, 0x3C, 0xFF, 0xEF, 0x3C, 0xFE, 0xF7, 0x9D, 0xFF, 0xFF, 0xFF, 0xF7, 0xDE, 0xFB, 0xAC,
    0x31, 0x85, 0x34, 0x63, 0x2C, 0x05, 0x00, 0x00, 0x02, 0x00, 0x00, 0x00, 0x00, 0x00, 0x00, 0x00,
    0x00, 0x00, 0x00, 0x00, 0x00, 0x00, 0x00, 0x00, 0x00, 0x00, 0x00, 0x00, 0x00, 0x00, 0x00, 0x00,
    0x00, 0x00, 0x00, 0x00, 0x00, 0x00, 0x00, 0x00, 0x00, 0x00, 0x00, 0x00, 0x04, 0x00, 0x20, 0x21,
    0x00, 0x00, 0x21, 0x00, 0x00, 0x04, 0x00, 0x00, 0x00, 0x00, 0x00, 0x01, 0xFF, 0xE0, 0x01, 0x00,
    0x00, 0x00, 0x73, 0x47, 0x31, 0x73, 0x48, 0x40, 0x00, 0x00, 0x08, 0x00, 0x00, 0x00, 0x00, 0x00,
    0x01, 0x00, 0x00, 0x00, 0x00, 0x00, 0x00, 0x00, 0x00, 0x00, 0x00, 0x00, 0x00, 0x00, 0x00, 0x00,
    0x00, 0x00, 0x01, 0x00, 0x00, 0x00, 0x00, 0x00, 0x0C, 0x7B, 0xEF, 0x52, 0x8C, 0xCE, 0xBE, 0x84,
    0xCC, 0xFC, 0xB6, 0x14, 0xFF, 0xCE, 0x77, 0xFF, 0xB5, 0x75, 0xFF, 0xBD, 0x96, 0xFF, 0x8C, 0x51,
    0xFF, 0x6B, 0x2D, 0xFF, 0xC5, 0xF8, 0xFF, 0x9C, 0xB3, 0xFF, 0x8C, 0x31, 0xFF, 0xE6, 0xFB, 0xFF,
    0xFF, 0xDE, 0xFF, 0xEF, 0x1C, 0xFF, 0xF7, 0x7D, 0xFF, 0xF7, 0xBE, 0xFF, 0xEF, 0x5D, 0xFF, 0xEF,
    0x3C, 0xFF, 0xEF, 0x3C, 0xFF, 0xEF, 0x3D, 0xFF, 0xEF, 0x5D, 0xFF, 0xEF, 0x5D, 0xFF, 0xEF, 0x5D,
    0xFF, 0xEF, 0x5D, 0xFF, 0xEF, 0x3C, 0xFF, 0xF7, 0x7D, 0xFF, 0xFF, 0xDE, 0xFF, 0xFF, 0xDE, 0xFF,
    0xFF, 0xBE, 0xFF, 0xF7, 0x9D, 0xFF, 0xEF, 0x1C, 0xFF, 0xAD, 0x35, 0xFF, 0xDE, 0xBB, 0xFF, 0xF7,
    0x5D, 0xFF, 0xF7, 0x7D, 0xFF, 0xFF, 0xBE, 0xFF, 0xFF, 0xDE, 0xFF, 0xFF, 0xDE, 0xFF, 0xFF, 0xDE,
    0xFF, 0xFF, 0xDE, 0xFF, 0xFF, 0xBE, 0xFF, 0xF7, 0x9E, 0xFF, 0xFF, 0xBE, 0xFF, 0xFF, 0xDE, 0xFF,
    0xFF, 0xDE, 0xFF, 0xFF, 0xBE, 0xFF, 0xFF, 0xBE, 0xFF, 0xDE, 0x9A, 0xFF, 0xAD, 0x35, 0xFF, 0xCE,
    0x18, 0xFF, 0xF7, 0x5D, 0xFF, 0xEF, 0x5C, 0xFF, 0xFF, 0xBE, 0xFF, 0xFF, 0xBE, 0xFF, 0xFF, 0xDE,
    0xFF, 0xFF, 0xDF, 0xFF, 0xF7, 0x9E, 0xFF, 0xEF, 0x5D, 0xFF, 0xF7, 0x7D, 0xFF, 0xFF, 0xBE, 0xFF,
    0xFF, 0xDF, 0xFF, 0xFF, 0xDE, 0xFF, 0xFF, 0xDE, 0xFF, 0xF7, 0x9E, 0xFF, 0xF7, 0x7D, 0xFF, 0xEF,
    0x3C, 0xFF, 0xEF, 0x3C, 0xFF, 0xEF, 0x3C, 0xFF, 0xEF, 0x3C, 0xFF, 0xEF, 0x3C, 0xFF, 0xEF, 0x3C,
    0xFF, 0xEF, 0x5D, 0xFF, 0xF7, 0x7D, 0xFF, 0xF7, 0x9E, 0xFF, 0xFF, 0xDE, 0xFF, 0xFF, 0xDE, 0xFF,
    0xFF, 0xDE, 0xFF, 0xF7, 0xBE, 0xFF, 0xEF, 0x5D, 0xFF, 0xEF, 0x3C, 0xFF, 0xE7, 0x1C, 0xFF, 0xE6,
    0xFB, 0xFF, 0xF7, 0x9D, 0xFF, 0xFF, 0xDE, 0xFF, 0xFF, 0xBE, 0xFF, 0xFF, 0xBE, 0xFF, 0xFF, 0xBE,
    0xFF, 0xFF, 0xDE, 0xFF, 0xFF, 0xBE, 0xFF, 0xEF, 0x3C, 0xFF, 0xE7, 0x1C, 0xFF, 0xFF, 0xDF, 0xFF,
    0xFF, 0xFF, 0xFF, 0xFF, 0xFF, 0xFF, 0xC5, 0xF8, 0xFF, 0xBD, 0xD7, 0xFF, 0xF7, 0x9D, 0xFF, 0xFF,
    0xDE, 0xFF, 0xFF, 0xBE, 0xFF, 0xFF, 0xDF, 0xFF, 0xAD, 0x75, 0xFF, 0x4A, 0x27, 0xFF, 0x5A, 0x26,
    0xFF, 0x6A, 0xC6, 0xFF, 0x9C, 0x0A, 0xFF, 0xBC, 0xED, 0xFF, 0xC5, 0x2E, 0xFF, 0xBD, 0x0E, 0xFF,
    0xBD, 0x0E, 0xFF, 0xB4, 0xCD, 0xFF, 0xB4, 0xAD, 0xFF, 0xB4, 0xEE, 0xFF, 0x8C, 0x0C, 0xFF, 0x39,
    0xE5, 0xFF, 0x00, 0xA0, 0xFF, 0x00, 0xA0, 0xFF, 0x08, 0xC1, 0xFF, 0x11, 0x01, 0xFF, 0x00, 0x80,
    0xFF, 0x29, 0x84, 0xFF, 0xBD, 0x51, 0xFF, 0xFF, 0x37, 0xFF, 0x8C, 0x2C, 0xFF, 0x3A, 0xC4, 0xFF,
    0x5C, 0x05, 0xFF, 0x64, 0x66, 0xFF, 0x4B, 0x65, 0xFF, 0x42, 0xC4, 0xFF, 0x94, 0x2A, 0xFF, 0x83,
    0x08, 0xFF, 0x9C, 0x0C, 0xFF, 0xBC, 0xEE, 0xFF, 0x9C, 0x0C, 0xFF, 0x49, 0xA4, 0xFF, 0x84, 0x0F,
    0xFF, 0xE7, 0x1B, 0xFF, 0xCE, 0x59, 0xFF, 0xA4, 0xF4, 0xFF, 0xAD, 0x34, 0xFF, 0x73, 0xAF, 0xFF,
    0x18, 0xA2, 0xFF, 0x73, 0x49, 0xFF, 0xF7, 0x17, 0xFF, 0xEE, 0xF7, 0xFF, 0xDE, 0x95, 0xFF, 0x52,
    0x67, 0xFF, 0x19, 0x02, 0xFF, 0x42, 0x67, 0xFF, 0xC6, 0x37, 0xFF, 0xFF, 0xFF, 0xFF, 0xBE, 0x14,
    0xFF, 0x74, 0x6A, 0xFF, 0x8D, 0x6D, 0xFF, 0x8D, 0x2E, 0xFF, 0x5B, 0x48, 0xFF, 0x7C, 0x0D, 0xFF,
    0xE7, 0x1C, 0xFF, 0xF7, 0x9E, 0xFF, 0xEF, 0x3C, 0xFF, 0xEF, 0x3C, 0xFF, 0xEF, 0x5D, 0xFF, 0xEF,
    0x5D, 0xFE, 0xFF, 0xFF, 0xFE, 0xF7, 0x9E, 0xDC, 0x9C, 0xF3, 0x74, 0x00, 0x00, 0x0C, 0x00, 0x00,
    0x00, 0x00, 0x00, 0x00, 0x00, 0x00, 0x00, 0x00, 0x00, 0x00, 0x00, 0x00, 0x00, 0x00, 0x00, 0x00,
    0x00, 0x00, 0x00, 0x00, 0x00, 0x00, 0x00, 0x00, 0x00, 0x00, 0x00, 0x00, 0x00, 0x00, 0x00, 0x00,
    0x00, 0x00, 0x00, 0x00, 0x04, 0x00, 0x20, 0x21, 0x00, 0x00, 0x21, 0x00, 0x00, 0x04, 0x00, 0x00,
    0x00, 0x00, 0x00, 0x01, 0xFF, 0xFF, 0x01, 0x00, 0x00, 0x00, 0xA4, 0xAB, 0x56, 0xA4, 0xAB, 0x71,
    0x00, 0x00, 0x11, 0xFF, 0xEF, 0x02, 0x00, 0x00, 0x01, 0x00, 0x00, 0x00, 0x00, 0x00, 0x00, 0x00,
    0x00, 0x00, 0x00, 0x00, 0x00, 0x00, 0x00, 0x00, 0x7B, 0xFF, 0x02, 0x00, 0x00, 0x00, 0x21, 0x66,
    0x2E, 0xA5, 0x55, 0x91, 0xA5, 0x72, 0xE3, 0x7C, 0x8C, 0xFE, 0xBE, 0x55, 0xFE, 0xB5, 0xB4, 0xFF,
    0xB5, 0x95, 0xFF, 0x94, 0x92, 0xFF, 0x63, 0x0C, 0xFF, 0xB5, 0x76, 0xFF, 0xF7, 0x7D, 0xFF, 0x7B,
    0xAF, 0xFF, 0x9C, 0xD3, 0xFF, 0xFF, 0xDF, 0xFF, 0xEF, 0x5C, 0xFF, 0xEF, 0x3D, 0xFF, 0xF7, 0x9E,
    0xFF, 0xF7, 0x7D, 0xFF, 0xEF, 0x3C, 0xFF, 0xEF, 0x3C, 0xFF, 0xEF, 0x3C, 0xFF, 0xEF, 0x3C, 0xFF,
    0xEF, 0x5D, 0xFF, 0xEF, 0x5D, 0xFF, 0xEF, 0x5D, 0xFF, 0xEF, 0x5D, 0xFF, 0xEF, 0x5C, 0xFF, 0xF7,
    0x7D, 0xFF, 0xFF, 0xDE, 0xFF, 0xFF, 0xBE, 0xFF, 0xF7, 0x9E, 0xFF, 0xF7, 0x9D, 0xFF, 0xCE, 0x18,
    0xFF, 0xBD, 0x97, 0xFF, 0xEF, 0x3D, 0xFF, 0xEF, 0x5D, 0xFF, 0xF7, 0x7D, 0xFF, 0xFF, 0xDE, 0xFF,
    0xFF, 0xBE, 0xFF, 0xFF, 0xDE, 0xFF, 0xFF, 0xDE, 0xFF, 0xFF, 0xDE, 0xFF, 0xF7, 0xBE, 0xFF, 0xF7,
    0x9E, 0xFF, 0xFF, 0xDE, 0xFF, 0xFF, 0xDE, 0xFF, 0xFF, 0xDE, 0xFF, 0xFF, 0xBE, 0xFF, 0xFF, 0xDE,
    0xFF, 0xCE, 0x38, 0xFF, 0xAD, 0x35, 0xFF, 0xD6, 0x7A, 0xFF, 0xF7, 0x7D, 0xFF, 0xF7, 0x7D, 0xFF,
    0xFF, 0xBE, 0xFF, 0xFF, 0xBE, 0xFF, 0xFF, 0xDE, 0xFF, 0xFF, 0xDE, 0xFF, 0xF7, 0x7D, 0xFF, 0xEF,
    0x5D, 0xFF, 0xF7, 0x7D, 0xFF, 0xFF, 0xDE, 0xFF, 0xFF, 0xDF, 0xFF, 0xFF, 0xDE, 0xFF, 0xFF, 0xDE,
    0xFF, 0xFF, 0xDE, 0xFF, 0xFF, 0xBE, 0xFF, 0xF7, 0x9E, 0xFF, 0xF7, 0x9D, 0xFF, 0xF7, 0x7D, 0xFF,
    0xF7, 0x7D, 0xFF, 0xF7, 0x9D, 0xFF, 0xF7, 0x9E, 0xFF, 0xFF, 0xBE, 0xFF, 0xFF, 0xDE, 0xFF, 0xFF,
    0xDE, 0xFF, 0xFF, 0xDE, 0xFF, 0xFF, 0xDE, 0xFF, 0xFF, 0xDE, 0xFF, 0xFF, 0xBE, 0xFF, 0xEF, 0x5D,
    0xFF, 0xEF, 0x3C, 0xFF, 0xE7, 0x1C, 0xFF, 0xDE, 0xDB, 0xFF, 0xF7, 0x7D, 0xFF, 0xFF, 0xBE, 0xFF,
    0xFF, 0xBE, 0xFF, 0xFF, 0xBE, 0xFF, 0xFF, 0xBE, 0xFF, 0xFF, 0xDE, 0xFF, 0xFF, 0xDE, 0xFF, 0xEF,
    0x5D, 0xFF, 0xE6, 0xFB, 0xFF, 0xF7, 0x9E, 0xFF, 0xFF, 0xFF, 0xFF, 0xFF, 0xFF, 0xFF, 0xD6, 0xBA,
    0xFF, 0xB5, 0x55, 0xFF, 0xE7, 0x1C, 0xFF, 0xFF, 0xFF, 0xFF, 0xF7, 0x9D, 0xFF, 0xF7, 0x9D, 0xFF,
    0xF7, 0x9D, 0xFF, 0xD6, 0x9A, 0xFF, 0x9C, 0xD3, 0xFF, 0x7B, 0x8C, 0xFF, 0x6A, 0xC8, 0xFF, 0x73,
    0x08, 0xFF, 0x93, 0xEA, 0xFF, 0xB4, 0xCD, 0xFF, 0xBD, 0x0E, 0xFF, 0xB4, 0xCE, 0xFF, 0xA4, 0x4C,
    0xFF, 0xBC, 0xCE, 0xFF, 0xDE, 0x12, 0xFF, 0xC5, 0x70, 0xFF, 0x6B, 0x49, 0xFF, 0x29, 0xA4, 0xFF,
    0x19, 0x22, 0xFF, 0x19, 0x22, 0xFF, 0x31, 0xA4, 0xFF, 0xAD, 0x0F, 0xFF, 0xB4, 0xCE, 0xFF, 0xBC,
    0xCE, 0xFF, 0xA4, 0xAE, 0xFF, 0x4B, 0x07, 0xFF, 0x43, 0x44, 0xFF, 0x6C, 0x67, 0xFF, 0x53, 0xA5,
    0xFF, 0x4B, 0x05, 0xFF, 0x73, 0x88, 0xFF, 0x8B, 0x8A, 0xFF, 0x49, 0xE5, 0xFF, 0x72, 0xE9, 0xFF,
    0x52, 0x26, 0xFF, 0x6B, 0x0B, 0xFF, 0xD6, 0x79, 0xFF, 0xE7, 0x1C, 0xFF, 0xD6, 0x9A, 0xFF, 0xB5,
    0x96, 0xFF, 0xA4, 0xD4, 0xFF, 0xB5, 0x76, 0xFF, 0x62, 0xEB, 0xFF, 0x62, 0xA6, 0xFF, 0xE6, 0x73,
    0xFF, 0xE6, 0x73, 0xFF, 0xE6, 0x94, 0xFF, 0x7B, 0x8B, 0xFF, 0x21, 0x43, 0xFF, 0x19, 0x22, 0xFF,
    0x8C, 0x90, 0xFF, 0xF7, 0xBE, 0xFF, 0xEF, 0x7B, 0xFF, 0x9D, 0x2E, 0xFF, 0x74, 0x8A, 0xFF, 0x9D,
    0x8F, 0xFF, 0x95, 0x2E, 0xFF, 0x63, 0xA9, 0xFF, 0x9C, 0xB0, 0xFF, 0xF7, 0x5D, 0xFF, 0xF7, 0x9E,
    0xFF, 0xEF, 0x5C, 0xFF, 0xEF, 0x5D, 0xFF, 0xEF, 0x3D, 0xFE, 0xF7, 0x9E, 0xFF, 0xFF, 0xFF, 0xF8,
    0xE7, 0x1C, 0xB1, 0x21, 0x24, 0x30, 0xAD, 0x55, 0x03, 0x00, 0x00, 0x00, 0x00, 0x00, 0x00, 0x00,
    0x00, 0x00, 0x00, 0x00, 0x00, 0x00, 0x00, 0x00, 0x00, 0x00, 0x00, 0x00, 0x00, 0x00, 0x00, 0x00,
    0x00, 0x00, 0x00, 0x00, 0x00, 0x00, 0x00, 0x00, 0x00, 0x00, 0x00, 0x00, 0x04, 0x00, 0x20, 0x21,
    0x00, 0x00, 0x21, 0x00, 0x00, 0x04, 0x00, 0x00, 0x00, 0x00, 0x00, 0x01, 0xFF, 0xFF, 0x01, 0x00,
    0x00, 0x01, 0xBD, 0x6D, 0x70, 0xC5, 0x8E, 0x90, 0x00, 0x00, 0x17, 0xFF, 0xEF, 0x02, 0x00, 0x00,
    0x01, 0x00, 0x00, 0x00, 0x00, 0x00, 0x00, 0x00, 0x00, 0x00, 0x00, 0x00, 0x00, 0x00, 0x00, 0x01,
    0xFF, 0xFF, 0x02, 0x00, 0x00, 0x00, 0x7B, 0xF0, 0x57, 0xC6, 0x18, 0xCF, 0xA5, 0x72, 0xFB, 0x84,
    0x8C, 0xFF, 0xBE, 0x55, 0xFE, 0xAD, 0x93, 0xFF, 0x94, 0xD1, 0xFF, 0x73, 0x6D, 0xFF, 0xB5, 0x75,
    0xFF, 0xFF, 0xFF, 0xFF, 0xBD, 0xD7, 0xFF, 0x6B, 0x2C, 0xFF, 0xC6, 0x18, 0xFF, 0xFF, 0xFF, 0xFF,
    0xE7, 0x1C, 0xFF, 0xF7, 0x7D, 0xFF, 0xF7, 0x9E, 0xFF, 0xEF, 0x5D, 0xFF, 0xEF, 0x3C, 0xFF, 0xEF,
    0x3C, 0xFF, 0xEF, 0x3C, 0xFF, 0xEF, 0x3C, 0xFF, 0xEF, 0x5C, 0xFF, 0xEF, 0x5D, 0xFF, 0xEF, 0x5D,
    0xFF, 0xEF, 0x5D, 0xFF, 0xEF, 0x5D, 0xFF, 0xF7, 0x7D, 0xFF, 0xFF, 0xBE, 0xFF, 0xF7, 0xBE, 0xFF,
    0xF7, 0x7D, 0xFF, 0xEF, 0x5D, 0xFF, 0xB5, 0x55, 0xFF, 0xDE, 0x9A, 0xFF, 0xEF, 0x5D, 0xFF, 0xEF,
    0x5D, 0xFF, 0xF7, 0x9D, 0xFF, 0xFF, 0xDE, 0xFF, 0xFF, 0xBE, 0xFF, 0xFF, 0xDE, 0xFF, 0xFF, 0xDE,
    0xFF, 0xFF, 0xDE, 0xFF, 0xF7, 0x9D, 0xFF, 0xF7, 0x9E, 0xFF, 0xFF, 0xDE, 0xFF, 0xFF, 0xDE, 0xFF,
    0xFF, 0xDE, 0xFF, 0xFF, 0xBE, 0xFF, 0xFF, 0xDE, 0xFF, 0xC5, 0xF7, 0xFF, 0xB5, 0x76, 0xFF, 0xE6,
    0xDB, 0xFF, 0xEF, 0x5D, 0xFF, 0xF7, 0x7D, 0xFF, 0xFF, 0xDE, 0xFF, 0xFF, 0xBE, 0xFF, 0xFF, 0xBE,
    0xFF, 0xFF, 0xBE, 0xFF, 0xEF, 0x7D, 0xFF, 0xEF, 0x3C, 0xFF, 0xF7, 0x9D, 0xFF, 0xFF, 0xDE, 0xFF,
    0xFF, 0xDE, 0xFF, 0xFF, 0xDE, 0xFF, 0xFF, 0xBE, 0xFF, 0xF7, 0xBE, 0xFF, 0xFF, 0xDE, 0xFF, 0xFF,
    0xDE, 0xFF, 0xFF, 0xDE, 0xFF, 0xFF, 0xDE, 0xFF, 0xFF, 0xDE, 0xFF, 0xFF, 0xDE, 0xFF, 0xFF, 0xDE,
    0xFF, 0xFF, 0xDE, 0xFF, 0xFF, 0xDE, 0xFF, 0xFF, 0xDE, 0xFF, 0xFF, 0xDE, 0xFF, 0xFF, 0xDE, 0xFF,
    0xFF, 0xDE, 0xFF, 0xFF, 0xDE, 0xFF, 0xEF, 0x5D, 0xFF, 0xEF, 0x3C, 0xFF, 0xE7, 0x1C, 0xFF, 0xDE,
    0xDB, 0xFF, 0xF7, 0x7D, 0xFF, 0xFF, 0xBE, 0xFF, 0xFF, 0xBE, 0xFF, 0xFF, 0xBE, 0xFF, 0xFF, 0xBE,
    0xFF, 0xFF, 0xDE, 0xFF, 0xFF, 0xDF, 0xFF, 0xF7, 0x7D, 0xFF, 0xE6, 0xFB, 0xFF, 0xEF, 0x7D, 0xFF,
    0xFF, 0xFF, 0xFF, 0xFF, 0xFF, 0xFF, 0xEF, 0x5D, 0xFF, 0xAD, 0x55, 0xFF, 0xDE, 0xBA, 0xFF, 0xFF,
    0xFF, 0xFF, 0xF7, 0x9E, 0xFF, 0xEF, 0x3C, 0xFF, 0xF7, 0x7D, 0xFF, 0xFF, 0xFF, 0xFF, 0xFF, 0xFF,
    0xFF, 0xEF, 0x3C, 0xFF, 0xAD, 0x34, 0xFF, 0x6B, 0x2B, 0xFF, 0x62, 0x88, 0xFF, 0x72, 0xE8, 0xFF,
    0x8B, 0xCA, 0xFF, 0xAC, 0xAD, 0xFF, 0xBC, 0xEE, 0xFF, 0xA4, 0x4C, 0xFF, 0xAC, 0x6C, 0xFF, 0xD5,
    0x91, 0xFF, 0xDE, 0x12, 0xFF, 0xA4, 0xAD, 0xFF, 0x7B, 0x6A, 0xFF, 0x7B, 0x8A, 0xFF, 0xAC, 0xCE,
    0xFF, 0xCD, 0x8F, 0xFF, 0x72, 0x86, 0xFF, 0x9B, 0xEB, 0xFF, 0xDE, 0x76, 0xFF, 0x6B, 0xAA, 0xFF,
    0x32, 0x62, 0xFF, 0x64, 0x26, 0xFF, 0x5B, 0xC6, 0xFF, 0x4B, 0x65, 0xFF, 0x4A, 0xC4, 0xFF, 0xAC,
    0xED, 0xFF, 0x83, 0x6A, 0xFF, 0x39, 0x84, 0xFF, 0x8C, 0x2F, 0xFF, 0xE7, 0x1B, 0xFF, 0xFF, 0xFF,
    0xFF, 0xDE, 0xFB, 0xFF, 0xD6, 0x9A, 0xFF, 0xDE, 0xBB, 0xFF, 0xAD, 0x56, 0xFF, 0x94, 0x72, 0xFF,
    0x8C, 0x10, 0xFF, 0x41, 0x84, 0xFF, 0xBD, 0x0E, 0xFF, 0xDE, 0x12, 0xFF, 0xE6, 0x33, 0xFF, 0xD5,
    0xF2, 0xFF, 0x52, 0x87, 0xFF, 0x08, 0xC1, 0xFF, 0x4A, 0xA8, 0xFF, 0xCE, 0x78, 0xFF, 0xFF, 0xFF,
    0xFF, 0xCE, 0x76, 0xFF, 0x7C, 0x6B, 0xFF, 0x8D, 0x2D, 0xFF, 0x95, 0x6F, 0xFF, 0x95, 0x4F, 0xFF,
    0x73, 0xCA, 0xFF, 0xAD, 0x74, 0xFF, 0xF7, 0x7D, 0xFF, 0xF7, 0x9E, 0xFF, 0xEF, 0x5D, 0xFF, 0xEF,
    0x5D, 0xFE, 0xEF, 0x5D, 0xFE, 0xFF, 0xDF, 0xFF, 0xF7, 0xBE, 0xE0, 0x94, 0x71, 0x72, 0x00, 0x00,
    0x0E, 0x00, 0x00, 0x00, 0x00, 0x00, 0x00, 0x00, 0x00, 0x00, 0x00, 0x00, 0x00, 0x00, 0x00, 0x00,
    0x00, 0x00, 0x00, 0x00, 0x00, 0x00, 0x00, 0x00, 0x00, 0x00, 0x00, 0x00, 0x00, 0x00, 0x00, 0x00,
    0x00, 0x00, 0x00, 0x00, 0x04, 0x00, 0x20, 0x21, 0x00, 0x00, 0x21, 0x00, 0x00, 0x04, 0x00, 0x00,
    0x00, 0x00, 0x00, 0x01, 0xFF, 0xFF, 0x01, 0x00, 0x00, 0x0A, 0xCE, 0x0F, 0x8A, 0xD6, 0x50, 0xAF,
    0x00, 0x00, 0x28, 0x7F, 0xFF, 0x02, 0xF8, 0x00, 0x01, 0x00, 0x00, 0x00, 0x00, 0x00, 0x00, 0x00,
    0x00, 0x00, 0x00, 0x00, 0x00, 0x00, 0x00, 0x01, 0xFF, 0xFF, 0x01, 0x00, 0x00, 0x08, 0xCE, 0x3A,
    0x7B, 0xD6, 0x9A, 0xF0, 0x8C, 0xAF, 0xFE, 0x8D, 0x0D, 0xFE, 0xBE, 0x54, 0xFF, 0x94, 0xD1, 0xFF,
    0x7B, 0xCE, 0xFF, 0xCE, 0x38, 0xFF, 0xFF, 0xFE, 0xFF, 0xFF, 0xDE, 0xFF, 0x83, 0xEF, 0xFF, 0x8C,
    0x31, 0xFF, 0xEF, 0x3C, 0xFF, 0xFF, 0x9E, 0xFF, 0xEF, 0x3C, 0xFF, 0xF7, 0x9E, 0xFF, 0xF7, 0x7D,
    0xFF, 0xEF, 0x3C, 0xFF, 0xEF, 0x3C, 0xFF, 0xEF, 0x3C, 0xFF, 0xEF, 0x3C, 0xFF, 0xEF, 0x3D, 0xFF,
    0xEF, 0x3C, 0xFF, 0xEF, 0x5D, 0xFF, 0xEF, 0x5D, 0xFF, 0xEF, 0x5D, 0xFF, 0xEF, 0x3D, 0xFF, 0xF7,
    0x7D, 0xFF, 0xFF, 0xDE, 0xFF, 0xF7, 0x9E, 0xFF, 0xF7, 0x9E, 0xFF, 0xD6, 0x9A, 0xFF, 0xB5, 0x76,
    0xFF, 0xEF, 0x3D, 0xFF, 0xEF, 0x5D, 0xFF, 0xEF, 0x5C, 0xFF, 0xFF, 0xBE, 0xFF, 0xFF, 0xBE, 0xFF,
    0xFF, 0xBE, 0xFF, 0xFF, 0xBE, 0xFF, 0xFF, 0xDE, 0xFF, 0xF7, 0xBE, 0xFF, 0xF7, 0x7D, 0xFF, 0xF7,
    0xBE, 0xFF, 0xFF, 0xDE, 0xFF, 0xFF, 0xDE, 0xFF, 0xFF, 0xFF, 0xFF, 0xFF, 0xBE, 0xFF, 0xFF, 0xBE,
    0xFF, 0xBD, 0x96, 0xFF, 0xBD, 0x96, 0xFF, 0xEF, 0x3C, 0xFF, 0xEF, 0x5D, 0xFF, 0xF7, 0x9E, 0xFF,
    0xFF, 0xBE, 0xFF, 0xFF, 0xBE, 0xFF, 0xFF, 0xBE, 0xFF, 0xF7, 0x9E, 0xFF, 0xEF, 0x5D, 0xFF, 0xEF,
    0x3C, 0xFF, 0xF7, 0x9D, 0xFF, 0xFF, 0xDE, 0xFF, 0xFF, 0xDE, 0xFF, 0xFF, 0xBE, 0xFF, 0xFF, 0xBE,
    0xFF, 0xFF, 0xBE, 0xFF, 0xFF, 0xBE, 0xFF, 0xFF, 0xBE, 0xFF, 0xFF, 0xBE, 0xFF, 0xFF, 0xDE, 0xFF,
    0xFF, 0xBE, 0xFF, 0xFF, 0xBE, 0xFF, 0xFF, 0xBE, 0xFF, 0xFF, 0xBE, 0xFF, 0xFF, 0xDE, 0xFF, 0xFF,
    0xDE, 0xFF, 0xFF, 0xDE, 0xFF, 0xFF, 0xDE, 0xFF, 0xFF, 0xDE, 0xFF, 0xFF, 0xDE, 0xFF, 0xF7, 0x7D,
    0xFF, 0xEF, 0x3C, 0xFF, 0xE7, 0x1C, 0xFF, 0xDE, 0xDB, 0xFF, 0xEF, 0x5D, 0xFF, 0xFF, 0xBE, 0xFF,
    0xFF, 0xBE, 0xFF, 0xFF, 0xBE, 0xFF, 0xFF, 0xBE, 0xFF, 0xFF, 0xDE, 0xFF, 0xFF, 0xDF, 0xFF, 0xF7,
    0x9E, 0xFF, 0xE7, 0x1C, 0xFF, 0xEF, 0x3C, 0xFF, 0xFF, 0xFF, 0xFF, 0xFF, 0xFF, 0xFF, 0xFF, 0xFF,
    0xFF, 0xBD, 0x96, 0xFF, 0xCE, 0x59, 0xFF, 0xFF, 0xDE, 0xFF, 0xFF, 0x9E, 0xFF, 0xEF, 0x3C, 0xFF,
    0xEF, 0x3C, 0xFF, 0xE6, 0xFB, 0xFF, 0xEF, 0x1B, 0xFF, 0xFF, 0xBE, 0xFF, 0xFF, 0xFF, 0xFF, 0xF7,
    0x7D, 0xFF, 0xB5, 0x95, 0xFF, 0x6B, 0x4C, 0xFF, 0x52, 0x27, 0xFF, 0x62, 0x86, 0xFF, 0x93, 0xCA,
    0xFF, 0xBC, 0xEE, 0xFF, 0xB4, 0xCE, 0xFF, 0xAC, 0x4C, 0xFF, 0xB4, 0x8D, 0xFF, 0xC5, 0x2F, 0xFF,
    0xC5, 0x2F, 0xFF, 0xC5, 0x0F, 0xFF, 0xBC, 0xAD, 0xFF, 0x9B, 0xC9, 0xFF, 0x6A, 0x86, 0xFF, 0xB5,
    0x30, 0xFF, 0xFF, 0xDB, 0xFF, 0xAD, 0x31, 0xFF, 0x42, 0xA3, 0xFF, 0x53, 0x84, 0xFF, 0x5B, 0xE5,
    0xFF, 0x53, 0xC5, 0xFF, 0x42, 0xE3, 0xFF, 0x52, 0xA6, 0xFF, 0xC5, 0x91, 0xFF, 0x83, 0xAB, 0xFF,
    0xCE, 0x57, 0xFF, 0xFF, 0xFF, 0xFF, 0xFF, 0xBE, 0xFF, 0xE7, 0x3C, 0xFF, 0xD6, 0x79, 0xFF, 0xDE,
    0xDB, 0xFF, 0xDE, 0xBB, 0xFF, 0x9C, 0xB3, 0xFF, 0x84, 0x10, 0xFF, 0x4A, 0x07, 0xFF, 0x7B, 0x28,
    0xFF, 0xDE, 0x12, 0xFF, 0xD5, 0xD1, 0xFF, 0xE6, 0x74, 0xFF, 0x9C, 0x8E, 0xFF, 0x21, 0x44, 0xFF,
    0x10, 0xC2, 0xFF, 0x8C, 0x90, 0xFF, 0xFF, 0xDF, 0xFF, 0xEF, 0x7C, 0xFF, 0xA5, 0x70, 0xFF, 0x7C,
    0xAB, 0xFF, 0x95, 0x4E, 0xFF, 0x95, 0x4F, 0xFF, 0x95, 0x0E, 0xFF, 0x7B, 0xEC, 0xFF, 0xBD, 0xD6,
    0xFF, 0xF7, 0x9E, 0xFF, 0xF7, 0x9D, 0xFF, 0xEF, 0x5D, 0xFF, 0xEF, 0x5D, 0xFE, 0xF7, 0x7D, 0xFE,
    0xF7, 0xBE, 0xF6, 0xE7, 0x1B, 0xAA, 0x10, 0xA2, 0x2B, 0x00, 0x00, 0x02, 0x00, 0x00, 0x00, 0x00,
    0x00, 0x00, 0x00, 0x00, 0x00, 0x00, 0x00, 0x00, 0x00, 0x00, 0x00, 0x00, 0x00, 0x00, 0x00, 0x00,
    0x00, 0x00, 0x00, 0x00, 0x00, 0x00, 0x00, 0x00, 0x00, 0x00, 0x00, 0x00, 0x04, 0x00, 0x00, 0x21,
    0x00, 0x00, 0x21, 0x00, 0x00, 0x04, 0x00, 0x00, 0x00, 0x7B, 0xE0, 0x02, 0xFF, 0xFF, 0x01, 0x00,
    0x00, 0x1E, 0xD6, 0x70, 0x9E, 0xE6, 0xF2, 0xC1, 0x20, 0xE0, 0x42, 0x02, 0xAA, 0x03, 0xFF, 0xFF,
    0x01, 0x00, 0x00, 0x00, 0x00, 0x00, 0x00, 0x00, 0x00, 0x00, 0x00, 0x00, 0x00, 0xFF, 0xFF, 0x01,
    0xFF, 0xFF, 0x03, 0x00, 0x61, 0x20, 0xDE, 0xDC, 0x9F, 0xBE, 0x17, 0xFF, 0x63, 0xC9, 0xFE, 0xA5,
    0xAF, 0xFE, 0x9D, 0x30, 0xFF, 0x7B, 0xEE, 0xFF, 0xDE, 0xBA, 0xFF, 0xFF, 0xFF, 0xFF, 0xFF, 0xBE,
    0xFF, 0xEF, 0x1B, 0xFF, 0x73, 0x6D, 0xFF, 0xB5, 0x96, 0xFF, 0xFF, 0xDF, 0xFF, 0xEF, 0x3C, 0xFF,
    0xF7, 0x7D, 0xFF, 0xF7, 0x9E, 0xFF, 0xEF, 0x5D, 0xFF, 0xEF, 0x3C, 0xFF, 0xEF, 0x3C, 0xFF, 0xEF,
    0x3C, 0xFF, 0xEF, 0x3C, 0xFF, 0xEF, 0x3C, 0xFF, 0xEF, 0x3D, 0xFF, 0xEF, 0x3D, 0xFF, 0xEF, 0x5D,
    0xFF, 0xEF, 0x5D, 0xFF, 0xEF, 0x5D, 0xFF, 0xF7, 0x9E, 0xFF, 0xFF, 0xBE, 0xFF, 0xF7, 0x9E, 0xFF,
    0xF7, 0x7D, 0xFF, 0xB5, 0x76, 0xFF, 0xCE, 0x39, 0xFF, 0xF7, 0x7D, 0xFF, 0xEF, 0x3C, 0xFF, 0xEF,
    0x5D, 0xFF, 0xFF, 0xBE, 0xFF, 0xFF, 0xBE, 0xFF, 0xFF, 0xBE, 0xFF, 0xFF, 0xBE, 0xFF, 0xFF, 0xBE,
    0xFF, 0xF7, 0x9E, 0xFF, 0xF7, 0x7D, 0xFF, 0xFF, 0xBE, 0xFF, 0xFF, 0xDE, 0xFF, 0xFF, 0xDF, 0xFF,
    0xFF, 0xFF, 0xFF, 0xF7, 0xBE, 0xFF, 0xF7, 0x9E, 0xFF, 0xAD, 0x55, 0xFF, 0xBD, 0xB6, 0xFF, 0xF7,
    0x7D, 0xFF, 0xEF, 0x5D, 0xFF, 0xF7, 0x9E, 0xFF, 0xFF, 0xBE, 0xFF, 0xFF, 0xBE, 0xFF, 0xFF, 0xBE,
    0xFF, 0xF7, 0x9E, 0xFF, 0xEF, 0x3C, 0xFF, 0xEF, 0x3C, 0xFF, 0xF7, 0x9D, 0xFF, 0xFF, 0xBE, 0xFF,
    0xFF, 0xDE, 0xFF, 0xFF, 0xBE, 0xFF, 0xFF, 0xBE, 0xFF, 0xFF, 0xBE, 0xFF, 0xFF, 0xBE, 0xFF, 0xFF,
    0xDE, 0xFF, 0xFF, 0xBE, 0xFF, 0xFF, 0xBE, 0xFF, 0xFF, 0xBE, 0xFF, 0xFF, 0xBE, 0xFF, 0xFF, 0xDE,
    0xFF, 0xFF, 0xDE, 0xFF, 0xFF, 0xDE, 0xFF, 0xFF, 0xDE, 0xFF, 0xFF, 0xDE, 0xFF, 0xFF, 0xDE, 0xFF,
    0xFF, 0xDE, 0xFF, 0xFF, 0xDE, 0xFF, 0xF7, 0x7D, 0xFF, 0xEF, 0x3C, 0xFF, 0xEF, 0x1C, 0xFF, 0xDE,
    0xBB, 0xFF, 0xEF, 0x3C, 0xFF, 0xFF, 0xBE, 0xFF, 0xFF, 0xBE, 0xFF, 0xFF, 0xBE, 0xFF, 0xFF, 0xBE,
    0xFF, 0xFF, 0xDE, 0xFF, 0xFF, 0xDF, 0xFF, 0xF7, 0x9E, 0xFF, 0xEF, 0x3C, 0xFF, 0xE7, 0x3C, 0xFF,
    0xFF, 0xDF, 0xFF, 0xFF, 0xBE, 0xFF, 0xFF, 0xFF, 0xFF, 0xC6, 0x38, 0xFF, 0xC5, 0xF7, 0xFF, 0xF7,
    0x7D, 0xFF, 0xFF, 0xBE, 0xFF, 0xEF, 0x3D, 0xFF, 0xF7, 0x7D, 0xFF, 0xEF, 0x1C, 0xFF, 0xE6, 0xFB,
    0xFF, 0xE7, 0x1B, 0xFF, 0xEF, 0x1C, 0xFF, 0xF7, 0x9E, 0xFF, 0xFF, 0xFF, 0xFF, 0xFF, 0xDF, 0xFF,
    0xCE, 0x38, 0xFF, 0x73, 0x4D, 0xFF, 0x39, 0x85, 0xFF, 0x6A, 0xC7, 0xFF, 0xB4, 0xCE, 0xFF, 0xC5,
    0x2F, 0xFF, 0xB4, 0xAE, 0xFF, 0xAC, 0x4C, 0xFF, 0xAC, 0x2B, 0xFF, 0xAC, 0x2B, 0xFF, 0xB4, 0x8C,
    0xFF, 0x83, 0x89, 0xFF, 0x73, 0x29, 0xFF, 0xCE, 0x14, 0xFF, 0xFF, 0xFC, 0xFF, 0xCE, 0x35, 0xFF,
    0x5B, 0x27, 0xFF, 0x43, 0x02, 0xFF, 0x5B, 0xE6, 0xFF, 0x5B, 0xA5, 0xFF, 0x5B, 0xA5, 0xFF, 0x19,
    0x61, 0xFF, 0x5A, 0xC8, 0xFF, 0xAC, 0xEF, 0xFF, 0x83, 0xAC, 0xFF, 0xD6, 0x99, 0xFF, 0xFF, 0xDF,
    0xFF, 0xF7, 0x7D, 0xFF, 0xD6, 0x9A, 0xFF, 0xCE, 0x39, 0xFF, 0xEF, 0x1C, 0xFF, 0xC5, 0xF8, 0xFF,
    0x84, 0x31, 0xFF, 0x6B, 0x2C, 0xFF, 0x39, 0x84, 0xFF, 0xB4, 0xEE, 0xFF, 0xD5, 0xD1, 0xFF, 0xDD,
    0xD1, 0xFF, 0xE6, 0x53, 0xFF, 0x73, 0x6A, 0xFF, 0x00, 0x00, 0xFF, 0x42, 0x27, 0xFF, 0xDE, 0xFA,
    0xFF, 0xFF, 0xFF, 0xFF, 0xD6, 0xB8, 0xFF, 0x84, 0xAC, 0xFF, 0x95, 0x4E, 0xFF, 0x95, 0x2E, 0xFF,
    0x9D, 0x6F, 0xFF, 0x8C, 0xEE, 0xFF, 0x8C, 0x4E, 0xFF, 0xCE, 0x38, 0xFF, 0xF7, 0x9E, 0xFF, 0xF7,
    0x7D, 0xFF, 0xEF, 0x5D, 0xFF, 0xEF, 0x3C, 0xFF, 0xF7, 0x7D, 0xFD, 0xF7, 0xBE, 0xD6, 0x7B, 0xEF,
    0x68, 0x00, 0x00, 0x0E, 0x00, 0x00, 0x00, 0x00, 0x00, 0x00, 0x00, 0x00, 0x00, 0x00, 0x00, 0x00,
    0x00, 0x00, 0x00, 0x00, 0x00, 0x00, 0x00, 0x00, 0x00, 0x00, 0x00, 0x00, 0x00, 0x00, 0x00, 0x00,
    0x00, 0x00, 0x00, 0x00, 0x04, 0x00, 0x00, 0x21, 0x00, 0x00, 0x21, 0x00, 0x00, 0x04, 0x00, 0x00,
    0x00, 0xFF, 0xEF, 0x02, 0x00, 0x00, 0x00, 0x39, 0x82, 0x43, 0xDE, 0xB2, 0xC0, 0xEF, 0x53, 0xD7,
    0x73, 0x26, 0x63, 0x00, 0x00, 0x04, 0xFF, 0xEF, 0x02, 0x00, 0x00, 0x00, 0x00, 0x00, 0x00, 0x00,
    0x00, 0x00, 0x00, 0x00, 0x00, 0xFF, 0xFF, 0x01, 0x00, 0x00, 0x04, 0x31, 0xA6, 0x35, 0xB5, 0xB5,
    0xB3, 0x94, 0xEF, 0xFF, 0x5B, 0x86, 0xFD, 0x74, 0x6B, 0xFE, 0x6B, 0xAC, 0xFF, 0xD6, 0x7A, 0xFF,
    0xFF, 0xFF, 0xFF, 0xEF, 0x5D, 0xFF, 0xFF, 0xFF, 0xFF, 0xBD, 0x95, 0xFF, 0x7B, 0xCF, 0xFF, 0xDE,
    0xBA, 0xFF, 0xFF, 0xFF, 0xFF, 0xEF, 0x3C, 0xFF, 0xF7, 0x9E, 0xFF, 0xF7, 0x7D, 0xFF, 0xEF, 0x3C,
    0xFF, 0xEF, 0x5C, 0xFF, 0xEF, 0x3C, 0xFF, 0xEF, 0x3C, 0xFF, 0xEF, 0x3C, 0xFF, 0xEF, 0x3C, 0xFF,
    0xEF, 0x3C, 0xFF, 0xEF, 0x3D, 0xFF, 0xEF, 0x5D, 0xFF, 0xEF, 0x5D, 0xFF, 0xEF, 0x5D, 0xFF, 0xF7,
    0x7D, 0xFF, 0xF7, 0x9E, 0xFF, 0xF7, 0x9E, 0xFF, 0xDE, 0xDB, 0xFF, 0xAD, 0x34, 0xFF, 0xEF, 0x3C,
    0xFF, 0xF7, 0x7D, 0xFF, 0xEF, 0x3C, 0xFF, 0xF7, 0x7D, 0xFF, 0xFF, 0xBE, 0xFF, 0xFF, 0xDE, 0xFF,
    0xFF, 0xBE, 0xFF, 0xFF, 0xBE, 0xFF, 0xFF, 0xBE, 0xFF, 0xF7, 0x9D, 0xFF, 0xF7, 0x5D, 0xFF, 0xFF,
    0xBE, 0xFF, 0xFF, 0xDE, 0xFF, 0xFF, 0xDF, 0xFF, 0xFF, 0xDF, 0xFF, 0xF7, 0xBE, 0xFF, 0xEF, 0x5D,
    0xFF, 0xA5, 0x14, 0xFF, 0xBD, 0xD7, 0xFF, 0xF7, 0xBE, 0xFF, 0xEF, 0x5D, 0xFF, 0xF7, 0xBE, 0xFF,
    0xFF, 0xBE, 0xFF, 0xFF, 0xBE, 0xFF, 0xFF, 0xBE, 0xFF, 0xF7, 0x7D, 0xFF, 0xEF, 0x1C, 0xFF, 0xEF,
    0x1C, 0xFF, 0xF7, 0x7D, 0xFF, 0xFF, 0xBE, 0xFF, 0xFF, 0xBE, 0xFF, 0xFF, 0xBE, 0xFF, 0xFF, 0xBE,
    0xFF, 0xFF, 0xBE, 0xFF, 0xFF, 0xBE, 0xFF, 0xFF, 0xDE, 0xFF, 0xFF, 0xBE, 0xFF, 0xFF, 0xBE, 0xFF,
    0xFF, 0xDE, 0xFF, 0xFF, 0xDE, 0xFF, 0xFF, 0xDE, 0xFF, 0xFF, 0xDE, 0xFF, 0xFF, 0xDE, 0xFF, 0xFF,
    0xDE, 0xFF, 0xFF, 0xDE, 0xFF, 0xFF, 0xDE, 0xFF, 0xFF, 0xDE, 0xFF, 0xFF, 0xDE, 0xFF, 0xF7, 0x9D,
    0xFF, 0xEF, 0x3C, 0xFF, 0xEF, 0x1C, 0xFF, 0xDE, 0xBA, 0xFF, 0xEF, 0x3C, 0xFF, 0xFF, 0xBE, 0xFF,
    0xFF, 0xBE, 0xFF, 0xFF, 0xBE, 0xFF, 0xFF, 0xBE, 0xFF, 0xFF, 0xDE, 0xFF, 0xFF, 0xDE, 0xFF, 0xF7,
    0x9D, 0xFF, 0xEF, 0x3C, 0xFF, 0xE7, 0x1C, 0xFF, 0xF7, 0xBE, 0xFF, 0xF7, 0x9D, 0xFF, 0xFF, 0xFF,
    0xFF, 0xDE, 0xDB, 0xFF, 0xBD, 0x96, 0xFF, 0xE7, 0x1C, 0xFF, 0xFF, 0xDF, 0xFF, 0xF7, 0x5D, 0xFF,
    0xF7, 0x9D, 0xFF, 0xEF, 0x3C, 0xFF, 0xE6, 0xFB, 0xFF, 0xEF, 0x1C, 0xFF, 0xEF, 0x1C, 0xFF, 0xE7,
    0x1C, 0xFF, 0xE6, 0xFC, 0xFF, 0xEF, 0x3D, 0xFF, 0xFF, 0xDF, 0xFF, 0xFF, 0xFF, 0xFF, 0xB5, 0xB6,
    0xFF, 0x4A, 0x48, 0xFF, 0x49, 0xE5, 0xFF, 0x93, 0xEB, 0xFF, 0xBC, 0xEE, 0xFF, 0xBC, 0xCE, 0xFF,
    0xBC, 0xAD, 0xFF, 0xBC, 0x8D, 0xFF, 0x83, 0x4A, 0xFF, 0x21, 0x03, 0xFF, 0x94, 0x6F, 0xFF, 0xF7,
    0x39, 0xFF, 0xFF, 0xFC, 0xFF, 0x94, 0x6F, 0xFF, 0x29, 0xC3, 0xFF, 0x4B, 0x44, 0xFF, 0x5B, 0xC6,
    0xFF, 0x53, 0x85, 0xFF, 0x5B, 0xC6, 0xFF, 0x3A, 0xA4, 0xFF, 0x00, 0x20, 0xFF, 0x7B, 0x8B, 0xFF,
    0x83, 0x8A, 0xFF, 0xB5, 0x53, 0xFF, 0xEF, 0x7D, 0xFF, 0xFF, 0xBE, 0xFF, 0xE6, 0xDB, 0xFF, 0xC6,
    0x18, 0xFF, 0xDE, 0xBB, 0xFF, 0xE6, 0xDC, 0xFF, 0x9C, 0xD4, 0xFF, 0x84, 0x30, 0xFF, 0x39, 0xE6,
    0xFF, 0x62, 0xA7, 0xFF, 0xCD, 0xB0, 0xFF, 0xD5, 0xB0, 0xFF, 0xE6, 0x32, 0xFF, 0xCD, 0xF2, 0xFF,
    0x42, 0x06, 0xFF, 0x00, 0x20, 0xFF, 0x8C, 0x91, 0xFF, 0xFF, 0xFF, 0xFF, 0xEF, 0x7D, 0xFF, 0xAD,
    0x92, 0xFF, 0x8C, 0xEC, 0xFF, 0x95, 0x4E, 0xFF, 0x95, 0x2E, 0xFF, 0x9D, 0x4E, 0xFF, 0x9D, 0x10,
    0xFF, 0xA5, 0x13, 0xFF, 0xDE, 0xBA, 0xFF, 0xF7, 0xBE, 0xFF, 0xEF, 0x5C, 0xFF, 0xEF, 0x3C, 0xFF,
    0xEF, 0x5D, 0xFF, 0xF7, 0x9E, 0xF2, 0xD6, 0x9A, 0xA5, 0x18, 0xC3, 0x27, 0x00, 0x00, 0x01, 0x00,
    0x00, 0x00, 0x00, 0x00, 0x00, 0x00, 0x00, 0x00, 0x00, 0x00, 0x00, 0x00, 0x00, 0x00, 0x00, 0x00,
    0x00, 0x00, 0x00, 0x00, 0x00, 0x00, 0x00, 0x00, 0x00, 0x00, 0x00, 0x00, 0x04, 0x00, 0x00, 0x21,
    0x00, 0x00, 0x21, 0x00, 0x00, 0x04, 0x00, 0x00, 0x00, 0xFF, 0xFF, 0x01, 0x00, 0x00, 0x07, 0x9C,
    0x8C, 0x70, 0xEF, 0x53, 0xE4, 0xF7, 0x94, 0xEF, 0xB5, 0x2D, 0x8B, 0x00, 0x00, 0x0F, 0xFF, 0xFF,
    0x01, 0x00, 0x00, 0x01, 0x00, 0x00, 0x00, 0x00, 0x00, 0x00, 0x00, 0x00, 0x00, 0x7B, 0xEF, 0x02,
    0x00, 0x00, 0x01, 0x31, 0xA6, 0x38, 0x9D, 0x4E, 0xB4, 0xA5, 0xAD, 0xFF, 0x4B, 0x24, 0xFD, 0x32,
    0x26, 0xFE, 0xAD, 0x96, 0xFF, 0xFF, 0xFF, 0xFF, 0xF7, 0x7D, 0xFF, 0xF7, 0x7D, 0xFF, 0xFF, 0xFF,
    0xFF, 0x8C, 0x30, 0xFF, 0xA4, 0xF3, 0xFF, 0xF7, 0x7D, 0xFF, 0xFF, 0x9E, 0xFF, 0xEF, 0x5D, 0xFF,
    0xF7, 0x9E, 0xFF, 0xF7, 0x5D, 0xFF, 0xEF, 0x3C, 0xFF, 0xEF, 0x5D, 0xFF, 0xEF, 0x3C, 0xFF, 0xEF,
    0x3D, 0xFF, 0xEF, 0x3C, 0xFF, 0xEF, 0x3C, 0xFF, 0xEF, 0x3C, 0xFF, 0xEF, 0x3C, 0xFF, 0xEF, 0x5D,
    0xFF, 0xEF, 0x5D, 0xFF, 0xEF, 0x5D, 0xFF, 0xEF, 0x7D, 0xFF, 0xF7, 0x9E, 0xFF, 0xF7, 0x7D, 0xFF,
    0xC6, 0x18, 0xFF, 0xBD, 0xD7, 0xFF, 0xF7, 0x9E, 0xFF, 0xF7, 0x7D, 0xFF, 0xEF, 0x3C, 0xFF, 0xF7,
    0x9E, 0xFF, 0xFF, 0xDE, 0xFF, 0xFF, 0xBE, 0xFF, 0xF7, 0x9D, 0xFF, 0xF7, 0x7D, 0xFF, 0xF7, 0x5D,
    0xFF, 0xEF, 0x3C, 0xFF, 0xEF, 0x5C, 0xFF, 0xFF, 0xBE, 0xFF, 0xFF, 0xDE, 0xFF, 0xFF, 0xDE, 0xFF,
    0xF7, 0x9E, 0xFF, 0xFF, 0xBE, 0xFF, 0xEF, 0x1C, 0xFF, 0xA4, 0xF4, 0xFF, 0xC6, 0x18, 0xFF, 0xFF,
    0xDE, 0xFF, 0xEF, 0x5D, 0xFF, 0xFF, 0xBE, 0xFF, 0xFF, 0xBE, 0xFF, 0xF7, 0xBE, 0xFF, 0xFF, 0xBE,
    0xFF, 0xF7, 0x7D, 0xFF, 0xEF, 0x1C, 0xFF, 0xEF, 0x1C, 0xFF, 0xF7, 0x7D, 0xFF, 0xFF, 0xBE, 0xFF,
    0xFF, 0xBE, 0xFF, 0xFF, 0xBE, 0xFF, 0xFF, 0xBE, 0xFF, 0xFF, 0xBE, 0xFF, 0xFF, 0xBE, 0xFF, 0xFF,
    0xDE, 0xFF, 0xFF, 0xDE, 0xFF, 0xFF, 0xDE, 0xFF, 0xFF, 0xDE, 0xFF, 0xFF, 0xDE, 0xFF, 0xFF, 0xDE,
    0xFF, 0xFF, 0xDE, 0xFF, 0xFF, 0xDE, 0xFF, 0xFF, 0xDE, 0xFF, 0xFF, 0xDE, 0xFF, 0xFF, 0xDE, 0xFF,
    0xFF, 0xDE, 0xFF, 0xFF, 0xDE, 0xFF, 0xF7, 0x7D, 0xFF, 0xEF, 0x3C, 0xFF, 0xEF, 0x1C, 0xFF, 0xDE,
    0xBA, 0xFF, 0xEF, 0x3C, 0xFF, 0xFF, 0xBE, 0xFF, 0xFF, 0xBE, 0xFF, 0xFF, 0xBE, 0xFF, 0xFF, 0xBE,
    0xFF, 0xFF, 0xDE, 0xFF, 0xF7, 0x9E, 0xFF, 0xF7, 0x5D, 0xFF, 0xEF, 0x5D, 0xFF, 0xE6, 0xFB, 0xFF,
    0xEF, 0x7D, 0xFF, 0xF7, 0x7D, 0xFF, 0xF7, 0xBE, 0xFF, 0xF7, 0x7D, 0xFF, 0xB5, 0x76, 0xFF, 0xD6,
    0x9A, 0xFF, 0xFF, 0xDF, 0xFF, 0xF7, 0x7D, 0xFF, 0xF7, 0x7D, 0xFF, 0xEF, 0x3C, 0xFF, 0xE7, 0x1B,
    0xFF, 0xEF, 0x1C, 0xFF, 0xEF, 0x1C, 0xFF, 0xEF, 0x1C, 0xFF, 0xEF, 0x1C, 0xFF, 0xEF, 0x3C, 0xFF,
    0xEF, 0x1C, 0xFF, 0xF7, 0x5D, 0xFF, 0xFF, 0xFF, 0xFF, 0xE7, 0x1B, 0xFF, 0x9C, 0x92, 0xFF, 0x62,
    0xA9, 0xFF, 0x5A, 0x67, 0xFF, 0x73, 0x08, 0xFF, 0x7B, 0x29, 0xFF, 0x5A, 0x46, 0xFF, 0x10, 0x81,
    0xFF, 0x52, 0x89, 0xFF, 0xE6, 0xD8, 0xFF, 0xFF, 0xFC, 0xFF, 0xDE, 0xD7, 0xFF, 0x42, 0x47, 0xFF,
    0x08, 0xE0, 0xFF, 0x53, 0xA6, 0xFF, 0x53, 0xA5, 0xFF, 0x53, 0x65, 0xFF, 0x53, 0xA5, 0xFF, 0x53,
    0x66, 0xFF, 0x08, 0xC1, 0xFF, 0x4A, 0x26, 0xFF, 0xA4, 0x6D, 0xFF, 0x9C, 0x4F, 0xFF, 0xDE, 0xBA,
    0xFF, 0xFF, 0xDE, 0xFF, 0xE7, 0x1C, 0xFF, 0xCE, 0x59, 0xFF, 0xCE, 0x18, 0xFF, 0xEF, 0x3D, 0xFF,
    0xC6, 0x18, 0xFF, 0x8C, 0x52, 0xFF, 0x7B, 0xCE, 0xFF, 0x29, 0x23, 0xFF, 0x8B, 0xCB, 0xFF, 0xD5,
    0xD1, 0xFF, 0xCD, 0x90, 0xFF, 0xE6, 0x74, 0xFF, 0xC5, 0x91, 0xFF, 0x29, 0x23, 0xFF, 0x31, 0xA6,
    0xFF, 0xE7, 0x1C, 0xFF, 0xFF, 0xFF, 0xFF, 0xD6, 0xD9, 0xFF, 0x8C, 0xCD, 0xFF, 0x95, 0x4E, 0xFF,
    0x95, 0x2E, 0xFF, 0x95, 0x0D, 0xFF, 0xA5, 0x70, 0xFF, 0xB5, 0xB5, 0xFF, 0xBD, 0xD7, 0xFF, 0xDE,
    0xDA, 0xFF, 0xF7, 0x9D, 0xFF, 0xE7, 0x1C, 0xFF, 0xEF, 0x1C, 0xFF, 0xF7, 0x5D, 0xFD, 0xFF, 0xDF,
    0xD3, 0x6B, 0x6D, 0x60, 0x00, 0x00, 0x0E, 0x00, 0x00, 0x00, 0x00, 0x00, 0x00, 0x00, 0x00, 0x00,
    0x00, 0x00, 0x00, 0x00, 0x00, 0x00, 0x00, 0x00, 0x00, 0x00, 0x00, 0x00, 0x00, 0x00, 0x00, 0x00,
    0x00, 0x00, 0x00, 0x00, 0x04, 0x00, 0x00, 0x21, 0x00, 0x00, 0x21, 0x00, 0x00, 0x04, 0x00, 0x00,
    0x00, 0xFF, 0xFF, 0x01, 0x00, 0x00, 0x2B, 0xCE, 0x10, 0xA5, 0xFF, 0x94, 0xFC, 0xFF, 0xB4, 0xFF,
    0xDE, 0xB1, 0xBE, 0x20, 0xC1, 0x3F, 0x9C, 0xCC, 0x05, 0xF8, 0x00, 0x01, 0x00, 0x00, 0x00, 0x00,
    0x00, 0x00, 0x00, 0x00, 0x00, 0xFF, 0xEF, 0x02, 0x00, 0x00, 0x01, 0x4A, 0x46, 0x4A, 0xC6, 0x91,
    0xC3, 0xAE, 0x0D, 0xFF, 0x3A, 0x84, 0xFE, 0x7C, 0x0F, 0xFE, 0xFF, 0xFF, 0xFF, 0xF7, 0x7D, 0xFF,
    0xF7, 0x7D, 0xFF, 0xF7, 0xBE, 0xFF, 0xE7, 0x3C, 0xFF, 0x7B, 0xAE, 0xFF, 0xC6, 0x18, 0xFF, 0xFF,
    0xDF, 0xFF, 0xEF, 0x5D, 0xFF, 0xF7, 0x7D, 0xFF, 0xF7, 0x9D, 0xFF, 0xEF, 0x5D, 0xFF, 0xEF, 0x5D,
    0xFF, 0xEF, 0x3C, 0xFF, 0xEF, 0x5D, 0xFF, 0xEF, 0x3D, 0xFF, 0xEF, 0x5D, 0xFF, 0xEF, 0x3D, 0xFF,
    0xEF, 0x3C, 0xFF, 0xEF, 0x3C, 0xFF, 0xEF, 0x3D, 0xFF, 0xEF, 0x3D, 0xFF, 0xEF, 0x5D, 0xFF, 0xEF,
    0x5D, 0xFF, 0xF7, 0x7E, 0xFF, 0xE7, 0x1C, 0xFF, 0xB5, 0x96, 0xFF, 0xE6, 0xFB, 0xFF, 0xF7, 0x9E,
    0xFF, 0xF7, 0x5D, 0xFF, 0xEF, 0x5D, 0xFF, 0xFF, 0xBE, 0xFF, 0xFF, 0xBE, 0xFF, 0xEF, 0x7D, 0xFF,
    0xEF, 0x1C, 0xFF, 0xE7, 0x1C, 0xFF, 0xEF, 0x1C, 0xFF, 0xEF, 0x1C, 0xFF, 0xEF, 0x3C, 0xFF, 0xF7,
    0x9E, 0xFF, 0xFF, 0xDE, 0xFF, 0xFF, 0xBE, 0xFF, 0xEF, 0x5D, 0xFF, 0xFF, 0xDF, 0xFF, 0xDE, 0xBB,
    0xFF, 0x9C, 0xD3, 0xFF, 0xCE, 0x59, 0xFF, 0xFF, 0xDF, 0xFF, 0xEF, 0x5D, 0xFF, 0xFF, 0xBE, 0xFF,
    0xFF, 0xBE, 0xFF, 0xFF, 0x9E, 0xFF, 0xFF, 0x9E, 0xFF, 0xF7, 0x5D, 0xFF, 0xEF, 0x1C, 0xFF, 0xEF,
    0x1C, 0xFF, 0xF7, 0x7D, 0xFF, 0xFF, 0xBE, 0xFF, 0xFF, 0xBE, 0xFF, 0xFF, 0xBE, 0xFF, 0xFF, 0xBE,
    0xFF, 0xFF, 0xDE, 0xFF, 0xFF, 0xBE, 0xFF, 0xFF, 0xBE, 0xFF, 0xFF, 0xDE, 0xFF, 0xFF, 0xDE, 0xFF,
    0xFF, 0xDE, 0xFF, 0xFF, 0xDE, 0xFF, 0xFF, 0xDE, 0xFF, 0xFF, 0xDE, 0xFF, 0xFF, 0xBE, 0xFF, 0xFF,
    0xBE, 0xFF, 0xFF, 0xBE, 0xFF, 0xFF, 0xDE, 0xFF, 0xFF, 0xDE, 0xFF, 0xFF, 0xBE, 0xFF, 0xF7, 0x9D,
    0xFF, 0xEF, 0x3C, 0xFF, 0xEF, 0x1C, 0xFF, 0xDE, 0xBA, 0xFF, 0xEF, 0x1C, 0xFF, 0xFF, 0x9E, 0xFF,
    0xFF, 0xBE, 0xFF, 0xF7, 0x9E, 0xFF, 0xF7, 0x7D, 0xFF, 0xF7, 0x7D, 0xFF, 0xF7, 0x9D, 0xFF, 0xEF,
    0x5D, 0xFF, 0xEF, 0x5D, 0xFF, 0xDE, 0xDB, 0xFF, 0xE7, 0x3C, 0xFF, 0xF7, 0x7D, 0xFF, 0xEF, 0x5D,
    0xFF, 0xFF, 0xDF, 0xFF, 0xBD, 0xB7, 0xFF, 0xC6, 0x18, 0xFF, 0xF7, 0x9E, 0xFF, 0xF7, 0x7D, 0xFF,
    0xEF, 0x3C, 0xFF, 0xEF, 0x3C, 0xFF, 0xEF, 0x1C, 0xFF, 0xEF, 0x1C, 0xFF, 0xEF, 0x1C, 0xFF, 0xEF,
    0x1C, 0xFF, 0xEF, 0x1C, 0xFF, 0xEF, 0x3C, 0xFF, 0xEF, 0x3C, 0xFF, 0xEF, 0x5D, 0xFF, 0xF7, 0x7D,
    0xFF, 0xE6, 0xFB, 0xFF, 0xE6, 0xFB, 0xFF, 0xE7, 0x1C, 0xFF, 0xAD, 0x54, 0xFF, 0x6B, 0x4C, 0xFF,
    0x5A, 0xCA, 0xFF, 0x94, 0x91, 0xFF, 0x73, 0x4B, 0xFF, 0x8B, 0xCC, 0xFF, 0xE6, 0xB7, 0xFF, 0xFF,
    0xBA, 0xFF, 0xD6, 0x33, 0xFF, 0x42, 0x06, 0xFF, 0x08, 0xE1, 0xFF, 0x4B, 0x65, 0xFF, 0x53, 0xA5,
    0xFF, 0x4B, 0x65, 0xFF, 0x4B, 0x64, 0xFF, 0x53, 0x85, 0xFF, 0x21, 0xC3, 0xFF, 0x31, 0x84, 0xFF,
    0xB4, 0xEF, 0xFF, 0x8B, 0xAC, 0xFF, 0xC6, 0x17, 0xFF, 0xF7, 0xBE, 0xFF, 0xEF, 0x3C, 0xFF, 0xDE,
    0xBA, 0xFF, 0xC5, 0xF7, 0xFF, 0xE6, 0xFB, 0xFF, 0xDE, 0xDB, 0xFF, 0xA4, 0xF4, 0xFF, 0x94, 0x92,
    0xFF, 0x52, 0x89, 0xFF, 0x29, 0x02, 0xFF, 0xA4, 0x8C, 0xFF, 0xDE, 0x32, 0xFF, 0xCD, 0xB1, 0xFF,
    0xF6, 0xD5, 0xFF, 0xAC, 0xCF, 0xFF, 0x21, 0x23, 0xFF, 0x73, 0xCF, 0xFF, 0xFF, 0xFF, 0xFF, 0xF7,
    0xBE, 0xFF, 0xA5, 0x92, 0xFF, 0x8D, 0x0D, 0xFF, 0x95, 0x2E, 0xFF, 0x95, 0x4E, 0xFF, 0x8C, 0xCC,
    0xFF, 0xBE, 0x15, 0xFF, 0xCE, 0x38, 0xFF, 0xC5, 0xF7, 0xFF, 0xE6, 0xFB, 0xFF, 0xF7, 0x5D, 0xFF,
    0xE6, 0xFB, 0xFF, 0xEF, 0x3C, 0xFF, 0xFF, 0xBE, 0xEF, 0xC6, 0x18, 0x9F, 0x31, 0x86, 0x23, 0x00,
    0x00, 0x00, 0x00, 0x00, 0x00, 0x00, 0x00, 0x00, 0x00, 0x00, 0x00, 0x00, 0x00, 0x00, 0x00, 0x00,
    0x00, 0x00, 0x00, 0x00, 0x00, 0x00, 0x00, 0x00, 0x00, 0x00, 0x00, 0x00, 0x04, 0x00, 0x00, 0x21,
    0x00, 0x00, 0x22, 0x00, 0x00, 0x05, 0xFF, 0xFF, 0x01, 0x00, 0x00, 0x11, 0x84, 0x0A, 0x6E, 0xEF,
    0x33, 0xDA, 0xFF, 0xB5, 0xFF, 0xFF, 0x74, 0xFF, 0xF7, 0x74, 0xEB, 0xAD, 0x0E, 0x8E, 0x00, 0x00,
    0x20, 0x00, 0x20, 0x00, 0x00, 0x00, 0x01, 0x00, 0x00, 0x01, 0x00, 0x00, 0x01, 0xFF, 0xFF, 0x01,
    0x18, 0xE0, 0x08, 0x95, 0x2E, 0x74, 0xCE, 0xF2, 0xE4, 0x7C, 0xAA, 0xFF, 0x63, 0x8B, 0xFE, 0xE7,
    0x3C, 0xFF, 0xFF, 0xBE, 0xFF, 0xEF, 0x5C, 0xFF, 0xF7, 0x7D, 0xFF, 0xFF, 0xDF, 0xFF, 0xC5, 0xF7,
    0xFF, 0x84, 0x10, 0xFF, 0xE7, 0x1C, 0xFF, 0xFF, 0xFF, 0xFF, 0xEF, 0x3C, 0xFF, 0xF7, 0x9D, 0xFF,
    0xF7, 0x7D, 0xFF, 0xEF, 0x3D, 0xFF, 0xEF, 0x5D, 0xFF, 0xEF, 0x5C, 0xFF, 0xEF, 0x5D, 0xFF, 0xEF,
    0x5D, 0xFF, 0xEF, 0x5D, 0xFF, 0xEF, 0x3D, 0xFF, 0xEF, 0x3C, 0xFF, 0xEF, 0x3C, 0xFF, 0xEF, 0x5D,
    0xFF, 0xEF, 0x5D, 0xFF, 0xEF, 0x3C, 0xFF, 0xF7, 0x5D, 0xFF, 0xF7, 0x7D, 0xFF, 0xD6, 0x79, 0xFF,
    0xBD, 0x97, 0xFF, 0xF7, 0x9E, 0xFF, 0xF7, 0x7D, 0xFF, 0xEF, 0x5D, 0xFF, 0xF7, 0x7D, 0xFF, 0xFF,
    0xBE, 0xFF, 0xF7, 0x5D, 0xFF, 0xEF, 0x1C, 0xFF, 0xE7, 0x1C, 0xFF, 0xEF, 0x1C, 0xFF, 0xEF, 0x1C,
    0xFF, 0xEF, 0x1C, 0xFF, 0xEF, 0x1C, 0xFF, 0xF7, 0x9D, 0xFF, 0xFF, 0xBE, 0xFF, 0xF7, 0x7D, 0xFF,
    0xEF, 0x5C, 0xFF, 0xFF, 0xFF, 0xFF, 0xC5, 0xF7, 0xFF, 0x94, 0x92, 0xFF, 0xDE, 0xBA, 0xFF, 0xFF,
    0xDF, 0xFF, 0xEF, 0x5D, 0xFF, 0xFF, 0xDE, 0xFF, 0xFF, 0xBE, 0xFF, 0xFF, 0x9D, 0xFF, 0xFF, 0x9E,
    0xFF, 0xF7, 0x5D, 0xFF, 0xEF, 0x1C, 0xFF, 0xEF, 0x1C, 0xFF, 0xF7, 0x7D, 0xFF, 0xFF, 0xBE, 0xFF,
    0xFF, 0xBE, 0xFF, 0xFF, 0xBE, 0xFF, 0xFF, 0xBE, 0xFF, 0xFF, 0xDE, 0xFF, 0xFF, 0xDE, 0xFF, 0xFF,
    0xDE, 0xFF, 0xFF, 0xDE, 0xFF, 0xFF, 0xDE, 0xFF, 0xFF, 0xBE, 0xFF, 0xFF, 0xDE, 0xFF, 0xFF, 0xDE,
    0xFF, 0xFF, 0xDE, 0xFF, 0xFF, 0xBE, 0xFF, 0xFF, 0xBE, 0xFF, 0xFF, 0xBE, 0xFF, 0xFF, 0xDE, 0xFF,
    0xFF, 0xDE, 0xFF, 0xFF, 0xDE, 0xFF, 0xF7, 0x9D, 0xFF, 0xEF, 0x5D, 0xFF, 0xEF, 0x3C, 0xFF, 0xDE,
    0xBA, 0xFF, 0xEF, 0x1C, 0xFF, 0xFF, 0xBE, 0xFF, 0xFF, 0xBE, 0xFF, 0xF7, 0x7D, 0xFF, 0xEF, 0x3C,
    0xFF, 0xEF, 0x3C, 0xFF, 0xEF, 0x5D, 0xFF, 0xEF, 0x5D, 0xFF, 0xEF, 0x5D, 0xFF, 0xDE, 0xDB, 0xFF,
    0xE6, 0xFB, 0xFF, 0xEF, 0x7D, 0xFF, 0xEF, 0x3D, 0xFF, 0xFF, 0xBF, 0xFF, 0xCE, 0x38, 0xFF, 0xBD,
    0xB6, 0xFF, 0xEF, 0x3C, 0xFF, 0xF7, 0x7D, 0xFF, 0xEF, 0x1C, 0xFF, 0xEF, 0x3C, 0xFF, 0xEF, 0x1C,
    0xFF, 0xEF, 0x1C, 0xFF, 0xEF, 0x1C, 0xFF, 0xEF, 0x1C, 0xFF, 0xEF, 0x1C, 0xFF, 0xEF, 0x3C, 0xFF,
    0xEF, 0x3C, 0xFF, 0xEF, 0x3C, 0xFF, 0xF7, 0x9D, 0xFF, 0xE6, 0xFC, 0xFF, 0xCE, 0x39, 0xFF, 0xE7,
    0x1C, 0xFF, 0xFF, 0xFF, 0xFF, 0xEF, 0x5D, 0xFF, 0xE7, 0x3C, 0xFF, 0xFF, 0xBE, 0xFF, 0x8B, 0xEF,
    0xFF, 0x73, 0x2A, 0xFF, 0xC5, 0x71, 0xFF, 0xCD, 0x90, 0xFF, 0xE6, 0x52, 0xFF, 0x9C, 0x4D, 0xFF,
    0x21, 0x42, 0xFF, 0x2A, 0x43, 0xFF, 0x53, 0xC5, 0xFF, 0x4B, 0x44, 0xFF, 0x4B, 0x44, 0xFF, 0x4B,
    0x45, 0xFF, 0x32, 0x64, 0xFF, 0x19, 0x23, 0xFF, 0xBD, 0x10, 0xFF, 0x83, 0x6B, 0xFF, 0xB5, 0x54,
    0xFF, 0xF7, 0x9E, 0xFF, 0xEF, 0x5D, 0xFF, 0xE6, 0xFB, 0xFF, 0xCE, 0x18, 0xFF, 0xD6, 0x59, 0xFF,
    0xEF, 0x3D, 0xFF, 0xBE, 0x19, 0xFF, 0x8C, 0x52, 0xFF, 0xA5, 0x14, 0xFF, 0x5A, 0xAA, 0xFF, 0x4A,
    0x05, 0xFF, 0xBD, 0x4F, 0xFF, 0xE6, 0x73, 0xFF, 0xD5, 0xF2, 0xFF, 0xEE, 0xB5, 0xFF, 0x94, 0x2D,
    0xFF, 0x31, 0x65, 0xFF, 0xB5, 0xB7, 0xFF, 0xFF, 0xFF, 0xFF, 0xD6, 0xB9, 0xFF, 0x8C, 0xCE, 0xFF,
    0x95, 0x2D, 0xFF, 0x95, 0x4E, 0xFF, 0x8C, 0xEC, 0xFF, 0x9D, 0x2F, 0xFF, 0xD6, 0xD9, 0xFF, 0xCE,
    0x59, 0xFF, 0xBD, 0xD7, 0xFF, 0xEF, 0x5C, 0xFF, 0xE7, 0x1B, 0xFF, 0xEF, 0x1C, 0xFF, 0xF7, 0x5D,
    0xFB, 0xF7, 0x9E, 0xCD, 0x62, 0xEB, 0x4C, 0x00, 0x00, 0x08, 0x00, 0x00, 0x00, 0x00, 0x00, 0x00,
    0x00, 0x00, 0x00, 0x00, 0x00, 0x00, 0x00, 0x00, 0x00, 0x00, 0x00, 0x00, 0x00, 0x00, 0x00, 0x00,
    0x00, 0x00, 0x00, 0x00, 0x04, 0x00, 0x00, 0x21, 0x18, 0xE1, 0x21, 0xAD, 0x4F, 0x06, 0x00, 0x00,
    0x11, 0x52, 0x45, 0x57, 0xDE, 0xF2, 0xC1, 0xFF, 0xB5, 0xFB, 0xFF, 0x54, 0xFF, 0xFF, 0x73, 0xFE,
    0xFF, 0xB4, 0xFE, 0xF7, 0x74, 0xDA, 0x94, 0x4B, 0x76, 0x00, 0x00, 0x1B, 0xFF, 0xFF, 0x02, 0xFF,
    0xFF, 0x01, 0xFF, 0xEF, 0x02, 0xFF, 0xF5, 0x03, 0x00, 0x00, 0x26, 0xC6, 0x92, 0xA5, 0xAE, 0x0F,
    0xFD, 0x6C, 0x0A, 0xFF, 0xB5, 0xB5, 0xFE, 0xFF, 0xFF, 0xFF, 0xE6, 0xFB, 0xFF, 0xF7, 0x5D, 0xFF,
    0xF7, 0x7D, 0xFF, 0xFF, 0xFF, 0xFF, 0x9C, 0xB2, 0xFF, 0xA4, 0xF3, 0xFF, 0xF7, 0x9E, 0xFF, 0xF7,
    0xBE, 0xFF, 0xEF, 0x3C, 0xFF, 0xF7, 0x9D, 0xFF, 0xF7, 0x7D, 0xFF, 0xEF, 0x3C, 0xFF, 0xEF, 0x5D,
    0xFF, 0xEF, 0x3C, 0xFF, 0xEF, 0x5D, 0xFF, 0xEF, 0x5D, 0xFF, 0xEF, 0x3C, 0xFF, 0xEF, 0x5C, 0xFF,
    0xEF, 0x5D, 0xFF, 0xEF, 0x3D, 0xFF, 0xEF, 0x5C, 0xFF, 0xEF, 0x5C, 0xFF, 0xEF, 0x3C, 0xFF, 0xF7,
    0x7E, 0xFF, 0xEF, 0x1C, 0xFF, 0xBD, 0xB7, 0xFF, 0xD6, 0x59, 0xFF, 0xFF, 0xBE, 0xFF, 0xF7, 0x7D,
    0xFF, 0xEF, 0x5D, 0xFF, 0xF7, 0x9E, 0xFF, 0xF7, 0x7D, 0xFF, 0xEF, 0x3C, 0xFF, 0xEF, 0x3C, 0xFF,
    0xEF, 0x3C, 0xFF, 0xEF, 0x3C, 0xFF, 0xEF, 0x1C, 0xFF, 0xEF, 0x1C, 0xFF, 0xEF, 0x3C, 0xFF, 0xEF,
    0x5D, 0xFF, 0xEF, 0x5D, 0xFF, 0xEF, 0x5D, 0xFF, 0xEF, 0x5D, 0xFF, 0xFF, 0xDF, 0xFF, 0xAD, 0x15,
    0xFF, 0x94, 0x72, 0xFF, 0xE6, 0xFB, 0xFF, 0xFF, 0xBE, 0xFF, 0xEF, 0x5D, 0xFF, 0xFF, 0xDE, 0xFF,
    0xFF, 0xBE, 0xFF, 0xF7, 0x7D, 0xFF, 0xF7, 0x9E, 0xFF, 0xF7, 0x7D, 0xFF, 0xEF, 0x1C, 0xFF, 0xEF,
    0x1C, 0xFF, 0xF7, 0x7D, 0xFF, 0xFF, 0xBE, 0xFF, 0xFF, 0xBE, 0xFF, 0xFF, 0xBE, 0xFF, 0xFF, 0xBE,
    0xFF, 0xFF, 0xBE, 0xFF, 0xFF, 0xDE, 0xFF, 0xFF, 0xDE, 0xFF, 0xFF, 0xDE, 0xFF, 0xFF, 0xDE, 0xFF,
    0xFF, 0xDE, 0xFF, 0xFF, 0xBE, 0xFF, 0xFF, 0xDE, 0xFF, 0xFF, 0xBE, 0xFF, 0xFF, 0xBE, 0xFF, 0xFF,
    0xBE, 0xFF, 0xFF, 0xBE, 0xFF, 0xFF, 0xDE, 0xFF, 0xFF, 0xDE, 0xFF, 0xFF, 0xDE, 0xFF, 0xF7, 0x9E,
    0xFF, 0xEF, 0x5D, 0xFF, 0xEF, 0x3C, 0xFF, 0xDE, 0xBA, 0xFF, 0xEF, 0x3C, 0xFF, 0xFF, 0xBE, 0xFF,
    0xF7, 0x9E, 0xFF, 0xEF, 0x5C, 0xFF, 0xEF, 0x3C, 0xFF, 0xEF, 0x3C, 0xFF, 0xEF, 0x3C, 0xFF, 0xEF,
    0x5D, 0xFF, 0xEF, 0x5D, 0xFF, 0xDE, 0xDB, 0xFF, 0xD6, 0x9A, 0xFF, 0xEF, 0x5D, 0xFF, 0xEF, 0x3C,
    0xFF, 0xFF, 0x9E, 0xFF, 0xD6, 0x9A, 0xFF, 0xB5, 0x76, 0xFF, 0xDE, 0xBA, 0xFF, 0xF7, 0x9D, 0xFF,
    0xE7, 0x1C, 0xFF, 0xEF, 0x3C, 0xFF, 0xEF, 0x3C, 0xFF, 0xEF, 0x3C, 0xFF, 0xEF, 0x3C, 0xFF, 0xEF,
    0x3C, 0xFF, 0xEF, 0x3C, 0xFF, 0xEF, 0x3C, 0xFF, 0xEF, 0x3C, 0xFF, 0xEF, 0x3C, 0xFF, 0xF7, 0x5D,
    0xFF, 0xEF, 0x5D, 0xFF, 0xD6, 0x7A, 0xFF, 0xCE, 0x59, 0xFF, 0xF7, 0x9E, 0xFF, 0xFF, 0x9F, 0xFF,
    0xFF, 0xBF, 0xFF, 0xFF, 0xFF, 0xFF, 0xB5, 0x75, 0xFF, 0x5A, 0x88, 0xFF, 0xC5, 0x70, 0xFF, 0xD5,
    0xD1, 0xFF, 0xDD, 0xD1, 0xFF, 0xE6, 0x53, 0xFF, 0x62, 0xE8, 0xFF, 0x08, 0xE1, 0xFF, 0x4B, 0x65,
    0xFF, 0x4B, 0x44, 0xFF, 0x43, 0x24, 0xFF, 0x43, 0x24, 0xFF, 0x32, 0x84, 0xFF, 0x10, 0xE2, 0xFF,
    0xB4, 0xCF, 0xFF, 0x8B, 0x8A, 0xFF, 0xA4, 0xD2, 0xFF, 0xEF, 0x5D, 0xFF, 0xEF, 0x5D, 0xFF, 0xEF,
    0x3C, 0xFF, 0xD6, 0x7A, 0xFF, 0xC5, 0xF8, 0xFF, 0xE7, 0x1C, 0xFF, 0xDE, 0xDB, 0xFF, 0xAD, 0x56,
    0xFF, 0x94, 0x72, 0xFF, 0x52, 0xA9, 0xFF, 0x10, 0x40, 0xFF, 0x31, 0x23, 0xFF, 0x9C, 0x6D, 0xFF,
    0xDE, 0x53, 0xFF, 0xEE, 0x95, 0xFF, 0xE6, 0x75, 0xFF, 0x8B, 0xCD, 0xFF, 0x39, 0xC7, 0xFF, 0xC6,
    0x59, 0xFF, 0xFF, 0xFF, 0xFF, 0xB5, 0xB3, 0xFF, 0x8C, 0xED, 0xFF, 0x95, 0x2D, 0xFF, 0x95, 0x2D,
    0xFF, 0x7C, 0x8B, 0xFF, 0xBE, 0x14, 0xFF, 0xE7, 0x1C, 0xFF, 0xC5, 0xF7, 0xFF, 0xCE, 0x38, 0xFF,
    0xEF, 0x5C, 0xFF, 0xE6, 0xFB, 0xFF, 0xF7, 0x5D, 0xFF, 0xFF, 0xFF, 0xEC, 0xAD, 0x34, 0x8C, 0x29,
    0x45, 0x1E, 0x00, 0x00, 0x00, 0x00, 0x00, 0x00, 0x00, 0x00, 0x00, 0x00, 0x00, 0x00, 0x00, 0x00,
    0x00, 0x00, 0x00, 0x00, 0x00, 0x00, 0x00, 0x00, 0x00, 0x00, 0x00, 0x00, 0x04, 0x00, 0x00, 0x21,
    0x00, 0x00, 0x2F, 0x00, 0x00, 0x32, 0x8B, 0xE9, 0x70, 0xDE, 0xB1, 0xC4, 0xFF, 0xB4, 0xF7, 0xFF,
    0x94, 0xFF, 0xFF, 0x74, 0xFE, 0xFF, 0x74, 0xFF, 0xFF, 0x94, 0xFF, 0xFF, 0xD4, 0xFD, 0xEF, 0x54,
    0xD6, 0x9C, 0x8B, 0x7D, 0x00, 0x00, 0x2F, 0x00, 0x00, 0x0A, 0x00, 0x00, 0x04, 0x00, 0x00, 0x06,
    0x52, 0xA7, 0x4C, 0xC6, 0xB2, 0xC9, 0x9D, 0x6D, 0xFF, 0x94, 0xF0, 0xFE, 0xEF, 0x5D, 0xFF, 0xEF,
    0x3C, 0xFF, 0xEF, 0x1C, 0xFF, 0xEF, 0x5C, 0xFF, 0xF7, 0x7D, 0xFF, 0xF7, 0x7D, 0xFF, 0x83, 0xEF,
    0xFF, 0xCE, 0x38, 0xFF, 0xFF, 0xDF, 0xFF, 0xEF, 0x7D, 0xFF, 0xEF, 0x7D, 0xFF, 0xF7, 0x7D, 0xFF,
    0xEF, 0x5D, 0xFF, 0xEF, 0x3C, 0xFF, 0xEF, 0x3C, 0xFF, 0xEF, 0x5D, 0xFF, 0xEF, 0x5D, 0xFF, 0xEF,
    0x5D, 0xFF, 0xEF, 0x3C, 0xFF, 0xEF, 0x5C, 0xFF, 0xEF, 0x5D, 0xFF, 0xEF, 0x5D, 0xFF, 0xEF, 0x5C,
    0xFF, 0xEF, 0x3C, 0xFF, 0xEF, 0x3D, 0xFF, 0xF7, 0x9E, 0xFF, 0xD6, 0x9A, 0xFF, 0xAD, 0x55, 0xFF,
    0xEF, 0x3D, 0xFF, 0xF7, 0x7D, 0xFF, 0xEF, 0x5D, 0xFF, 0xEF, 0x5D, 0xFF, 0xEF, 0x5D, 0xFF, 0xEF,
    0x5D, 0xFF, 0xEF, 0x3C, 0xFF, 0xEF, 0x3C, 0xFF, 0xEF, 0x3C, 0xFF, 0xEF, 0x3C, 0xFF, 0xEF, 0x3C,
    0xFF, 0xEF, 0x3C, 0xFF, 0xEF, 0x3C, 0xFF, 0xEF, 0x3C, 0xFF, 0xEF, 0x3C, 0xFF, 0xEF, 0x3C, 0xFF,
    0xF7, 0x7D, 0xFF, 0xEF, 0x5D, 0xFF, 0x9C, 0x93, 0xFF, 0x9C, 0x92, 0xFF, 0xE7, 0x1C, 0xFF, 0xF7,
    0xBE, 0xFF, 0xEF, 0x3D, 0xFF, 0xFF, 0xBE, 0xFF, 0xFF, 0xBE, 0xFF, 0xEF, 0x5D, 0xFF, 0xF7, 0x7D,
    0xFF, 0xF7, 0x5D, 0xFF, 0xEF, 0x3C, 0xFF, 0xEF, 0x1C, 0xFF, 0xF7, 0x7D, 0xFF, 0xFF, 0xBE, 0xFF,
    0xFF, 0xBE, 0xFF, 0xFF, 0xBE, 0xFF, 0xFF, 0xBE, 0xFF, 0xFF, 0xBE, 0xFF, 0xFF, 0xDE, 0xFF, 0xFF,
    0xDE, 0xFF, 0xFF, 0xDE, 0xFF, 0xFF, 0xDE, 0xFF, 0xFF, 0xDE, 0xFF, 0xFF, 0xBE, 0xFF, 0xFF, 0xBE,
    0xFF, 0xFF, 0xBE, 0xFF, 0xFF, 0xBE, 0xFF, 0xFF, 0xBE, 0xFF, 0xFF, 0xBE, 0xFF, 0xF7, 0x9E, 0xFF,
    0xF7, 0x7D, 0xFF, 0xF7, 0x9D, 0xFF, 0xF7, 0x7D, 0xFF, 0xEF, 0x3C, 0xFF, 0xEF, 0x3C, 0xFF, 0xDE,
    0xBA, 0xFF, 0xEF, 0x3C, 0xFF, 0xFF, 0x9E, 0xFF, 0xF7, 0x7D, 0xFF, 0xEF, 0x5C, 0xFF, 0xEF, 0x5D,
    0xFF, 0xEF, 0x5D, 0xFF, 0xEF, 0x3C, 0xFF, 0xEF, 0x5D, 0xFF, 0xEF, 0x5D, 0xFF, 0xE6, 0xFB, 0xFF,
    0xC6, 0x18, 0xFF, 0xEF, 0x3C, 0xFF, 0xEF, 0x3C, 0xFF, 0xF7, 0x7D, 0xFF, 0xE6, 0xFC, 0xFF, 0xB5,
    0x76, 0xFF, 0xCE, 0x38, 0xFF, 0xF7, 0x7D, 0xFF, 0xEF, 0x1C, 0xFF, 0xEF, 0x3C, 0xFF, 0xEF, 0x3C,
    0xFF, 0xEF, 0x3C, 0xFF, 0xEF, 0x3C, 0xFF, 0xEF, 0x3C, 0xFF, 0xEF, 0x3C, 0xFF, 0xEF, 0x3C, 0xFF,
    0xEF, 0x3C, 0xFF, 0xEF, 0x3C, 0xFF, 0xEF, 0x3C, 0xFF, 0xF7, 0x7D, 0xFF, 0xDE, 0xDB, 0xFF, 0xC6,
    0x18, 0xFF, 0xE6, 0xFC, 0xFF, 0xF7, 0x5D, 0xFF, 0xF7, 0x3D, 0xFF, 0xF7, 0x7D, 0xFF, 0xF7, 0x9E,
    0xFF, 0x73, 0x6D, 0xFF, 0x9C, 0x6E, 0xFF, 0xE6, 0x53, 0xFF, 0xD5, 0xB1, 0xFF, 0xE6, 0x73, 0xFF,
    0xBD, 0x50, 0xFF, 0x31, 0x84, 0xFF, 0x19, 0x81, 0xFF, 0x53, 0x85, 0xFF, 0x43, 0x04, 0xFF, 0x43,
    0x04, 0xFF, 0x32, 0x84, 0xFF, 0x08, 0xC1, 0xFF, 0xA4, 0x8D, 0xFF, 0x93, 0x8A, 0xFF, 0x94, 0x50,
    0xFF, 0xE7, 0x1C, 0xFF, 0xF7, 0x7D, 0xFF, 0xEF, 0x3C, 0xFF, 0xE6, 0xFB, 0xFF, 0xC5, 0xF7, 0xFF,
    0xDE, 0xBB, 0xFF, 0xEF, 0x5D, 0xFF, 0xBD, 0xB7, 0xFF, 0x39, 0xA6, 0xFF, 0x6B, 0x2B, 0xFF, 0x94,
    0x90, 0xFF, 0x83, 0xCE, 0xFF, 0x62, 0xE9, 0xFF, 0x83, 0xAA, 0xFF, 0xC5, 0x70, 0xFF, 0xF6, 0xD6,
    0xFF, 0xE6, 0x56, 0xFF, 0x73, 0x6B, 0xFF, 0x29, 0xA6, 0xFF, 0x94, 0x92, 0xFF, 0xD6, 0xD8, 0xFF,
    0x95, 0x2E, 0xFF, 0x8C, 0xEC, 0xFF, 0x95, 0x2D, 0xFF, 0x84, 0xAB, 0xFF, 0x94, 0xEE, 0xFF, 0xDE,
    0xFA, 0xFF, 0xE7, 0x1C, 0xFF, 0xBD, 0xB6, 0xFF, 0xDE, 0xDA, 0xFF, 0xEF, 0x5C, 0xFF, 0xEF, 0x3C,
    0xFF, 0xFF, 0x9E, 0xFA, 0xEF, 0x3C, 0xC3, 0x62, 0xEB, 0x40, 0x00, 0x00, 0x04, 0x00, 0x00, 0x00,
    0x00, 0x00, 0x01, 0x00, 0x00, 0x00, 0x00, 0x00, 0x00, 0x00, 0x00, 0x00, 0x00, 0x00, 0x00, 0x00,
    0x00, 0x00, 0x00, 0x00, 0x04, 0x00, 0x00, 0x21, 0xD6, 0x0D, 0xA9, 0xE6, 0xEF, 0xB7, 0xEF, 0x30,
    0xDE, 0xFF, 0x92, 0xFA, 0xFF, 0x93, 0xFF, 0xFF, 0x74, 0xFF, 0xFF, 0x94, 0xFF, 0xFF, 0x94, 0xFF,
    0xFF, 0x95, 0xFF, 0xFF, 0x95, 0xFF, 0xFF, 0xB5, 0xFD, 0xEF, 0x53, 0xE3, 0xE6, 0xD0, 0xB4, 0xD6,
    0x6E, 0x8C, 0xAD, 0x2C, 0x68, 0x42, 0x45, 0x30, 0x6B, 0xCA, 0x64, 0xA5, 0xEE, 0xD1, 0x9D, 0x70,
    0xFF, 0xC6, 0x38, 0xFE, 0xFF, 0xBE, 0xFF, 0xE6, 0xDB, 0xFF, 0xEF, 0x5C, 0xFF, 0xEF, 0x5C, 0xFF,
    0xFF, 0x9E, 0xFF, 0xCE, 0x79, 0xFF, 0x83, 0xCF, 0xFF, 0xE6, 0xFB, 0xFF, 0xFF, 0xDE, 0xFF, 0xEF,
    0x5C, 0xFF, 0xF7, 0x7D, 0xFF, 0xF7, 0x7D, 0xFF, 0xEF, 0x3D, 0xFF, 0xEF, 0x5D, 0xFF, 0xEF, 0x3C,
    0xFF, 0xEF, 0x3D, 0xFF, 0xEF, 0x5D, 0xFF, 0xEF, 0x5D, 0xFF, 0xEF, 0x5D, 0xFF, 0xEF, 0x5D, 0xFF,
    0xEF, 0x5D, 0xFF, 0xEF, 0x3D, 0xFF, 0xEF, 0x5D, 0xFF, 0xEF, 0x3C, 0xFF, 0xF7, 0x7D, 0xFF, 0xEF,
    0x3C, 0xFF, 0xBD, 0xD7, 0xFF, 0xBD, 0x97, 0xFF, 0xFF, 0x9E, 0xFF, 0xEF, 0x3C, 0xFF, 0xEF, 0x5D,
    0xFF, 0xEF, 0x5D, 0xFF, 0xEF, 0x5D, 0xFF, 0xEF, 0x3C, 0xFF, 0xEF, 0x3C, 0xFF, 0xEF, 0x3C, 0xFF,
    0xEF, 0x3C, 0xFF, 0xEF, 0x3C, 0xFF, 0xEF, 0x3C, 0xFF, 0xEF, 0x3C, 0xFF, 0xEF, 0x3C, 0xFF, 0xEF,
    0x3C, 0xFF, 0xEF, 0x3C, 0xFF, 0xEF, 0x3C, 0xFF, 0xF7, 0x7D, 0xFF, 0xD6, 0x9A, 0xFF, 0x8C, 0x52,
    0xFF, 0x9C, 0xB3, 0xFF, 0xE7, 0x1C, 0xFF, 0xFF, 0xBE, 0xFF, 0xEF, 0x3C, 0xFF, 0xF7, 0x9D, 0xFF,
    0xF7, 0x9E, 0xFF, 0xEF, 0x3C, 0xFF, 0xEF, 0x3C, 0xFF, 0xEF, 0x3D, 0xFF, 0xEF, 0x3C, 0xFF, 0xEF,
    0x1C, 0xFF, 0xF7, 0x7D, 0xFF, 0xFF, 0xBE, 0xFF, 0xFF, 0xBE, 0xFF, 0xFF, 0xBE, 0xFF, 0xFF, 0xDE,
    0xFF, 0xFF, 0xBE, 0xFF, 0xFF, 0xDE, 0xFF, 0xFF, 0xDE, 0xFF, 0xFF, 0xDE, 0xFF, 0xFF, 0xDE, 0xFF,
    0xFF, 0xBE, 0xFF, 0xFF, 0xDE, 0xFF, 0xFF, 0xBE, 0xFF, 0xFF, 0xBE, 0xFF, 0xFF, 0xBE, 0xFF, 0xFF,
    0xBE, 0xFF, 0xF7, 0x9D, 0xFF, 0xEF, 0x5D, 0xFF, 0xEF, 0x3C, 0xFF, 0xEF, 0x5D, 0xFF, 0xEF, 0x5D,
    0xFF, 0xEF, 0x5D, 0xFF, 0xEF, 0x3C, 0xFF, 0xDE, 0x9A, 0xFF, 0xEF, 0x3C, 0xFF, 0xF7, 0x7D, 0xFF,
    0xF7, 0x5D, 0xFF, 0xEF, 0x5D, 0xFF, 0xEF, 0x5D, 0xFF, 0xEF, 0x5D, 0xFF, 0xEF, 0x5D, 0xFF, 0xEF,
    0x5D, 0xFF, 0xEF, 0x5D, 0xFF, 0xE6, 0xFC, 0xFF, 0xBD, 0xB6, 0xFF, 0xE6, 0xFB, 0xFF, 0xEF, 0x3D,
    0xFF, 0xEF, 0x5C, 0xFF, 0xF7, 0x5D, 0xFF, 0xBD, 0xB6, 0xFF, 0xC5, 0xF7, 0xFF, 0xF7, 0x5D, 0xFF,
    0xEF, 0x3C, 0xFF, 0xEF, 0x1C, 0xFF, 0xEF, 0x1C, 0xFF, 0xEF, 0x1C, 0xFF, 0xEF, 0x1C, 0xFF, 0xEF,
    0x3C, 0xFF, 0xEF, 0x3C, 0xFF, 0xEF, 0x3C, 0xFF, 0xEF, 0x3C, 0xFF, 0xEF, 0x3C, 0xFF, 0xEF, 0x1C,
    0xFF, 0xF7, 0x5D, 0xFF, 0xE7, 0x1C, 0xFF, 0xC6, 0x18, 0xFF, 0xD6, 0x59, 0xFF, 0xF7, 0x5D, 0xFF,
    0xEF, 0x3D, 0xFF, 0xF7, 0x3D, 0xFF, 0xFF, 0xFF, 0xFF, 0xC6, 0x38, 0xFF, 0x6B, 0x2A, 0xFF, 0xC5,
    0x50, 0xFF, 0xDE, 0x33, 0xFF, 0xCD, 0x91, 0xFF, 0xEE, 0x74, 0xFF, 0x94, 0x2D, 0xFF, 0x10, 0xA1,
    0xFF, 0x2A, 0x03, 0xFF, 0x43, 0x24, 0xFF, 0x3A, 0xC3, 0xFF, 0x32, 0x64, 0xFF, 0x00, 0xA0, 0xFF,
    0x83, 0xCB, 0xFF, 0x83, 0x29, 0xFF, 0x83, 0xAD, 0xFF, 0xDE, 0xBB, 0xFF, 0xF7, 0x9D, 0xFF, 0xEF,
    0x3C, 0xFF, 0xEF, 0x5D, 0xFF, 0xCE, 0x38, 0xFF, 0xCE, 0x59, 0xFF, 0xF7, 0x7D, 0xFF, 0x7B, 0xAE,
    0xFF, 0x7B, 0x8C, 0xFF, 0xDE, 0xB9, 0xFF, 0xFF, 0xFD, 0xFF, 0xF7, 0x9B, 0xFF, 0xCE, 0x78, 0xFF,
    0x9C, 0xB0, 0xFF, 0x83, 0x8A, 0xFF, 0xAC, 0x8D, 0xFF, 0xE6, 0x75, 0xFF, 0xBD, 0x52, 0xFF, 0x41,
    0xC6, 0xFF, 0x4A, 0x29, 0xFF, 0x73, 0xCD, 0xFF, 0xA5, 0x90, 0xFF, 0x8D, 0x0D, 0xFF, 0x8C, 0xEC,
    0xFF, 0x8C, 0xEC, 0xFF, 0x7C, 0x6B, 0xFF, 0xBE, 0x15, 0xFF, 0xFF, 0xBE, 0xFF, 0xD6, 0x9A, 0xFF,
    0xC6, 0x17, 0xFF, 0xEF, 0x3C, 0xFF, 0xEF, 0x5D, 0xFF, 0xF7, 0x5D, 0xFE, 0xFF, 0xFF, 0xE8, 0x94,
    0xB2, 0x78, 0x10, 0xA1, 0x18, 0x00, 0x00, 0x01, 0x00, 0x00, 0x00, 0x00, 0x00, 0x00, 0x00, 0x00,
    0x00, 0x00, 0x00, 0x00, 0x00, 0x00, 0x00, 0x00, 0x00, 0x00, 0x00, 0x00, 0x04, 0x00, 0x00, 0x21,
    0xB5, 0x4B, 0xB6, 0xDE, 0x6E, 0xD1, 0xFF, 0xD2, 0xF6, 0xFF, 0xB2, 0xFF, 0xFF, 0x52, 0xFD, 0xFF,
    0x73, 0xFE, 0xFF, 0x94, 0xFF, 0xFF, 0x94, 0xFF, 0xFF, 0x95, 0xFF, 0xF7, 0x55, 0xFE, 0xFF, 0xB5,
    0xFF, 0xFF, 0xF5, 0xFD, 0xEF, 0x11, 0xE1, 0xBD, 0x8C, 0xAF, 0x94, 0x4A, 0x74, 0x31, 0xC4, 0x40,
    0x6B, 0xE7, 0x90, 0x63, 0xA7, 0xEC, 0x9D, 0x52, 0xFF, 0xEF, 0x5D, 0xFE, 0xEF, 0x3C, 0xFF, 0xE7,
    0x1B, 0xFF, 0xEF, 0x5C, 0xFF, 0xF7, 0x7D, 0xFF, 0xFF, 0x9E, 0xFF, 0xA4, 0xF3, 0xFF, 0x94, 0x92,
    0xFF, 0xF7, 0x7D, 0xFF, 0xFF, 0xBE, 0xFF, 0xEF, 0x5D, 0xFF, 0xF7, 0x9D, 0xFF, 0xF7, 0x7D, 0xFF,
    0xEF, 0x3C, 0xFF, 0xEF, 0x5D, 0xFF, 0xEF, 0x3C, 0xFF, 0xEF, 0x3C, 0xFF, 0xEF, 0x3D, 0xFF, 0xEF,
    0x5D, 0xFF, 0xEF, 0x5D, 0xFF, 0xEF, 0x5D, 0xFF, 0xEF, 0x5D, 0xFF, 0xEF, 0x3D, 0xFF, 0xEF, 0x5D,
    0xFF, 0xEF, 0x3C, 0xFF, 0xFF, 0x9E, 0xFF, 0xDE, 0xBA, 0xFF, 0xAD, 0x35, 0xFF, 0xDE, 0x9A, 0xFF,
    0xF7, 0x7E, 0xFF, 0xEF, 0x3C, 0xFF, 0xEF, 0x5D, 0xFF, 0xEF, 0x5D, 0xFF, 0xEF, 0x5D, 0xFF, 0xEF,
    0x3C, 0xFF, 0xEF, 0x3C, 0xFF, 0xEF, 0x3C, 0xFF, 0xEF, 0x3C, 0xFF, 0xEF, 0x3C, 0xFF, 0xEF, 0x3C,
    0xFF, 0xEF, 0x3C, 0xFF, 0xEF, 0x3C, 0xFF, 0xEF, 0x3C, 0xFF, 0xEF, 0x3C, 0xFF, 0xEF, 0x5D, 0xFF,
    0xEF, 0x3C, 0xFF, 0xC5, 0xF8, 0xFF, 0x8C, 0x31, 0xFF, 0x9C, 0xB3, 0xFF, 0xE6, 0xFB, 0xFF, 0xFF,
    0xBE, 0xFF, 0xEF, 0x3C, 0xFF, 0xEF, 0x5D, 0xFF, 0xEF, 0x5D, 0xFF, 0xEF, 0x3C, 0xFF, 0xEF, 0x3C,
    0xFF, 0xEF, 0x3C, 0xFF, 0xEF, 0x3C, 0xFF, 0xEF, 0x1C, 0xFF, 0xF7, 0x7D, 0xFF, 0xFF, 0xBE, 0xFF,
    0xF7, 0x9E, 0xFF, 0xF7, 0x7D, 0xFF, 0xF7, 0xBE, 0xFF, 0xFF, 0xDE, 0xFF, 0xFF, 0xDE, 0xFF, 0xFF,
    0xDE, 0xFF, 0xFF, 0xDE, 0xFF, 0xFF, 0xBE, 0xFF, 0xFF, 0xBE, 0xFF, 0xFF, 0xDE, 0xFF, 0xFF, 0xBE,
    0xFF, 0xFF, 0xDE, 0xFF, 0xFF, 0xBE, 0xFF, 0xF7, 0x7D, 0xFF, 0xEF, 0x3C, 0xFF, 0xEF, 0x3C, 0xFF,
    0xEF, 0x3C, 0xFF, 0xEF, 0x3C, 0xFF, 0xEF, 0x5D, 0xFF, 0xEF, 0x5D, 0xFF, 0xEF, 0x5D, 0xFF, 0xDE,
    0x9A, 0xFF, 0xEF, 0x1C, 0xFF, 0xF7, 0x7D, 0xFF, 0xEF, 0x5D, 0xFF, 0xEF, 0x5D, 0xFF, 0xEF, 0x5D,
    0xFF, 0xEF, 0x5D, 0xFF, 0xEF, 0x5D, 0xFF, 0xEF, 0x5D, 0xFF, 0xEF, 0x5D, 0xFF, 0xEF, 0x1C, 0xFF,
    0xB5, 0x76, 0xFF, 0xDE, 0xBA, 0xFF, 0xF7, 0x5D, 0xFF, 0xEF, 0x1C, 0xFF, 0xF7, 0x9E, 0xFF, 0xCE,
    0x18, 0xFF, 0xBD, 0xB6, 0xFF, 0xEF, 0x1C, 0xFF, 0xEF, 0x5D, 0xFF, 0xE7, 0x1C, 0xFF, 0xEF, 0x1C,
    0xFF, 0xEF, 0x1C, 0xFF, 0xEF, 0x1C, 0xFF, 0xEF, 0x3C, 0xFF, 0xEF, 0x3C, 0xFF, 0xEF, 0x3C, 0xFF,
    0xEF, 0x3C, 0xFF, 0xEF, 0x3C, 0xFF, 0xE7, 0x1C, 0xFF, 0xEF, 0x5D, 0xFF, 0xEF, 0x3C, 0xFF, 0xCE,
    0x39, 0xFF, 0xBD, 0xD7, 0xFF, 0xEF, 0x3C, 0xFF, 0xEF, 0x3D, 0xFF, 0xF7, 0x5D, 0xFF, 0xF7, 0x5D,
    0xFF, 0xFF, 0xFF, 0xFF, 0x94, 0x71, 0xFF, 0x83, 0xCB, 0xFF, 0xD5, 0xF2, 0xFF, 0xD5, 0xF2, 0xFF,
    0xD5, 0xB1, 0xFF, 0xE6, 0x33, 0xFF, 0x73, 0x4A, 0xFF, 0x00, 0x40, 0xFF, 0x21, 0xE2, 0xFF, 0x3A,
    0x83, 0xFF, 0x32, 0x23, 0xFF, 0x00, 0xC0, 0xFF, 0x6A, 0xE8, 0xFF, 0x7B, 0x08, 0xFF, 0x7B, 0x6C,
    0xFF, 0xCE, 0x59, 0xFF, 0xF7, 0x7D, 0xFF, 0xEF, 0x1B, 0xFF, 0xF7, 0x9D, 0xFF, 0xE6, 0xDB, 0xFF,
    0xCE, 0x38, 0xFF, 0xD6, 0x79, 0xFF, 0x5A, 0x89, 0xFF, 0xDE, 0xB8, 0xFF, 0xFF, 0xFE, 0xFF, 0xF7,
    0x9C, 0xFF, 0xFF, 0xBB, 0xFF, 0xFF, 0xFF, 0xFF, 0xFF, 0xFF, 0xFF, 0xBD, 0xB3, 0xFF, 0x8B, 0xCA,
    0xFF, 0xAC, 0x6D, 0xFF, 0xC5, 0x30, 0xFF, 0x93, 0xCD, 0xFF, 0xA4, 0xB1, 0xFF, 0x42, 0x07, 0xFF,
    0x6B, 0xCB, 0xFF, 0x95, 0x0D, 0xFF, 0x8C, 0xED, 0xFF, 0x8C, 0xED, 0xFF, 0x7C, 0x8B, 0xFF, 0x9D,
    0x30, 0xFF, 0xEF, 0x5C, 0xFF, 0xF7, 0x9E, 0xFF, 0xCE, 0x59, 0xFF, 0xD6, 0x7A, 0xFF, 0xF7, 0x7D,
    0xFF, 0xEF, 0x5D, 0xFF, 0xFF, 0xDE, 0xF8, 0xCE, 0x79, 0xB2, 0x5A, 0xCA, 0x30, 0x00, 0x00, 0x00,
    0x00, 0x00, 0x00, 0x00, 0x00, 0x01, 0x00, 0x00, 0x00, 0x00, 0x00, 0x00, 0x00, 0x00, 0x00, 0x00,
    0x00, 0x00, 0x00, 0x00, 0x04, 0x00, 0x20, 0x21, 0x10, 0x81, 0x4E, 0x62, 0xA6, 0x58, 0xAD, 0x0C,
    0x97, 0xEF, 0x32, 0xE4, 0xFF, 0xD3, 0xFF, 0xFF, 0x93, 0xFE, 0xFF, 0x74, 0xFE, 0xFF, 0x94, 0xFF,
    0xFF, 0x95, 0xFF, 0xFF, 0xB6, 0xFF, 0xFF, 0xB6, 0xEE, 0xC5, 0xCF, 0xAC, 0x84, 0x09, 0x6D, 0x42,
    0x04, 0x40, 0x08, 0x60, 0x23, 0x21, 0x83, 0x3D, 0x6C, 0x66, 0xBD, 0x5B, 0x67, 0xFF, 0xAD, 0x95,
    0xFF, 0xF7, 0xBE, 0xFE, 0xDE, 0xB9, 0xFF, 0xEF, 0x7D, 0xFF, 0xEF, 0x7D, 0xFF, 0xF7, 0x9D, 0xFF,
    0xF7, 0x7D, 0xFF, 0x83, 0xF0, 0xFF, 0xBD, 0xB6, 0xFF, 0xF7, 0x9E, 0xFF, 0xF7, 0x7D, 0xFF, 0xEF,
    0x5D, 0xFF, 0xF7, 0x7D, 0xFF, 0xEF, 0x5D, 0xFF, 0xEF, 0x3C, 0xFF, 0xEF, 0x5D, 0xFF, 0xEF, 0x3C,
    0xFF, 0xEF, 0x3C, 0xFF, 0xEF, 0x3D, 0xFF, 0xEF, 0x5D, 0xFF, 0xEF, 0x5D, 0xFF, 0xEF, 0x5D, 0xFF,
    0xEF, 0x5D, 0xFF, 0xEF, 0x5D, 0xFF, 0xEF, 0x3C, 0xFF, 0xEF, 0x5D, 0xFF, 0xF7, 0x7D, 0xFF, 0xC5,
    0xF8, 0xFF, 0xAD, 0x35, 0xFF, 0xF7, 0x7D, 0xFF, 0xEF, 0x3C, 0xFF, 0xEF, 0x3C, 0xFF, 0xEF, 0x5D,
    0xFF, 0xEF, 0x5D, 0xFF, 0xEF, 0x5D, 0xFF, 0xEF, 0x3C, 0xFF, 0xEF, 0x3C, 0xFF, 0xEF, 0x3C, 0xFF,
    0xEF, 0x3C, 0xFF, 0xEF, 0x3C, 0xFF, 0xEF, 0x3C, 0xFF, 0xEF, 0x3C, 0xFF, 0xEF, 0x3C, 0xFF, 0xEF,
    0x3C, 0xFF, 0xEF, 0x3C, 0xFF, 0xF7, 0x5D, 0xFF, 0xDE, 0xBB, 0xFF, 0xBD, 0xD7, 0xFF, 0x94, 0x51,
    0xFF, 0x9C, 0x93, 0xFF, 0xE6, 0xDB, 0xFF, 0xFF, 0xBE, 0xFF, 0xEF, 0x3C, 0xFF, 0xEF, 0x3D, 0xFF,
    0xEF, 0x3D, 0xFF, 0xEF, 0x3C, 0xFF, 0xEF, 0x3D, 0xFF, 0xEF, 0x5D, 0xFF, 0xEF, 0x3C, 0xFF, 0xEF,
    0x3C, 0xFF, 0xF7, 0x5D, 0xFF, 0xFF, 0x9E, 0xFF, 0xF7, 0x7D, 0xFF, 0xEF, 0x3C, 0xFF, 0xF7, 0x7D,
    0xFF, 0xF7, 0xBE, 0xFF, 0xFF, 0xDE, 0xFF, 0xFF, 0xDE, 0xFF, 0xFF, 0xDE, 0xFF, 0xFF, 0xBE, 0xFF,
    0xFF, 0xBE, 0xFF, 0xFF, 0xDE, 0xFF, 0xFF, 0xDE, 0xFF, 0xFF, 0xBE, 0xFF, 0xF7, 0x7D, 0xFF, 0xEF,
    0x3C, 0xFF, 0xEF, 0x3C, 0xFF, 0xEF, 0x3C, 0xFF, 0xEF, 0x3C, 0xFF, 0xEF, 0x3D, 0xFF, 0xEF, 0x5D,
    0xFF, 0xF7, 0x5D, 0xFF, 0xEF, 0x5D, 0xFF, 0xDE, 0x9A, 0xFF, 0xEF, 0x3C, 0xFF, 0xF7, 0x7D, 0xFF,
    0xEF, 0x7D, 0xFF, 0xEF, 0x5D, 0xFF, 0xEF, 0x5D, 0xFF, 0xEF, 0x5D, 0xFF, 0xEF, 0x5D, 0xFF, 0xEF,
    0x5D, 0xFF, 0xEF, 0x7D, 0xFF, 0xEF, 0x3C, 0xFF, 0xAD, 0x55, 0xFF, 0xD6, 0x59, 0xFF, 0xF7, 0x5D,
    0xFF, 0xEF, 0x1C, 0xFF, 0xF7, 0x9E, 0xFF, 0xD6, 0x9A, 0xFF, 0xBD, 0x96, 0xFF, 0xDE, 0xBA, 0xFF,
    0xF7, 0x7D, 0xFF, 0xE7, 0x1C, 0xFF, 0xEF, 0x3C, 0xFF, 0xEF, 0x1C, 0xFF, 0xEF, 0x3C, 0xFF, 0xEF,
    0x3C, 0xFF, 0xEF, 0x3C, 0xFF, 0xEF, 0x3C, 0xFF, 0xEF, 0x3C, 0xFF, 0xEF, 0x3C, 0xFF, 0xEF, 0x3C,
    0xFF, 0xEF, 0x3C, 0xFF, 0xF7, 0x5D, 0xFF, 0xD6, 0x79, 0xFF, 0xB5, 0x76, 0xFF, 0xE6, 0xDB, 0xFF,
    0xF7, 0x5D, 0xFF, 0xF7, 0x5D, 0xFF, 0xF7, 0x5D, 0xFF, 0xFF, 0xDF, 0xFF, 0xE7, 0x3C, 0xFF, 0x73,
    0x6C, 0xFF, 0x9C, 0x6D, 0xFF, 0xE6, 0x73, 0xFF, 0xCD, 0x70, 0xFF, 0xDD, 0xF2, 0xFF, 0xDE, 0x13,
    0xFF, 0x5A, 0xA8, 0xFF, 0x00, 0x40, 0xFF, 0x21, 0xA2, 0xFF, 0x32, 0x03, 0xFF, 0x08, 0xA0, 0xFF,
    0x52, 0x66, 0xFF, 0x7B, 0x08, 0xFF, 0x7B, 0xAD, 0xFF, 0xDE, 0xFB, 0xFF, 0xFF, 0xFF, 0xFF, 0xE6,
    0xFB, 0xFF, 0xF7, 0x7D, 0xFF, 0xF7, 0x7D, 0xFF, 0xCE, 0x58, 0xFF, 0xA4, 0xD2, 0xFF, 0x7B, 0x8C,
    0xFF, 0xF7, 0x7A, 0xFF, 0xF7, 0x7A, 0xFF, 0xEF, 0x39, 0xFF, 0xFF, 0xBC, 0xFF, 0xDE, 0xF9, 0xFF,
    0xA5, 0x33, 0xFF, 0x94, 0x6F, 0xFF, 0x83, 0xCB, 0xFF, 0x7B, 0x29, 0xFF, 0xA4, 0x4C, 0xFF, 0xA4,
    0x2C, 0xFF, 0xBD, 0x52, 0xFF, 0x9C, 0x91, 0xFF, 0x29, 0xA5, 0xFF, 0x84, 0x8C, 0xFF, 0x95, 0x2E,
    0xFF, 0x8C, 0xED, 0xFF, 0x84, 0xCC, 0xFF, 0x8C, 0xCD, 0xFF, 0xCE, 0x77, 0xFF, 0xFF, 0xFF, 0xFF,
    0xEF, 0x1C, 0xFF, 0xCE, 0x59, 0xFF, 0xE7, 0x1B, 0xFF, 0xF7, 0x5D, 0xFF, 0xEF, 0x5D, 0xFC, 0xFF,
    0xBE, 0xD7, 0x94, 0x51, 0x56, 0x00, 0x00, 0x09, 0x00, 0x00, 0x00, 0x00, 0x00, 0x01, 0x00, 0x00,
    0x00, 0x00, 0x00, 0x00, 0x00, 0x00, 0x00, 0x00, 0x00, 0x00, 0x00, 0x00, 0x04, 0x00, 0x20, 0x21,
    0x00, 0x00, 0x20, 0x00, 0x00, 0x07, 0x00, 0x00, 0x27, 0x9C, 0x8B, 0x83, 0xF7, 0x53, 0xE2, 0xFF,
    0xD4, 0xFF, 0xFF, 0x54, 0xFE, 0xFF, 0x74, 0xFE, 0xFF, 0xB5, 0xFF, 0xFF, 0xD6, 0xF2, 0xC5, 0xD0,
    0xA6, 0x10, 0x60, 0x3D, 0x00, 0x00, 0x08, 0x00, 0x00, 0x00, 0x00, 0x00, 0x06, 0x63, 0xC7, 0x59,
    0x74, 0xA7, 0xD3, 0x84, 0xCD, 0xFE, 0xCE, 0x99, 0xFE, 0xEF, 0x3C, 0xFE, 0xDE, 0xBA, 0xFF, 0xF7,
    0x9D, 0xFF, 0xEF, 0x7D, 0xFF, 0xF7, 0x9D, 0xFF, 0xE6, 0xFB, 0xFF, 0x83, 0xCF, 0xFF, 0xD6, 0xBA,
    0xFF, 0xF7, 0x7D, 0xFF, 0xEF, 0x3D, 0xFF, 0xEF, 0x5D, 0xFF, 0xEF, 0x5D, 0xFF, 0xEF, 0x5C, 0xFF,
    0xEF, 0x3C, 0xFF, 0xEF, 0x3C, 0xFF, 0xEF, 0x3C, 0xFF, 0xEF, 0x3C, 0xFF, 0xEF, 0x3C, 0xFF, 0xEF,
    0x3C, 0xFF, 0xEF, 0x5D, 0xFF, 0xEF, 0x5D, 0xFF, 0xEF, 0x5D, 0xFF, 0xEF, 0x5D, 0xFF, 0xEF, 0x3C,
    0xFF, 0xF7, 0x9E, 0xFF, 0xE6, 0xFC, 0xFF, 0xB5, 0x76, 0xFF, 0xC5, 0xF8, 0xFF, 0xFF, 0x9E, 0xFF,
    0xEF, 0x1C, 0xFF, 0xEF, 0x3C, 0xFF, 0xEF, 0x3C, 0xFF, 0xEF, 0x3C, 0xFF, 0xEF, 0x3C, 0xFF, 0xEF,
    0x3C, 0xFF, 0xEF, 0x3C, 0xFF, 0xEF, 0x3C, 0xFF, 0xEF, 0x3C, 0xFF, 0xEF, 0x3C, 0xFF, 0xEF, 0x3C,
    0xFF, 0xEF, 0x3C, 0xFF, 0xEF, 0x3C, 0xFF, 0xEF, 0x3C, 0xFF, 0xEF, 0x3C, 0xFF, 0xF7, 0x5D, 0xFF,
    0xCE, 0x19, 0xFF, 0xBD, 0xD7, 0xFF, 0x94, 0x52, 0xFF, 0x9C, 0x72, 0xFF, 0xDE, 0xDB, 0xFF, 0xFF,
    0xBE, 0xFF, 0xEF, 0x3C, 0xFF, 0xEF, 0x5D, 0xFF, 0xEF, 0x5D, 0xFF, 0xEF, 0x5D, 0xFF, 0xEF, 0x5D,
    0xFF, 0xEF, 0x5D, 0xFF, 0xEF, 0x3C, 0xFF, 0xEF, 0x3C, 0xFF, 0xEF, 0x5D, 0xFF, 0xF7, 0x7D, 0xFF,
    0xEF, 0x5D, 0xFF, 0xEF, 0x3C, 0xFF, 0xEF, 0x3C, 0xFF, 0xEF, 0x5D, 0xFF, 0xF7, 0x7D, 0xFF, 0xFF,
    0x9E, 0xFF, 0xFF, 0xBE, 0xFF, 0xFF, 0xDE, 0xFF, 0xFF, 0xBE, 0xFF, 0xFF, 0xDE, 0xFF, 0xFF, 0xBE,
    0xFF, 0xF7, 0x7D, 0xFF, 0xEF, 0x3C, 0xFF, 0xEF, 0x3C, 0xFF, 0xEF, 0x3C, 0xFF, 0xEF, 0x3C, 0xFF,
    0xEF, 0x3C, 0xFF, 0xEF, 0x3D, 0xFF, 0xEF, 0x3D, 0xFF, 0xEF, 0x5D, 0xFF, 0xEF, 0x5D, 0xFF, 0xD6,
    0x9A, 0xFF, 0xEF, 0x1C, 0xFF, 0xF7, 0x7D, 0xFF, 0xEF, 0x7D, 0xFF, 0xEF, 0x5D, 0xFF, 0xEF, 0x5D,
    0xFF, 0xEF, 0x5D, 0xFF, 0xEF, 0x5D, 0xFF, 0xEF, 0x5D, 0xFF, 0xF7, 0x7D, 0xFF, 0xEF, 0x3D, 0xFF,
    0xAD, 0x34, 0xFF, 0xCE, 0x18, 0xFF, 0xF7, 0x5D, 0xFF, 0xEF, 0x3D, 0xFF, 0xF7, 0x7D, 0xFF, 0xE7,
    0x1C, 0xFF, 0xBD, 0xB6, 0xFF, 0xD6, 0x59, 0xFF, 0xF7, 0x7D, 0xFF, 0xEF, 0x1C, 0xFF, 0xEF, 0x3C,
    0xFF, 0xEF, 0x1C, 0xFF, 0xEF, 0x3C, 0xFF, 0xEF, 0x3C, 0xFF, 0xEF, 0x3C, 0xFF, 0xEF, 0x3C, 0xFF,
    0xEF, 0x3C, 0xFF, 0xEF, 0x3C, 0xFF, 0xEF, 0x3C, 0xFF, 0xEF, 0x3C, 0xFF, 0xF7, 0x7D, 0xFF, 0xDE,
    0xBB, 0xFF, 0xB5, 0x76, 0xFF, 0xD6, 0x59, 0xFF, 0xF7, 0x5D, 0xFF, 0xF7, 0x5D, 0xFF, 0xF7, 0x7D,
    0xFF, 0xF7, 0x5D, 0xFF, 0xFF, 0xFF, 0xFF, 0xB5, 0x96, 0xFF, 0x62, 0xE9, 0xFF, 0xAC, 0xEE, 0xFF,
    0xE6, 0x53, 0xFF, 0xBD, 0x0F, 0xFF, 0xDD, 0xF2, 0xFF, 0xDE, 0x12, 0xFF, 0x5A, 0x67, 0xFF, 0x00,
    0x60, 0xFF, 0x21, 0x82, 0xFF, 0x10, 0xE1, 0xFF, 0x42, 0x05, 0xFF, 0x83, 0x48, 0xFF, 0x6A, 0xE9,
    0xFF, 0x9C, 0xD2, 0xFF, 0xEF, 0x5D, 0xFF, 0xFF, 0xDE, 0xFF, 0xF7, 0x7D, 0xFF, 0xF7, 0xBE, 0xFF,
    0xDE, 0xBA, 0xFF, 0x7B, 0xAE, 0xFF, 0x9C, 0x6E, 0xFF, 0xF7, 0x79, 0xFF, 0xF7, 0x5A, 0xFF, 0xF7,
    0x9B, 0xFF, 0xF7, 0x9B, 0xFF, 0x73, 0xCD, 0xFF, 0x08, 0x40, 0xFF, 0x10, 0x80, 0xFF, 0x31, 0x64,
    0xFF, 0x31, 0x44, 0xFF, 0x52, 0x26, 0xFF, 0x9C, 0x0B, 0xFF, 0x8B, 0x8A, 0xFF, 0xD6, 0x56, 0xFF,
    0x4A, 0x27, 0xFF, 0x63, 0x69, 0xFF, 0x8D, 0x0D, 0xFF, 0x8D, 0x0D, 0xFF, 0x84, 0xED, 0xFF, 0x84,
    0xCC, 0xFF, 0xB5, 0xD3, 0xFF, 0xF7, 0x9D, 0xFF, 0xF7, 0x9E, 0xFF, 0xE6, 0xFB, 0xFF, 0xD6, 0x79,
    0xFF, 0xEF, 0x3C, 0xFF, 0xEF, 0x3C, 0xFD, 0xFF, 0xDF, 0xED, 0xAD, 0x55, 0x8F, 0x21, 0x24, 0x23,
    0x00, 0x00, 0x00, 0xFF, 0xFF, 0x01, 0x00, 0x00, 0x00, 0x00, 0x00, 0x00, 0x00, 0x00, 0x00, 0x00,
    0x00, 0x00, 0x00, 0x00, 0x04, 0x00, 0x00, 0x21, 0x10, 0xA0, 0x22, 0xCE, 0x66, 0x05, 0xFF, 0xFF,
    0x02, 0x00, 0x00, 0x22, 0xAD, 0x0E, 0x91, 0xF7, 0x74, 0xEF, 0xFF, 0x94, 0xFF, 0xF7, 0x54, 0xFE,
    0xFF, 0xD5, 0xFC, 0xDE, 0xD2, 0xBF, 0x20, 0xE1, 0x47, 0x31, 0x83, 0x0A, 0x00, 0x20, 0x00, 0xFF,
    0xF5, 0x03, 0x10, 0xA0, 0x0C, 0x8D, 0x4A, 0x7C, 0x6C, 0x87, 0xE4, 0xAD, 0xD3, 0xFF, 0xE6, 0xFB,
    0xFE, 0xE6, 0xDA, 0xFF, 0xEF, 0x3B, 0xFF, 0xF7, 0x9D, 0xFF, 0xF7, 0xBE, 0xFF, 0xF7, 0x9E, 0xFF,
    0xBD, 0xD7, 0xFF, 0x83, 0xF0, 0xFF, 0xEF, 0x3C, 0xFF, 0xF7, 0x7D, 0xFF, 0xEF, 0x3C, 0xFF, 0xEF,
    0x5D, 0xFF, 0xEF, 0x5D, 0xFF, 0xEF, 0x3C, 0xFF, 0xEF, 0x3C, 0xFF, 0xEF, 0x3C, 0xFF, 0xEF, 0x3C,
    0xFF, 0xEF, 0x5C, 0xFF, 0xEF, 0x3C, 0xFF, 0xEF, 0x3C, 0xFF, 0xEF, 0x5D, 0xFF, 0xEF, 0x5D, 0xFF,
    0xEF, 0x5D, 0xFF, 0xEF, 0x3D, 0xFF, 0xEF, 0x3C, 0xFF, 0xFF, 0x9E, 0xFF, 0xD6, 0x59, 0xFF, 0xAD,
    0x35, 0xFF, 0xDE, 0xBB, 0xFF, 0xF7, 0x5D, 0xFF, 0xEF, 0x3C, 0xFF, 0xEF, 0x3C, 0xFF, 0xEF, 0x3C,
    0xFF, 0xEF, 0x3C, 0xFF, 0xEF, 0x3C, 0xFF, 0xEF, 0x5D, 0xFF, 0xEF, 0x3C, 0xFF, 0xEF, 0x3C, 0xFF,
    0xEF, 0x3C, 0xFF, 0xEF, 0x3C, 0xFF, 0xEF, 0x3C, 0xFF, 0xEF, 0x3C, 0xFF, 0xEF, 0x3C, 0xFF, 0xEF,
    0x3C, 0xFF, 0xEF, 0x5D, 0xFF, 0xEF, 0x1C, 0xFF, 0xBD, 0xB7, 0xFF, 0xC5, 0xF8, 0xFF, 0x83, 0xB0,
    0xFF, 0x8B, 0xF0, 0xFF, 0xDE, 0xDB, 0xFF, 0xFF, 0x9E, 0xFF, 0xE7, 0x1C, 0xFF, 0xEF, 0x3D, 0xFF,
    0xEF, 0x5D, 0xFF, 0xEF, 0x5D, 0xFF, 0xEF, 0x5D, 0xFF, 0xEF, 0x5D, 0xFF, 0xEF, 0x3C, 0xFF, 0xEF,
    0x5D, 0xFF, 0xEF, 0x5D, 0xFF, 0xEF, 0x3C, 0xFF, 0xEF, 0x3D, 0xFF, 0xEF, 0x5D, 0xFF, 0xEF, 0x5C,
    0xFF, 0xEF, 0x3C, 0xFF, 0xEF, 0x3C, 0xFF, 0xEF, 0x5D, 0xFF, 0xF7, 0x9E, 0xFF, 0xFF, 0xDE, 0xFF,
    0xFF, 0xBE, 0xFF, 0xF7, 0xBE, 0xFF, 0xF7, 0x7D, 0xFF, 0xEF, 0x3C, 0xFF, 0xEF, 0x3C, 0xFF, 0xEF,
    0x3C, 0xFF, 0xEF, 0x3C, 0xFF, 0xEF, 0x3C, 0xFF, 0xEF, 0x3C, 0xFF, 0xEF, 0x3C, 0xFF, 0xEF, 0x3D,
    0xFF, 0xEF, 0x5D, 0xFF, 0xEF, 0x5D, 0xFF, 0xD6, 0x79, 0xFF, 0xE7, 0x1C, 0xFF, 0xF7, 0x7D, 0xFF,
    0xEF, 0x5D, 0xFF, 0xEF, 0x5D, 0xFF, 0xEF, 0x5D, 0xFF, 0xEF, 0x5D, 0xFF, 0xEF, 0x5D, 0xFF, 0xEF,
    0x3D, 0xFF, 0xF7, 0x5D, 0xFF, 0xEF, 0x5D, 0xFF, 0xAD, 0x35, 0xFF, 0xC5, 0xD7, 0xFF, 0xEF, 0x5D,
    0xFF, 0xF7, 0x5D, 0xFF, 0xF7, 0x5D, 0xFF, 0xF7, 0x7D, 0xFF, 0xC5, 0xF8, 0xFF, 0xC6, 0x18, 0xFF,
    0xF7, 0x7D, 0xFF, 0xEF, 0x3C, 0xFF, 0xEF, 0x3C, 0xFF, 0xEF, 0x3C, 0xFF, 0xEF, 0x3C, 0xFF, 0xEF,
    0x3C, 0xFF, 0xEF, 0x3C, 0xFF, 0xEF, 0x3C, 0xFF, 0xEF, 0x3C, 0xFF, 0xEF, 0x3C, 0xFF, 0xEF, 0x3C,
    0xFF, 0xEF, 0x3C, 0xFF, 0xF7, 0x7D, 0xFF, 0xE7, 0x1C, 0xFF, 0xBD, 0xB7, 0xFF, 0xC5, 0xD7, 0xFF,
    0xF7, 0x5D, 0xFF, 0xF7, 0x7D, 0xFF, 0xF7, 0x7E, 0xFF, 0xF7, 0x7D, 0xFF, 0xF7, 0x7D, 0xFF, 0xFF,
    0xFF, 0xFF, 0x8C, 0x71, 0xFF, 0x73, 0x29, 0xFF, 0xD5, 0xF1, 0xFF, 0xE6, 0x32, 0xFF, 0xC5, 0x2F,
    0xFF, 0xDD, 0xD1, 0xFF, 0xDE, 0x12, 0xFF, 0x52, 0x87, 0xFF, 0x08, 0xC1, 0xFF, 0x08, 0xA1, 0xFF,
    0x39, 0xA4, 0xFF, 0x93, 0xA9, 0xFF, 0x62, 0x46, 0xFF, 0x4A, 0x07, 0xFF, 0x8C, 0x50, 0xFF, 0xD6,
    0x99, 0xFF, 0xFF, 0xDE, 0xFF, 0xF7, 0xBE, 0xFF, 0xE7, 0x1C, 0xFF, 0x7B, 0x8E, 0xFF, 0x9C, 0x6F,
    0xFF, 0xF7, 0x59, 0xFF, 0xEF, 0x19, 0xFF, 0xFF, 0xDC, 0xFF, 0xCE, 0x55, 0xFF, 0x29, 0x64, 0xFF,
    0x00, 0x00, 0xFF, 0x18, 0xC1, 0xFF, 0x08, 0x40, 0xFF, 0x08, 0x61, 0xFF, 0x10, 0xA1, 0xFF, 0x62,
    0x87, 0xFF, 0x83, 0x49, 0xFF, 0xB5, 0x11, 0xFF, 0x94, 0x4E, 0xFF, 0x4A, 0x67, 0xFF, 0x84, 0x8D,
    0xFF, 0x95, 0x2E, 0xFF, 0x84, 0xED, 0xFF, 0x84, 0xCC, 0xFF, 0xA5, 0x50, 0xFF, 0xE7, 0x1A, 0xFF,
    0xF7, 0x9E, 0xFF, 0xEF, 0x5D, 0xFF, 0xDE, 0xBA, 0xFF, 0xDE, 0xBA, 0xFF, 0xEF, 0x1C, 0xFE, 0xF7,
    0x9D, 0xF9, 0xD6, 0x9A, 0xBF, 0x73, 0x8D, 0x3F, 0x00, 0x00, 0x01, 0x00, 0x00, 0x00, 0x00, 0x00,
    0x01, 0x00, 0x00, 0x00, 0x00, 0x00, 0x00, 0x00, 0x00, 0x00, 0x00, 0x00, 0x04, 0x00, 0x00, 0x21,
    0x00, 0x20, 0x21, 0x00, 0x00, 0x05, 0xFF, 0xFF, 0x01, 0xD6, 0xAF, 0x06, 0x31, 0x63, 0x40, 0xD6,
    0x91, 0xBA, 0xFF, 0xB4, 0xFF, 0xFF, 0xB4, 0xFF, 0xEF, 0x73, 0xE2, 0x8C, 0x0A, 0x79, 0x08, 0x61,
    0x11, 0x00, 0x00, 0x00, 0x00, 0x00, 0x01, 0xFF, 0xFF, 0x01, 0x00, 0x00, 0x10, 0x9D, 0xCB, 0x8F,
    0x7C, 0xEA, 0xEE, 0xC6, 0x56, 0xFF, 0xE6, 0xFC, 0xFE, 0xDE, 0xBA, 0xFF, 0xF7, 0x9D, 0xFF, 0xFF,
    0xBE, 0xFF, 0xF7, 0x9E, 0xFF, 0xDE, 0xDB, 0xFF, 0x84, 0x10, 0xFF, 0x94, 0x72, 0xFF, 0xF7, 0x7D,
    0xFF, 0xEF, 0x5D, 0xFF, 0xEF, 0x1C, 0xFF, 0xEF, 0x3C, 0xFF, 0xEF, 0x3C, 0xFF, 0xEF, 0x3C, 0xFF,
    0xEF, 0x3C, 0xFF, 0xEF, 0x3C, 0xFF, 0xEF, 0x3C, 0xFF, 0xEF, 0x3D, 0xFF, 0xEF, 0x3D, 0xFF, 0xEF,
    0x5D, 0xFF, 0xEF, 0x5D, 0xFF, 0xEF, 0x5D, 0xFF, 0xEF, 0x5D, 0xFF, 0xEF, 0x3C, 0xFF, 0xF7, 0x7D,
    0xFF, 0xF7, 0x5D, 0xFF, 0xBD, 0xB7, 0xFF, 0xAD, 0x35, 0xFF, 0xE6, 0xFC, 0xFF, 0xEF, 0x5D, 0xFF,
    0xEF, 0x3C, 0xFF, 0xEF, 0x3C, 0xFF, 0xEF, 0x3C, 0xFF, 0xEF, 0x3C, 0xFF, 0xEF, 0x3C, 0xFF, 0xEF,
    0x5D, 0xFF, 0xEF, 0x5D, 0xFF, 0xEF, 0x3C, 0xFF, 0xEF, 0x3C, 0xFF, 0xEF, 0x3C, 0xFF, 0xEF, 0x3C,
    0xFF, 0xEF, 0x3C, 0xFF, 0xEF, 0x3D, 0xFF, 0xEF, 0x3C, 0xFF, 0xF7, 0x7D, 0xFF, 0xDE, 0x9A, 0xFF,
    0xB5, 0x97, 0xFF, 0xCE, 0x19, 0xFF, 0x6A, 0xEC, 0xFF, 0x7B, 0x4E, 0xFF, 0xE6, 0xDB, 0xFF, 0xF7,
    0x9E, 0xFF, 0xE7, 0x1C, 0xFF, 0xEF, 0x3C, 0xFF, 0xEF, 0x3C, 0xFF, 0xEF, 0x5D, 0xFF, 0xEF, 0x5D,
    0xFF, 0xEF, 0x5D, 0xFF, 0xEF, 0x3C, 0xFF, 0xEF, 0x5D, 0xFF, 0xEF, 0x5D, 0xFF, 0xEF, 0x5D, 0xFF,
    0xEF, 0x5D, 0xFF, 0xEF, 0x5D, 0xFF, 0xEF, 0x5D, 0xFF, 0xEF, 0x3D, 0xFF, 0xEF, 0x3C, 0xFF, 0xEF,
    0x3C, 0xFF, 0xEF, 0x5C, 0xFF, 0xF7, 0x9D, 0xFF, 0xFF, 0xBE, 0xFF, 0xF7, 0x7D, 0xFF, 0xEF, 0x3C,
    0xFF, 0xEF, 0x3C, 0xFF, 0xEF, 0x3C, 0xFF, 0xEF, 0x3C, 0xFF, 0xEF, 0x3C, 0xFF, 0xEF, 0x3C, 0xFF,
    0xEF, 0x3C, 0xFF, 0xEF, 0x3C, 0xFF, 0xEF, 0x3C, 0xFF, 0xEF, 0x3D, 0xFF, 0xEF, 0x3D, 0xFF, 0xD6,
    0x59, 0xFF, 0xE7, 0x1C, 0xFF, 0xF7, 0x7D, 0xFF, 0xEF, 0x5D, 0xFF, 0xEF, 0x5D, 0xFF, 0xEF, 0x5D,
    0xFF, 0xEF, 0x5D, 0xFF, 0xEF, 0x5D, 0xFF, 0xEF, 0x3D, 0xFF, 0xF7, 0x5D, 0xFF, 0xEF, 0x5D, 0xFF,
    0xAD, 0x35, 0xFF, 0xBD, 0xB7, 0xFF, 0xEF, 0x5D, 0xFF, 0xF7, 0x7D, 0xFF, 0xEF, 0x3D, 0xFF, 0xFF,
    0xBE, 0xFF, 0xCE, 0x59, 0xFF, 0xC5, 0xF7, 0xFF, 0xEF, 0x3C, 0xFF, 0xEF, 0x5D, 0xFF, 0xEF, 0x1C,
    0xFF, 0xEF, 0x3C, 0xFF, 0xEF, 0x3C, 0xFF, 0xEF, 0x3C, 0xFF, 0xEF, 0x3C, 0xFF, 0xEF, 0x3C, 0xFF,
    0xEF, 0x3C, 0xFF, 0xEF, 0x3C, 0xFF, 0xEF, 0x3C, 0xFF, 0xEF, 0x3C, 0xFF, 0xEF, 0x5D, 0xFF, 0xEF,
    0x5D, 0xFF, 0xCE, 0x39, 0xFF, 0xBD, 0x96, 0xFF, 0xEF, 0x3C, 0xFF, 0xF7, 0x7E, 0xFF, 0xF7, 0x7D,
    0xFF, 0xF7, 0x7E, 0xFF, 0xF7, 0x9E, 0xFF, 0xF7, 0x9E, 0xFF, 0xD6, 0xBA, 0xFF, 0x5B, 0x0A, 0xFF,
    0x62, 0xE8, 0xFF, 0xDD, 0xF2, 0xFF, 0xD5, 0xB0, 0xFF, 0xCD, 0x2E, 0xFF, 0xDD, 0xD0, 0xFF, 0xDE,
    0x11, 0xFF, 0x4A, 0x66, 0xFF, 0x00, 0x20, 0xFF, 0x29, 0x63, 0xFF, 0x8B, 0xA9, 0xFF, 0x7A, 0xE7,
    0xFF, 0x94, 0x4E, 0xFF, 0x8C, 0x2E, 0xFF, 0x73, 0x4C, 0xFF, 0xCE, 0x38, 0xFF, 0xFF, 0xFF, 0xFF,
    0xEF, 0x5C, 0xFF, 0x94, 0x51, 0xFF, 0x8C, 0x0D, 0xFF, 0xF7, 0x39, 0xFF, 0xEF, 0x39, 0xFF, 0xFF,
    0xDB, 0xFF, 0xD6, 0x76, 0xFF, 0x42, 0x06, 0xFF, 0x08, 0x40, 0xFF, 0x18, 0xA1, 0xFF, 0x5A, 0x67,
    0xFF, 0xA5, 0x11, 0xFF, 0x52, 0x88, 0xFF, 0x29, 0x03, 0xFF, 0x93, 0xED, 0xFF, 0x8B, 0xAA, 0xFF,
    0xC5, 0x92, 0xFF, 0x4A, 0x46, 0xFF, 0x74, 0x0B, 0xFF, 0x95, 0x4F, 0xFF, 0x8D, 0x0E, 0xFF, 0x84,
    0xED, 0xFF, 0x8D, 0x0E, 0xFF, 0xCE, 0x77, 0xFF, 0xF7, 0x7D, 0xFF, 0xEF, 0x5C, 0xFF, 0xEF, 0x3C,
    0xFF, 0xD6, 0x79, 0xFF, 0xE6, 0xFB, 0xFE, 0xEF, 0x3C, 0xFD, 0xF7, 0x9E, 0xE0, 0x9C, 0xD2, 0x6A,
    0x00, 0x00, 0x0E, 0x00, 0x00, 0x00, 0x00, 0x00, 0x01, 0x00, 0x00, 0x00, 0x00, 0x00, 0x00, 0x00,
    0x00, 0x00, 0x00, 0x00, 0x04, 0x00, 0x00, 0x21, 0x00, 0x00, 0x21, 0x00, 0x00, 0x04, 0x00, 0x00,
    0x00, 0xFF, 0xFF, 0x01, 0x18, 0xE3, 0x09, 0xAD, 0x4D, 0x82, 0xEF, 0x53, 0xF4, 0xFF, 0xF4, 0xFE,
    0xD6, 0x70, 0xB5, 0x00, 0x00, 0x31, 0xBD, 0xF7, 0x04, 0x00, 0x00, 0x01, 0x00, 0x00, 0x00, 0x7F,
    0xEF, 0x02, 0x00, 0x00, 0x1C, 0x95, 0xCB, 0xA5, 0x95, 0x8D, 0xF6, 0xCE, 0x97, 0xFF, 0xDE, 0xBA,
    0xFE, 0xE6, 0xDA, 0xFF, 0xFF, 0xFF, 0xFF, 0xF7, 0xBE, 0xFF, 0xDE, 0xDB, 0xFF, 0xBD, 0xB7, 0xFF,
    0x62, 0xEC, 0xFF, 0xBD, 0xB7, 0xFF, 0xF7, 0x9D, 0xFF, 0xEF, 0x3C, 0xFF, 0xEF, 0x1C, 0xFF, 0xEF,
    0x3C, 0xFF, 0xEF, 0x3C, 0xFF, 0xEF, 0x3C, 0xFF, 0xEF, 0x3C, 0xFF, 0xEF, 0x3C, 0xFF, 0xEF, 0x3C,
    0xFF, 0xEF, 0x5D, 0xFF, 0xEF, 0x3D, 0xFF, 0xEF, 0x5D, 0xFF, 0xEF, 0x5D, 0xFF, 0xEF, 0x5D, 0xFF,
    0xEF, 0x5D, 0xFF, 0xEF, 0x3C, 0xFF, 0xFF, 0x9E, 0xFF, 0xDE, 0xDB, 0xFF, 0xAD, 0x15, 0xFF, 0xBD,
    0x97, 0xFF, 0xEF, 0x5D, 0xFF, 0xEF, 0x3C, 0xFF, 0xEF, 0x3C, 0xFF, 0xEF, 0x3C, 0xFF, 0xEF, 0x3C,
    0xFF, 0xEF, 0x3C, 0xFF, 0xEF, 0x3C, 0xFF, 0xEF, 0x3D, 0xFF, 0xEF, 0x3D, 0xFF, 0xEF, 0x5D, 0xFF,
    0xEF, 0x5D, 0xFF, 0xEF, 0x5D, 0xFF, 0xEF, 0x5D, 0xFF, 0xEF, 0x5D, 0xFF, 0xEF, 0x5D, 0xFF, 0xEF,
    0x5D, 0xFF, 0xF7, 0x5D, 0xFF, 0xC6, 0x18, 0xFF, 0xBD, 0xD7, 0xFF, 0xC6, 0x18, 0xFF, 0x6A, 0xAB,
    0xFF, 0x83, 0x6E, 0xFF, 0xE6, 0xDB, 0xFF, 0xF7, 0x7D, 0xFF, 0xE7, 0x1C, 0xFF, 0xEF, 0x3C, 0xFF,
    0xEF, 0x3C, 0xFF, 0xEF, 0x5D, 0xFF, 0xEF, 0x5D, 0xFF, 0xEF, 0x3C, 0xFF, 0xEF, 0x1C, 0xFF, 0xEF,
    0x5D, 0xFF, 0xEF, 0x5D, 0xFF, 0xEF, 0x5D, 0xFF, 0xEF, 0x5D, 0xFF, 0xEF, 0x5D, 0xFF, 0xEF, 0x5D,
    0xFF, 0xEF, 0x3C, 0xFF, 0xEF, 0x3C, 0xFF, 0xEF, 0x3C, 0xFF, 0xEF, 0x3C, 0xFF, 0xEF, 0x3C, 0xFF,
    0xF7, 0x7D, 0xFF, 0xEF, 0x3C, 0xFF, 0xEF, 0x3C, 0xFF, 0xEF, 0x3C, 0xFF, 0xEF, 0x3C, 0xFF, 0xEF,
    0x3C, 0xFF, 0xEF, 0x3C, 0xFF, 0xEF, 0x3C, 0xFF, 0xEF, 0x3C, 0xFF, 0xEF, 0x3C, 0xFF, 0xEF, 0x3C,
    0xFF, 0xEF, 0x3C, 0xFF, 0xEF, 0x3D, 0xFF, 0xCE, 0x39, 0xFF, 0xE6, 0xFB, 0xFF, 0xF7, 0x7D, 0xFF,
    0xEF, 0x5D, 0xFF, 0xEF, 0x5D, 0xFF, 0xEF, 0x5D, 0xFF, 0xEF, 0x5D, 0xFF, 0xEF, 0x5D, 0xFF, 0xEF,
    0x3C, 0xFF, 0xF7, 0x5D, 0xFF, 0xEF, 0x5D, 0xFF, 0xAD, 0x35, 0xFF, 0xAD, 0x15, 0xFF, 0xEF, 0x3C,
    0xFF, 0xF7, 0x7D, 0xFF, 0xEF, 0x3C, 0xFF, 0xFF, 0xBE, 0xFF, 0xDE, 0xDB, 0xFF, 0xBD, 0xD7, 0xFF,
    0xDE, 0xBB, 0xFF, 0xF7, 0x7D, 0xFF, 0xEF, 0x3C, 0xFF, 0xEF, 0x3C, 0xFF, 0xEF, 0x3C, 0xFF, 0xEF,
    0x3C, 0xFF, 0xEF, 0x3C, 0xFF, 0xEF, 0x3C, 0xFF, 0xEF, 0x3C, 0xFF, 0xEF, 0x3C, 0xFF, 0xEF, 0x3C,
    0xFF, 0xEF, 0x3C, 0xFF, 0xEF, 0x5C, 0xFF, 0xF7, 0x7D, 0xFF, 0xDE, 0xBA, 0xFF, 0xB5, 0x76, 0xFF,
    0xDE, 0xBB, 0xFF, 0xF7, 0x9E, 0xFF, 0xF7, 0x7D, 0xFF, 0xFF, 0xDF, 0xFF, 0xE7, 0x1C, 0xFF, 0x94,
    0xB2, 0xFF, 0x94, 0x70, 0xFF, 0x63, 0x0B, 0xFF, 0x21, 0x24, 0xFF, 0x62, 0xA7, 0xFF, 0xBD, 0x0E,
    0xFF, 0xD5, 0x8F, 0xFF, 0xCD, 0x4E, 0xFF, 0xDD, 0xF0, 0xFF, 0xD5, 0xF1, 0xFF, 0x4A, 0x26, 0xFF,
    0x21, 0x23, 0xFF, 0x8B, 0xA9, 0xFF, 0x7B, 0x07, 0xFF, 0xAC, 0xF0, 0xFF, 0xF7, 0x5A, 0xFF, 0x94,
    0x2E, 0xFF, 0x6B, 0x2B, 0xFF, 0xF7, 0x7D, 0xFF, 0xFF, 0xDF, 0xFF, 0xAD, 0x55, 0xFF, 0x73, 0x4B,
    0xFF, 0xEF, 0x18, 0xFF, 0xF7, 0x59, 0xFF, 0xFF, 0x9A, 0xFF, 0xF7, 0x99, 0xFF, 0x63, 0x09, 0xFF,
    0x08, 0x60, 0xFF, 0x10, 0x60, 0xFF, 0x6B, 0x09, 0xFF, 0xFF, 0xFC, 0xFF, 0xCE, 0x55, 0xFF, 0x41,
    0xC4, 0xFF, 0xBD, 0x71, 0xFF, 0x93, 0xCA, 0xFF, 0xBD, 0x71, 0xFF, 0x73, 0x4A, 0xFF, 0x6B, 0x89,
    0xFF, 0x8D, 0x0E, 0xFF, 0x95, 0x4E, 0xFF, 0x8D, 0x0D, 0xFF, 0x84, 0xCD, 0xFF, 0xAD, 0xB2, 0xFF,
    0xEF, 0x3C, 0xFF, 0xEF, 0x3C, 0xFF, 0xEF, 0x5C, 0xFF, 0xDE, 0xDB, 0xFF, 0xD6, 0x99, 0xFF, 0xE6,
    0xFB, 0xFE, 0xFF, 0xDF, 0xF7, 0xC5, 0xF7, 0xA3, 0x31, 0xA6, 0x2E, 0x00, 0x00, 0x00, 0xFF, 0xFF,
    0x01, 0x00, 0x00, 0x00, 0x00, 0x00, 0x00, 0x00, 0x00, 0x00, 0x00, 0x00, 0x04, 0x00, 0x00, 0x21,
    0x00, 0x20, 0x21, 0x00, 0x00, 0x04, 0x00, 0x00, 0x00, 0xFF, 0xFF, 0x02, 0x00, 0x00, 0x00, 0x6A,
    0xC6, 0x58, 0xDE, 0xD1, 0xD4, 0xF7, 0x93, 0xEF, 0xA4, 0xAB, 0x89, 0x10, 0x82, 0x0D, 0xFF, 0xFF,
    0x01, 0x00, 0x00, 0x00, 0x00, 0x00, 0x00, 0x31, 0x86, 0x05, 0x10, 0x82, 0x2B, 0x8D, 0xAA, 0xBF,
    0xA6, 0x0F, 0xFF, 0xC6, 0x56, 0xFF, 0xDE, 0x99, 0xFE, 0xEF, 0x5C, 0xFF, 0xFF, 0xFF, 0xFF, 0xDE,
    0xBA, 0xFF, 0xBD, 0xD7, 0xFF, 0x9C, 0xD3, 0xFF, 0x52, 0x8A, 0xFF, 0xDE, 0xDB, 0xFF, 0xF7, 0x7D,
    0xFF, 0xEF, 0x3C, 0xFF, 0xEF, 0x3C, 0xFF, 0xEF, 0x3C, 0xFF, 0xEF, 0x3D, 0xFF, 0xEF, 0x5D, 0xFF,
    0xEF, 0x3C, 0xFF, 0xEF, 0x1C, 0xFF, 0xEF, 0x3D, 0xFF, 0xEF, 0x3D, 0xFF, 0xEF, 0x5D, 0xFF, 0xEF,
    0x5D, 0xFF, 0xEF, 0x5D, 0xFF, 0xEF, 0x5D, 0xFF, 0xEF, 0x3C, 0xFF, 0xEF, 0x5D, 0xFF, 0xFF, 0x9E,
    0xFF, 0xC5, 0xF7, 0xFF, 0x9C, 0xB3, 0xFF, 0xD6, 0x59, 0xFF, 0xF7, 0x7D, 0xFF, 0xEF, 0x1C, 0xFF,
    0xEF, 0x3C, 0xFF, 0xEF, 0x3C, 0xFF, 0xEF, 0x3C, 0xFF, 0xEF, 0x3C, 0xFF, 0xEF, 0x3C, 0xFF, 0xEF,
    0x3D, 0xFF, 0xEF, 0x5C, 0xFF, 0xEF, 0x3C, 0xFF, 0xEF, 0x3C, 0xFF, 0xEF, 0x5D, 0xFF, 0xEF, 0x5D,
    0xFF, 0xEF, 0x3D, 0xFF, 0xEF, 0x5D, 0xFF, 0xF7, 0x5D, 0xFF, 0xE7, 0x1C, 0xFF, 0xBD, 0xB7, 0xFF,
    0xC6, 0x19, 0xFF, 0xBD, 0xB7, 0xFF, 0x83, 0x0C, 0xFF, 0x9B, 0xCF, 0xFF, 0xDE, 0xDB, 0xFF, 0xF7,
    0x7D, 0xFF, 0xEF, 0x1C, 0xFF, 0xEF, 0x3C, 0xFF, 0xEF, 0x3C, 0xFF, 0xEF, 0x5D, 0xFF, 0xEF, 0x5D,
    0xFF, 0xEF, 0x3C, 0xFF, 0xE6, 0xFC, 0xFF, 0xEF, 0x3D, 0xFF, 0xEF, 0x5D, 0xFF, 0xEF, 0x5D, 0xFF,
    0xEF, 0x5D, 0xFF, 0xEF, 0x5C, 0xFF, 0xEF, 0x3C, 0xFF, 0xEF, 0x3D, 0xFF, 0xEF, 0x3D, 0xFF, 0xEF,
    0x3D, 0xFF, 0xEF, 0x3C, 0xFF, 0xEF, 0x3C, 0xFF, 0xEF, 0x3C, 0xFF, 0xEF, 0x3C, 0xFF, 0xEF, 0x3C,
    0xFF, 0xEF, 0x3C, 0xFF, 0xEF, 0x3C, 0xFF, 0xEF, 0x3C, 0xFF, 0xEF, 0x3C, 0xFF, 0xEF, 0x3D, 0xFF,
    0xEF, 0x5D, 0xFF, 0xEF, 0x3C, 0xFF, 0xEF, 0x3C, 0xFF, 0xEF, 0x3C, 0xFF, 0xEF, 0x3C, 0xFF, 0xCE,
    0x18, 0xFF, 0xE6, 0xDB, 0xFF, 0xF7, 0x5D, 0xFF, 0xEF, 0x5D, 0xFF, 0xEF, 0x5D, 0xFF, 0xEF, 0x5D,
    0xFF, 0xEF, 0x5D, 0xFF, 0xEF, 0x3C, 0xFF, 0xEF, 0x3C, 0xFF, 0xEF, 0x5D, 0xFF, 0xF7, 0x5D, 0xFF,
    0xAD, 0x35, 0xFF, 0x9C, 0x93, 0xFF, 0xE6, 0xDB, 0xFF, 0xF7, 0x9E, 0xFF, 0xEF, 0x5D, 0xFF, 0xF7,
    0x9E, 0xFF, 0xEF, 0x5D, 0xFF, 0xC5, 0xF8, 0xFF, 0xCE, 0x59, 0xFF, 0xF7, 0x9E, 0xFF, 0xEF, 0x3C,
    0xFF, 0xEF, 0x3C, 0xFF, 0xEF, 0x3D, 0xFF, 0xEF, 0x3C, 0xFF, 0xEF, 0x3C, 0xFF, 0xEF, 0x3C, 0xFF,
    0xEF, 0x3C, 0xFF, 0xEF, 0x3C, 0xFF, 0xEF, 0x3D, 0xFF, 0xEF, 0x5D, 0xFF, 0xEF, 0x5C, 0xFF, 0xF7,
    0x7D, 0xFF, 0xE7, 0x1C, 0xFF, 0xBD, 0x96, 0xFF, 0xC6, 0x18, 0xFF, 0xF7, 0x7D, 0xFF, 0xFF, 0xBF,
    0xFF, 0xE7, 0x1B, 0xFF, 0x6B, 0x2C, 0xFF, 0x63, 0x0B, 0xFF, 0xA4, 0xD1, 0xFF, 0xC5, 0xD5, 0xFF,
    0xC5, 0xF5, 0xFF, 0x94, 0x4F, 0xFF, 0x6A, 0xA7, 0xFF, 0x9C, 0x0A, 0xFF, 0xDD, 0xD0, 0xFF, 0xCD,
    0x8F, 0xFF, 0xDE, 0x11, 0xFF, 0xD5, 0xF2, 0xFF, 0x7B, 0x49, 0xFF, 0x8B, 0xA9, 0xFF, 0x73, 0x07,
    0xFF, 0x9C, 0x4D, 0xFF, 0xCE, 0x15, 0xFF, 0xAC, 0xF1, 0xFF, 0x7B, 0x4B, 0xFF, 0x94, 0x71, 0xFF,
    0xFF, 0xFF, 0xFF, 0xD6, 0x79, 0xFF, 0x5A, 0x89, 0xFF, 0xC5, 0x92, 0xFF, 0xDE, 0x75, 0xFF, 0xE6,
    0xD5, 0xFF, 0xF7, 0x77, 0xFF, 0x7B, 0xCB, 0xFF, 0x18, 0xE2, 0xFF, 0x10, 0xA1, 0xFF, 0x31, 0x83,
    0xFF, 0xB5, 0x71, 0xFF, 0xE6, 0xD6, 0xFF, 0x83, 0xAA, 0xFF, 0xD6, 0x13, 0xFF, 0x9C, 0x2C, 0xFF,
    0x83, 0x8A, 0xFF, 0xAC, 0xCF, 0xFF, 0x63, 0x08, 0xFF, 0x7C, 0x6C, 0xFF, 0x95, 0x8F, 0xFF, 0x8D,
    0x0E, 0xFF, 0x84, 0xED, 0xFF, 0x9D, 0x2F, 0xFF, 0xDE, 0xD9, 0xFF, 0xEF, 0x3C, 0xFF, 0xEF, 0x1C,
    0xFF, 0xEF, 0x3C, 0xFF, 0xD6, 0x99, 0xFF, 0xDE, 0xDA, 0xFE, 0xF7, 0x9E, 0xFC, 0xEF, 0x3C, 0xD1,
    0x9C, 0xD2, 0x52, 0x00, 0x00, 0x02, 0x00, 0x20, 0x00, 0x00, 0x00, 0x01, 0x00, 0x00, 0x00, 0x00,
    0x00, 0x00, 0x00, 0x00, 0x04, 0x00, 0x20, 0x21, 0x00, 0x20, 0x21, 0x00, 0x00, 0x04, 0x00, 0x00,
    0x00, 0x7B, 0xEF, 0x02, 0x00, 0x00, 0x00, 0x00, 0x00, 0x30, 0xD6, 0x90, 0xAE, 0xEF, 0x32, 0xD4,
    0x5A, 0xA5, 0x5E, 0x00, 0x00, 0x04, 0xFF, 0xEF, 0x02, 0x00, 0x00, 0x00, 0x00, 0x00, 0x00, 0x39,
    0xE7, 0x04, 0x18, 0xE2, 0x2B, 0x85, 0x6A, 0xBA, 0xA6, 0x10, 0xFF, 0xC6, 0x16, 0xFF, 0xDE, 0x9A,
    0xFE, 0xF7, 0x9D, 0xFF, 0xDE, 0xBA, 0xFF, 0xB5, 0x76, 0xFF, 0xB5, 0x96, 0xFF, 0x6B, 0x4D, 0xFF,
    0x63, 0x0D, 0xFF, 0xF7, 0x7D, 0xFF, 0xF7, 0x5D, 0xFF, 0xEF, 0x3C, 0xFF, 0xEF, 0x3C, 0xFF, 0xEF,
    0x3C, 0xFF, 0xEF, 0x5D, 0xFF, 0xEF, 0x5D, 0xFF, 0xEF, 0x3C, 0xFF, 0xEF, 0x3C, 0xFF, 0xEF, 0x3D,
    0xFF, 0xEF, 0x3D, 0xFF, 0xEF, 0x5D, 0xFF, 0xEF, 0x5D, 0xFF, 0xEF, 0x5D, 0xFF, 0xEF, 0x5D, 0xFF,
    0xEF, 0x3C, 0xFF, 0xF7, 0x9E, 0xFF, 0xEF, 0x1C, 0xFF, 0xA4, 0xF4, 0xFF, 0xA4, 0xF4, 0xFF, 0xEF,
    0x3C, 0xFF, 0xF7, 0x5D, 0xFF, 0xEF, 0x1C, 0xFF, 0xEF, 0x3C, 0xFF, 0xEF, 0x3C, 0xFF, 0xEF, 0x3C,
    0xFF, 0xEF, 0x3C, 0xFF, 0xEF, 0x3C, 0xFF, 0xEF, 0x5D, 0xFF, 0xEF, 0x5D, 0xFF, 0xEF, 0x5D, 0xFF,
    0xEF, 0x5D, 0xFF, 0xEF, 0x5D, 0xFF, 0xEF, 0x5D, 0xFF, 0xEF, 0x3D, 0xFF, 0xEF, 0x5D, 0xFF, 0xF7,
    0x7D, 0xFF, 0xCE, 0x59, 0xFF, 0xC5, 0xF8, 0xFF, 0xCE, 0x7A, 0xFF, 0xAD, 0x35, 0xFF, 0x8B, 0x2C,
    0xFF, 0xA3, 0xEF, 0xFF, 0xDE, 0xBA, 0xFF, 0xF7, 0x9E, 0xFF, 0xEF, 0x1C, 0xFF, 0xEF, 0x3C, 0xFF,
    0xEF, 0x3C, 0xFF, 0xEF, 0x5D, 0xFF, 0xEF, 0x5D, 0xFF, 0xEF, 0x3C, 0xFF, 0xE6, 0xFB, 0xFF, 0xEF,
    0x3C, 0xFF, 0xEF, 0x5D, 0xFF, 0xEF, 0x5D, 0xFF, 0xEF, 0x5D, 0xFF, 0xEF, 0x5C, 0xFF, 0xEF, 0x3C,
    0xFF, 0xEF, 0x3D, 0xFF, 0xEF, 0x3C, 0xFF, 0xEF, 0x3C, 0xFF, 0xEF, 0x3C, 0xFF, 0xEF, 0x3C, 0xFF,
    0xEF, 0x3C, 0xFF, 0xEF, 0x3C, 0xFF, 0xEF, 0x3C, 0xFF, 0xEF, 0x3C, 0xFF, 0xEF, 0x3C, 0xFF, 0xEF,
    0x3C, 0xFF, 0xEF, 0x3C, 0xFF, 0xEF, 0x5D, 0xFF, 0xEF, 0x5D, 0xFF, 0xEF, 0x3C, 0xFF, 0xEF, 0x3C,
    0xFF, 0xEF, 0x3C, 0xFF, 0xEF, 0x3C, 0xFF, 0xC5, 0xF8, 0xFF, 0xDE, 0xDB, 0xFF, 0xF7, 0x5D, 0xFF,
    0xEF, 0x5D, 0xFF, 0xEF, 0x5D, 0xFF, 0xEF, 0x5D, 0xFF, 0xEF, 0x3C, 0xFF, 0xEF, 0x3C, 0xFF, 0xEF,
    0x3C, 0xFF, 0xEF, 0x5D, 0xFF, 0xF7, 0x5D, 0xFF, 0xAD, 0x35, 0xFF, 0x8C, 0x31, 0xFF, 0xD6, 0x7A,
    0xFF, 0xF7, 0x7E, 0xFF, 0xEF, 0x5D, 0xFF, 0xF7, 0x7D, 0xFF, 0xF7, 0x9E, 0xFF, 0xD6, 0x79, 0xFF,
    0xC5, 0xF8, 0xFF, 0xF7, 0x7D, 0xFF, 0xEF, 0x5D, 0xFF, 0xEF, 0x5D, 0xFF, 0xEF, 0x3C, 0xFF, 0xEF,
    0x3C, 0xFF, 0xEF, 0x3C, 0xFF, 0xEF, 0x3C, 0xFF, 0xEF, 0x3C, 0xFF, 0xEF, 0x3C, 0xFF, 0xEF, 0x3D,
    0xFF, 0xEF, 0x5D, 0xFF, 0xEF, 0x3C, 0xFF, 0xF7, 0x7D, 0xFF, 0xEF, 0x5D, 0xFF, 0xC5, 0xF7, 0xFF,
    0xB5, 0x76, 0xFF, 0xEF, 0x5D, 0xFF, 0xF7, 0x7E, 0xFF, 0x63, 0x0B, 0xFF, 0x83, 0xCE, 0xFF, 0xEF,
    0x5C, 0xFF, 0xFF, 0xFE, 0xFF, 0xFF, 0x9C, 0xFF, 0xFF, 0x9B, 0xFF, 0xFF, 0xBC, 0xFF, 0xD6, 0x56,
    0xFF, 0x7B, 0x4A, 0xFF, 0x7B, 0x27, 0xFF, 0xCD, 0x8F, 0xFF, 0xDD, 0xF0, 0xFF, 0xDD, 0xF1, 0xFF,
    0xD5, 0xF1, 0xFF, 0x9C, 0x4B, 0xFF, 0x73, 0x07, 0xFF, 0x9C, 0x6D, 0xFF, 0x5A, 0xA8, 0xFF, 0x31,
    0x64, 0xFF, 0x6B, 0x09, 0xFF, 0x6A, 0xEA, 0xFF, 0xDE, 0xDA, 0xFF, 0xF7, 0xBE, 0xFF, 0x73, 0x2D,
    0xFF, 0x7B, 0x2A, 0xFF, 0xBD, 0x2F, 0xFF, 0xBD, 0x0E, 0xFF, 0xCD, 0x90, 0xFF, 0x94, 0x4B, 0xFF,
    0x31, 0x63, 0xFF, 0x10, 0xC1, 0xFF, 0x10, 0xC1, 0xFF, 0x29, 0x42, 0xFF, 0xA4, 0xAD, 0xFF, 0xEE,
    0xF6, 0xFF, 0xF7, 0x78, 0xFF, 0x7B, 0x8B, 0xFF, 0x10, 0x40, 0xFF, 0x41, 0xE5, 0xFF, 0x31, 0x63,
    0xFF, 0x74, 0x2B, 0xFF, 0x9D, 0xAF, 0xFF, 0x8D, 0x0E, 0xFF, 0x8D, 0x0D, 0xFF, 0x8D, 0x0E, 0xFF,
    0xC6, 0x35, 0xFF, 0xEF, 0x3C, 0xFF, 0xE6, 0xFB, 0xFF, 0xEF, 0x3C, 0xFF, 0xE6, 0xFB, 0xFF, 0xD6,
    0x9A, 0xFE, 0xEF, 0x3C, 0xFD, 0xFF, 0xFF, 0xEC, 0xBD, 0xB6, 0x7E, 0x00, 0x00, 0x16, 0x00, 0x00,
    0x00, 0xFF, 0xFF, 0x01, 0x00, 0x00, 0x00, 0x00, 0x00, 0x00, 0x00, 0x00, 0x04, 0x00, 0x20, 0x21,
    0x00, 0x20, 0x21, 0x00, 0x00, 0x04, 0x00, 0x00, 0x00, 0x00, 0x00, 0x02, 0x00, 0x20, 0x00, 0x00,
    0x00, 0x11, 0xD6, 0x4F, 0x8F, 0xDE, 0xB0, 0xB9, 0x10, 0x60, 0x38, 0x52, 0xAA, 0x03, 0xFF, 0xE0,
    0x01, 0x00, 0x00, 0x00, 0x00, 0x00, 0x00, 0x52, 0xAA, 0x03, 0x08, 0x41, 0x1B, 0x7C, 0xE9, 0x8C,
    0xA5, 0xB0, 0xE9, 0xC6, 0x16, 0xFF, 0xD6, 0x9A, 0xFE, 0xCE, 0x38, 0xFF, 0xAD, 0x55, 0xFF, 0xB5,
    0x55, 0xFF, 0x94, 0x72, 0xFF, 0x41, 0xE8, 0xFF, 0x8C, 0x71, 0xFF, 0xFF, 0xDF, 0xFF, 0xEF, 0x5D,
    0xFF, 0xEF, 0x3C, 0xFF, 0xEF, 0x3C, 0xFF, 0xEF, 0x5D, 0xFF, 0xEF, 0x5D, 0xFF, 0xEF, 0x5D, 0xFF,
    0xEF, 0x3C, 0xFF, 0xEF, 0x3C, 0xFF, 0xEF, 0x5D, 0xFF, 0xEF, 0x5C, 0xFF, 0xEF, 0x3D, 0xFF, 0xEF,
    0x5D, 0xFF, 0xEF, 0x5D, 0xFF, 0xEF, 0x5D, 0xFF, 0xEF, 0x3D, 0xFF, 0xFF, 0xBE, 0xFF, 0xCE, 0x18,
    0xFF, 0x94, 0x52, 0xFF, 0xC5, 0xD7, 0xFF, 0xFF, 0x9E, 0xFF, 0xEF, 0x3C, 0xFF, 0xEF, 0x3C, 0xFF,
    0xEF, 0x3C, 0xFF, 0xEF, 0x3C, 0xFF, 0xEF, 0x3C, 0xFF, 0xEF, 0x3C, 0xFF, 0xEF, 0x3C, 0xFF, 0xEF,
    0x3D, 0xFF, 0xEF, 0x5C, 0xFF, 0xEF, 0x5C, 0xFF, 0xEF, 0x5D, 0xFF, 0xEF, 0x5D, 0xFF, 0xEF, 0x5D,
    0xFF, 0xEF, 0x5D, 0xFF, 0xF7, 0x7D, 0xFF, 0xEF, 0x3C, 0xFF, 0xC5, 0xD7, 0xFF, 0xDE, 0xBA, 0xFF,
    0xD6, 0x9A, 0xFF, 0x94, 0x72, 0xFF, 0x93, 0x2C, 0xFF, 0xA4, 0x0F, 0xFF, 0xD6, 0x7A, 0xFF, 0xF7,
    0x9E, 0xFF, 0xEF, 0x1C, 0xFF, 0xEF, 0x3C, 0xFF, 0xEF, 0x3C, 0xFF, 0xEF, 0x3C, 0xFF, 0xEF, 0x5D,
    0xFF, 0xEF, 0x3D, 0xFF, 0xE6, 0xDB, 0xFF, 0xEF, 0x3C, 0xFF, 0xEF, 0x5D, 0xFF, 0xEF, 0x5D, 0xFF,
    0xEF, 0x5D, 0xFF, 0xEF, 0x5D, 0xFF, 0xEF, 0x3D, 0xFF, 0xEF, 0x3C, 0xFF, 0xEF, 0x3C, 0xFF, 0xEF,
    0x3C, 0xFF, 0xEF, 0x3C, 0xFF, 0xEF, 0x3C, 0xFF, 0xEF, 0x3C, 0xFF, 0xEF, 0x3C, 0xFF, 0xEF, 0x3C,
    0xFF, 0xEF, 0x3C, 0xFF, 0xEF, 0x3C, 0xFF, 0xEF, 0x3C, 0xFF, 0xEF, 0x3C, 0xFF, 0xEF, 0x5D, 0xFF,
    0xEF, 0x5D, 0xFF, 0xEF, 0x3C, 0xFF, 0xEF, 0x3C, 0xFF, 0xEF, 0x3C, 0xFF, 0xEF, 0x3C, 0xFF, 0xC5,
    0xF8, 0xFF, 0xDE, 0xDB, 0xFF, 0xF7, 0x5D, 0xFF, 0xEF, 0x5D, 0xFF, 0xEF, 0x3D, 0xFF, 0xEF, 0x5D,
    0xFF, 0xEF, 0x3C, 0xFF, 0xEF, 0x3C, 0xFF, 0xEF, 0x3C, 0xFF, 0xEF, 0x5C, 0xFF, 0xF7, 0x7D, 0xFF,
    0xAD, 0x14, 0xFF, 0x8C, 0x11, 0xFF, 0xC5, 0xF8, 0xFF, 0xF7, 0x5D, 0xFF, 0xF7, 0x7D, 0xFF, 0xEF,
    0x5D, 0xFF, 0xFF, 0xBE, 0xFF, 0xDE, 0xBA, 0xFF, 0xBD, 0xB7, 0xFF, 0xE6, 0xFB, 0xFF, 0xF7, 0x7D,
    0xFF, 0xEF, 0x3C, 0xFF, 0xEF, 0x3C, 0xFF, 0xEF, 0x3C, 0xFF, 0xEF, 0x3C, 0xFF, 0xEF, 0x3C, 0xFF,
    0xEF, 0x3C, 0xFF, 0xEF, 0x3C, 0xFF, 0xEF, 0x3C, 0xFF, 0xEF, 0x5C, 0xFF, 0xEF, 0x3C, 0xFF, 0xEF,
    0x5D, 0xFF, 0xF7, 0x7D, 0xFF, 0xCE, 0x38, 0xFF, 0xAC, 0xF4, 0xFF, 0xEF, 0x5D, 0xFF, 0x9C, 0xD2,
    0xFF, 0x6B, 0x2B, 0xFF, 0xE6, 0xFB, 0xFF, 0xFF, 0xFE, 0xFF, 0xF7, 0x7A, 0xFF, 0xF7, 0x5A, 0xFF,
    0xF7, 0x9B, 0xFF, 0xFF, 0xDD, 0xFF, 0xFF, 0xFD, 0xFF, 0xEF, 0x39, 0xFF, 0x9C, 0x6E, 0xFF, 0x6A,
    0xC6, 0xFF, 0xB4, 0xED, 0xFF, 0xDE, 0x11, 0xFF, 0xDE, 0x31, 0xFF, 0xB5, 0x2E, 0xFF, 0x83, 0x89,
    0xFF, 0x62, 0x87, 0xFF, 0x21, 0x02, 0xFF, 0x00, 0x20, 0xFF, 0x39, 0xA5, 0xFF, 0x62, 0xA8, 0xFF,
    0x94, 0x50, 0xFF, 0xFF, 0xFF, 0xFF, 0xBD, 0xB6, 0xFF, 0x52, 0x27, 0xFF, 0xB5, 0x0E, 0xFF, 0xC5,
    0x0E, 0xFF, 0xC5, 0x0E, 0xFF, 0xCD, 0xAF, 0xFF, 0x62, 0xC7, 0xFF, 0x08, 0x60, 0xFF, 0x10, 0xE2,
    0xFF, 0x00, 0x40, 0xFF, 0x10, 0x81, 0xFF, 0x5A, 0xC8, 0xFF, 0x73, 0x8B, 0xFF, 0x31, 0x84, 0xFF,
    0x08, 0x40, 0xFF, 0x00, 0x00, 0xFF, 0x39, 0xC5, 0xFF, 0x95, 0x0F, 0xFF, 0x9D, 0xAF, 0xFF, 0x8D,
    0x0E, 0xFF, 0x95, 0x4E, 0xFF, 0x8C, 0xED, 0xFF, 0xA5, 0x91, 0xFF, 0xEF, 0x1B, 0xFF, 0xEF, 0x1C,
    0xFF, 0xEF, 0x3C, 0xFF, 0xEF, 0x5C, 0xFF, 0xDE, 0xDB, 0xFF, 0xE6, 0xDB, 0xFE, 0xFF, 0xFF, 0xFB,
    0xCE, 0x79, 0xB2, 0x4A, 0x89, 0x3A, 0x00, 0x00, 0x00, 0xFF, 0xFF, 0x01, 0x00, 0x00, 0x01, 0x00,
    0x00, 0x00, 0x00, 0x00, 0x04, 0x00, 0x20, 0x21, 0x00, 0x20, 0x21, 0x00, 0x00, 0x04, 0x00, 0x00,
    0x00, 0x00, 0x00, 0x01, 0xFF, 0xFF, 0x01, 0x00, 0x00, 0x01, 0xC5, 0x8C, 0x72, 0xC5, 0x8C, 0x9B,
    0x00, 0x00, 0x22, 0xFF, 0xEF, 0x02, 0x00, 0x00, 0x01, 0x00, 0x00, 0x00, 0x00, 0x00, 0x00, 0xFF,
    0xFF, 0x01, 0x00, 0x00, 0x0D, 0x63, 0xE7, 0x6C, 0x9D, 0x90, 0xDB, 0xBE, 0x16, 0xFF, 0xBD, 0xB6,
    0xFE, 0xAD, 0x14, 0xFF, 0xAD, 0x14, 0xFF, 0xA5, 0x14, 0xFF, 0x8C, 0x10, 0xFF, 0x83, 0xEF, 0xFF,
    0xB5, 0x75, 0xFF, 0xFF, 0xDF, 0xFF, 0xF7, 0x5D, 0xFF, 0xEF, 0x3C, 0xFF, 0xEF, 0x5D, 0xFF, 0xEF,
    0x3C, 0xFF, 0xEF, 0x5D, 0xFF, 0xEF, 0x3D, 0xFF, 0xEF, 0x3C, 0xFF, 0xEF, 0x3C, 0xFF, 0xEF, 0x5D,
    0xFF, 0xEF, 0x3C, 0xFF, 0xEF, 0x3D, 0xFF, 0xEF, 0x5D, 0xFF, 0xEF, 0x5D, 0xFF, 0xEF, 0x5C, 0xFF,
    0xF7, 0x7D, 0xFF, 0xF7, 0x5D, 0xFF, 0xA4, 0xF4, 0xFF, 0x9C, 0xB3, 0xFF, 0xE6, 0xFB, 0xFF, 0xF7,
    0x9D, 0xFF, 0xEF, 0x1C, 0xFF, 0xEF, 0x3C, 0xFF, 0xEF, 0x3C, 0xFF, 0xEF, 0x3C, 0xFF, 0xEF, 0x3C,
    0xFF, 0xEF, 0x3C, 0xFF, 0xEF, 0x3C, 0xFF, 0xEF, 0x3C, 0xFF, 0xEF, 0x3C, 0xFF, 0xEF, 0x5D, 0xFF,
    0xEF, 0x5D, 0xFF, 0xEF, 0x5D, 0xFF, 0xEF, 0x3C, 0xFF, 0xF7, 0x7D, 0xFF, 0xF7, 0x7D, 0xFF, 0xCE,
    0x59, 0xFF, 0xD6, 0x59, 0xFF, 0xEF, 0x5D, 0xFF, 0xD6, 0x59, 0xFF, 0x83, 0xAF, 0xFF, 0xA3, 0xAD,
    0xFF, 0xB4, 0x4F, 0xFF, 0xCE, 0x38, 0xFF, 0xF7, 0x9E, 0xFF, 0xEF, 0x1C, 0xFF, 0xEF, 0x3C, 0xFF,
    0xEF, 0x3C, 0xFF, 0xEF, 0x3C, 0xFF, 0xEF, 0x5D, 0xFF, 0xEF, 0x5D, 0xFF, 0xDE, 0xDB, 0xFF, 0xEF,
    0x3C, 0xFF, 0xEF, 0x5D, 0xFF, 0xEF, 0x5D, 0xFF, 0xEF, 0x3D, 0xFF, 0xEF, 0x3D, 0xFF, 0xEF, 0x3C,
    0xFF, 0xEF, 0x3C, 0xFF, 0xEF, 0x3C, 0xFF, 0xEF, 0x3C, 0xFF, 0xEF, 0x3C, 0xFF, 0xEF, 0x3C, 0xFF,
    0xEF, 0x3C, 0xFF, 0xEF, 0x3C, 0xFF, 0xEF, 0x3C, 0xFF, 0xEF, 0x3C, 0xFF, 0xEF, 0x3C, 0xFF, 0xEF,
    0x3C, 0xFF, 0xEF, 0x3C, 0xFF, 0xEF, 0x3C, 0xFF, 0xEF, 0x3C, 0xFF, 0xEF, 0x3C, 0xFF, 0xEF, 0x3C,
    0xFF, 0xEF, 0x3C, 0xFF, 0xEF, 0x3C, 0xFF, 0xC5, 0xF8, 0xFF, 0xDE, 0xBB, 0xFF, 0xF7, 0x5D, 0xFF,
    0xEF, 0x5D, 0xFF, 0xEF, 0x3D, 0xFF, 0xEF, 0x5D, 0xFF, 0xEF, 0x3C, 0xFF, 0xEF, 0x3C, 0xFF, 0xEF,
    0x1C, 0xFF, 0xEF, 0x5D, 0xFF, 0xF7, 0x7D, 0xFF, 0x9C, 0xD3, 0xFF, 0x83, 0xF0, 0xFF, 0xBD, 0x97,
    0xFF, 0xEF, 0x1C, 0xFF, 0xF7, 0x7D, 0xFF, 0xEF, 0x5D, 0xFF, 0xFF, 0x9E, 0xFF, 0xE7, 0x1C, 0xFF,
    0xBD, 0xB7, 0xFF, 0xCE, 0x59, 0xFF, 0xFF, 0x9E, 0xFF, 0xEF, 0x3C, 0xFF, 0xEF, 0x3C, 0xFF, 0xEF,
    0x3C, 0xFF, 0xEF, 0x3C, 0xFF, 0xEF, 0x3C, 0xFF, 0xEF, 0x3C, 0xFF, 0xEF, 0x3C, 0xFF, 0xEF, 0x3C,
    0xFF, 0xEF, 0x3C, 0xFF, 0xEF, 0x3C, 0xFF, 0xEF, 0x5D, 0xFF, 0xF7, 0x5D, 0xFF, 0xD6, 0x79, 0xFF,
    0xA4, 0xF4, 0xFF, 0xD6, 0x7A, 0xFF, 0x62, 0xEA, 0xFF, 0xB5, 0x73, 0xFF, 0xFF, 0xFD, 0xFF, 0xFF,
    0xBB, 0xFF, 0xF7, 0x5A, 0xFF, 0xFF, 0xFD, 0xFF, 0xDE, 0xF9, 0xFF, 0x8C, 0x50, 0xFF, 0x63, 0x2B,
    0xFF, 0x7B, 0xAC, 0xFF, 0xA4, 0xF0, 0xFF, 0xA4, 0x8E, 0xFF, 0x73, 0x08, 0xFF, 0x8B, 0xEA, 0xFF,
    0xD5, 0xF1, 0xFF, 0xCD, 0xB0, 0xFF, 0x83, 0xAA, 0xFF, 0x4A, 0x26, 0xFF, 0x29, 0x23, 0xFF, 0x10,
    0x81, 0xFF, 0x31, 0x23, 0xFF, 0x52, 0x46, 0xFF, 0x73, 0x2B, 0xFF, 0xEF, 0x3C, 0xFF, 0xF7, 0xBE,
    0xFF, 0x62, 0xAA, 0xFF, 0x7B, 0x49, 0xFF, 0xCD, 0x6F, 0xFF, 0xC5, 0x0E, 0xFF, 0xCD, 0xAF, 0xFF,
    0xB4, 0xED, 0xFF, 0x39, 0x84, 0xFF, 0x00, 0x00, 0xFF, 0x10, 0xA1, 0xFF, 0x00, 0x20, 0xFF, 0x00,
    0x20, 0xFF, 0x00, 0x40, 0xFF, 0x08, 0x80, 0xFF, 0x18, 0xE2, 0xFF, 0x00, 0x00, 0xFF, 0x39, 0xE5,
    0xFF, 0xA5, 0x91, 0xFF, 0xA5, 0xD0, 0xFF, 0x8D, 0x0D, 0xFF, 0x9D, 0x6F, 0xFF, 0x8D, 0x0D, 0xFF,
    0x9D, 0x2F, 0xFF, 0xDE, 0xB9, 0xFF, 0xEF, 0x5C, 0xFF, 0xEF, 0x3C, 0xFF, 0xEF, 0x5D, 0xFF, 0xEF,
    0x3C, 0xFF, 0xDE, 0xDB, 0xFE, 0xFF, 0xBE, 0xFE, 0xEF, 0x7D, 0xDA, 0xA5, 0x13, 0x5D, 0x00, 0x00,
    0x02, 0xFF, 0xFF, 0x01, 0x00, 0x00, 0x01, 0x00, 0x00, 0x00, 0x00, 0x00, 0x04, 0x00, 0x20, 0x21,
    0x00, 0x20, 0x21, 0x00, 0x00, 0x04, 0x00, 0x00, 0x00, 0x00, 0x00, 0x01, 0xFF, 0xFF, 0x01, 0x00,
    0x00, 0x00, 0x94, 0x29, 0x55, 0x94, 0x49, 0x72, 0x00, 0x00, 0x13, 0xFF, 0xE0, 0x01, 0x00, 0x00,
    0x01, 0x00, 0x00, 0x00, 0x00, 0x00, 0x00, 0xFF, 0xFF, 0x01, 0x00, 0x00, 0x0A, 0x5B, 0x68, 0x61,
    0x9D, 0x70, 0xD6, 0xB6, 0x15, 0xFF, 0xAD, 0x34, 0xFE, 0xAD, 0x34, 0xFF, 0x9C, 0xD3, 0xFF, 0x94,
    0x72, 0xFF, 0xC5, 0xF7, 0xFF, 0x9C, 0xB2, 0xFF, 0xC6, 0x18, 0xFF, 0xFF, 0xDF, 0xFF, 0xF7, 0x7D,
    0xFF, 0xEF, 0x5D, 0xFF, 0xEF, 0x5D, 0xFF, 0xEF, 0x3C, 0xFF, 0xEF, 0x5D, 0xFF, 0xEF, 0x3C, 0xFF,
    0xEF, 0x3C, 0xFF, 0xEF, 0x3C, 0xFF, 0xEF, 0x5D, 0xFF, 0xEF, 0x3C, 0xFF, 0xEF, 0x3C, 0xFF, 0xEF,
    0x5D, 0xFF, 0xEF, 0x5D, 0xFF, 0xEF, 0x5D, 0xFF, 0xFF, 0x9E, 0xFF, 0xD6, 0x59, 0xFF, 0x8C, 0x31,
    0xFF, 0xBD, 0x96, 0xFF, 0xF7, 0x9E, 0xFF, 0xEF, 0x3C, 0xFF, 0xEF, 0x3C, 0xFF, 0xEF, 0x3C, 0xFF,
    0xEF, 0x3C, 0xFF, 0xEF, 0x3C, 0xFF, 0xEF, 0x3C, 0xFF, 0xEF, 0x3C, 0xFF, 0xEF, 0x3C, 0xFF, 0xEF,
    0x3C, 0xFF, 0xEF, 0x3C, 0xFF, 0xEF, 0x3C, 0xFF, 0xEF, 0x5D, 0xFF, 0xEF, 0x3C, 0xFF, 0xEF, 0x5D,
    0xFF, 0xF7, 0x7D, 0xFF, 0xE7, 0x1C, 0xFF, 0xB5, 0x96, 0xFF, 0xF7, 0x7D, 0xFF, 0xF7, 0x7D, 0xFF,
    0xBD, 0xB7, 0xFF, 0x73, 0x4D, 0xFF, 0xB4, 0x4E, 0xFF, 0xB4, 0x70, 0xFF, 0xC5, 0xF7, 0xFF, 0xF7,
    0x9E, 0xFF, 0xEF, 0x1C, 0xFF, 0xEF, 0x3C, 0xFF, 0xEF, 0x3C, 0xFF, 0xEF, 0x3C, 0xFF, 0xEF, 0x5D,
    0xFF, 0xEF, 0x5D, 0xFF, 0xDE, 0xBA, 0xFF, 0xE7, 0x1C, 0xFF, 0xEF, 0x5D, 0xFF, 0xEF, 0x5D, 0xFF,
    0xEF, 0x3D, 0xFF, 0xEF, 0x3D, 0xFF, 0xEF, 0x3C, 0xFF, 0xEF, 0x3C, 0xFF, 0xEF, 0x3C, 0xFF, 0xEF,
    0x3C, 0xFF, 0xEF, 0x3C, 0xFF, 0xEF, 0x3C, 0xFF, 0xEF, 0x3C, 0xFF, 0xEF, 0x3C, 0xFF, 0xEF, 0x3C,
    0xFF, 0xEF, 0x3C, 0xFF, 0xEF, 0x3C, 0xFF, 0xEF, 0x3C, 0xFF, 0xEF, 0x3C, 0xFF, 0xEF, 0x3C, 0xFF,
    0xEF, 0x3C, 0xFF, 0xEF, 0x3C, 0xFF, 0xEF, 0x3C, 0xFF, 0xEF, 0x3C, 0xFF, 0xEF, 0x3C, 0xFF, 0xC5,
    0xF8, 0xFF, 0xDE, 0xBA, 0xFF, 0xF7, 0x5D, 0xFF, 0xEF, 0x5D, 0xFF, 0xEF, 0x5D, 0xFF, 0xEF, 0x5D,
    0xFF, 0xEF, 0x3C, 0xFF, 0xEF, 0x3C, 0xFF, 0xEF, 0x3C, 0xFF, 0xF7, 0x5D, 0xFF, 0xF7, 0x9E, 0xFF,
    0x8C, 0x31, 0xFF, 0x6B, 0x0D, 0xFF, 0xAD, 0x35, 0xFF, 0xE6, 0xDB, 0xFF, 0xF7, 0x5D, 0xFF, 0xEF,
    0x5D, 0xFF, 0xF7, 0x7D, 0xFF, 0xF7, 0x5D, 0xFF, 0xC6, 0x18, 0xFF, 0xBD, 0x96, 0xFF, 0xF7, 0x7D,
    0xFF, 0xEF, 0x3C, 0xFF, 0xEF, 0x3C, 0xFF, 0xEF, 0x3C, 0xFF, 0xEF, 0x3C, 0xFF, 0xEF, 0x3C, 0xFF,
    0xEF, 0x3C, 0xFF, 0xEF, 0x3C, 0xFF, 0xEF, 0x3C, 0xFF, 0xEF, 0x3C, 0xFF, 0xEF, 0x3C, 0xFF, 0xEF,
    0x3C, 0xFF, 0xEF, 0x5D, 0xFF, 0xDE, 0xDB, 0xFF, 0xAD, 0x35, 0xFF, 0x94, 0x92, 0xFF, 0x62, 0xA8,
    0xFF, 0xDE, 0xB7, 0xFF, 0xFF, 0x7A, 0xFF, 0xEF, 0x39, 0xFF, 0xFF, 0xFC, 0xFF, 0xC6, 0x16, 0xFF,
    0x42, 0x27, 0xFF, 0x08, 0x41, 0xFF, 0x08, 0x80, 0xFF, 0x08, 0x81, 0xFF, 0x18, 0xC2, 0xFF, 0x4A,
    0x26, 0xFF, 0x7B, 0x8B, 0xFF, 0x73, 0x29, 0xFF, 0x73, 0x28, 0xFF, 0xC5, 0x4F, 0xFF, 0x9C, 0x4B,
    0xFF, 0x41, 0xA4, 0xFF, 0x62, 0xA8, 0xFF, 0x9C, 0xB0, 0xFF, 0x73, 0x8B, 0xFF, 0x39, 0x63, 0xFF,
    0x6A, 0xC9, 0xFF, 0xBD, 0xD6, 0xFF, 0xFF, 0xFF, 0xFF, 0xB5, 0x54, 0xFF, 0x39, 0x85, 0xFF, 0xA4,
    0x6D, 0xFF, 0xCD, 0x8F, 0xFF, 0xBC, 0xED, 0xFF, 0xD5, 0xB0, 0xFF, 0x94, 0x0B, 0xFF, 0x18, 0xC2,
    0xFF, 0x00, 0x20, 0xFF, 0x10, 0xC1, 0xFF, 0x08, 0x60, 0xFF, 0x08, 0x80, 0xFF, 0x10, 0xC1, 0xFF,
    0x18, 0xE1, 0xFF, 0x10, 0xC1, 0xFF, 0x08, 0x80, 0xFF, 0x73, 0xAB, 0xFF, 0xAD, 0xD1, 0xFF, 0x95,
    0x6F, 0xFF, 0x95, 0x4F, 0xFF, 0x95, 0x2E, 0xFF, 0x95, 0x2E, 0xFF, 0xC6, 0x35, 0xFF, 0xF7, 0x7D,
    0xFF, 0xEF, 0x5D, 0xFF, 0xEF, 0x5D, 0xFF, 0xF7, 0x7D, 0xFF, 0xE7, 0x1B, 0xFE, 0xEF, 0x5C, 0xFD,
    0xFF, 0xFF, 0xF1, 0xCE, 0x38, 0x87, 0x00, 0x00, 0x17, 0xFF, 0xFF, 0x01, 0x7B, 0xEF, 0x02, 0x00,
    0x00, 0x00, 0x00, 0x00, 0x04, 0x00, 0x20, 0x21, 0x00, 0x20, 0x21, 0x00, 0x00, 0x04, 0x00, 0x00,
    0x00, 0x00, 0x00, 0x01, 0x00, 0x00, 0x00, 0x00, 0x00, 0x00, 0x62, 0x65, 0x2D, 0x62, 0xA6, 0x38,
    0x00, 0x00, 0x05, 0x00, 0x00, 0x00, 0x00, 0x00, 0x00, 0x00, 0x00, 0x00, 0x00, 0x00, 0x00, 0x03,
    0xE0, 0x02, 0x18, 0x63, 0x15, 0x5B, 0x68, 0x66, 0x95, 0x4F, 0xD4, 0xAD, 0xB3, 0xFF, 0xAD, 0x74,
    0xFF, 0xA5, 0x13, 0xFF, 0x84, 0x10, 0xFF, 0xA5, 0x35, 0xFF, 0xE7, 0x1C, 0xFF, 0x84, 0x10, 0xFF,
    0xD6, 0xBA, 0xFF, 0xF7, 0x9E, 0xFF, 0xF7, 0x7D, 0xFF, 0xEF, 0x5D, 0xFF, 0xEF, 0x5D, 0xFF, 0xEF,
    0x5C, 0xFF, 0xEF, 0x5D, 0xFF, 0xEF, 0x3C, 0xFF, 0xEF, 0x3C, 0xFF, 0xEF, 0x5C, 0xFF, 0xEF, 0x5D,
    0xFF, 0xEF, 0x5D, 0xFF, 0xEF, 0x5D, 0xFF, 0xEF, 0x5D, 0xFF, 0xEF, 0x5D, 0xFF, 0xF7, 0x5D, 0xFF,
    0xF7, 0x7E, 0xFF, 0xA4, 0xF4, 0xFF, 0x94, 0x52, 0xFF, 0xDE, 0xBA, 0xFF, 0xFF, 0x9E, 0xFF, 0xE7,
    0x1C, 0xFF, 0xEF, 0x3C, 0xFF, 0xEF, 0x3C, 0xFF, 0xEF, 0x3C, 0xFF, 0xEF, 0x3C, 0xFF, 0xEF, 0x3C,
    0xFF, 0xEF, 0x3C, 0xFF, 0xEF, 0x3C, 0xFF, 0xEF, 0x3C, 0xFF, 0xEF, 0x3C, 0xFF, 0xEF, 0x5C, 0xFF,
    0xEF, 0x5D, 0xFF, 0xEF, 0x3C, 0xFF, 0xF7, 0x7D, 0xFF, 0xEF, 0x7D, 0xFF, 0xC6, 0x18, 0xFF, 0xC6,
    0x18, 0xFF, 0xFF, 0xBE, 0xFF, 0xF7, 0x7D, 0xFF, 0xA4, 0xF4, 0xFF, 0x73, 0x2D, 0xFF, 0xCC, 0xF0,
    0xFF, 0xB4, 0x90, 0xFF, 0xBD, 0x96, 0xFF, 0xF7, 0x9E, 0xFF, 0xEF, 0x3C, 0xFF, 0xEF, 0x3C, 0xFF,
    0xEF, 0x3C, 0xFF, 0xEF, 0x3C, 0xFF, 0xEF, 0x5D, 0xFF, 0xEF, 0x5D, 0xFF, 0xDE, 0x9A, 0xFF, 0xE6,
    0xFB, 0xFF, 0xEF, 0x3D, 0xFF, 0xEF, 0x5D, 0xFF, 0xEF, 0x5D, 0xFF, 0xEF, 0x5D, 0xFF, 0xEF, 0x3C,
    0xFF, 0xEF, 0x3C, 0xFF, 0xEF, 0x3C, 0xFF, 0xEF, 0x3C, 0xFF, 0xEF, 0x3C, 0xFF, 0xEF, 0x3C, 0xFF,
    0xEF, 0x3C, 0xFF, 0xEF, 0x3C, 0xFF, 0xEF, 0x3C, 0xFF, 0xEF, 0x3C, 0xFF, 0xEF, 0x3C, 0xFF, 0xEF,
    0x3C, 0xFF, 0xEF, 0x3C, 0xFF, 0xEF, 0x3C, 0xFF, 0xEF, 0x3C, 0xFF, 0xEF, 0x3C, 0xFF, 0xEF, 0x3D,
    0xFF, 0xEF, 0x5D, 0xFF, 0xEF, 0x3D, 0xFF, 0xC5, 0xD7, 0xFF, 0xDE, 0xBA, 0xFF, 0xEF, 0x5D, 0xFF,
    0xEF, 0x5D, 0xFF, 0xEF, 0x3C, 0xFF, 0xEF, 0x5D, 0xFF, 0xEF, 0x3D, 0xFF, 0xEF, 0x5D, 0xFF, 0xEF,
    0x3C, 0xFF, 0xF7, 0x7D, 0xFF, 0xF7, 0x9E, 0xFF, 0x83, 0xEF, 0xFF, 0x41, 0xC8, 0xFF, 0xA4, 0xD4,
    0xFF, 0xDE, 0x9A, 0xFF, 0xEF, 0x5D, 0xFF, 0xF7, 0x5D, 0xFF, 0xEF, 0x3C, 0xFF, 0xF7, 0x9E, 0xFF,
    0xD6, 0x79, 0xFF, 0xAD, 0x35, 0xFF, 0xDE, 0xDB, 0xFF, 0xF7, 0x5D, 0xFF, 0xEF, 0x1C, 0xFF, 0xEF,
    0x1C, 0xFF, 0xEF, 0x1C, 0xFF, 0xEF, 0x3C, 0xFF, 0xEF, 0x3C, 0xFF, 0xEF, 0x3C, 0xFF, 0xEF, 0x3C,
    0xFF, 0xEF, 0x1C, 0xFF, 0xEF, 0x1C, 0xFF, 0xEF, 0x1C, 0xFF, 0xEF, 0x3C, 0xFF, 0xEF, 0x1C, 0xFF,
    0xAD, 0x55, 0xFF, 0x62, 0xEB, 0xFF, 0x83, 0xCC, 0xFF, 0xEF, 0x38, 0xFF, 0xEF, 0x38, 0xFF, 0xF7,
    0x59, 0xFF, 0xF7, 0x9A, 0xFF, 0x6B, 0x4B, 0xFF, 0x00, 0x00, 0xFF, 0x10, 0xA1, 0xFF, 0x10, 0xA1,
    0xFF, 0x08, 0x40, 0xFF, 0x18, 0xA1, 0xFF, 0x10, 0xA2, 0xFF, 0x31, 0x64, 0xFF, 0xAD, 0x10, 0xFF,
    0x83, 0xCB, 0xFF, 0x73, 0x08, 0xFF, 0x9C, 0x4B, 0xFF, 0x52, 0x04, 0xFF, 0x52, 0x67, 0xFF, 0xE7,
    0x19, 0xFF, 0xCE, 0x36, 0xFF, 0x41, 0xA4, 0xFF, 0x5A, 0x47, 0xFF, 0x9C, 0x91, 0xFF, 0xFF, 0xFF,
    0xFF, 0xF7, 0x9D, 0xFF, 0x6B, 0x0B, 0xFF, 0x4A, 0x06, 0xFF, 0xB4, 0xEE, 0xFF, 0xC5, 0x4E, 0xFF,
    0xBC, 0xCD, 0xFF, 0xCD, 0x8F, 0xFF, 0x73, 0x49, 0xFF, 0x00, 0x20, 0xFF, 0x08, 0xA1, 0xFF, 0x18,
    0xE1, 0xFF, 0x18, 0xE1, 0xFF, 0x19, 0x01, 0xFF, 0x18, 0xE1, 0xFF, 0x21, 0x22, 0xFF, 0x08, 0x60,
    0xFF, 0x29, 0x84, 0xFF, 0x94, 0xEE, 0xFF, 0xAD, 0xF1, 0xFF, 0x95, 0x2F, 0xFF, 0x9D, 0x6F, 0xFF,
    0x95, 0x2E, 0xFF, 0xAD, 0xB2, 0xFF, 0xEF, 0x7C, 0xFF, 0xEF, 0x5D, 0xFF, 0xF7, 0x7D, 0xFF, 0xF7,
    0x7D, 0xFF, 0xEF, 0x5C, 0xFE, 0xE7, 0x1B, 0xFE, 0xFF, 0xFF, 0xFB, 0xD6, 0xBA, 0xB1, 0x39, 0xE7,
    0x3A, 0xFF, 0xFF, 0x01, 0xFF, 0xFF, 0x02, 0x00, 0x00, 0x00, 0x00, 0x00, 0x04, 0x00, 0x00, 0x21,
    0x00, 0x20, 0x21, 0x00, 0x00, 0x04, 0x00, 0x00, 0x00, 0x00, 0x00, 0x00, 0x00, 0x00, 0x00, 0x00,
    0x00, 0x00, 0x10, 0xA0, 0x0B, 0x10, 0x82, 0x0D, 0x00, 0x00, 0x00, 0x00, 0x00, 0x00, 0x00, 0x00,
    0x00, 0x00, 0x00, 0x00, 0x00, 0x00, 0x00, 0x00, 0x00, 0x06, 0x52, 0xAA, 0x3C, 0x6B, 0xC9, 0xA4,
    0x8D, 0x0D, 0xF0, 0x9D, 0x91, 0xFF, 0xAD, 0x93, 0xFE, 0x84, 0x0F, 0xFF, 0x84, 0x10, 0xFF, 0xEF,
    0x3D, 0xFF, 0xD6, 0x9A, 0xFF, 0x83, 0xEF, 0xFF, 0xEF, 0x5D, 0xFF, 0xF7, 0x7D, 0xFF, 0xEF, 0x5D,
    0xFF, 0xEF, 0x5D, 0xFF, 0xEF, 0x5D, 0xFF, 0xEF, 0x5C, 0xFF, 0xEF, 0x5C, 0xFF, 0xEF, 0x3C, 0xFF,
    0xEF, 0x3C, 0xFF, 0xEF, 0x5D, 0xFF, 0xEF, 0x5D, 0xFF, 0xEF, 0x5D, 0xFF, 0xEF, 0x5D, 0xFF, 0xEF,
    0x5D, 0xFF, 0xEF, 0x3C, 0xFF, 0xF7, 0x9E, 0xFF, 0xDE, 0xBA, 0xFF, 0x83, 0xF0, 0xFF, 0xB5, 0x55,
    0xFF, 0xF7, 0x7E, 0xFF, 0xF7, 0x5D, 0xFF, 0xEF, 0x1C, 0xFF, 0xEF, 0x3C, 0xFF, 0xEF, 0x3C, 0xFF,
    0xEF, 0x3C, 0xFF, 0xEF, 0x3C, 0xFF, 0xEF, 0x3C, 0xFF, 0xEF, 0x3C, 0xFF, 0xEF, 0x3C, 0xFF, 0xEF,
    0x3C, 0xFF, 0xEF, 0x5C, 0xFF, 0xEF, 0x5C, 0xFF, 0xEF, 0x5C, 0xFF, 0xEF, 0x5D, 0xFF, 0xF7, 0x7E,
    0xFF, 0xDE, 0xDB, 0xFF, 0xB5, 0x55, 0xFF, 0xEF, 0x3C, 0xFF, 0xF7, 0x9D, 0xFF, 0xEF, 0x3C, 0xFF,
    0x8C, 0x11, 0xFF, 0x8B, 0x6D, 0xFF, 0xE5, 0xF4, 0xFF, 0xBC, 0xD0, 0xFF, 0xB5, 0x35, 0xFF, 0xF7,
    0x7D, 0xFF, 0xEF, 0x3C, 0xFF, 0xEF, 0x3C, 0xFF, 0xEF, 0x3C, 0xFF, 0xEF, 0x3C, 0xFF, 0xEF, 0x5D,
    0xFF, 0xF7, 0x5D, 0xFF, 0xD6, 0x9A, 0xFF, 0xDE, 0xDB, 0xFF, 0xEF, 0x3C, 0xFF, 0xEF, 0x5D, 0xFF,
    0xEF, 0x3C, 0xFF, 0xEF, 0x3C, 0xFF, 0xEF, 0x3C, 0xFF, 0xEF, 0x3C, 0xFF, 0xEF, 0x3C, 0xFF, 0xEF,
    0x3C, 0xFF, 0xEF, 0x3C, 0xFF, 0xEF, 0x3C, 0xFF, 0xEF, 0x3C, 0xFF, 0xEF, 0x3C, 0xFF, 0xEF, 0x3C,
    0xFF, 0xEF, 0x3C, 0xFF, 0xEF, 0x3C, 0xFF, 0xEF, 0x3C, 0xFF, 0xEF, 0x3C, 0xFF, 0xEF, 0x3C, 0xFF,
    0xEF, 0x3C, 0xFF, 0xEF, 0x3C, 0xFF, 0xEF, 0x3D, 0xFF, 0xEF, 0x5D, 0xFF, 0xEF, 0x3D, 0xFF, 0xC5,
    0xD7, 0xFF, 0xDE, 0x9A, 0xFF, 0xF7, 0x7D, 0xFF, 0xEF, 0x5D, 0xFF, 0xEF, 0x3C, 0xFF, 0xEF, 0x5D,
    0xFF, 0xEF, 0x5D, 0xFF, 0xEF, 0x5D, 0xFF, 0xEF, 0x5D, 0xFF, 0xF7, 0x7D, 0xFF, 0xF7, 0x7E, 0xFF,
    0x94, 0x30, 0xFF, 0x52, 0x08, 0xFF, 0x94, 0x31, 0xFF, 0xCE, 0x19, 0xFF, 0xEF, 0x3C, 0xFF, 0xF7,
    0x7D, 0xFF, 0xEF, 0x3C, 0xFF, 0xF7, 0x9E, 0xFF, 0xE6, 0xFB, 0xFF, 0xB5, 0x55, 0xFF, 0xBD, 0xB7,
    0xFF, 0xF7, 0x5D, 0xFF, 0xEF, 0x1C, 0xFF, 0xEF, 0x1C, 0xFF, 0xEF, 0x1C, 0xFF, 0xEF, 0x1C, 0xFF,
    0xEF, 0x3C, 0xFF, 0xEF, 0x3C, 0xFF, 0xEF, 0x3C, 0xFF, 0xEF, 0x1C, 0xFF, 0xEF, 0x1C, 0xFF, 0xE7,
    0x1C, 0xFF, 0xEF, 0x3C, 0xFF, 0xEF, 0x3D, 0xFF, 0xB5, 0x96, 0xFF, 0x4A, 0x28, 0xFF, 0x94, 0x2D,
    0xFF, 0xF7, 0xB9, 0xFF, 0xF7, 0x79, 0xFF, 0xFF, 0xBB, 0xFF, 0xEF, 0x59, 0xFF, 0x52, 0xA8, 0xFF,
    0x00, 0x20, 0xFF, 0x21, 0x43, 0xFF, 0x10, 0xA0, 0xFF, 0x42, 0x26, 0xFF, 0xBD, 0xD4, 0xFF, 0x8C,
    0x4F, 0xFF, 0x00, 0x00, 0xFF, 0x7B, 0x4B, 0xFF, 0xD6, 0x55, 0xFF, 0x5A, 0x88, 0xFF, 0x49, 0xE5,
    0xFF, 0x7B, 0x48, 0xFF, 0x73, 0x28, 0xFF, 0xBD, 0x93, 0xFF, 0xE6, 0xF8, 0xFF, 0x73, 0x28, 0xFF,
    0x52, 0x05, 0xFF, 0x83, 0x8C, 0xFF, 0xEF, 0x5D, 0xFF, 0xFF, 0xFF, 0xFF, 0xCE, 0x58, 0xFF, 0x41,
    0xC6, 0xFF, 0x62, 0x87, 0xFF, 0xC5, 0x4E, 0xFF, 0xBC, 0xED, 0xFF, 0xBC, 0xED, 0xFF, 0xC5, 0x6F,
    0xFF, 0x5A, 0x87, 0xFF, 0x00, 0x20, 0xFF, 0x11, 0x01, 0xFF, 0x10, 0xE1, 0xFF, 0x19, 0x01, 0xFF,
    0x21, 0x22, 0xFF, 0x21, 0x42, 0xFF, 0x19, 0x01, 0xFF, 0x10, 0xA0, 0xFF, 0x6B, 0xAA, 0xFF, 0xAD,
    0xF1, 0xFF, 0x9D, 0x6F, 0xFF, 0x9D, 0x70, 0xFF, 0x95, 0x4F, 0xFF, 0x9D, 0x70, 0xFF, 0xE7, 0x3A,
    0xFF, 0xF7, 0x7D, 0xFF, 0xF7, 0x7D, 0xFF, 0xF7, 0x7D, 0xFF, 0xF7, 0x7D, 0xFF, 0xE7, 0x1B, 0xFE,
    0xFF, 0xBE, 0xFF, 0xE7, 0x3C, 0xD5, 0x94, 0xB2, 0x5D, 0x00, 0x00, 0x02, 0xFF, 0xFF, 0x02, 0x00,
    0x00, 0x00, 0x00, 0x00, 0x04, 0x00, 0x00, 0x21, 0x00, 0x00, 0x21, 0x00, 0x00, 0x04, 0x00, 0x00,
    0x00, 0x00, 0x00, 0x00, 0x00, 0x00, 0x00, 0x00, 0x00, 0x00, 0x00, 0x00, 0x00, 0x00, 0x00, 0x00,
    0x00, 0x00, 0x00, 0x00, 0x00, 0x00, 0x00, 0x00, 0x00, 0x00, 0x00, 0x00, 0x00, 0x00, 0x00, 0x00,
    0x00, 0x0C, 0x73, 0xAD, 0x62, 0x7C, 0x4B, 0xD9, 0x84, 0xAC, 0xFF, 0x9D, 0xB0, 0xFE, 0x9D, 0x30,
    0xFE, 0x6B, 0x6C, 0xFF, 0xAD, 0x55, 0xFF, 0xFF, 0xFF, 0xFF, 0xB5, 0x95, 0xFF, 0x84, 0x10, 0xFF,
    0xFF, 0xDF, 0xFF, 0xF7, 0x7D, 0xFF, 0xEF, 0x5D, 0xFF, 0xEF, 0x5D, 0xFF, 0xEF, 0x5D, 0xFF, 0xEF,
    0x5D, 0xFF, 0xEF, 0x3C, 0xFF, 0xE7, 0x1C, 0xFF, 0xEF, 0x3C, 0xFF, 0xEF, 0x5D, 0xFF, 0xEF, 0x3C,
    0xFF, 0xEF, 0x5C, 0xFF, 0xEF, 0x3C, 0xFF, 0xEF, 0x3D, 0xFF, 0xEF, 0x5D, 0xFF, 0xFF, 0x9E, 0xFF,
    0xAD, 0x15, 0xFF, 0x8C, 0x11, 0xFF, 0xDE, 0x9A, 0xFF, 0xFF, 0xBE, 0xFF, 0xEF, 0x1C, 0xFF, 0xEF,
    0x3D, 0xFF, 0xEF, 0x3C, 0xFF, 0xEF, 0x3D, 0xFF, 0xEF, 0x3D, 0xFF, 0xEF, 0x3D, 0xFF, 0xEF, 0x3C,
    0xFF, 0xEF, 0x5D, 0xFF, 0xEF, 0x5D, 0xFF, 0xEF, 0x3D, 0xFF, 0xEF, 0x3C, 0xFF, 0xEF, 0x5C, 0xFF,
    0xEF, 0x3C, 0xFF, 0xF7, 0x7D, 0xFF, 0xEF, 0x3D, 0xFF, 0xC5, 0xD7, 0xFF, 0xC5, 0xF7, 0xFF, 0xFF,
    0xDE, 0xFF, 0xF7, 0x5D, 0xFF, 0xDE, 0xBA, 0xFF, 0x6B, 0x0D, 0xFF, 0xA3, 0xEF, 0xFF, 0xFE, 0xF8,
    0xFF, 0xC5, 0x12, 0xFF, 0xAC, 0xF3, 0xFF, 0xEF, 0x3C, 0xFF, 0xEF, 0x5D, 0xFF, 0xEF, 0x3C, 0xFF,
    0xEF, 0x3C, 0xFF, 0xEF, 0x5D, 0xFF, 0xEF, 0x5D, 0xFF, 0xF7, 0x7D, 0xFF, 0xD6, 0x9A, 0xFF, 0xDE,
    0xBA, 0xFF, 0xEF, 0x3D, 0xFF, 0xEF, 0x5D, 0xFF, 0xEF, 0x3C, 0xFF, 0xEF, 0x3C, 0xFF, 0xEF, 0x3C,
    0xFF, 0xEF, 0x3C, 0xFF, 0xEF, 0x3C, 0xFF, 0xEF, 0x3C, 0xFF, 0xEF, 0x3C, 0xFF, 0xEF, 0x3C, 0xFF,
    0xEF, 0x3C, 0xFF, 0xEF, 0x3C, 0xFF, 0xEF, 0x3C, 0xFF, 0xEF, 0x3C, 0xFF, 0xEF, 0x3C, 0xFF, 0xEF,
    0x3C, 0xFF, 0xEF, 0x3C, 0xFF, 0xEF, 0x3C, 0xFF, 0xEF, 0x3C, 0xFF, 0xEF, 0x3C, 0xFF, 0xEF, 0x3C,
    0xFF, 0xEF, 0x5D, 0xFF, 0xEF, 0x5D, 0xFF, 0xBD, 0xB7, 0xFF, 0xDE, 0x9A, 0xFF, 0xF7, 0x5D, 0xFF,
    0xEF, 0x5D, 0xFF, 0xEF, 0x3D, 0xFF, 0xEF, 0x5D, 0xFF, 0xEF, 0x5D, 0xFF, 0xEF, 0x5D, 0xFF, 0xEF,
    0x5D, 0xFF, 0xF7, 0x9E, 0xFF, 0xEF, 0x5D, 0xFF, 0x9C, 0x71, 0xFF, 0xA4, 0x0E, 0xFF, 0x83, 0xAF,
    0xFF, 0xB5, 0x96, 0xFF, 0xE7, 0x1C, 0xFF, 0xF7, 0x7D, 0xFF, 0xEF, 0x5D, 0xFF, 0xF7, 0x7D, 0xFF,
    0xF7, 0x7D, 0xFF, 0xC5, 0xD7, 0xFF, 0xA4, 0xD3, 0xFF, 0xE6, 0xDB, 0xFF, 0xEF, 0x3C, 0xFF, 0xEF,
    0x1C, 0xFF, 0xEF, 0x1C, 0xFF, 0xEF, 0x1C, 0xFF, 0xEF, 0x1C, 0xFF, 0xEF, 0x1C, 0xFF, 0xEF, 0x1C,
    0xFF, 0xEF, 0x3C, 0xFF, 0xEF, 0x1C, 0xFF, 0xEF, 0x1C, 0xFF, 0xEF, 0x1C, 0xFF, 0xF7, 0x5D, 0xFF,
    0xC6, 0x18, 0xFF, 0x4A, 0x29, 0xFF, 0x73, 0x2A, 0xFF, 0xD6, 0x32, 0xFF, 0xD6, 0x12, 0xFF, 0xDE,
    0x53, 0xFF, 0xCD, 0xF2, 0xFF, 0x4A, 0x67, 0xFF, 0x08, 0x80, 0xFF, 0x10, 0xC1, 0xFF, 0x10, 0xA0,
    0xFF, 0x8C, 0x6D, 0xFF, 0xFF, 0xFE, 0xFF, 0xCE, 0x35, 0xFF, 0x18, 0x80, 0xFF, 0x62, 0xA8, 0xFF,
    0xF7, 0x57, 0xFF, 0x94, 0x6D, 0xFF, 0x10, 0x61, 0xFF, 0x49, 0xE5, 0xFF, 0xA4, 0xAD, 0xFF, 0xDE,
    0x54, 0xFF, 0xD6, 0x55, 0xFF, 0x73, 0x48, 0xFF, 0x52, 0x05, 0xFF, 0x6B, 0x09, 0xFF, 0xCE, 0x58,
    0xFF, 0xFF, 0xDF, 0xFF, 0xF7, 0xBE, 0xFF, 0x94, 0x71, 0xFF, 0x39, 0x65, 0xFF, 0x73, 0x08, 0xFF,
    0xBD, 0x2E, 0xFF, 0xB4, 0xAC, 0xFF, 0xC5, 0x2E, 0xFF, 0xBD, 0x4F, 0xFF, 0x42, 0x26, 0xFF, 0x00,
    0x60, 0xFF, 0x19, 0x21, 0xFF, 0x19, 0x21, 0xFF, 0x19, 0x01, 0xFF, 0x19, 0x21, 0xFF, 0x21, 0x42,
    0xFF, 0x10, 0xA0, 0xFF, 0x39, 0xE4, 0xFF, 0x94, 0xEE, 0xFF, 0xAD, 0xF1, 0xFF, 0x9D, 0x4F, 0xFF,
    0x9D, 0x6F, 0xFF, 0x9D, 0x4F, 0xFF, 0xCE, 0xB7, 0xFF, 0xF7, 0x9E, 0xFF, 0xF7, 0x5D, 0xFF, 0xEF,
    0x5D, 0xFF, 0xEF, 0x7D, 0xFF, 0xEF, 0x3C, 0xFE, 0xEF, 0x5D, 0xFE, 0xF7, 0x9E, 0xED, 0xCE, 0x59,
    0x7F, 0x00, 0x00, 0x0C, 0xFF, 0xFF, 0x02, 0x00, 0x00, 0x00, 0x00, 0x00, 0x04, 0x00, 0x00, 0x21,
    0x00, 0x00, 0x21, 0x00, 0x00, 0x04, 0x00, 0x00, 0x00, 0x00, 0x00, 0x00, 0x00, 0x00, 0x00, 0x00,
    0x00, 0x00, 0x00, 0x00, 0x00, 0x00, 0x00, 0x00, 0x00, 0x00, 0x00, 0x00, 0x00, 0x00, 0x00, 0x00,
    0x00, 0x00, 0x00, 0x00, 0x00, 0x00, 0x00, 0x00, 0x00, 0x0E, 0x8C, 0x4F, 0x73, 0x8C, 0xCE, 0xE2,
    0x7C, 0x8B, 0xFE, 0x9D, 0xAF, 0xFE, 0x7C, 0x2D, 0xFF, 0x73, 0xAE, 0xFF, 0xEF, 0x3D, 0xFF, 0xF7,
    0xBE, 0xFF, 0x9C, 0xD3, 0xFF, 0x8C, 0x30, 0xFF, 0xFF, 0xFF, 0xFF, 0xEF, 0x7D, 0xFF, 0xEF, 0x5D,
    0xFF, 0xEF, 0x5D, 0xFF, 0xEF, 0x5D, 0xFF, 0xEF, 0x5D, 0xFF, 0xEF, 0x3C, 0xFF, 0xE7, 0x1C, 0xFF,
    0xEF, 0x3C, 0xFF, 0xEF, 0x5D, 0xFF, 0xEF, 0x3C, 0xFF, 0xEF, 0x3C, 0xFF, 0xEF, 0x3C, 0xFF, 0xEF,
    0x3D, 0xFF, 0xF7, 0x7E, 0xFF, 0xDE, 0xDB, 0xFF, 0x83, 0xD0, 0xFF, 0xB5, 0x56, 0xFF, 0xF7, 0x7E,
    0xFF, 0xF7, 0x7D, 0xFF, 0xEF, 0x3C, 0xFF, 0xEF, 0x3D, 0xFF, 0xEF, 0x5D, 0xFF, 0xEF, 0x5D, 0xFF,
    0xEF, 0x5D, 0xFF, 0xEF, 0x3D, 0xFF, 0xEF, 0x3C, 0xFF, 0xEF, 0x5D, 0xFF, 0xEF, 0x5D, 0xFF, 0xEF,
    0x3D, 0xFF, 0xEF, 0x3D, 0xFF, 0xEF, 0x5D, 0xFF, 0xEF, 0x5C, 0xFF, 0xF7, 0x9E, 0xFF, 0xDE, 0x9A,
    0xFF, 0xB5, 0x75, 0xFF, 0xEF, 0x3C, 0xFF, 0xF7, 0x7D, 0xFF, 0xF7, 0x7D, 0xFF, 0xBD, 0xD7, 0xFF,
    0x62, 0x4A, 0xFF, 0xBC, 0x90, 0xFF, 0xFF, 0x9B, 0xFF, 0xC5, 0x74, 0xFF, 0xAC, 0xB2, 0xFF, 0xE6,
    0xFB, 0xFF, 0xF7, 0x7D, 0xFF, 0xEF, 0x3C, 0xFF, 0xEF, 0x3C, 0xFF, 0xEF, 0x5D, 0xFF, 0xEF, 0x5D,
    0xFF, 0xF7, 0x7D, 0xFF, 0xDE, 0x9A, 0xFF, 0xD6, 0x9A, 0xFF, 0xEF, 0x3C, 0xFF, 0xEF, 0x5D, 0xFF,
    0xEF, 0x3C, 0xFF, 0xEF, 0x3C, 0xFF, 0xEF, 0x3C, 0xFF, 0xEF, 0x3C, 0xFF, 0xEF, 0x3C, 0xFF, 0xEF,
    0x3C, 0xFF, 0xEF, 0x3C, 0xFF, 0xEF, 0x3C, 0xFF, 0xEF, 0x3C, 0xFF, 0xEF, 0x3C, 0xFF, 0xEF, 0x3C,
    0xFF, 0xEF, 0x3C, 0xFF, 0xEF, 0x3C, 0xFF, 0xEF, 0x3C, 0xFF, 0xEF, 0x3C, 0xFF, 0xEF, 0x3C, 0xFF,
    0xEF, 0x3C, 0xFF, 0xEF, 0x3C, 0xFF, 0xEF, 0x3C, 0xFF, 0xEF, 0x5D, 0xFF, 0xEF, 0x5D, 0xFF, 0xBD,
    0xB7, 0xFF, 0xD6, 0x7A, 0xFF, 0xEF, 0x5D, 0xFF, 0xEF, 0x5D, 0xFF, 0xEF, 0x3D, 0xFF, 0xEF, 0x5D,
    0xFF, 0xEF, 0x5D, 0xFF, 0xEF, 0x5D, 0xFF, 0xF7, 0x7D, 0xFF, 0xF7, 0x9E, 0xFF, 0xE7, 0x1C, 0xFF,
    0x94, 0x0F, 0xFF, 0xDD, 0xB3, 0xFF, 0x8B, 0xAE, 0xFF, 0x9C, 0xD3, 0xFF, 0xD6, 0x9A, 0xFF, 0xF7,
    0x5D, 0xFF, 0xF7, 0x7D, 0xFF, 0xEF, 0x7D, 0xFF, 0xF7, 0xBE, 0xFF, 0xD6, 0x9A, 0xFF, 0x9C, 0xB3,
    0xFF, 0xC5, 0xF7, 0xFF, 0xEF, 0x3C, 0xFF, 0xEF, 0x1C, 0xFF, 0xEF, 0x1C, 0xFF, 0xEF, 0x1C, 0xFF,
    0xEF, 0x1C, 0xFF, 0xEF, 0x1C, 0xFF, 0xEF, 0x3C, 0xFF, 0xEF, 0x3C, 0xFF, 0xEF, 0x3C, 0xFF, 0xEF,
    0x1C, 0xFF, 0xEF, 0x1C, 0xFF, 0xF7, 0x5D, 0xFF, 0xDE, 0x9A, 0xFF, 0x5A, 0xCC, 0xFF, 0x52, 0x26,
    0xFF, 0xB4, 0xAC, 0xFF, 0xBC, 0xCC, 0xFF, 0xBC, 0xCB, 0xFF, 0xB4, 0xAB, 0xFF, 0x4A, 0x05, 0xFF,
    0x08, 0xA1, 0xFF, 0x10, 0xC1, 0xFF, 0x18, 0xC1, 0xFF, 0x8C, 0x6D, 0xFF, 0xFF, 0xFB, 0xFF, 0xDE,
    0x94, 0xFF, 0x7B, 0x27, 0xFF, 0xB5, 0x2F, 0xFF, 0xFF, 0xB8, 0xFF, 0xC5, 0xD2, 0xFF, 0x21, 0x03,
    0xFF, 0x00, 0x00, 0xFF, 0x5A, 0xA8, 0xFF, 0xB5, 0x30, 0xFF, 0x9C, 0x4D, 0xFF, 0x39, 0x83, 0xFF,
    0x4A, 0x25, 0xFF, 0x6B, 0x28, 0xFF, 0xAD, 0x12, 0xFF, 0xFF, 0xDF, 0xFF, 0xFF, 0xBE, 0xFF, 0xD6,
    0x38, 0xFF, 0x73, 0x6D, 0xFF, 0x31, 0x65, 0xFF, 0x7B, 0x49, 0xFF, 0xBD, 0x0E, 0xFF, 0xAC, 0x8B,
    0xFF, 0xC5, 0x4E, 0xFF, 0xB5, 0x2F, 0xFF, 0x42, 0x05, 0xFF, 0x10, 0xE1, 0xFF, 0x29, 0xC3, 0xFF,
    0x29, 0xE3, 0xFF, 0x21, 0x82, 0xFF, 0x21, 0x41, 0xFF, 0x29, 0xA3, 0xFF, 0x21, 0x62, 0xFF, 0x5B,
    0x48, 0xFF, 0xA5, 0xB0, 0xFF, 0xA5, 0xB0, 0xFF, 0x9D, 0x4F, 0xFF, 0x95, 0x4F, 0xFF, 0xBE, 0x14,
    0xFF, 0xF7, 0x7D, 0xFF, 0xEF, 0x5D, 0xFF, 0xEF, 0x5C, 0xFF, 0xEF, 0x5C, 0xFF, 0xEF, 0x3C, 0xFE,
    0xE6, 0xFB, 0xFE, 0xFF, 0xBE, 0xFA, 0xDE, 0xBA, 0xA8, 0x21, 0x24, 0x2D, 0xAD, 0x55, 0x03, 0x00,
    0x00, 0x00, 0x00, 0x00, 0x04, 0x00, 0x00, 0x21, 0x00, 0x00, 0x21, 0x00, 0x00, 0x04, 0x00, 0x00,
    0x00, 0x00, 0x00, 0x00, 0x00, 0x00, 0x00, 0x00, 0x00, 0x00, 0x00, 0x00, 0x00, 0x00, 0x00, 0x00,
    0x00, 0x00, 0x00, 0x00, 0x00, 0x00, 0x00, 0x00, 0x00, 0x00, 0x00, 0x00, 0x00, 0x00, 0x00, 0x00,
    0x00, 0x0E, 0x8C, 0x6F, 0x77, 0xA5, 0x91, 0xE2, 0x7C, 0x8B, 0xFF, 0x7C, 0xAC, 0xFE, 0x63, 0x6B,
    0xFF, 0x94, 0x92, 0xFF, 0xFF, 0xFF, 0xFF, 0xE7, 0x3C, 0xFF, 0x84, 0x10, 0xFF, 0x9C, 0xD3, 0xFF,
    0xFF, 0xFF, 0xFF, 0xEF, 0x3C, 0xFF, 0xEF, 0x3C, 0xFF, 0xEF, 0x3D, 0xFF, 0xEF, 0x3D, 0xFF, 0xEF,
    0x5D, 0xFF, 0xEF, 0x3C, 0xFF, 0xE7, 0x1C, 0xFF, 0xEF, 0x3C, 0xFF, 0xEF, 0x5C, 0xFF, 0xEF, 0x3C,
    0xFF, 0xEF, 0x3C, 0xFF, 0xEF, 0x3C, 0xFF, 0xEF, 0x5D, 0xFF, 0xF7, 0x7D, 0xFF, 0xA5, 0x14, 0xFF,
    0x83, 0xF0, 0xFF, 0xDE, 0xBB, 0xFF, 0xFF, 0xBE, 0xFF, 0xEF, 0x3C, 0xFF, 0xEF, 0x5D, 0xFF, 0xEF,
    0x5D, 0xFF, 0xEF, 0x5D, 0xFF, 0xEF, 0x5D, 0xFF, 0xEF, 0x5D, 0xFF, 0xEF, 0x3D, 0xFF, 0xEF, 0x3D,
    0xFF, 0xEF, 0x5C, 0xFF, 0xEF, 0x5C, 0xFF, 0xEF, 0x5D, 0xFF, 0xEF, 0x5D, 0xFF, 0xEF, 0x3D, 0xFF,
    0xF7, 0x9E, 0xFF, 0xEF, 0x3C, 0xFF, 0xBD, 0xB7, 0xFF, 0xCE, 0x38, 0xFF, 0xFF, 0xBE, 0xFF, 0xEF,
    0x5D, 0xFF, 0xF7, 0x7D, 0xFF, 0x94, 0xB3, 0xFF, 0x72, 0x49, 0xFF, 0xD5, 0x11, 0xFF, 0xFF, 0xFC,
    0xFF, 0xCD, 0xD5, 0xFF, 0xAC, 0x92, 0xFF, 0xD6, 0x9A, 0xFF, 0xF7, 0x7D, 0xFF, 0xEF, 0x1C, 0xFF,
    0xEF, 0x3C, 0xFF, 0xEF, 0x3D, 0xFF, 0xEF, 0x5D, 0xFF, 0xF7, 0x5D, 0xFF, 0xDE, 0xBB, 0xFF, 0xCE,
    0x59, 0xFF, 0xEF, 0x1C, 0xFF, 0xF7, 0x5D, 0xFF, 0xEF, 0x3C, 0xFF, 0xEF, 0x3C, 0xFF, 0xEF, 0x3C,
    0xFF, 0xEF, 0x3C, 0xFF, 0xEF, 0x3C, 0xFF, 0xEF, 0x3C, 0xFF, 0xEF, 0x3C, 0xFF, 0xEF, 0x3C, 0xFF,
    0xEF, 0x3C, 0xFF, 0xEF, 0x3C, 0xFF, 0xEF, 0x3C, 0xFF, 0xEF, 0x3C, 0xFF, 0xEF, 0x3C, 0xFF, 0xEF,
    0x3C, 0xFF, 0xEF, 0x3C, 0xFF, 0xEF, 0x3C, 0xFF, 0xEF, 0x3C, 0xFF, 0xEF, 0x3C, 0xFF, 0xEF, 0x3D,
    0xFF, 0xEF, 0x5D, 0xFF, 0xEF, 0x5D, 0xFF, 0xBD, 0xB7, 0xFF, 0xD6, 0x79, 0xFF, 0xEF, 0x5D, 0xFF,
    0xEF, 0x5D, 0xFF, 0xEF, 0x3C, 0xFF, 0xEF, 0x5D, 0xFF, 0xEF, 0x5D, 0xFF, 0xEF, 0x5D, 0xFF, 0xEF,
    0x7D, 0xFF, 0xF7, 0x9E, 0xFF, 0xDE, 0xDB, 0xFF, 0x83, 0x8D, 0xFF, 0xEE, 0x35, 0xFF, 0xA4, 0x4F,
    0xFF, 0x83, 0xCF, 0xFF, 0xBD, 0xB7, 0xFF, 0xEF, 0x3C, 0xFF, 0xF7, 0x9D, 0xFF, 0xF7, 0x5D, 0xFF,
    0xFF, 0xBE, 0xFF, 0xEF, 0x3C, 0xFF, 0xAD, 0x34, 0xFF, 0xAD, 0x34, 0xFF, 0xE6, 0xDB, 0xFF, 0xEF,
    0x3C, 0xFF, 0xEF, 0x1C, 0xFF, 0xEF, 0x1C, 0xFF, 0xEF, 0x1C, 0xFF, 0xEF, 0x1C, 0xFF, 0xEF, 0x3C,
    0xFF, 0xEF, 0x3C, 0xFF, 0xEF, 0x3C, 0xFF, 0xEF, 0x1C, 0xFF, 0xEF, 0x1C, 0xFF, 0xF7, 0x5D, 0xFF,
    0xE7, 0x1C, 0xFF, 0x7B, 0xF0, 0xFF, 0x49, 0xC7, 0xFF, 0xB4, 0x8C, 0xFF, 0xC5, 0x2D, 0xFF, 0xBC,
    0xCC, 0xFF, 0xC5, 0x2E, 0xFF, 0x6A, 0xC7, 0xFF, 0x08, 0x81, 0xFF, 0x18, 0xE1, 0xFF, 0x10, 0xA0,
    0xFF, 0x39, 0xE4, 0xFF, 0xD6, 0x53, 0xFF, 0xF7, 0x96, 0xFF, 0xEE, 0xB2, 0xFF, 0xEE, 0x92, 0xFF,
    0xF7, 0x56, 0xFF, 0x94, 0x6D, 0xFF, 0x18, 0xE2, 0xFF, 0x08, 0x40, 0xFF, 0x08, 0x60, 0xFF, 0x29,
    0x22, 0xFF, 0x31, 0x63, 0xFF, 0x20, 0xC1, 0xFF, 0x52, 0x66, 0xFF, 0x73, 0x69, 0xFF, 0x8B, 0xEE,
    0xFF, 0xF7, 0x7D, 0xFF, 0xFF, 0xBF, 0xFF, 0xE6, 0xBB, 0xFF, 0xAD, 0x15, 0xFF, 0x5A, 0xCB, 0xFF,
    0x39, 0x85, 0xFF, 0x83, 0x89, 0xFF, 0xB4, 0xED, 0xFF, 0xA4, 0x4B, 0xFF, 0xC5, 0x4F, 0xFF, 0xBD,
    0x2F, 0xFF, 0x52, 0x66, 0xFF, 0x31, 0xC3, 0xFF, 0x42, 0xA4, 0xFF, 0x42, 0xA4, 0xFF, 0x32, 0x03,
    0xFF, 0x4A, 0xC5, 0xFF, 0x4A, 0xC5, 0xFF, 0x3A, 0x44, 0xFF, 0x74, 0x2B, 0xFF, 0xB6, 0x31, 0xFF,
    0x9D, 0x4F, 0xFF, 0x95, 0x4E, 0xFF, 0xA5, 0x91, 0xFF, 0xEF, 0x5C, 0xFF, 0xEF, 0x5D, 0xFF, 0xEF,
    0x3C, 0xFF, 0xEF, 0x3C, 0xFF, 0xEF, 0x3C, 0xFE, 0xE6, 0xFB, 0xFE, 0xFF, 0x9E, 0xFF, 0xE7, 0x1B,
    0xCE, 0x73, 0xCE, 0x57, 0x00, 0x00, 0x04, 0x00, 0x00, 0x00, 0x00, 0x00, 0x04, 0x00, 0x00, 0x21,
    0x00, 0x00, 0x21, 0x00, 0x00, 0x04, 0x00, 0x00, 0x00, 0x00, 0x00, 0x00, 0x00, 0x00, 0x00, 0x00,
    0x00, 0x00, 0x00, 0x00, 0x00, 0x00, 0x00, 0x00, 0x00, 0x00, 0x00, 0x00, 0x00, 0x00, 0x00, 0x00,
    0x00, 0x00, 0x00, 0x00, 0x00, 0x00, 0x00, 0x00, 0x00, 0x0C, 0x73, 0xCD, 0x6C, 0xC6, 0x54, 0xDF,
    0x84, 0xAD, 0xFF, 0x42, 0xC6, 0xFE, 0x63, 0x4B, 0xFF, 0xC6, 0x18, 0xFF, 0xFF, 0xFF, 0xFF, 0xCE,
    0x59, 0xFF, 0x63, 0x0C, 0xFF, 0xBD, 0xD7, 0xFF, 0xFF, 0xBE, 0xFF, 0xEF, 0x3C, 0xFF, 0xEF, 0x3C,
    0xFF, 0xEF, 0x3C, 0xFF, 0xEF, 0x3C, 0xFF, 0xEF, 0x3C, 0xFF, 0xE7, 0x1C, 0xFF, 0xE7, 0x1C, 0xFF,
    0xEF, 0x1C, 0xFF, 0xEF, 0x3C, 0xFF, 0xEF, 0x3C, 0xFF, 0xEF, 0x3C, 0xFF, 0xEF, 0x3C, 0xFF, 0xF7,
    0x7D, 0xFF, 0xD6, 0x9A, 0xFF, 0x7B, 0x8F, 0xFF, 0xB5, 0x76, 0xFF, 0xF7, 0x9E, 0xFF, 0xF7, 0x7D,
    0xFF, 0xEF, 0x3C, 0xFF, 0xEF, 0x5D, 0xFF, 0xEF, 0x5D, 0xFF, 0xEF, 0x5D, 0xFF, 0xEF, 0x5D, 0xFF,
    0xEF, 0x5D, 0xFF, 0xEF, 0x3D, 0xFF, 0xEF, 0x5D, 0xFF, 0xEF, 0x5D, 0xFF, 0xEF, 0x5D, 0xFF, 0xEF,
    0x5D, 0xFF, 0xEF, 0x3D, 0xFF, 0xEF, 0x5D, 0xFF, 0xF7, 0x9E, 0xFF, 0xCE, 0x59, 0xFF, 0xB5, 0x96,
    0xFF, 0xF7, 0x5D, 0xFF, 0xF7, 0x7D, 0xFF, 0xEF, 0x7D, 0xFF, 0xEF, 0x5D, 0xFF, 0x73, 0x6E, 0xFF,
    0x92, 0xEA, 0xFF, 0xED, 0xF4, 0xFF, 0xFF, 0xFE, 0xFF, 0xD6, 0x57, 0xFF, 0xA4, 0x71, 0xFF, 0xCE,
    0x39, 0xFF, 0xF7, 0x9E, 0xFF, 0xEF, 0x3C, 0xFF, 0xEF, 0x5D, 0xFF, 0xEF, 0x5D, 0xFF, 0xEF, 0x5D,
    0xFF, 0xF7, 0x5D, 0xFF, 0xE6, 0xDB, 0xFF, 0xCE, 0x18, 0xFF, 0xE6, 0xFC, 0xFF, 0xF7, 0x5D, 0xFF,
    0xEF, 0x3C, 0xFF, 0xEF, 0x5D, 0xFF, 0xEF, 0x3C, 0xFF, 0xEF, 0x3C, 0xFF, 0xEF, 0x3C, 0xFF, 0xEF,
    0x3C, 0xFF, 0xEF, 0x3C, 0xFF, 0xEF, 0x3C, 0xFF, 0xEF, 0x3C, 0xFF, 0xEF, 0x3C, 0xFF, 0xEF, 0x3C,
    0xFF, 0xEF, 0x3C, 0xFF, 0xEF, 0x3C, 0xFF, 0xEF, 0x3C, 0xFF, 0xEF, 0x3C, 0xFF, 0xEF, 0x3C, 0xFF,
    0xEF, 0x3C, 0xFF, 0xEF, 0x3C, 0xFF, 0xEF, 0x3D, 0xFF, 0xEF, 0x5D, 0xFF, 0xEF, 0x5D, 0xFF, 0xBD,
    0x96, 0xFF, 0xCE, 0x59, 0xFF, 0xEF, 0x5C, 0xFF, 0xEF, 0x5D, 0xFF, 0xEF, 0x3C, 0xFF, 0xEF, 0x5D,
    0xFF, 0xEF, 0x5D, 0xFF, 0xEF, 0x5D, 0xFF, 0xEF, 0x7D, 0xFF, 0xF7, 0x9E, 0xFF, 0xD6, 0x79, 0xFF,
    0x83, 0x6D, 0xFF, 0xEE, 0x56, 0xFF, 0xD5, 0x94, 0xFF, 0x73, 0x2D, 0xFF, 0xA4, 0xD4, 0xFF, 0xE6,
    0xDB, 0xFF, 0xF7, 0x5D, 0xFF, 0xF7, 0x7D, 0xFF, 0xF7, 0x9E, 0xFF, 0xF7, 0x7E, 0xFF, 0xC5, 0xF8,
    0xFF, 0x9C, 0xB3, 0xFF, 0xCE, 0x38, 0xFF, 0xEF, 0x1C, 0xFF, 0xEF, 0x3C, 0xFF, 0xEF, 0x1C, 0xFF,
    0xEF, 0x1C, 0xFF, 0xEF, 0x3C, 0xFF, 0xEF, 0x3C, 0xFF, 0xEF, 0x3C, 0xFF, 0xEF, 0x3C, 0xFF, 0xEF,
    0x3C, 0xFF, 0xEF, 0x3C, 0xFF, 0xEF, 0x5D, 0xFF, 0xEF, 0x5D, 0xFF, 0xA5, 0x35, 0xFF, 0x41, 0xE8,
    0xFF, 0x8B, 0xAB, 0xFF, 0xC5, 0x4F, 0xFF, 0xBC, 0xEE, 0xFF, 0xCD, 0x90, 0xFF, 0xA4, 0x8D, 0xFF,
    0x29, 0x43, 0xFF, 0x08, 0x60, 0xFF, 0x19, 0x02, 0xFF, 0x08, 0x60, 0xFF, 0x39, 0xC4, 0xFF, 0x94,
    0x4C, 0xFF, 0xAD, 0x2E, 0xFF, 0xA4, 0xAD, 0xFF, 0x7B, 0xAA, 0xFF, 0x29, 0x43, 0xFF, 0x10, 0x80,
    0xFF, 0x21, 0x02, 0xFF, 0x21, 0x22, 0xFF, 0x10, 0xC0, 0xFF, 0x08, 0x80, 0xFF, 0x21, 0x42, 0xFF,
    0x52, 0xA6, 0xFF, 0x73, 0xA9, 0xFF, 0x7B, 0xAC, 0xFF, 0xE7, 0x1C, 0xFF, 0xF7, 0x7E, 0xFF, 0xF7,
    0x5D, 0xFF, 0xC5, 0x97, 0xFF, 0xA4, 0xB3, 0xFF, 0x62, 0xCC, 0xFF, 0x39, 0xA5, 0xFF, 0x8B, 0xAA,
    0xFF, 0xBC, 0xED, 0xFF, 0xA4, 0x6C, 0xFF, 0xC5, 0x6F, 0xFF, 0xBD, 0x4F, 0xFF, 0x5A, 0xA6, 0xFF,
    0x31, 0xE3, 0xFF, 0x42, 0xA5, 0xFF, 0x53, 0x26, 0xFF, 0x5B, 0x66, 0xFF, 0x6C, 0x08, 0xFF, 0x42,
    0xA5, 0xFF, 0x4A, 0xC6, 0xFF, 0x9D, 0x6F, 0xFF, 0xA5, 0xD0, 0xFF, 0x95, 0x2E, 0xFF, 0x95, 0x2F,
    0xFF, 0xDE, 0xF9, 0xFF, 0xEF, 0x3D, 0xFF, 0xEF, 0x3C, 0xFF, 0xE7, 0x1C, 0xFF, 0xEF, 0x1C, 0xFF,
    0xE6, 0xFB, 0xFE, 0xEF, 0x5D, 0xFF, 0xEF, 0x3C, 0xE4, 0xB5, 0xB6, 0x76, 0x00, 0x00, 0x07, 0x00,
    0x00, 0x00, 0x00, 0x00, 0x04, 0x00, 0x00, 0x21, 0x00, 0x00, 0x21, 0x00, 0x00, 0x04, 0x00, 0x00,
    0x00, 0x00, 0x00, 0x00, 0x00, 0x00, 0x00, 0x00, 0x00, 0x00, 0x00, 0x00, 0x00, 0x00, 0x00, 0x00,
    0x00, 0x00, 0x00, 0x00, 0x00, 0x00, 0x00, 0x00, 0x00, 0x00, 0x00, 0x00, 0x00, 0x00, 0x00, 0x00,
    0x00, 0x09, 0x4A, 0x69, 0x55, 0xCE, 0x95, 0xD6, 0x9D, 0x6F, 0xFF, 0x32, 0x04, 0xFF, 0x73, 0xCE,
    0xFF, 0xF7, 0x9E, 0xFF, 0xFF, 0xFF, 0xFF, 0x94, 0xB2, 0xFF, 0x42, 0x08, 0xFF, 0xE6, 0xFB, 0xFF,
    0xF7, 0x5D, 0xFF, 0xEF, 0x1C, 0xFF, 0xEF, 0x3C, 0xFF, 0xEF, 0x3C, 0xFF, 0xEF, 0x3C, 0xFF, 0xEF,
    0x3C, 0xFF, 0xE7, 0x1C, 0xFF, 0xE6, 0xFC, 0xFF, 0xEF, 0x1C, 0xFF, 0xEF, 0x3C, 0xFF, 0xEF, 0x3C,
    0xFF, 0xEF, 0x3C, 0xFF, 0xF7, 0x5D, 0xFF, 0xF7, 0x7D, 0xFF, 0xA4, 0xD4, 0xFF, 0x8C, 0x11, 0xFF,
    0xE7, 0x1C, 0xFF, 0xFF, 0xBE, 0xFF, 0xEF, 0x5D, 0xFF, 0xF7, 0x5D, 0xFF, 0xEF, 0x5D, 0xFF, 0xEF,
    0x5D, 0xFF, 0xEF, 0x5D, 0xFF, 0xEF, 0x5D, 0xFF, 0xEF, 0x5D, 0xFF, 0xEF, 0x5D, 0xFF, 0xEF, 0x5D,
    0xFF, 0xEF, 0x5D, 0xFF, 0xEF, 0x5D, 0xFF, 0xEF, 0x5D, 0xFF, 0xEF, 0x3C, 0xFF, 0xF7, 0x9E, 0xFF,
    0xE6, 0xDB, 0xFF, 0xB5, 0x96, 0xFF, 0xD6, 0x79, 0xFF, 0xFF, 0xBF, 0xFF, 0xEF, 0x5D, 0xFF, 0xF7,
    0x9E, 0xFF, 0xD6, 0xBA, 0xFF, 0x5A, 0x69, 0xFF, 0xBC, 0x0E, 0xFF, 0xFE, 0xF9, 0xFF, 0xFF, 0xFF,
    0xFF, 0xE6, 0xB9, 0xFF, 0xA4, 0x92, 0xFF, 0xC5, 0xD7, 0xFF, 0xF7, 0xBE, 0xFF, 0xEF, 0x3C, 0xFF,
    0xEF, 0x5D, 0xFF, 0xEF, 0x5D, 0xFF, 0xEF, 0x5D, 0xFF, 0xF7, 0x5D, 0xFF, 0xE6, 0xFC, 0xFF, 0xC5,
    0xF8, 0xFF, 0xE6, 0xDB, 0xFF, 0xF7, 0x5D, 0xFF, 0xEF, 0x3C, 0xFF, 0xEF, 0x5D, 0xFF, 0xEF, 0x5D,
    0xFF, 0xEF, 0x3C, 0xFF, 0xEF, 0x3C, 0xFF, 0xEF, 0x3C, 0xFF, 0xEF, 0x3C, 0xFF, 0xEF, 0x3C, 0xFF,
    0xEF, 0x3C, 0xFF, 0xEF, 0x3C, 0xFF, 0xEF, 0x3C, 0xFF, 0xEF, 0x3C, 0xFF, 0xEF, 0x3C, 0xFF, 0xEF,
    0x3C, 0xFF, 0xEF, 0x3C, 0xFF, 0xEF, 0x3C, 0xFF, 0xEF, 0x3C, 0xFF, 0xEF, 0x3C, 0xFF, 0xEF, 0x3C,
    0xFF, 0xEF, 0x5D, 0xFF, 0xEF, 0x5D, 0xFF, 0xBD, 0x76, 0xFF, 0xCE, 0x38, 0xFF, 0xEF, 0x3C, 0xFF,
    0xEF, 0x5D, 0xFF, 0xEF, 0x3C, 0xFF, 0xEF, 0x3C, 0xFF, 0xEF, 0x5D, 0xFF, 0xEF, 0x3C, 0xFF, 0xF7,
    0x5D, 0xFF, 0xF7, 0x9E, 0xFF, 0xC5, 0xD7, 0xFF, 0x83, 0x6D, 0xFF, 0xEE, 0x35, 0xFF, 0xFF, 0x39,
    0xFF, 0x8B, 0xAE, 0xFF, 0x8C, 0x10, 0xFF, 0xC6, 0x18, 0xFF, 0xEF, 0x3C, 0xFF, 0xF7, 0x9E, 0xFF,
    0xF7, 0x7D, 0xFF, 0xFF, 0xBE, 0xFF, 0xDE, 0xDB, 0xFF, 0x9C, 0xB3, 0xFF, 0xBD, 0x96, 0xFF, 0xDE,
    0xBA, 0xFF, 0xEF, 0x3C, 0xFF, 0xEF, 0x3C, 0xFF, 0xEF, 0x1C, 0xFF, 0xEF, 0x3C, 0xFF, 0xEF, 0x3C,
    0xFF, 0xEF, 0x3C, 0xFF, 0xEF, 0x3C, 0xFF, 0xEF, 0x3C, 0xFF, 0xEF, 0x3C, 0xFF, 0xEF, 0x5D, 0xFF,
    0xF7, 0x7D, 0xFF, 0xC6, 0x18, 0xFF, 0x62, 0xEC, 0xFF, 0x52, 0x27, 0xFF, 0xB4, 0xCE, 0xFF, 0xC5,
    0x2F, 0xFF, 0xBC, 0xEE, 0xFF, 0xCD, 0xB0, 0xFF, 0x73, 0x49, 0xFF, 0x00, 0x40, 0xFF, 0x10, 0xC1,
    0xFF, 0x19, 0x02, 0xFF, 0x00, 0x20, 0xFF, 0x00, 0x00, 0xFF, 0x08, 0x40, 0xFF, 0x08, 0x40, 0xFF,
    0x00, 0x00, 0xFF, 0x08, 0x80, 0xFF, 0x21, 0x22, 0xFF, 0x21, 0x42, 0xFF, 0x21, 0x42, 0xFF, 0x29,
    0x83, 0xFF, 0x21, 0x42, 0xFF, 0x21, 0x42, 0xFF, 0x4A, 0xA6, 0xFF, 0x73, 0xA9, 0xFF, 0x73, 0x8B,
    0xFF, 0xDE, 0xBA, 0xFF, 0xF7, 0x7D, 0xFF, 0xEF, 0x3D, 0xFF, 0xE6, 0xBB, 0xFF, 0xBD, 0x56, 0xFF,
    0xA4, 0xD4, 0xFF, 0x62, 0xEC, 0xFF, 0x39, 0x85, 0xFF, 0x9C, 0x0C, 0xFF, 0xBD, 0x0E, 0xFF, 0xAC,
    0x8D, 0xFF, 0xC5, 0x2F, 0xFF, 0xC5, 0x6F, 0xFF, 0x73, 0x28, 0xFF, 0x31, 0xC4, 0xFF, 0x53, 0x46,
    0xFF, 0x6C, 0x08, 0xFF, 0x74, 0x69, 0xFF, 0x6C, 0x08, 0xFF, 0x42, 0xA5, 0xFF, 0x63, 0xA9, 0xFF,
    0xB6, 0x31, 0xFF, 0x8D, 0x0E, 0xFF, 0x8C, 0xED, 0xFF, 0xC6, 0x57, 0xFF, 0xEF, 0x3C, 0xFF, 0xEF,
    0x1C, 0xFF, 0xE7, 0x1B, 0xFF, 0xEF, 0x1C, 0xFF, 0xE6, 0xFB, 0xFE, 0xE6, 0xFB, 0xFF, 0xF7, 0x7D,
    0xF3, 0xD6, 0x99, 0x97, 0x00, 0x00, 0x1A, 0xFF, 0xFF, 0x01, 0x00, 0x00, 0x04, 0x00, 0x00, 0x21,
    0x00, 0x00, 0x21, 0x00, 0x00, 0x04, 0x00, 0x00, 0x00, 0x00, 0x00, 0x00, 0x00, 0x00, 0x00, 0x00,
    0x00, 0x00, 0x00, 0x00, 0x00, 0x00, 0x00, 0x00, 0x00, 0x00, 0x00, 0x00, 0x00, 0x00, 0x00, 0x00,
    0x00, 0x00, 0x00, 0x00, 0x00, 0x00, 0x00, 0x29, 0x45, 0x06, 0x19, 0x44, 0x38, 0xB5, 0xF2, 0xBF,
    0xBE, 0x51, 0xFE, 0x63, 0xA9, 0xFF, 0x9C, 0xD2, 0xFE, 0xFF, 0xFF, 0xFF, 0xE7, 0x1C, 0xFF, 0x5A,
    0xCC, 0xFF, 0x5A, 0x8A, 0xFF, 0xFF, 0xBE, 0xFF, 0xE6, 0xFB, 0xFF, 0xEF, 0x1C, 0xFF, 0xEF, 0x1C,
    0xFF, 0xEF, 0x3C, 0xFF, 0xEF, 0x3C, 0xFF, 0xEF, 0x3C, 0xFF, 0xE7, 0x1C, 0xFF, 0xE7, 0x1C, 0xFF,
    0xEF, 0x3C, 0xFF, 0xEF, 0x3C, 0xFF, 0xEF, 0x3C, 0xFF, 0xEF, 0x3C, 0xFF, 0xF7, 0x7E, 0xFF, 0xD6,
    0x7A, 0xFF, 0x7B, 0xCF, 0xFF, 0xC6, 0x18, 0xFF, 0xFF, 0x9E, 0xFF, 0xF7, 0x7D, 0xFF, 0xEF, 0x5D,
    0xFF, 0xEF, 0x5D, 0xFF, 0xEF, 0x5D, 0xFF, 0xEF, 0x5D, 0xFF, 0xEF, 0x5D, 0xFF, 0xEF, 0x5D, 0xFF,
    0xEF, 0x5D, 0xFF, 0xEF, 0x5D, 0xFF, 0xEF, 0x5D, 0xFF, 0xEF, 0x5D, 0xFF, 0xEF, 0x5D, 0xFF, 0xEF,
    0x5D, 0xFF, 0xF7, 0x5D, 0xFF, 0xF7, 0x7D, 0xFF, 0xC5, 0xD7, 0xFF, 0xBD, 0xB7, 0xFF, 0xFF, 0xBE,
    0xFF, 0xF7, 0x5D, 0xFF, 0xF7, 0x7D, 0xFF, 0xF7, 0x9E, 0xFF, 0xAD, 0x34, 0xFF, 0x62, 0x08, 0xFF,
    0xDD, 0x73, 0xFF, 0xFF, 0xBD, 0xFF, 0xFF, 0xFF, 0xFF, 0xF7, 0x5C, 0xFF, 0xAC, 0xF3, 0xFF, 0xBD,
    0x96, 0xFF, 0xFF, 0xBE, 0xFF, 0xEF, 0x3C, 0xFF, 0xEF, 0x5D, 0xFF, 0xEF, 0x5D, 0xFF, 0xEF, 0x5D,
    0xFF, 0xF7, 0x5D, 0xFF, 0xEF, 0x1C, 0xFF, 0xC5, 0xF8, 0xFF, 0xDE, 0x9A, 0xFF, 0xF7, 0x5D, 0xFF,
    0xEF, 0x5D, 0xFF, 0xEF, 0x3C, 0xFF, 0xEF, 0x3C, 0xFF, 0xEF, 0x3C, 0xFF, 0xEF, 0x3C, 0xFF, 0xEF,
    0x3C, 0xFF, 0xEF, 0x3C, 0xFF, 0xEF, 0x3C, 0xFF, 0xEF, 0x3C, 0xFF, 0xEF, 0x3C, 0xFF, 0xEF, 0x3C,
    0xFF, 0xEF, 0x3C, 0xFF, 0xEF, 0x3C, 0xFF, 0xEF, 0x3C, 0xFF, 0xEF, 0x3C, 0xFF, 0xEF, 0x3C, 0xFF,
    0xEF, 0x3C, 0xFF, 0xEF, 0x3C, 0xFF, 0xEF, 0x3D, 0xFF, 0xEF, 0x5D, 0xFF, 0xEF, 0x5D, 0xFF, 0xB5,
    0x76, 0xFF, 0xCD, 0xF8, 0xFF, 0xEF, 0x3C, 0xFF, 0xEF, 0x3D, 0xFF, 0xEF, 0x1C, 0xFF, 0xEF, 0x3C,
    0xFF, 0xEF, 0x3C, 0xFF, 0xEF, 0x3C, 0xFF, 0xEF, 0x5D, 0xFF, 0xF7, 0x7D, 0xFF, 0xB5, 0x55, 0xFF,
    0x8B, 0x6D, 0xFF, 0xEE, 0x35, 0xFF, 0xFF, 0x9B, 0xFF, 0xC5, 0x54, 0xFF, 0x83, 0x6E, 0xFF, 0xA4,
    0xF4, 0xFF, 0xE6, 0xDB, 0xFF, 0xF7, 0x9D, 0xFF, 0xF7, 0x9D, 0xFF, 0xF7, 0xBE, 0xFF, 0xF7, 0x7D,
    0xFF, 0xAD, 0x34, 0xFF, 0xA4, 0xD4, 0xFF, 0xCE, 0x18, 0xFF, 0xE6, 0xDB, 0xFF, 0xEF, 0x3C, 0xFF,
    0xEF, 0x3C, 0xFF, 0xEF, 0x3C, 0xFF, 0xEF, 0x3C, 0xFF, 0xEF, 0x3D, 0xFF, 0xEF, 0x3D, 0xFF, 0xEF,
    0x5D, 0xFF, 0xEF, 0x3D, 0xFF, 0xEF, 0x5D, 0xFF, 0xF7, 0x9E, 0xFF, 0xD6, 0x79, 0xFF, 0x94, 0xB3,
    0xFF, 0x41, 0xE7, 0xFF, 0x83, 0x8B, 0xFF, 0xCD, 0x4F, 0xFF, 0xBC, 0xEE, 0xFF, 0xC5, 0x4F, 0xFF,
    0xBD, 0x2F, 0xFF, 0x42, 0x06, 0xFF, 0x00, 0x00, 0xFF, 0x19, 0x02, 0xFF, 0x19, 0x02, 0xFF, 0x10,
    0xC1, 0xFF, 0x08, 0x81, 0xFF, 0x08, 0xA1, 0xFF, 0x19, 0x22, 0xFF, 0x21, 0x42, 0xFF, 0x21, 0x42,
    0xFF, 0x21, 0x42, 0xFF, 0x21, 0x62, 0xFF, 0x21, 0x42, 0xFF, 0x19, 0x02, 0xFF, 0x21, 0x62, 0xFF,
    0x4A, 0xC6, 0xFF, 0x6B, 0x68, 0xFF, 0x6B, 0x29, 0xFF, 0xC5, 0xF7, 0xFF, 0xFF, 0x9E, 0xFF, 0xEF,
    0x1C, 0xFF, 0xEE, 0xFC, 0xFF, 0xDE, 0xBB, 0xFF, 0xBD, 0x97, 0xFF, 0xAC, 0xF5, 0xFF, 0x6B, 0x0D,
    0xFF, 0x39, 0x85, 0xFF, 0x94, 0x0C, 0xFF, 0xBD, 0x0E, 0xFF, 0xAC, 0x8C, 0xFF, 0xB4, 0xCD, 0xFF,
    0xD5, 0x8F, 0xFF, 0x8B, 0xEA, 0xFF, 0x42, 0x24, 0xFF, 0x53, 0x26, 0xFF, 0x74, 0x69, 0xFF, 0x84,
    0xEA, 0xFF, 0x5B, 0x67, 0xFF, 0x3A, 0x45, 0xFF, 0x8C, 0xED, 0xFF, 0x9D, 0xB0, 0xFF, 0x7C, 0xAC,
    0xFF, 0xB5, 0xD3, 0xFF, 0xEF, 0x3C, 0xFF, 0xE7, 0x1C, 0xFF, 0xE6, 0xFB, 0xFF, 0xE7, 0x1B, 0xFF,
    0xE7, 0x1B, 0xFE, 0xE6, 0xDB, 0xFF, 0xF7, 0x7E, 0xFF, 0xE6, 0xFB, 0xC1, 0x39, 0xC7, 0x43, 0x39,
    0xE7, 0x04, 0x31, 0x86, 0x05, 0x00, 0x00, 0x21, 0x00, 0x00, 0x21, 0x00, 0x00, 0x04, 0x00, 0x00,
    0x00, 0x00, 0x00, 0x00, 0x00, 0x00, 0x00, 0x00, 0x00, 0x00, 0x00, 0x00, 0x00, 0x00, 0x00, 0x00,
    0x00, 0x00, 0x00, 0x00, 0x00, 0x03, 0x00, 0x00, 0x04, 0x00, 0x00, 0x01, 0x00, 0x00, 0x00, 0x7B,
    0xEF, 0x02, 0x00, 0x00, 0x1A, 0x9D, 0x50, 0x93, 0xA5, 0xAF, 0xED, 0x7C, 0x2C, 0xFF, 0xBD, 0xD6,
    0xFE, 0xFF, 0xFF, 0xFF, 0xBD, 0xD7, 0xFF, 0x4A, 0x29, 0xFF, 0x9C, 0xB2, 0xFF, 0xFF, 0x9E, 0xFF,
    0xE6, 0xFB, 0xFF, 0xEF, 0x1C, 0xFF, 0xEF, 0x1C, 0xFF, 0xEF, 0x1C, 0xFF, 0xEF, 0x3C, 0xFF, 0xEF,
    0x3C, 0xFF, 0xE7, 0x1C, 0xFF, 0xE7, 0x1C, 0xFF, 0xEF, 0x3C, 0xFF, 0xEF, 0x3C, 0xFF, 0xEF, 0x3C,
    0xFF, 0xF7, 0x5D, 0xFF, 0xEF, 0x5D, 0xFF, 0x9C, 0xB3, 0xFF, 0x94, 0x92, 0xFF, 0xF7, 0x7D, 0xFF,
    0xF7, 0x9D, 0xFF, 0xEF, 0x3C, 0xFF, 0xEF, 0x5D, 0xFF, 0xEF, 0x5D, 0xFF, 0xEF, 0x5D, 0xFF, 0xEF,
    0x5D, 0xFF, 0xEF, 0x5D, 0xFF, 0xEF, 0x5D, 0xFF, 0xEF, 0x5D, 0xFF, 0xEF, 0x5D, 0xFF, 0xEF, 0x5D,
    0xFF, 0xEF, 0x5D, 0xFF, 0xEF, 0x5D, 0xFF, 0xEF, 0x3C, 0xFF, 0xFF, 0xBE, 0xFF, 0xCE, 0x59, 0xFF,
    0xB5, 0x55, 0xFF, 0xE6, 0xDB, 0xFF, 0xFF, 0xBE, 0xFF, 0xEF, 0x3C, 0xFF, 0xF7, 0x9E, 0xFF, 0xEF,
    0x5D, 0xFF, 0x73, 0x4D, 0xFF, 0x8A, 0xEA, 0xFF, 0xF6, 0xD9, 0xFF, 0xFF, 0xFF, 0xFF, 0xFF, 0xFF,
    0xFF, 0xFF, 0xFF, 0xFF, 0xBD, 0x75, 0xFF, 0xB5, 0x34, 0xFF, 0xF7, 0x9E, 0xFF, 0xF7, 0x7D, 0xFF,
    0xEF, 0x5D, 0xFF, 0xEF, 0x5D, 0xFF, 0xEF, 0x5D, 0xFF, 0xEF, 0x5D, 0xFF, 0xEF, 0x3C, 0xFF, 0xC5,
    0xF8, 0xFF, 0xD6, 0x59, 0xFF, 0xEF, 0x3D, 0xFF, 0xEF, 0x5D, 0xFF, 0xEF, 0x3C, 0xFF, 0xEF, 0x3C,
    0xFF, 0xEF, 0x3C, 0xFF, 0xEF, 0x3C, 0xFF, 0xEF, 0x3C, 0xFF, 0xEF, 0x3C, 0xFF, 0xEF, 0x3C, 0xFF,
    0xEF, 0x3C, 0xFF, 0xEF, 0x3C, 0xFF, 0xEF, 0x3C, 0xFF, 0xEF, 0x3C, 0xFF, 0xEF, 0x3C, 0xFF, 0xEF,
    0x3C, 0xFF, 0xEF, 0x3C, 0xFF, 0xEF, 0x3C, 0xFF, 0xEF, 0x3C, 0xFF, 0xEF, 0x3D, 0xFF, 0xEF, 0x3D,
    0xFF, 0xEF, 0x5D, 0xFF, 0xEF, 0x5D, 0xFF, 0xB5, 0x76, 0xFF, 0xC5, 0xD7, 0xFF, 0xEF, 0x1C, 0xFF,
    0xEF, 0x3C, 0xFF, 0xEF, 0x1C, 0xFF, 0xEF, 0x3C, 0xFF, 0xEF, 0x3C, 0xFF, 0xE7, 0x1C, 0xFF, 0xEF,
    0x5D, 0xFF, 0xEF, 0x3C, 0xFF, 0x9C, 0x92, 0xFF, 0x9B, 0xEE, 0xFF, 0xF6, 0xF9, 0xFF, 0xFF, 0x5B,
    0xFF, 0xFF, 0x7C, 0xFF, 0x8B, 0xEF, 0xFF, 0x83, 0xCF, 0xFF, 0xBD, 0xD7, 0xFF, 0xDE, 0xDB, 0xFF,
    0xF7, 0x7D, 0xFF, 0xF7, 0x9E, 0xFF, 0xF7, 0x9E, 0xFF, 0xCE, 0x38, 0xFF, 0x8C, 0x31, 0xFF, 0xC5,
    0xD7, 0xFF, 0xCE, 0x39, 0xFF, 0xEF, 0x1C, 0xFF, 0xEF, 0x3C, 0xFF, 0xEF, 0x1C, 0xFF, 0xEF, 0x3C,
    0xFF, 0xEF, 0x3D, 0xFF, 0xEF, 0x5D, 0xFF, 0xEF, 0x5D, 0xFF, 0xEF, 0x5D, 0xFF, 0xEF, 0x5D, 0xFF,
    0xF7, 0x7D, 0xFF, 0xDE, 0xDB, 0xFF, 0xAD, 0x35, 0xFF, 0x83, 0xF0, 0xFF, 0x4A, 0x07, 0xFF, 0xA4,
    0x6C, 0xFF, 0xCD, 0x4F, 0xFF, 0xAC, 0x8D, 0xFF, 0xCD, 0x90, 0xFF, 0xAC, 0xCE, 0xFF, 0x21, 0x03,
    0xFF, 0x00, 0x20, 0xFF, 0x18, 0xE2, 0xFF, 0x10, 0xC1, 0xFF, 0x19, 0x01, 0xFF, 0x19, 0x01, 0xFF,
    0x19, 0x21, 0xFF, 0x19, 0x42, 0xFF, 0x21, 0x62, 0xFF, 0x21, 0x62, 0xFF, 0x21, 0x62, 0xFF, 0x21,
    0x42, 0xFF, 0x19, 0x01, 0xFF, 0x21, 0x82, 0xFF, 0x53, 0x06, 0xFF, 0x63, 0x47, 0xFF, 0x5A, 0xE8,
    0xFF, 0x9C, 0x91, 0xFF, 0xF7, 0xBE, 0xFF, 0xF7, 0x9E, 0xFF, 0xD6, 0x7A, 0xFF, 0xEF, 0x3D, 0xFF,
    0xDE, 0xBB, 0xFF, 0xBD, 0x77, 0xFF, 0xB5, 0x56, 0xFF, 0x6B, 0x4E, 0xFF, 0x31, 0x24, 0xFF, 0x83,
    0xAB, 0xFF, 0xB4, 0xEE, 0xFF, 0xA4, 0x6C, 0xFF, 0xAC, 0x6C, 0xFF, 0xC5, 0x4E, 0xFF, 0xA4, 0x6C,
    0xFF, 0x52, 0x65, 0xFF, 0x42, 0xA5, 0xFF, 0x7C, 0xAA, 0xFF, 0x84, 0xAB, 0xFF, 0x42, 0x85, 0xFF,
    0x3A, 0x45, 0xFF, 0x9D, 0x8F, 0xFF, 0x7C, 0xCC, 0xFF, 0x9D, 0x30, 0xFF, 0xE7, 0x1B, 0xFF, 0xEF,
    0x1C, 0xFF, 0xE7, 0x1B, 0xFF, 0xE7, 0x1B, 0xFF, 0xE7, 0x1C, 0xFF, 0xE6, 0xDB, 0xFE, 0xF7, 0x7D,
    0xFF, 0xEF, 0x3C, 0xDA, 0x94, 0x91, 0x67, 0x00, 0x00, 0x06, 0x63, 0x2C, 0x05, 0x00, 0x20, 0x21,
    0x00, 0x00, 0x21, 0x00, 0x00, 0x04, 0x00, 0x00, 0x00, 0x00, 0x00, 0x00, 0x00, 0x00, 0x00, 0x00,
    0x00, 0x00, 0x00, 0x00, 0x03, 0x00, 0x00, 0x0B, 0x08, 0x60, 0x11, 0x19, 0x22, 0x20, 0x21, 0x83,
    0x2D, 0x08, 0x61, 0x15, 0x00, 0x00, 0x0C, 0xFF, 0xFF, 0x01, 0x00, 0x00, 0x0C, 0x8C, 0xCE, 0x75,
    0x6C, 0x0A, 0xE0, 0x6B, 0xCB, 0xFF, 0xD6, 0xB9, 0xFE, 0xFF, 0xDF, 0xFF, 0x84, 0x10, 0xFF, 0x5A,
    0xAB, 0xFF, 0xDE, 0x9A, 0xFF, 0xEF, 0x3C, 0xFF, 0xE6, 0xFB, 0xFF, 0xE7, 0x1C, 0xFF, 0xEF, 0x1C,
    0xFF, 0xEF, 0x3C, 0xFF, 0xEF, 0x3D, 0xFF, 0xEF, 0x3C, 0xFF, 0xE6, 0xFB, 0xFF, 0xE7, 0x1C, 0xFF,
    0xEF, 0x3C, 0xFF, 0xEF, 0x3C, 0xFF, 0xEF, 0x5D, 0xFF, 0xF7, 0x9E, 0xFF, 0xCE, 0x38, 0xFF, 0x7B,
    0xAF, 0xFF, 0xD6, 0x7A, 0xFF, 0xF7, 0x9E, 0xFF, 0xEF, 0x5D, 0xFF, 0xEF, 0x3C, 0xFF, 0xEF, 0x3C,
    0xFF, 0xEF, 0x5D, 0xFF, 0xEF, 0x5D, 0xFF, 0xEF, 0x5D, 0xFF, 0xEF, 0x5D, 0xFF, 0xEF, 0x5D, 0xFF,
    0xEF, 0x5C, 0xFF, 0xEF, 0x5C, 0xFF, 0xEF, 0x5D, 0xFF, 0xEF, 0x5D, 0xFF, 0xEF, 0x3D, 0xFF, 0xF7,
    0x9E, 0xFF, 0xE6, 0xFC, 0xFF, 0xAD, 0x35, 0xFF, 0xCE, 0x18, 0xFF, 0xFF, 0xBE, 0xFF, 0xEF, 0x3C,
    0xFF, 0xEF, 0x5D, 0xFF, 0xF7, 0x9E, 0xFF, 0xD6, 0x59, 0xFF, 0x51, 0xE8, 0xFF, 0xBD, 0x13, 0xFF,
    0xFF, 0xDE, 0xFF, 0xFF, 0xFF, 0xFF, 0xFF, 0xDF, 0xFF, 0xFF, 0xFF, 0xFF, 0xBD, 0xB6, 0xFF, 0xA4,
    0xD3, 0xFF, 0xEF, 0x3C, 0xFF, 0xF7, 0x9E, 0xFF, 0xEF, 0x5D, 0xFF, 0xEF, 0x5C, 0xFF, 0xEF, 0x3C,
    0xFF, 0xEF, 0x5D, 0xFF, 0xEF, 0x3D, 0xFF, 0xC6, 0x18, 0xFF, 0xCE, 0x18, 0xFF, 0xEF, 0x1C, 0xFF,
    0xF7, 0x5D, 0xFF, 0xEF, 0x3C, 0xFF, 0xEF, 0x3C, 0xFF, 0xEF, 0x3C, 0xFF, 0xEF, 0x3C, 0xFF, 0xEF,
    0x3C, 0xFF, 0xEF, 0x3C, 0xFF, 0xEF, 0x3C, 0xFF, 0xEF, 0x3C, 0xFF, 0xEF, 0x3C, 0xFF, 0xEF, 0x3C,
    0xFF, 0xEF, 0x3C, 0xFF, 0xEF, 0x3C, 0xFF, 0xEF, 0x3C, 0xFF, 0xEF, 0x3C, 0xFF, 0xEF, 0x3C, 0xFF,
    0xEF, 0x3C, 0xFF, 0xEF, 0x3D, 0xFF, 0xEF, 0x5D, 0xFF, 0xEF, 0x5D, 0xFF, 0xF7, 0x5D, 0xFF, 0xB5,
    0x76, 0xFF, 0xBD, 0xB7, 0xFF, 0xE6, 0xFC, 0xFF, 0xEF, 0x3C, 0xFF, 0xE7, 0x1C, 0xFF, 0xEF, 0x1C,
    0xFF, 0xEF, 0x1C, 0xFF, 0xEF, 0x1C, 0xFF, 0xEF, 0x3C, 0xFF, 0xD6, 0x79, 0xFF, 0x83, 0xAF, 0xFF,
    0xB5, 0x13, 0xFF, 0xFF, 0xDD, 0xFF, 0xFF, 0xBD, 0xFF, 0xF7, 0x7C, 0xFF, 0xAC, 0xD3, 0xFF, 0x6B,
    0x0D, 0xFF, 0x94, 0x92, 0xFF, 0xC5, 0xD7, 0xFF, 0xCE, 0x39, 0xFF, 0xEF, 0x5C, 0xFF, 0xF7, 0x9E,
    0xFF, 0xEF, 0x3C, 0xFF, 0x8C, 0x31, 0xFF, 0xA4, 0xF3, 0xFF, 0xC5, 0xD7, 0xFF, 0xD6, 0x79, 0xFF,
    0xEF, 0x1C, 0xFF, 0xEF, 0x3C, 0xFF, 0xEF, 0x1C, 0xFF, 0xEF, 0x3C, 0xFF, 0xEF, 0x5D, 0xFF, 0xEF,
    0x5D, 0xFF, 0xEF, 0x5D, 0xFF, 0xEF, 0x5D, 0xFF, 0xF7, 0x7D, 0xFF, 0xEF, 0x3D, 0xFF, 0xA4, 0xF4,
    0xFF, 0xB5, 0x96, 0xFF, 0x6B, 0x4D, 0xFF, 0x62, 0x88, 0xFF, 0xB4, 0xCD, 0xFF, 0xC5, 0x2F, 0xFF,
    0xB4, 0xCE, 0xFF, 0xD5, 0xF2, 0xFF, 0x94, 0x4E, 0xFF, 0x10, 0x61, 0xFF, 0x08, 0x60, 0xFF, 0x19,
    0x01, 0xFF, 0x19, 0x01, 0xFF, 0x19, 0x21, 0xFF, 0x19, 0x42, 0xFF, 0x21, 0x62, 0xFF, 0x21, 0x82,
    0xFF, 0x21, 0x82, 0xFF, 0x21, 0x82, 0xFF, 0x21, 0x42, 0xFF, 0x18, 0xE1, 0xFF, 0x29, 0xA3, 0xFF,
    0x53, 0x46, 0xFF, 0x5B, 0x27, 0xFF, 0x73, 0x8A, 0xFF, 0x73, 0x8C, 0xFF, 0xEF, 0x5D, 0xFF, 0xFF,
    0xFF, 0xFF, 0xDE, 0x9A, 0xFF, 0xD6, 0x7A, 0xFF, 0xF7, 0x7D, 0xFF, 0xD6, 0x5A, 0xFF, 0xAD, 0x15,
    0xFF, 0xB5, 0x76, 0xFF, 0x7B, 0xAF, 0xFF, 0x20, 0xE4, 0xFF, 0x6A, 0xE9, 0xFF, 0xB4, 0xCE, 0xFF,
    0xA4, 0x8C, 0xFF, 0xA4, 0x2B, 0xFF, 0xBC, 0xCC, 0xFF, 0xB4, 0xED, 0xFF, 0x6B, 0x08, 0xFF, 0x3A,
    0x25, 0xFF, 0x74, 0x2A, 0xFF, 0x7C, 0x6A, 0xFF, 0x31, 0xE4, 0xFF, 0x53, 0x48, 0xFF, 0x8D, 0x6E,
    0xFF, 0x84, 0xAD, 0xFF, 0xDE, 0xB9, 0xFF, 0xEF, 0x3C, 0xFF, 0xE7, 0x1C, 0xFF, 0xE7, 0x1B, 0xFF,
    0xE7, 0x1C, 0xFF, 0xE6, 0xFB, 0xFE, 0xEF, 0x3D, 0xFF, 0xEF, 0x5D, 0xEB, 0xC6, 0x18, 0x88, 0x00,
    0x00, 0x0B, 0x9C, 0xD3, 0x05, 0x00, 0x20, 0x21, 0x00, 0x00, 0x21, 0x00, 0x00, 0x04, 0x00, 0x00,
    0x00, 0x00, 0x00, 0x01, 0xFF, 0xFF, 0x01, 0x00, 0x00, 0x08, 0x19, 0x41, 0x23, 0x4B, 0x07, 0x4D,
    0x64, 0x09, 0x74, 0x74, 0xAB, 0x9B, 0x7C, 0xEB, 0xBA, 0x74, 0xAB, 0x88, 0x4B, 0x26, 0x4F, 0x10,
    0xE2, 0x1A, 0x10, 0xA0, 0x0B, 0x84, 0x6C, 0x65, 0x53, 0x47, 0xD9, 0x7C, 0x4D, 0xFF, 0xEF, 0x9C,
    0xFE, 0xCE, 0x18, 0xFF, 0x52, 0x4A, 0xFF, 0x94, 0x51, 0xFF, 0xEF, 0x1C, 0xFF, 0xE7, 0x1C, 0xFF,
    0xE6, 0xFB, 0xFF, 0xE7, 0x1C, 0xFF, 0xEF, 0x3C, 0xFF, 0xEF, 0x3C, 0xFF, 0xEF, 0x5D, 0xFF, 0xEF,
    0x3C, 0xFF, 0xE6, 0xFB, 0xFF, 0xE7, 0x1C, 0xFF, 0xEF, 0x3C, 0xFF, 0xEF, 0x3C, 0xFF, 0xF7, 0x7E,
    0xFF, 0xE7, 0x1C, 0xFF, 0x8C, 0x51, 0xFF, 0xA4, 0xD4, 0xFF, 0xF7, 0x9E, 0xFF, 0xF7, 0x5D, 0xFF,
    0xEF, 0x3C, 0xFF, 0xEF, 0x3C, 0xFF, 0xEF, 0x3C, 0xFF, 0xEF, 0x3C, 0xFF, 0xEF, 0x3C, 0xFF, 0xEF,
    0x3C, 0xFF, 0xEF, 0x3C, 0xFF, 0xEF, 0x3C, 0xFF, 0xEF, 0x3C, 0xFF, 0xEF, 0x3C, 0xFF, 0xEF, 0x5D,
    0xFF, 0xEF, 0x3D, 0xFF, 0xEF, 0x5D, 0xFF, 0xF7, 0x7E, 0xFF, 0xAD, 0x55, 0xFF, 0xB5, 0x76, 0xFF,
    0xEF, 0x5D, 0xFF, 0xF7, 0x7D, 0xFF, 0xEF, 0x3C, 0xFF, 0xF7, 0x7D, 0xFF, 0xEF, 0x5D, 0xFF, 0xA4,
    0xB3, 0xFF, 0x51, 0xA6, 0xFF, 0xC5, 0xB5, 0xFF, 0xD6, 0x58, 0xFF, 0xC5, 0xD6, 0xFF, 0xBD, 0xB6,
    0xFF, 0xC5, 0xF7, 0xFF, 0xA4, 0xB2, 0xFF, 0x9C, 0x71, 0xFF, 0xC6, 0x17, 0xFF, 0xD6, 0x79, 0xFF,
    0xDE, 0xDA, 0xFF, 0xF7, 0x5D, 0xFF, 0xEF, 0x3C, 0xFF, 0xEF, 0x5D, 0xFF, 0xEF, 0x5D, 0xFF, 0xCE,
    0x39, 0xFF, 0xC5, 0xD7, 0xFF, 0xE6, 0xFB, 0xFF, 0xF7, 0x5D, 0xFF, 0xEF, 0x3C, 0xFF, 0xEF, 0x3C,
    0xFF, 0xEF, 0x3C, 0xFF, 0xEF, 0x3C, 0xFF, 0xEF, 0x3C, 0xFF, 0xEF, 0x3C, 0xFF, 0xEF, 0x3C, 0xFF,
    0xEF, 0x3C, 0xFF, 0xEF, 0x3C, 0xFF, 0xEF, 0x3C, 0xFF, 0xEF, 0x3C, 0xFF, 0xEF, 0x3C, 0xFF, 0xEF,
    0x3C, 0xFF, 0xEF, 0x3C, 0xFF, 0xEF, 0x3C, 0xFF, 0xEF, 0x3C, 0xFF, 0xEF, 0x5D, 0xFF, 0xEF, 0x5D,
    0xFF, 0xEF, 0x5D, 0xFF, 0xF7, 0x5D, 0xFF, 0xB5, 0x56, 0xFF, 0xBD, 0x96, 0xFF, 0xE6, 0xFB, 0xFF,
    0xEF, 0x3C, 0xFF, 0xE7, 0x1C, 0xFF, 0xE7, 0x1C, 0xFF, 0xEF, 0x1C, 0xFF, 0xEF, 0x1C, 0xFF, 0xE6,
    0xDB, 0xFF, 0xC5, 0xF7, 0xFF, 0x73, 0x0C, 0xFF, 0xA4, 0xB3, 0xFF, 0xCE, 0x58, 0xFF, 0xB5, 0x96,
    0xFF, 0x9C, 0x52, 0xFF, 0x93, 0xF0, 0xFF, 0x6A, 0xCB, 0xFF, 0x7B, 0xAF, 0xFF, 0xAD, 0x35, 0xFF,
    0xAD, 0x35, 0xFF, 0xC5, 0xD7, 0xFF, 0xE6, 0xFB, 0xFF, 0xFF, 0xBE, 0xFF, 0xB5, 0x96, 0xFF, 0x6B,
    0x0D, 0xFF, 0xB5, 0x55, 0xFF, 0xC5, 0xD7, 0xFF, 0xDE, 0xBA, 0xFF, 0xEF, 0x3D, 0xFF, 0xEF, 0x1C,
    0xFF, 0xEF, 0x1C, 0xFF, 0xEF, 0x3C, 0xFF, 0xEF, 0x3C, 0xFF, 0xEF, 0x5D, 0xFF, 0xEF, 0x5D, 0xFF,
    0xEF, 0x5D, 0xFF, 0xF7, 0x7D, 0xFF, 0xB5, 0x56, 0xFF, 0xA4, 0xD4, 0xFF, 0xBD, 0xD7, 0xFF, 0x62,
    0xCA, 0xFF, 0x6A, 0xC7, 0xFF, 0xBD, 0x2F, 0xFF, 0xBD, 0x0E, 0xFF, 0xB5, 0x0E, 0xFF, 0xD6, 0x12,
    0xFF, 0x8C, 0x0D, 0xFF, 0x08, 0x40, 0xFF, 0x10, 0xC1, 0xFF, 0x19, 0x21, 0xFF, 0x19, 0x21, 0xFF,
    0x21, 0x62, 0xFF, 0x21, 0x82, 0xFF, 0x21, 0xA2, 0xFF, 0x29, 0xA2, 0xFF, 0x29, 0x82, 0xFF, 0x21,
    0x42, 0xFF, 0x19, 0x02, 0xFF, 0x31, 0xE3, 0xFF, 0x5B, 0x67, 0xFF, 0x5B, 0x26, 0xFF, 0x84, 0x4C,
    0xFF, 0x6B, 0x2A, 0xFF, 0xD6, 0x9A, 0xFF, 0xFF, 0xFF, 0xFF, 0xEF, 0x5D, 0xFF, 0xC5, 0xF8, 0xFF,
    0xDE, 0xBB, 0xFF, 0xF7, 0xBF, 0xFF, 0xBD, 0xB8, 0xFF, 0xA4, 0xD4, 0xFF, 0xB5, 0x97, 0xFF, 0x73,
    0x6F, 0xFF, 0x10, 0x82, 0xFF, 0x52, 0x47, 0xFF, 0xAC, 0x8D, 0xFF, 0xB4, 0xCD, 0xFF, 0xA4, 0x4A,
    0xFF, 0xAC, 0x6B, 0xFF, 0xBD, 0x0E, 0xFF, 0x8C, 0x0B, 0xFF, 0x4A, 0x66, 0xFF, 0x4A, 0xE6, 0xFF,
    0x53, 0x27, 0xFF, 0x32, 0x25, 0xFF, 0x84, 0xEC, 0xFF, 0x84, 0xAC, 0xFF, 0xCE, 0x77, 0xFF, 0xEF,
    0x5C, 0xFF, 0xEF, 0x1C, 0xFF, 0xE7, 0x1B, 0xFF, 0xEF, 0x3C, 0xFF, 0xE7, 0x1C, 0xFE, 0xEF, 0x1C,
    0xFF, 0xF7, 0x9E, 0xF9, 0xE7, 0x1C, 0xA8, 0x00, 0x00, 0x20, 0x6B, 0x6D, 0x07, 0x00, 0x20, 0x21,
    0x00, 0x00, 0x21, 0x00, 0x00, 0x04, 0x00, 0x00, 0x01, 0x55, 0x4A, 0x03, 0x00, 0x00, 0x12, 0x4A,
    0xE7, 0x44, 0x6C, 0x6A, 0x78, 0x74, 0xCB, 0xAD, 0x74, 0xCB, 0xDE, 0x7C, 0xCB, 0xEE, 0x7C, 0xEB,
    0xFD, 0x85, 0x0B, 0xDD, 0x85, 0x2B, 0xA4, 0x5B, 0xC8, 0x65, 0x08, 0xE1, 0x30, 0x7C, 0x2A, 0x68,
    0x53, 0x26, 0xD4, 0x9D, 0x51, 0xFF, 0xE7, 0x3B, 0xFF, 0x8C, 0x31, 0xFF, 0x6A, 0xED, 0xFF, 0xD6,
    0x79, 0xFF, 0xE6, 0xFB, 0xFF, 0xE7, 0x1C, 0xFF, 0xE6, 0xFC, 0xFF, 0xEF, 0x1C, 0xFF, 0xEF, 0x3C,
    0xFF, 0xEF, 0x3C, 0xFF, 0xEF, 0x5D, 0xFF, 0xE7, 0x1C, 0xFF, 0xE6, 0xFB, 0xFF, 0xEF, 0x3C, 0xFF,
    0xEF, 0x5D, 0xFF, 0xF7, 0x7D, 0xFF, 0xF7, 0x7D, 0xFF, 0xBD, 0x76, 0xFF, 0x7B, 0xAF, 0xFF, 0xE6,
    0xFC, 0xFF, 0xF7, 0x7D, 0xFF, 0xEF, 0x3C, 0xFF, 0xEF, 0x3C, 0xFF, 0xEF, 0x3C, 0xFF, 0xEF, 0x3C,
    0xFF, 0xEF, 0x3C, 0xFF, 0xEF, 0x3C, 0xFF, 0xEF, 0x3C, 0xFF, 0xEF, 0x3C, 0xFF, 0xEF, 0x3C, 0xFF,
    0xEF, 0x3C, 0xFF, 0xEF, 0x3C, 0xFF, 0xEF, 0x3C, 0xFF, 0xEF, 0x3C, 0xFF, 0xFF, 0xBE, 0xFF, 0xC5,
    0xD7, 0xFF, 0xA4, 0xF4, 0xFF, 0xDE, 0xDB, 0xFF, 0xFF, 0xBE, 0xFF, 0xF7, 0x5D, 0xFF, 0xEF, 0x5C,
    0xFF, 0xEF, 0x1C, 0xFF, 0xCE, 0x59, 0xFF, 0x62, 0xAB, 0xFF, 0x62, 0x49, 0xFF, 0xAC, 0xF3, 0xFF,
    0xAD, 0x34, 0xFF, 0xAD, 0x34, 0xFF, 0xAD, 0x34, 0xFF, 0xBD, 0x95, 0xFF, 0xA4, 0xB3, 0xFF, 0x94,
    0x51, 0xFF, 0xBD, 0x96, 0xFF, 0xC5, 0xF7, 0xFF, 0xC5, 0xD7, 0xFF, 0xEF, 0x1C, 0xFF, 0xEF, 0x5D,
    0xFF, 0xEF, 0x3C, 0xFF, 0xEF, 0x5D, 0xFF, 0xD6, 0x79, 0xFF, 0xBD, 0xB7, 0xFF, 0xDE, 0xBA, 0xFF,
    0xF7, 0x5D, 0xFF, 0xEF, 0x5C, 0xFF, 0xEF, 0x3C, 0xFF, 0xEF, 0x3C, 0xFF, 0xEF, 0x3C, 0xFF, 0xEF,
    0x3C, 0xFF, 0xEF, 0x3C, 0xFF, 0xEF, 0x3C, 0xFF, 0xEF, 0x3C, 0xFF, 0xEF, 0x3C, 0xFF, 0xEF, 0x3C,
    0xFF, 0xEF, 0x3C, 0xFF, 0xEF, 0x3C, 0xFF, 0xEF, 0x3C, 0xFF, 0xEF, 0x3C, 0xFF, 0xEF, 0x3D, 0xFF,
    0xEF, 0x3D, 0xFF, 0xEF, 0x5D, 0xFF, 0xEF, 0x5D, 0xFF, 0xEF, 0x5D, 0xFF, 0xF7, 0x5D, 0xFF, 0xBD,
    0x76, 0xFF, 0xB5, 0x56, 0xFF, 0xE6, 0xDB, 0xFF, 0xEF, 0x3C, 0xFF, 0xEF, 0x1C, 0xFF, 0xE7, 0x1C,
    0xFF, 0xEF, 0x1C, 0xFF, 0xE6, 0xFC, 0xFF, 0xDE, 0x9A, 0xFF, 0xB5, 0x75, 0xFF, 0x5A, 0x6A, 0xFF,
    0x7B, 0x8E, 0xFF, 0xA4, 0xB3, 0xFF, 0xAC, 0xF4, 0xFF, 0xB5, 0x35, 0xFF, 0xD6, 0x17, 0xFF, 0xB5,
    0x33, 0xFF, 0x73, 0x2D, 0xFF, 0x8C, 0x31, 0xFF, 0xB5, 0x96, 0xFF, 0xA4, 0xB3, 0xFF, 0xAD, 0x35,
    0xFF, 0xD6, 0x79, 0xFF, 0xDE, 0x9A, 0xFF, 0x62, 0xEC, 0xFF, 0x94, 0x51, 0xFF, 0xBD, 0x96, 0xFF,
    0xC5, 0xB7, 0xFF, 0xDE, 0xBB, 0xFF, 0xF7, 0x5D, 0xFF, 0xEF, 0x1C, 0xFF, 0xEF, 0x1C, 0xFF, 0xEF,
    0x3C, 0xFF, 0xEF, 0x3C, 0xFF, 0xEF, 0x3C, 0xFF, 0xEF, 0x3C, 0xFF, 0xF7, 0x5D, 0xFF, 0xC5, 0xF8,
    0xFF, 0x94, 0x73, 0xFF, 0xC5, 0xD8, 0xFF, 0xAD, 0x55, 0xFF, 0x4A, 0x07, 0xFF, 0x72, 0xE8, 0xFF,
    0xC5, 0x50, 0xFF, 0xAC, 0xAD, 0xFF, 0xBD, 0x0F, 0xFF, 0xE6, 0x74, 0xFF, 0x94, 0x4E, 0xFF, 0x10,
    0xC1, 0xFF, 0x21, 0x41, 0xFF, 0x31, 0xE3, 0xFF, 0x21, 0x82, 0xFF, 0x21, 0x81, 0xFF, 0x21, 0x82,
    0xFF, 0x21, 0x62, 0xFF, 0x21, 0x42, 0xFF, 0x19, 0x01, 0xFF, 0x19, 0x01, 0xFF, 0x3A, 0x44, 0xFF,
    0x5B, 0xA7, 0xFF, 0x53, 0x46, 0xFF, 0x8C, 0x6C, 0xFF, 0x6B, 0x4A, 0xFF, 0xB5, 0x96, 0xFF, 0xF7,
    0xBE, 0xFF, 0xFF, 0xFF, 0xFF, 0xCE, 0x39, 0xFF, 0xC5, 0xF8, 0xFF, 0xF7, 0x9E, 0xFF, 0xEF, 0x5D,
    0xFF, 0xAD, 0x15, 0xFF, 0x9C, 0x93, 0xFF, 0xB5, 0x56, 0xFF, 0x5A, 0xAB, 0xFF, 0x08, 0x41, 0xFF,
    0x31, 0x43, 0xFF, 0x7B, 0x49, 0xFF, 0xAC, 0xCC, 0xFF, 0xAC, 0x8C, 0xFF, 0xA4, 0x2B, 0xFF, 0xBC,
    0xED, 0xFF, 0xB5, 0x0E, 0xFF, 0x73, 0x89, 0xFF, 0x29, 0xC4, 0xFF, 0x08, 0xA1, 0xFF, 0x3A, 0x45,
    0xFF, 0x8C, 0xCC, 0xFF, 0xBD, 0xF4, 0xFF, 0xF7, 0x5C, 0xFF, 0xEF, 0x3C, 0xFF, 0xE7, 0x1C, 0xFF,
    0xEF, 0x3C, 0xFF, 0xEF, 0x3C, 0xFE, 0xEF, 0x1C, 0xFF, 0xFF, 0xBE, 0xFF, 0xEF, 0x5D, 0xC8, 0x42,
    0x08, 0x45, 0x18, 0xC3, 0x0A, 0x00, 0x20, 0x21, 0x00, 0x00, 0x21, 0x00, 0x00, 0x04, 0x52, 0xA0,
    0x03, 0x08, 0x40, 0x1D, 0x5B, 0xC9, 0x55, 0x74, 0x8B, 0xAB, 0x74, 0x8A, 0xDD, 0x74, 0x8B, 0xEF,
    0x74, 0xAB, 0xFF, 0x7C, 0xEB, 0xFF, 0x7D, 0x0B, 0xFF, 0x7C, 0xEB, 0xFD, 0x85, 0x0B, 0xEA, 0x8D,
    0x2C, 0xD8, 0x4B, 0x07, 0xBD, 0x63, 0x88, 0xCD, 0x5B, 0x67, 0xF3, 0xC6, 0x75, 0xFF, 0xB5, 0xB5,
    0xFF, 0x63, 0x0D, 0xFF, 0xB5, 0x76, 0xFF, 0xF7, 0x7D, 0xFF, 0xE6, 0xFB, 0xFF, 0xE7, 0x1C, 0xFF,
    0xE7, 0x1C, 0xFF, 0xEF, 0x1C, 0xFF, 0xEF, 0x3C, 0xFF, 0xEF, 0x3C, 0xFF, 0xEF, 0x5D, 0xFF, 0xE7,
    0x1C, 0xFF, 0xE6, 0xFB, 0xFF, 0xEF, 0x3C, 0xFF, 0xEF, 0x5D, 0xFF, 0xFF, 0xBE, 0xFF, 0xDE, 0x9A,
    0xFF, 0x7B, 0xAF, 0xFF, 0xB5, 0x76, 0xFF, 0xFF, 0x9E, 0xFF, 0xEF, 0x3C, 0xFF, 0xEF, 0x1C, 0xFF,
    0xEF, 0x1C, 0xFF, 0xEF, 0x3C, 0xFF, 0xEF, 0x3C, 0xFF, 0xEF, 0x3C, 0xFF, 0xEF, 0x3C, 0xFF, 0xEF,
    0x3C, 0xFF, 0xEF, 0x3C, 0xFF, 0xEF, 0x3C, 0xFF, 0xEF, 0x3C, 0xFF, 0xEF, 0x1C, 0xFF, 0xEF, 0x1C,
    0xFF, 0xF7, 0x7E, 0xFF, 0xDE, 0x9A, 0xFF, 0x9C, 0x93, 0xFF, 0xCE, 0x39, 0xFF, 0xFF, 0xBE, 0xFF,
    0xEF, 0x3C, 0xFF, 0xD6, 0x9A, 0xFF, 0xCE, 0x18, 0xFF, 0xC5, 0xF8, 0xFF, 0x94, 0x72, 0xFF, 0x49,
    0xA7, 0xFF, 0x8B, 0xCF, 0xFF, 0xA4, 0xD3, 0xFF, 0xAD, 0x14, 0xFF, 0xB5, 0x55, 0xFF, 0xB5, 0x55,
    0xFF, 0xBD, 0x96, 0xFF, 0xA4, 0xF3, 0xFF, 0x8C, 0x10, 0xFF, 0xA4, 0xB3, 0xFF, 0xB5, 0x35, 0xFF,
    0xAD, 0x14, 0xFF, 0xDE, 0xBB, 0xFF, 0xF7, 0x5D, 0xFF, 0xEF, 0x3C, 0xFF, 0xEF, 0x5D, 0xFF, 0xDE,
    0x9A, 0xFF, 0xBD, 0x97, 0xFF, 0xD6, 0x59, 0xFF, 0xEF, 0x3C, 0xFF, 0xEF, 0x5C, 0xFF, 0xEF, 0x3C,
    0xFF, 0xEF, 0x3C, 0xFF, 0xEF, 0x3C, 0xFF, 0xEF, 0x3C, 0xFF, 0xEF, 0x3C, 0xFF, 0xEF, 0x3C, 0xFF,
    0xEF, 0x3C, 0xFF, 0xEF, 0x3C, 0xFF, 0xEF, 0x3C, 0xFF, 0xEF, 0x3C, 0xFF, 0xEF, 0x3C, 0xFF, 0xEF,
    0x3C, 0xFF, 0xEF, 0x3C, 0xFF, 0xEF, 0x3D, 0xFF, 0xEF, 0x3D, 0xFF, 0xEF, 0x3C, 0xFF, 0xEF, 0x5D,
    0xFF, 0xEF, 0x5D, 0xFF, 0xF7, 0x5D, 0xFF, 0xBD, 0x96, 0xFF, 0xB5, 0x55, 0xFF, 0xDE, 0xBA, 0xFF,
    0xEF, 0x3C, 0xFF, 0xEF, 0x1C, 0xFF, 0xEF, 0x1C, 0xFF, 0xEF, 0x3C, 0xFF, 0xE6, 0xFB, 0xFF, 0xD6,
    0x79, 0xFF, 0xAD, 0x14, 0xFF, 0x72, 0xEB, 0xFF, 0xC5, 0xB5, 0xFF, 0xDE, 0xBA, 0xFF, 0xEF, 0x1B,
    0xFF, 0xF7, 0x7C, 0xFF, 0xFF, 0x9C, 0xFF, 0xFF, 0xBC, 0xFF, 0xA4, 0x90, 0xFF, 0x7B, 0x2C, 0xFF,
    0xB5, 0x55, 0xFF, 0xC5, 0xF8, 0xFF, 0xC5, 0xF8, 0xFF, 0xC5, 0xF8, 0xFF, 0xE6, 0xFB, 0xFF, 0xA4,
    0xF4, 0xFF, 0x6B, 0x2D, 0xFF, 0xBD, 0x75, 0xFF, 0xBD, 0x96, 0xFF, 0xBD, 0x97, 0xFF, 0xDE, 0xBB,
    0xFF, 0xEF, 0x3C, 0xFF, 0xEF, 0x1C, 0xFF, 0xEF, 0x1C, 0xFF, 0xEF, 0x3C, 0xFF, 0xEF, 0x1C, 0xFF,
    0xEF, 0x1C, 0xFF, 0xEF, 0x3C, 0xFF, 0xDE, 0x7A, 0xFF, 0x9C, 0x93, 0xFF, 0xAD, 0x15, 0xFF, 0xCE,
    0x39, 0xFF, 0x8C, 0x50, 0xFF, 0x39, 0x44, 0xFF, 0x6A, 0xA8, 0xFF, 0xBD, 0x2F, 0xFF, 0xAC, 0x8C,
    0xFF, 0xBD, 0x2F, 0xFF, 0xEE, 0xD5, 0xFF, 0xA4, 0xCF, 0xFF, 0x31, 0x83, 0xFF, 0x3A, 0x43, 0xFF,
    0x53, 0x26, 0xFF, 0x42, 0xA4, 0xFF, 0x3A, 0x44, 0xFF, 0x32, 0x44, 0xFF, 0x2A, 0x03, 0xFF, 0x21,
    0xA2, 0xFF, 0x21, 0x82, 0xFF, 0x42, 0xA4, 0xFF, 0x5B, 0xC6, 0xFF, 0x5B, 0x66, 0xFF, 0x7C, 0x2B,
    0xFF, 0x73, 0x8B, 0xFF, 0x94, 0x92, 0xFF, 0xF7, 0x7E, 0xFF, 0xFF, 0xFF, 0xFF, 0xDE, 0xDB, 0xFF,
    0xC5, 0xD7, 0xFF, 0xDE, 0xBB, 0xFF, 0xFF, 0xFF, 0xFF, 0xDE, 0xDB, 0xFF, 0x9C, 0x93, 0xFF, 0x9C,
    0x93, 0xFF, 0xA4, 0xD3, 0xFF, 0x31, 0x86, 0xFF, 0x41, 0xC7, 0xFF, 0x49, 0xE7, 0xFF, 0x52, 0x46,
    0xFF, 0x94, 0x2B, 0xFF, 0xB4, 0xCD, 0xFF, 0x9C, 0x2B, 0xFF, 0xAC, 0xAC, 0xFF, 0xC5, 0x6F, 0xFF,
    0xAC, 0xEF, 0xFF, 0x5A, 0xC9, 0xFF, 0x10, 0xA2, 0xFF, 0x4A, 0x85, 0xFF, 0xB5, 0xB2, 0xFF, 0xF7,
    0x7C, 0xFF, 0xEF, 0x5D, 0xFF, 0xEF, 0x3C, 0xFF, 0xEF, 0x3C, 0xFF, 0xEF, 0x3D, 0xFF, 0xEF, 0x3C,
    0xFE, 0xFF, 0xBE, 0xFF, 0xF7, 0x9D, 0xDE, 0x8C, 0x51, 0x6C, 0x00, 0x00, 0x0E, 0x08, 0x61, 0x21,
    0x00, 0x00, 0x22, 0x21, 0x20, 0x07, 0x08, 0x41, 0x1A, 0x5B, 0xC9, 0x5B, 0x74, 0x8B, 0xB1, 0x74,
    0x6A, 0xF1, 0x74, 0x8B, 0xFF, 0x74, 0xAB, 0xFF, 0x7C, 0xCB, 0xFF, 0x7C, 0xEB, 0xFF, 0x74, 0xCA,
    0xFE, 0x7C, 0xCA, 0xFF, 0x7C, 0xEA, 0xFF, 0x95, 0x8C, 0xFF, 0x63, 0xC8, 0xFF, 0x53, 0x27, 0xFF,
    0x6B, 0xE9, 0xFF, 0xB6, 0x13, 0xFF, 0x6B, 0x6C, 0xFF, 0x73, 0x6E, 0xFF, 0xF7, 0x9E, 0xFF, 0xEF,
    0x3C, 0xFF, 0xE7, 0x1C, 0xFF, 0xE7, 0x1C, 0xFF, 0xEF, 0x1C, 0xFF, 0xEF, 0x3C, 0xFF, 0xEF, 0x3C,
    0xFF, 0xEF, 0x5D, 0xFF, 0xF7, 0x7D, 0xFF, 0xE7, 0x1C, 0xFF, 0xE6, 0xFB, 0xFF, 0xE7, 0x1C, 0xFF,
    0xFF, 0xBE, 0xFF, 0xF7, 0x5D, 0xFF, 0x9C, 0xB3, 0xFF, 0x83, 0xD0, 0xFF, 0xF7, 0x7D, 0xFF, 0xEF,
    0x3C, 0xFF, 0xEF, 0x1C, 0xFF, 0xEF, 0x1C, 0xFF, 0xEF, 0x3C, 0xFF, 0xEF, 0x3C, 0xFF, 0xEF, 0x3C,
    0xFF, 0xEF, 0x3C, 0xFF, 0xEF, 0x3C, 0xFF, 0xEF, 0x3C, 0xFF, 0xEF, 0x3C, 0xFF, 0xEF, 0x3C, 0xFF,
    0xEF, 0x1C, 0xFF, 0xEF, 0x1C, 0xFF, 0xF7, 0x5D, 0xFF, 0xEF, 0x1C, 0xFF, 0x94, 0x72, 0xFF, 0xB5,
    0x76, 0xFF, 0xF7, 0x7D, 0xFF, 0xF7, 0x7D, 0xFF, 0xD6, 0x79, 0xFF, 0xC5, 0xF8, 0xFF, 0xCE, 0x39,
    0xFF, 0xBD, 0xB7, 0xFF, 0x6A, 0xEC, 0xFF, 0x7A, 0xEB, 0xFF, 0xD6, 0x37, 0xFF, 0xDE, 0xBA, 0xFF,
    0xDE, 0xDB, 0xFF, 0xE7, 0x1B, 0xFF, 0xE7, 0x1B, 0xFF, 0xEF, 0x3C, 0xFF, 0xE6, 0xFA, 0xFF, 0x9C,
    0xB2, 0xFF, 0x8C, 0x10, 0xFF, 0xC5, 0xD7, 0xFF, 0xC5, 0xD7, 0xFF, 0xDE, 0xBA, 0xFF, 0xEF, 0x5D,
    0xFF, 0xEF, 0x3C, 0xFF, 0xF7, 0x5D, 0xFF, 0xDE, 0xBA, 0xFF, 0xBD, 0xB7, 0xFF, 0xC5, 0xF8, 0xFF,
    0xE7, 0x1C, 0xFF, 0xEF, 0x5D, 0xFF, 0xEF, 0x3C, 0xFF, 0xEF, 0x3C, 0xFF, 0xEF, 0x3C, 0xFF, 0xEF,
    0x3C, 0xFF, 0xEF, 0x3C, 0xFF, 0xEF, 0x3C, 0xFF, 0xEF, 0x3C, 0xFF, 0xEF, 0x3C, 0xFF, 0xEF, 0x3C,
    0xFF, 0xEF, 0x3C, 0xFF, 0xEF, 0x3D, 0xFF, 0xEF, 0x3D, 0xFF, 0xEF, 0x3D, 0xFF, 0xEF, 0x3D, 0xFF,
    0xEF, 0x5C, 0xFF, 0xEF, 0x3C, 0xFF, 0xEF, 0x3C, 0xFF, 0xEF, 0x5D, 0xFF, 0xF7, 0x5D, 0xFF, 0xBD,
    0xB7, 0xFF, 0xAD, 0x35, 0xFF, 0xDE, 0x9A, 0xFF, 0xEF, 0x3C, 0xFF, 0xEF, 0x1C, 0xFF, 0xEF, 0x1C,
    0xFF, 0xEF, 0x3C, 0xFF, 0xE6, 0xFB, 0xFF, 0xC6, 0x18, 0xFF, 0xA4, 0x92, 0xFF, 0x93, 0xCD, 0xFF,
    0xFF, 0x9C, 0xFF, 0xFF, 0xFE, 0xFF, 0xFF, 0xDD, 0xFF, 0xFF, 0xBC, 0xFF, 0xFF, 0x7B, 0xFF, 0xFF,
    0xFE, 0xFF, 0xDE, 0x97, 0xFF, 0x7B, 0x0B, 0xFF, 0x83, 0x6E, 0xFF, 0xDE, 0x9A, 0xFF, 0xEF, 0x3C,
    0xFF, 0xEF, 0x1C, 0xFF, 0xEF, 0x1B, 0xFF, 0xDE, 0x9A, 0xFF, 0x62, 0xCB, 0xFF, 0x6B, 0x2D, 0xFF,
    0xB5, 0x75, 0xFF, 0xBD, 0x96, 0xFF, 0xBD, 0x96, 0xFF, 0xDE, 0x9A, 0xFF, 0xEF, 0x3C, 0xFF, 0xEF,
    0x1C, 0xFF, 0xEF, 0x1C, 0xFF, 0xEF, 0x1C, 0xFF, 0xEF, 0x1C, 0xFF, 0xEF, 0x1C, 0xFF, 0xE6, 0xFB,
    0xFF, 0xA4, 0xD3, 0xFF, 0xA4, 0xD4, 0xFF, 0xBD, 0xD7, 0xFF, 0xB5, 0x96, 0xFF, 0x73, 0x4D, 0xFF,
    0x41, 0x65, 0xFF, 0x7B, 0x29, 0xFF, 0xC5, 0x4F, 0xFF, 0xB4, 0xAC, 0xFF, 0xC5, 0x2F, 0xFF, 0xEE,
    0xD5, 0xFF, 0xB5, 0x30, 0xFF, 0x42, 0x24, 0xFF, 0x3A, 0x64, 0xFF, 0x63, 0xC7, 0xFF, 0x5B, 0xA7,
    0xFF, 0x4B, 0x45, 0xFF, 0x4B, 0x46, 0xFF, 0x4B, 0x26, 0xFF, 0x4B, 0x05, 0xFF, 0x4B, 0x45, 0xFF,
    0x5B, 0xC6, 0xFF, 0x63, 0xC6, 0xFF, 0x73, 0xE9, 0xFF, 0x8C, 0x4E, 0xFF, 0x73, 0x6D, 0xFF, 0xE7,
    0x1C, 0xFF, 0xFF, 0xFF, 0xFF, 0xF7, 0x5D, 0xFF, 0xC6, 0x18, 0xFF, 0xCE, 0x19, 0xFF, 0xFF, 0xBE,
    0xFF, 0xFF, 0xBE, 0xFF, 0xD6, 0x9A, 0xFF, 0x94, 0x52, 0xFF, 0x9C, 0x93, 0xFF, 0x7B, 0xAF, 0xFF,
    0x4A, 0x09, 0xFF, 0xA4, 0xF3, 0xFF, 0x63, 0x0B, 0xFF, 0x31, 0x63, 0xFF, 0x73, 0x29, 0xFF, 0xA4,
    0x8D, 0xFF, 0xA4, 0x6C, 0xFF, 0xA4, 0x4C, 0xFF, 0xC5, 0x50, 0xFF, 0xDE, 0x35, 0xFF, 0xA4, 0xF1,
    0xFF, 0x31, 0x84, 0xFF, 0x8C, 0x2E, 0xFF, 0xF7, 0x7D, 0xFF, 0xF7, 0x7D, 0xFF, 0xEF, 0x3C, 0xFF,
    0xEF, 0x5D, 0xFF, 0xEF, 0x5D, 0xFF, 0xEF, 0x3C, 0xFE, 0xF7, 0x9E, 0xFF, 0xF7, 0x9E, 0xEE, 0xC6,
    0x18, 0x8C, 0x00, 0x00, 0x12, 0x08, 0x61, 0x21, 0x00, 0x20, 0x22, 0x00, 0x00, 0x1A, 0x63, 0xA9,
    0x55, 0x6C, 0x4A, 0xAF, 0x6C, 0x4A, 0xEF, 0x6C, 0x6A, 0xFF, 0x6C, 0x6A, 0xFE, 0x6C, 0xAA, 0xFE,
    0x74, 0xCB, 0xFF, 0x85, 0x0B, 0xFF, 0x95, 0x8C, 0xFF, 0xAE, 0x0E, 0xFE, 0x95, 0x4C, 0xFF, 0x8D,
    0x4B, 0xFE, 0x7C, 0x89, 0xFF, 0x42, 0xA5, 0xFF, 0x6C, 0x0A, 0xFF, 0x63, 0x69, 0xFF, 0x4A, 0x69,
    0xFF, 0xBD, 0xD7, 0xFF, 0xFF, 0xFF, 0xFF, 0xE6, 0xFB, 0xFF, 0xEF, 0x1C, 0xFF, 0xEF, 0x1C, 0xFF,
    0xEF, 0x1C, 0xFF, 0xEF, 0x3C, 0xFF, 0xEF, 0x3D, 0xFF, 0xEF, 0x5D, 0xFF, 0xF7, 0x7D, 0xFF, 0xE6,
    0xFB, 0xFF, 0xDE, 0xDB, 0xFF, 0xEF, 0x5D, 0xFF, 0xFF, 0xDF, 0xFF, 0xC5, 0xD7, 0xFF, 0x73, 0x6E,
    0xFF, 0xD6, 0x7A, 0xFF, 0xF7, 0x7D, 0xFF, 0xE6, 0xFC, 0xFF, 0xEF, 0x1C, 0xFF, 0xEF, 0x1C, 0xFF,
    0xEF, 0x3C, 0xFF, 0xEF, 0x3C, 0xFF, 0xEF, 0x3C, 0xFF, 0xEF, 0x3C, 0xFF, 0xEF, 0x3C, 0xFF, 0xEF,
    0x3C, 0xFF, 0xEF, 0x1C, 0xFF, 0xEF, 0x1C, 0xFF, 0xEF, 0x3C, 0xFF, 0xEF, 0x5D, 0xFF, 0xEF, 0x1C,
    0xFF, 0x9C, 0xD3, 0xFF, 0x94, 0x92, 0xFF, 0xE7, 0x1C, 0xFF, 0xFF, 0xBE, 0xFF, 0xE7, 0x1C, 0xFF,
    0xE6, 0xDB, 0xFF, 0xE6, 0xFB, 0xFF, 0xE7, 0x1C, 0xFF, 0xA4, 0xF4, 0xFF, 0x6A, 0x49, 0xFF, 0xD5,
    0x74, 0xFF, 0xFF, 0xDD, 0xFF, 0xFF, 0xFE, 0xFF, 0xFF, 0xFE, 0xFF, 0xFF, 0xFE, 0xFF, 0xFF, 0xFE,
    0xFF, 0xFF, 0xFE, 0xFF, 0xFF, 0xFF, 0xFF, 0xC5, 0xD6, 0xFF, 0x8B, 0xEF, 0xFF, 0xD6, 0x79, 0xFF,
    0xEF, 0x3C, 0xFF, 0xE6, 0xFB, 0xFF, 0xEF, 0x3C, 0xFF, 0xEF, 0x3C, 0xFF, 0xF7, 0x5D, 0xFF, 0xE6,
    0xDB, 0xFF, 0xC5, 0xD7, 0xFF, 0xBD, 0xB7, 0xFF, 0xE6, 0xDB, 0xFF, 0xF7, 0x5D, 0xFF, 0xEF, 0x3C,
    0xFF, 0xEF, 0x3C, 0xFF, 0xEF, 0x3C, 0xFF, 0xEF, 0x3C, 0xFF, 0xEF, 0x3C, 0xFF, 0xEF, 0x3C, 0xFF,
    0xEF, 0x3C, 0xFF, 0xEF, 0x3C, 0xFF, 0xEF, 0x3C, 0xFF, 0xEF, 0x3C, 0xFF, 0xEF, 0x3D, 0xFF, 0xEF,
    0x3D, 0xFF, 0xEF, 0x3D, 0xFF, 0xEF, 0x3D, 0xFF, 0xEF, 0x5C, 0xFF, 0xEF, 0x3C, 0xFF, 0xEF, 0x3C,
    0xFF, 0xEF, 0x5D, 0xFF, 0xF7, 0x7D, 0xFF, 0xC5, 0xD7, 0xFF, 0xAD, 0x35, 0xFF, 0xD6, 0x7A, 0xFF,
    0xEF, 0x3C, 0xFF, 0xEF, 0x3C, 0xFF, 0xEF, 0x3C, 0xFF, 0xEF, 0x1C, 0xFF, 0xDE, 0xDB, 0xFF, 0xC5,
    0xF8, 0xFF, 0x8B, 0xEF, 0xFF, 0xA4, 0x70, 0xFF, 0xFF, 0xFE, 0xFF, 0xFF, 0xBD, 0xFF, 0xF7, 0x7C,
    0xFF, 0xFF, 0x7B, 0xFF, 0xFF, 0x5B, 0xFF, 0xFF, 0x7B, 0xFF, 0xFF, 0xDD, 0xFF, 0xB4, 0xF2, 0xFF,
    0x62, 0x49, 0xFF, 0xA4, 0xD3, 0xFF, 0xDE, 0xBA, 0xFF, 0xF7, 0x5C, 0xFF, 0xF7, 0x3C, 0xFF, 0xF7,
    0x5C, 0xFF, 0x94, 0x30, 0xFF, 0x49, 0xC7, 0xFF, 0x7B, 0xAE, 0xFF, 0xBD, 0xB6, 0xFF, 0xBD, 0x76,
    0xFF, 0xBD, 0x76, 0xFF, 0xDE, 0x9A, 0xFF, 0xEF, 0x3C, 0xFF, 0xEF, 0x1C, 0xFF, 0xEE, 0xFC, 0xFF,
    0xEF, 0x1C, 0xFF, 0xEF, 0x1C, 0xFF, 0xEF, 0x3C, 0xFF, 0xAD, 0x35, 0xFF, 0x9C, 0xB3, 0xFF, 0xBD,
    0x97, 0xFF, 0xB5, 0x76, 0xFF, 0xB5, 0x35, 0xFF, 0x83, 0xEF, 0xFF, 0x41, 0xA5, 0xFF, 0x73, 0x08,
    0xFF, 0xCD, 0x6F, 0xFF, 0xB4, 0xAD, 0xFF, 0xBD, 0x0E, 0xFF, 0xE6, 0xB4, 0xFF, 0xB5, 0x50, 0xFF,
    0x4A, 0x66, 0xFF, 0x32, 0x43, 0xFF, 0x5B, 0xC7, 0xFF, 0x64, 0x27, 0xFF, 0x53, 0xA6, 0xFF, 0x5B,
    0xA6, 0xFF, 0x5B, 0xE7, 0xFF, 0x5B, 0xC6, 0xFF, 0x64, 0x06, 0xFF, 0x6C, 0x27, 0xFF, 0x6B, 0x87,
    0xFF, 0xA5, 0x11, 0xFF, 0x5A, 0xCA, 0xFF, 0xCE, 0x59, 0xFF, 0xFF, 0xBF, 0xFF, 0xF7, 0x9E, 0xFF,
    0xD6, 0x7A, 0xFF, 0xBD, 0xD7, 0xFF, 0xEF, 0x1C, 0xFF, 0xFF, 0xBE, 0xFF, 0xF7, 0x9D, 0xFF, 0xC5,
    0xF8, 0xFF, 0x8C, 0x11, 0xFF, 0x9C, 0x93, 0xFF, 0x4A, 0x29, 0xFF, 0x83, 0xEF, 0xFF, 0xCE, 0x36,
    0xFF, 0x73, 0x2C, 0xFF, 0x31, 0x44, 0xFF, 0x52, 0x67, 0xFF, 0x83, 0xAB, 0xFF, 0xA4, 0x4D, 0xFF,
    0xA4, 0x4C, 0xFF, 0xBD, 0x30, 0xFF, 0xE6, 0xB6, 0xFF, 0x94, 0x6E, 0xFF, 0x4A, 0x47, 0xFF, 0xEF,
    0x5C, 0xFF, 0xFF, 0xDE, 0xFF, 0xEF, 0x5D, 0xFF, 0xEF, 0x7D, 0xFF, 0xEF, 0x5D, 0xFF, 0xEF, 0x5D,
    0xFE, 0xF7, 0x7D, 0xFF, 0xF7, 0x9E, 0xF8, 0xE7, 0x1C, 0xA9, 0x00, 0x00, 0x21, 0x00, 0x20, 0x24,
    0x00, 0x00, 0x2F, 0x53, 0x08, 0x4E, 0x74, 0x8B, 0xAB, 0x6C, 0x4A, 0xEF, 0x6C, 0x4A, 0xFF, 0x74,
    0x8A, 0xFE, 0x7C, 0xEB, 0xFE, 0x85, 0x0B, 0xFF, 0x74, 0x8A, 0xFF, 0x7C, 0xCA, 0xFF, 0xCE, 0xF1,
    0xFF, 0xE7, 0x93, 0xFF, 0xA5, 0xCD, 0xFF, 0x8D, 0x2A, 0xFF, 0x85, 0x0B, 0xFE, 0x3A, 0x64, 0xFE,
    0x3A, 0x86, 0xFF, 0x29, 0x83, 0xFF, 0x84, 0x0F, 0xFF, 0xF7, 0xBE, 0xFF, 0xF7, 0x9E, 0xFF, 0xEF,
    0x3C, 0xFF, 0xE7, 0x1C, 0xFF, 0xEF, 0x3C, 0xFF, 0xEF, 0x1C, 0xFF, 0xEF, 0x3C, 0xFF, 0xEF, 0x3D,
    0xFF, 0xF7, 0x7D, 0xFF, 0xEF, 0x7D, 0xFF, 0xDE, 0xDB, 0xFF, 0xDE, 0xBB, 0xFF, 0xFF, 0xFF, 0xFF,
    0xDE, 0x9A, 0xFF, 0x7B, 0x8F, 0xFF, 0xAD, 0x14, 0xFF, 0xFF, 0xDF, 0xFF, 0xE6, 0xFB, 0xFF, 0xEF,
    0x1C, 0xFF, 0xEF, 0x3C, 0xFF, 0xEF, 0x3C, 0xFF, 0xEF, 0x3C, 0xFF, 0xEF, 0x3C, 0xFF, 0xEF, 0x3C,
    0xFF, 0xEF, 0x3C, 0xFF, 0xEF, 0x3C, 0xFF, 0xEF, 0x1C, 0xFF, 0xEF, 0x1C, 0xFF, 0xEF, 0x3C, 0xFF,
    0xEF, 0x5D, 0xFF, 0xE6, 0xFC, 0xFF, 0xAD, 0x35, 0xFF, 0x7B, 0xD0, 0xFF, 0xD6, 0x9A, 0xFF, 0xFF,
    0xBE, 0xFF, 0xF7, 0x7D, 0xFF, 0xEF, 0x3C, 0xFF, 0xF7, 0x5D, 0xFF, 0xFF, 0xBE, 0xFF, 0xD6, 0x7A,
    0xFF, 0x83, 0x4D, 0xFF, 0x8B, 0x2C, 0xFF, 0xFF, 0x7C, 0xFF, 0xFF, 0xFE, 0xFF, 0xFF, 0xDD, 0xFF,
    0xFF, 0xBD, 0xFF, 0xFF, 0xBD, 0xFF, 0xFF, 0xBD, 0xFF, 0xFF, 0x9C, 0xFF, 0xFF, 0xFF, 0xFF, 0xDE,
    0x99, 0xFF, 0x8B, 0xEF, 0xFF, 0xB5, 0x55, 0xFF, 0xF7, 0x7D, 0xFF, 0xEF, 0x1C, 0xFF, 0xEF, 0x3C,
    0xFF, 0xEF, 0x3C, 0xFF, 0xEF, 0x5D, 0xFF, 0xE6, 0xFB, 0xFF, 0xC5, 0xF8, 0xFF, 0xBD, 0x96, 0xFF,
    0xD6, 0x7A, 0xFF, 0xEF, 0x5D, 0xFF, 0xEF, 0x5D, 0xFF, 0xEF, 0x3C, 0xFF, 0xEF, 0x3D, 0xFF, 0xEF,
    0x3D, 0xFF, 0xEF, 0x3C, 0xFF, 0xEF, 0x3C, 0xFF, 0xEF, 0x3C, 0xFF, 0xEF, 0x3C, 0xFF, 0xEF, 0x3C,
    0xFF, 0xEF, 0x3C, 0xFF, 0xEF, 0x5D, 0xFF, 0xEF, 0x3D, 0xFF, 0xEF, 0x3D, 0xFF, 0xEF, 0x3D, 0xFF,
    0xEF, 0x3C, 0xFF, 0xEF, 0x3C, 0xFF, 0xEF, 0x5D, 0xFF, 0xEF, 0x5D, 0xFF, 0xF7, 0x7E, 0xFF, 0xC5,
    0xD7, 0xFF, 0xA5, 0x14, 0xFF, 0xCE, 0x39, 0xFF, 0xEF, 0x3D, 0xFF, 0xEF, 0x3C, 0xFF, 0xF7, 0x5D,
    0xFF, 0xE7, 0x1C, 0xFF, 0xD6, 0x9A, 0xFF, 0xBD, 0xB7, 0xFF, 0x7B, 0x4C, 0xFF, 0xBD, 0x53, 0xFF,
    0xFF, 0xFF, 0xFF, 0xFF, 0x9C, 0xFF, 0xFF, 0x9C, 0xFF, 0xFF, 0x9C, 0xFF, 0xFF, 0x9C, 0xFF, 0xF7,
    0x5B, 0xFF, 0xFF, 0xDD, 0xFF, 0xEF, 0x5B, 0xFF, 0x8B, 0xCE, 0xFF, 0x62, 0x6A, 0xFF, 0xBD, 0x96,
    0xFF, 0xDE, 0x79, 0xFF, 0xEF, 0x1B, 0xFF, 0xFF, 0x9D, 0xFF, 0xCE, 0x37, 0xFF, 0x7B, 0x6D, 0xFF,
    0x6A, 0xCA, 0xFF, 0x9C, 0x71, 0xFF, 0xC5, 0xF7, 0xFF, 0xBD, 0x96, 0xFF, 0xB5, 0x76, 0xFF, 0xD6,
    0x7A, 0xFF, 0xEF, 0x1C, 0xFF, 0xEF, 0x3C, 0xFF, 0xEF, 0x1C, 0xFF, 0xEF, 0x1C, 0xFF, 0xEF, 0x3D,
    0xFF, 0xC5, 0xF8, 0xFF, 0x9C, 0x72, 0xFF, 0xBD, 0x77, 0xFF, 0xBD, 0x97, 0xFF, 0xAD, 0x35, 0xFF,
    0xC5, 0xF8, 0xFF, 0x94, 0x51, 0xFF, 0x39, 0x65, 0xFF, 0x7B, 0x08, 0xFF, 0xCD, 0x6F, 0xFF, 0xBC,
    0xED, 0xFF, 0xB4, 0xED, 0xFF, 0xE6, 0x74, 0xFF, 0xC5, 0xD1, 0xFF, 0x5B, 0x08, 0xFF, 0x32, 0x23,
    0xFF, 0x53, 0xA6, 0xFF, 0x6C, 0x88, 0xFF, 0x64, 0x07, 0xFF, 0x5B, 0xC6, 0xFF, 0x5C, 0x06, 0xFF,
    0x64, 0x47, 0xFF, 0x6C, 0x68, 0xFF, 0x5B, 0x66, 0xFF, 0xB5, 0x93, 0xFF, 0x62, 0xEB, 0xFF, 0xB5,
    0x96, 0xFF, 0xF7, 0x9E, 0xFF, 0xF7, 0xBE, 0xFF, 0xE6, 0xFB, 0xFF, 0xBD, 0xB7, 0xFF, 0xD6, 0x59,
    0xFF, 0xFF, 0x9E, 0xFF, 0xF7, 0x5D, 0xFF, 0xF7, 0x7D, 0xFF, 0xAD, 0x35, 0xFF, 0x94, 0x52, 0xFF,
    0x83, 0xF0, 0xFF, 0x31, 0x46, 0xFF, 0x9C, 0x90, 0xFF, 0xCD, 0x94, 0xFF, 0x9C, 0x91, 0xFF, 0x62,
    0xEB, 0xFF, 0x39, 0xA5, 0xFF, 0x5A, 0x87, 0xFF, 0x83, 0x8A, 0xFF, 0x9C, 0x2C, 0xFF, 0xC5, 0x50,
    0xFF, 0xD6, 0x13, 0xFF, 0x39, 0xA4, 0xFF, 0x94, 0x91, 0xFF, 0xFF, 0xDF, 0xFF, 0xFF, 0xDF, 0xFF,
    0xEF, 0x5D, 0xFF, 0xF7, 0x7D, 0xFF, 0xEF, 0x7D, 0xFE, 0xEF, 0x5D, 0xFF, 0xFF, 0xBE, 0xFE, 0xF7,
    0x9E, 0xC4, 0x29, 0x45, 0x3D, 0x00, 0x20, 0x28, 0x42, 0xA7, 0x8D, 0x74, 0x6A, 0xB1, 0x74, 0x8A,
    0xED, 0x7C, 0xCB, 0xFF, 0x95, 0x4C, 0xFE, 0xAE, 0x0E, 0xFE, 0xC6, 0xAF, 0xFF, 0xCE, 0xD0, 0xFF,
    0xAD, 0xEE, 0xFF, 0x8D, 0x0B, 0xFF, 0xC6, 0x8F, 0xFF, 0xE7, 0x72, 0xFF, 0x9D, 0xCC, 0xFF, 0x8D,
    0x4A, 0xFF, 0x8D, 0x4B, 0xFF, 0x3A, 0x65, 0xFF, 0x08, 0xC0, 0xFF, 0x4A, 0x68, 0xFF, 0xD6, 0x99,
    0xFF, 0xFF, 0xFF, 0xFF, 0xEF, 0x5D, 0xFF, 0xEF, 0x5C, 0xFF, 0xE7, 0x1C, 0xFF, 0xEF, 0x3C, 0xFF,
    0xEF, 0x3C, 0xFF, 0xEF, 0x3C, 0xFF, 0xEF, 0x5D, 0xFF, 0xF7, 0x7D, 0xFF, 0xEF, 0x5D, 0xFF, 0xD6,
    0x79, 0xFF, 0xEF, 0x5D, 0xFF, 0xF7, 0x7D, 0xFF, 0x94, 0x31, 0xFF, 0x8C, 0x10, 0xFF, 0xF7, 0x9E,
    0xFF, 0xEF, 0x3D, 0xFF, 0xE7, 0x1C, 0xFF, 0xEF, 0x3C, 0xFF, 0xEF, 0x3C, 0xFF, 0xEF, 0x3C, 0xFF,
    0xEF, 0x3C, 0xFF, 0xEF, 0x3C, 0xFF, 0xEF, 0x3C, 0xFF, 0xEF, 0x3C, 0xFF, 0xEF, 0x3C, 0xFF, 0xEF,
    0x1C, 0xFF, 0xEF, 0x3C, 0xFF, 0xEF, 0x5D, 0xFF, 0xE6, 0xFB, 0xFF, 0xC5, 0xB7, 0xFF, 0x7B, 0x8F,
    0xFF, 0xC5, 0xD7, 0xFF, 0xFF, 0xDE, 0xFF, 0xF7, 0x9E, 0xFF, 0xEF, 0x5D, 0xFF, 0xF7, 0x7D, 0xFF,
    0xEF, 0x5D, 0xFF, 0xE7, 0x3C, 0xFF, 0xA4, 0xD3, 0xFF, 0x6A, 0x29, 0xFF, 0xCD, 0xB5, 0xFF, 0xFF,
    0xFF, 0xFF, 0xFF, 0xBD, 0xFF, 0xFF, 0x9D, 0xFF, 0xFF, 0xBD, 0xFF, 0xFF, 0xBD, 0xFF, 0xFF, 0xBD,
    0xFF, 0xFF, 0x9C, 0xFF, 0xFF, 0xFE, 0xFF, 0xEF, 0x5C, 0xFF, 0x94, 0x51, 0xFF, 0x83, 0xCF, 0xFF,
    0xE6, 0xDB, 0xFF, 0xEF, 0x1C, 0xFF, 0xEF, 0x3C, 0xFF, 0xEF, 0x3C, 0xFF, 0xEF, 0x5C, 0xFF, 0xEF,
    0x1C, 0xFF, 0xCE, 0x18, 0xFF, 0xBD, 0x76, 0xFF, 0xCE, 0x18, 0xFF, 0xEF, 0x1C, 0xFF, 0xF7, 0x5D,
    0xFF, 0xEF, 0x3C, 0xFF, 0xEF, 0x3C, 0xFF, 0xEF, 0x3D, 0xFF, 0xEF, 0x3C, 0xFF, 0xEF, 0x3C, 0xFF,
    0xEF, 0x3C, 0xFF, 0xEF, 0x3C, 0xFF, 0xEF, 0x3C, 0xFF, 0xEF, 0x3C, 0xFF, 0xEF, 0x5D, 0xFF, 0xEF,
    0x3D, 0xFF, 0xEF, 0x3D, 0xFF, 0xEF, 0x5D, 0xFF, 0xEF, 0x3D, 0xFF, 0xEF, 0x5D, 0xFF, 0xEF, 0x5D,
    0xFF, 0xEF, 0x5D, 0xFF, 0xF7, 0x9E, 0xFF, 0xBD, 0xD7, 0xFF, 0xA4, 0xF4, 0xFF, 0xCE, 0x18, 0xFF,
    0xEF, 0x3C, 0xFF, 0xF7, 0x7D, 0xFF, 0xF7, 0x7D, 0xFF, 0xE6, 0xDB, 0xFF, 0xCE, 0x59, 0xFF, 0xB5,
    0x55, 0xFF, 0x73, 0x0B, 0xFF, 0xDE, 0x78, 0xFF, 0xFF, 0xFE, 0xFF, 0xFF, 0xBC, 0xFF, 0xFF, 0x9C,
    0xFF, 0xFF, 0x9C, 0xFF, 0xFF, 0x9C, 0xFF, 0xFF, 0x9C, 0xFF, 0xFF, 0x5B, 0xFF, 0xFF, 0xFE, 0xFF,
    0xDE, 0x98, 0xFF, 0x72, 0xEB, 0xFF, 0x83, 0x8E, 0xFF, 0xCE, 0x18, 0xFF, 0xE6, 0xBA, 0xFF, 0xF7,
    0x3C, 0xFF, 0xF7, 0x5C, 0xFF, 0xAC, 0xF2, 0xFF, 0x9C, 0x2F, 0xFF, 0x8B, 0xCE, 0xFF, 0xA4, 0xD2,
    0xFF, 0xCD, 0xF7, 0xFF, 0xBD, 0x76, 0xFF, 0xB5, 0x56, 0xFF, 0xD6, 0x59, 0xFF, 0xEF, 0x1C, 0xFF,
    0xF7, 0x3C, 0xFF, 0xEF, 0x3C, 0xFF, 0xEF, 0x3C, 0xFF, 0xDE, 0x9A, 0xFF, 0x9C, 0x93, 0xFF, 0xAD,
    0x35, 0xFF, 0xC5, 0xF8, 0xFF, 0xAC, 0xF5, 0xFF, 0xC5, 0xF8, 0xFF, 0xEF, 0x3D, 0xFF, 0x94, 0x92,
    0xFF, 0x41, 0xA6, 0xFF, 0x7A, 0xE8, 0xFF, 0xC5, 0x2E, 0xFF, 0xC5, 0x4E, 0xFF, 0xB4, 0xED, 0xFF,
    0xDE, 0x32, 0xFF, 0xCD, 0xF2, 0xFF, 0x73, 0xAA, 0xFF, 0x3A, 0x84, 0xFF, 0x4B, 0x45, 0xFF, 0x6C,
    0x48, 0xFF, 0x6C, 0x88, 0xFF, 0x64, 0x26, 0xFF, 0x64, 0x47, 0xFF, 0x6C, 0x68, 0xFF, 0x5B, 0x65,
    0xFF, 0xB5, 0x92, 0xFF, 0x83, 0xAD, 0xFF, 0x94, 0x71, 0xFF, 0xEF, 0x3C, 0xFF, 0xFF, 0xBE, 0xFF,
    0xEF, 0x3D, 0xFF, 0xC5, 0xF8, 0xFF, 0xBD, 0xB7, 0xFF, 0xF7, 0x5D, 0xFF, 0xEF, 0x3C, 0xFF, 0xF7,
    0x7D, 0xFF, 0xE6, 0xFB, 0xFF, 0x9C, 0x93, 0xFF, 0x9C, 0xB3, 0xFF, 0x63, 0x0C, 0xFF, 0x31, 0x24,
    0xFF, 0x7B, 0x4B, 0xFF, 0xE6, 0xD9, 0xFF, 0xDE, 0xD9, 0xFF, 0x8C, 0x71, 0xFF, 0x52, 0x89, 0xFF,
    0x42, 0x06, 0xFF, 0x62, 0xC8, 0xFF, 0x93, 0xEB, 0xFF, 0xC5, 0x2F, 0xFF, 0x9C, 0x4C, 0xFF, 0x4A,
    0x06, 0xFF, 0xBD, 0xF7, 0xFF, 0xFF, 0xFF, 0xFF, 0xF7, 0x9E, 0xFF, 0xF7, 0x7D, 0xFF, 0xF7, 0x7D,
    0xFE, 0xEF, 0x5D, 0xFF, 0xFF, 0xDF, 0xFF, 0xF7, 0xBE, 0xDA, 0x6B, 0x4D, 0x5F, 0x00, 0x20, 0x2D,
    0x6C, 0x2A, 0xF8, 0x6C, 0x69, 0xFD, 0x74, 0xAA, 0xFF, 0x7C, 0xCB, 0xFE, 0xAE, 0x0E, 0xFF, 0xE7,
    0xB2, 0xFF, 0xF7, 0xF3, 0xFF, 0xF7, 0xF3, 0xFF, 0xF7, 0xF3, 0xFF, 0xBE, 0x6F, 0xFF, 0x95, 0x4B,
    0xFF, 0xC6, 0xEF, 0xFF, 0xA5, 0xEC, 0xFF, 0x8D, 0x4A, 0xFF, 0x85, 0x2A, 0xFF, 0x42, 0xC5, 0xFF,
    0x10, 0xC1, 0xFF, 0x9C, 0xB2, 0xFF, 0xFF, 0xFF, 0xFF, 0xFF, 0xDF, 0xFF, 0xF7, 0x7D, 0xFF, 0xE6,
    0xFB, 0xFF, 0xE6, 0xFB, 0xFF, 0xEF, 0x3C, 0xFF, 0xEF, 0x3C, 0xFF, 0xEF, 0x3C, 0xFF, 0xEF, 0x5D,
    0xFF, 0xF7, 0x7E, 0xFF, 0xEF, 0x1C, 0xFF, 0xDE, 0x9A, 0xFF, 0xEF, 0x3C, 0xFF, 0xA4, 0xF4, 0xFF,
    0x7B, 0xAF, 0xFF, 0xE6, 0xFB, 0xFF, 0xFF, 0xDE, 0xFF, 0xE7, 0x1C, 0xFF, 0xEF, 0x3C, 0xFF, 0xEF,
    0x3C, 0xFF, 0xEF, 0x3C, 0xFF, 0xEF, 0x3D, 0xFF, 0xEF, 0x3C, 0xFF, 0xEF, 0x3C, 0xFF, 0xEF, 0x3C,
    0xFF, 0xEF, 0x1C, 0xFF, 0xEF, 0x3C, 0xFF, 0xEF, 0x3C, 0xFF, 0xEF, 0x3C, 0xFF, 0xE6, 0xFB, 0xFF,
    0xC5, 0xD7, 0xFF, 0x83, 0xD0, 0xFF, 0xA4, 0xF4, 0xFF, 0xFF, 0xBE, 0xFF, 0xFF, 0xBE, 0xFF, 0xF7,
    0x7D, 0xFF, 0xF7, 0x7D, 0xFF, 0xF7, 0x5D, 0xFF, 0xEF, 0x7D, 0xFF, 0xC6, 0x18, 0xFF, 0x73, 0x0C,
    0xFF, 0x8B, 0x4C, 0xFF, 0xFF, 0xDE, 0xFF, 0xFF, 0xBD, 0xFF, 0xFF, 0x9D, 0xFF, 0xFF, 0xBC, 0xFF,
    0xFF, 0xBC, 0xFF, 0xFF, 0xBC, 0xFF, 0xFF, 0xBD, 0xFF, 0xFF, 0x9C, 0xFF, 0xFF, 0xBD, 0xFF, 0xFF,
    0xDE, 0xFF, 0xB5, 0x34, 0xFF, 0x73, 0x0C, 0xFF, 0xC5, 0xF7, 0xFF, 0xE6, 0xFB, 0xFF, 0xEF, 0x3C,
    0xFF, 0xEF, 0x3C, 0xFF, 0xEF, 0x3C, 0xFF, 0xEF, 0x3C, 0xFF, 0xD6, 0x59, 0xFF, 0xBD, 0x96, 0xFF,
    0xC5, 0xD7, 0xFF, 0xE6, 0xDB, 0xFF, 0xF7, 0x5D, 0xFF, 0xEF, 0x3C, 0xFF, 0xEF, 0x3C, 0xFF, 0xEF,
    0x3C, 0xFF, 0xEF, 0x3C, 0xFF, 0xEF, 0x3C, 0xFF, 0xEF, 0x3C, 0xFF, 0xEF, 0x3C, 0xFF, 0xEF, 0x3C,
    0xFF, 0xEF, 0x3C, 0xFF, 0xEF, 0x3D, 0xFF, 0xEF, 0x3C, 0xFF, 0xEF, 0x3C, 0xFF, 0xEF, 0x5D, 0xFF,
    0xEF, 0x5D, 0xFF, 0xEF, 0x5D, 0xFF, 0xEF, 0x3D, 0xFF, 0xEF, 0x3D, 0xFF, 0xF7, 0x9E, 0xFF, 0xBD,
    0xB7, 0xFF, 0xA4, 0xF4, 0xFF, 0xC6, 0x18, 0xFF, 0xEF, 0x1C, 0xFF, 0xF7, 0x7E, 0xFF, 0xEF, 0x5D,
    0xFF, 0xD6, 0x9A, 0xFF, 0xCE, 0x39, 0xFF, 0xA4, 0xB3, 0xFF, 0x7B, 0x2B, 0xFF, 0xF7, 0x7C, 0xFF,
    0xFF, 0xDE, 0xFF, 0xFF, 0x9D, 0xFF, 0xFF, 0x9C, 0xFF, 0xFF, 0x9C, 0xFF, 0xFF, 0x9C, 0xFF, 0xFF,
    0x9C, 0xFF, 0xFF, 0x7C, 0xFF, 0xFF, 0x9C, 0xFF, 0xFF, 0xFE, 0xFF, 0xC5, 0xF6, 0xFF, 0x62, 0x8A,
    0xFF, 0x9C, 0x72, 0xFF, 0xD6, 0x59, 0xFF, 0xE6, 0xDA, 0xFF, 0xFF, 0xBE, 0xFF, 0xC5, 0xD6, 0xFF,
    0xAC, 0xF2, 0xFF, 0xAC, 0xF1, 0xFF, 0x83, 0x6D, 0xFF, 0x9C, 0x51, 0xFF, 0xCE, 0x38, 0xFF, 0xBD,
    0x76, 0xFF, 0xBD, 0x76, 0xFF, 0xD6, 0x39, 0xFF, 0xEF, 0x1C, 0xFF, 0xF7, 0x5D, 0xFF, 0xF7, 0x7D,
    0xFF, 0xF7, 0x5D, 0xFF, 0xA4, 0xF4, 0xFF, 0xA4, 0xF4, 0xFF, 0xC5, 0xF8, 0xFF, 0xAD, 0x56, 0xFF,
    0xBD, 0x97, 0xFF, 0xEF, 0x5D, 0xFF, 0xEF, 0x5D, 0xFF, 0xA4, 0xD3, 0xFF, 0x41, 0xA7, 0xFF, 0x62,
    0x67, 0xFF, 0xB4, 0xED, 0xFF, 0xCD, 0x8F, 0xFF, 0xB4, 0xCD, 0xFF, 0xCD, 0x90, 0xFF, 0xDE, 0x33,
    0xFF, 0x94, 0x8D, 0xFF, 0x4A, 0x86, 0xFF, 0x42, 0xA4, 0xFF, 0x5B, 0xC6, 0xFF, 0x6C, 0x87, 0xFF,
    0x6C, 0x87, 0xFF, 0x6C, 0x67, 0xFF, 0x53, 0x85, 0xFF, 0x94, 0xAE, 0xFF, 0xA4, 0xF2, 0xFF, 0x62,
    0xEB, 0xFF, 0xCE, 0x79, 0xFF, 0xFF, 0xDF, 0xFF, 0xEF, 0x5D, 0xFF, 0xD6, 0x5A, 0xFF, 0xB5, 0x76,
    0xFF, 0xE6, 0xDB, 0xFF, 0xF7, 0x7D, 0xFF, 0xEF, 0x3C, 0xFF, 0xF7, 0x7D, 0xFF, 0xCE, 0x59, 0xFF,
    0x94, 0x53, 0xFF, 0x94, 0xB3, 0xFF, 0x42, 0x08, 0xFF, 0x20, 0xC3, 0xFF, 0x94, 0x50, 0xFF, 0xF7,
    0x9C, 0xFF, 0xFF, 0xFE, 0xFF, 0xE7, 0x1B, 0xFF, 0x8C, 0x71, 0xFF, 0x39, 0xE7, 0xFF, 0x41, 0xC6,
    0xFF, 0x73, 0x29, 0xFF, 0xB5, 0x2E, 0xFF, 0x6A, 0xE6, 0xFF, 0x4A, 0x27, 0xFF, 0xCE, 0x7A, 0xFF,
    0xFF, 0xFF, 0xFF, 0xEF, 0x5D, 0xFF, 0xF7, 0x7D, 0xFF, 0xEF, 0x5D, 0xFF, 0xFF, 0xBE, 0xFF, 0xFF,
    0xDF, 0xE8, 0xA4, 0xF3, 0x81, 0x00, 0x20, 0x31, 0x74, 0x8A, 0xFE, 0x6C, 0x69, 0xFD, 0x7C, 0xCB,
    0xFE, 0x7C, 0xEB, 0xFF, 0x95, 0x6C, 0xFF, 0xCE, 0xF0, 0xFF, 0xEF, 0xB3, 0xFF, 0xE7, 0x92, 0xFF,
    0xEF, 0xF3, 0xFF, 0xDF, 0x71, 0xFF, 0x95, 0x8C, 0xFF, 0xAE, 0x2D, 0xFF, 0xA5, 0xED, 0xFF, 0x63,
    0xE7, 0xFF, 0x7C, 0x89, 0xFF, 0x3A, 0x64, 0xFF, 0x52, 0xA9, 0xFF, 0xDE, 0xBB, 0xFF, 0xFF, 0xFF,
    0xFF, 0xF7, 0xBE, 0xFF, 0xEF, 0x1C, 0xFF, 0xD6, 0x79, 0xFF, 0xE6, 0xDB, 0xFF, 0xEF, 0x5C, 0xFF,
    0xEF, 0x3C, 0xFF, 0xEF, 0x5C, 0xFF, 0xEF, 0x5D, 0xFF, 0xF7, 0x9E, 0xFF, 0xEF, 0x3C, 0xFF, 0xE6,
    0xDB, 0xFF, 0xA4, 0xD3, 0xFF, 0x7B, 0x8E, 0xFF, 0xC6, 0x38, 0xFF, 0xFF, 0xFF, 0xFF, 0xEF, 0x1C,
    0xFF, 0xEF, 0x5D, 0xFF, 0xEF, 0x3C, 0xFF, 0xEF, 0x3C, 0xFF, 0xEF, 0x3C, 0xFF, 0xEF, 0x3D, 0xFF,
    0xEF, 0x3D, 0xFF, 0xEF, 0x3D, 0xFF, 0xEF, 0x3C, 0xFF, 0xEF, 0x3C, 0xFF, 0xEF, 0x3C, 0xFF, 0xEF,
    0x3C, 0xFF, 0xDE, 0xDB, 0xFF, 0xC5, 0xD7, 0xFF, 0x8B, 0xF0, 0xFF, 0x7B, 0xAF, 0xFF, 0xEF, 0x3C,
    0xFF, 0xF7, 0xBE, 0xFF, 0xF7, 0x7D, 0xFF, 0xF7, 0x7D, 0xFF, 0xF7, 0x7D, 0xFF, 0xEF, 0x3C, 0xFF,
    0xDE, 0xFC, 0xFF, 0x94, 0x31, 0xFF, 0x6A, 0x69, 0xFF, 0xD6, 0x58, 0xFF, 0xFF, 0xFF, 0xFF, 0xFF,
    0x7C, 0xFF, 0xFF, 0x9C, 0xFF, 0xFF, 0x9C, 0xFF, 0xFF, 0x9C, 0xFF, 0xFF, 0xBC, 0xFF, 0xFF, 0xBC,
    0xFF, 0xFF, 0x9C, 0xFF, 0xFF, 0x7C, 0xFF, 0xFF, 0xFF, 0xFF, 0xD6, 0x38, 0xFF, 0x73, 0x2C, 0xFF,
    0xAC, 0xF3, 0xFF, 0xDE, 0x9A, 0xFF, 0xEF, 0x1C, 0xFF, 0xEF, 0x3C, 0xFF, 0xEF, 0x3C, 0xFF, 0xEF,
    0x3C, 0xFF, 0xD6, 0x9A, 0xFF, 0xBD, 0x96, 0xFF, 0xBD, 0xB6, 0xFF, 0xDE, 0x9A, 0xFF, 0xEF, 0x3D,
    0xFF, 0xEF, 0x5D, 0xFF, 0xEF, 0x3C, 0xFF, 0xEF, 0x3C, 0xFF, 0xEF, 0x3C, 0xFF, 0xEF, 0x3C, 0xFF,
    0xEF, 0x3C, 0xFF, 0xEF, 0x3C, 0xFF, 0xEF, 0x3C, 0xFF, 0xEF, 0x3D, 0xFF, 0xEF, 0x3D, 0xFF, 0xEF,
    0x3D, 0xFF, 0xEF, 0x3D, 0xFF, 0xEF, 0x3C, 0xFF, 0xEF, 0x5C, 0xFF, 0xEF, 0x5D, 0xFF, 0xEF, 0x3C,
    0xFF, 0xEF, 0x3C, 0xFF, 0xFF, 0x9E, 0xFF, 0xC5, 0xD7, 0xFF, 0xA4, 0xF4, 0xFF, 0xC5, 0xD7, 0xFF,
    0xE6, 0xFB, 0xFF, 0xFF, 0x9E, 0xFF, 0xE6, 0xFB, 0xFF, 0xCE, 0x5A, 0xFF, 0xC5, 0xF8, 0xFF, 0x8B,
    0xEF, 0xFF, 0x94, 0x0F, 0xFF, 0xFF, 0xFF, 0xFF, 0xFF, 0xBD, 0xFF, 0xFF, 0x9D, 0xFF, 0xFF, 0x9C,
    0xFF, 0xFF, 0x9C, 0xFF, 0xFF, 0x9C, 0xFF, 0xFF, 0x9C, 0xFF, 0xFF, 0x9C, 0xFF, 0xFF, 0x7B, 0xFF,
    0xFF, 0xBD, 0xFF, 0xFF, 0xDE, 0xFF, 0xB5, 0x34, 0xFF, 0x62, 0x8A, 0xFF, 0xAD, 0x35, 0xFF, 0xDE,
    0x9A, 0xFF, 0xEF, 0x1C, 0xFF, 0xF7, 0x7D, 0xFF, 0xAC, 0xF2, 0xFF, 0xCD, 0xD5, 0xFF, 0xAC, 0xD2,
    0xFF, 0x6A, 0xEB, 0xFF, 0xA4, 0xD3, 0xFF, 0xD6, 0x79, 0xFF, 0xBD, 0xB7, 0xFF, 0xBD, 0x76, 0xFF,
    0xCD, 0xF8, 0xFF, 0xDE, 0xBB, 0xFF, 0xEF, 0x1C, 0xFF, 0xF7, 0x9E, 0xFF, 0xBD, 0xB7, 0xFF, 0x9C,
    0xB4, 0xFF, 0xBD, 0xD8, 0xFF, 0xB5, 0x76, 0xFF, 0xBD, 0xB7, 0xFF, 0xEF, 0x3D, 0xFF, 0xEF, 0x5D,
    0xFF, 0xE6, 0xDC, 0xFF, 0xAD, 0x35, 0xFF, 0x52, 0x4A, 0xFF, 0x51, 0xE6, 0xFF, 0x9C, 0x2C, 0xFF,
    0xCD, 0x90, 0xFF, 0xB4, 0xCD, 0xFF, 0xB4, 0xAD, 0xFF, 0xDE, 0x53, 0xFF, 0xC5, 0xD2, 0xFF, 0x5A,
    0xC8, 0xFF, 0x29, 0xC3, 0xFF, 0x53, 0x45, 0xFF, 0x6C, 0x68, 0xFF, 0x74, 0xA8, 0xFF, 0x5B, 0xC6,
    0xFF, 0x6B, 0x89, 0xFF, 0xCE, 0x57, 0xFF, 0x5A, 0x89, 0xFF, 0xAD, 0x34, 0xFF, 0xFF, 0xBF, 0xFF,
    0xF7, 0x7D, 0xFF, 0xE6, 0xDC, 0xFF, 0xB5, 0x96, 0xFF, 0xC6, 0x18, 0xFF, 0xFF, 0xBE, 0xFF, 0xEF,
    0x1C, 0xFF, 0xEF, 0x5D, 0xFF, 0xF7, 0x7D, 0xFF, 0xBD, 0xB7, 0xFF, 0x94, 0x73, 0xFF, 0x8C, 0x51,
    0xFF, 0x29, 0x04, 0xFF, 0x52, 0x8A, 0xFF, 0xDE, 0xDA, 0xFF, 0xEF, 0x7D, 0xFF, 0xF7, 0x9D, 0xFF,
    0xFF, 0xFF, 0xFF, 0xC6, 0x38, 0xFF, 0x42, 0x28, 0xFF, 0x31, 0xA5, 0xFF, 0x42, 0x05, 0xFF, 0x62,
    0xA7, 0xFF, 0x20, 0xE3, 0xFF, 0xAD, 0x76, 0xFF, 0xFF, 0xFF, 0xFF, 0xEF, 0x5D, 0xFF, 0xEF, 0x5D,
    0xFF, 0xEF, 0x5D, 0xFF, 0xF7, 0x9E, 0xFF, 0xFF, 0xDF, 0xEF, 0xC6, 0x18, 0x97, 0x08, 0x41, 0x35,
    0x64, 0x49, 0xFE, 0x74, 0x8A, 0xFF, 0x7C, 0xEA, 0xFF, 0x85, 0x4C, 0xFF, 0x85, 0x2B, 0xFF, 0xA5,
    0xED, 0xFF, 0xDF, 0x72, 0xFF, 0xEF, 0xD3, 0xFF, 0xDF, 0x91, 0xFF, 0xDF, 0x71, 0xFF, 0xB6, 0x2D,
    0xFF, 0x8D, 0x2B, 0xFF, 0x6C, 0x29, 0xFF, 0x4B, 0x06, 0xFF, 0x5B, 0x67, 0xFF, 0x29, 0xA3, 0xFF,
    0xAD, 0x54, 0xFF, 0xFF, 0xFF, 0xFF, 0xFF, 0xFF, 0xFF, 0xF7, 0x9E, 0xFF, 0xDE, 0xBA, 0xFF, 0xCE,
    0x59, 0xFF, 0xE6, 0xDB, 0xFF, 0xF7, 0x5D, 0xFF, 0xEF, 0x3C, 0xFF, 0xEF, 0x5C, 0xFF, 0xEF, 0x5C,
    0xFF, 0xF7, 0x7D, 0xFF, 0xF7, 0x9E, 0xFF, 0xB5, 0x55, 0xFF, 0x63, 0x0C, 0xFF, 0xB5, 0x96, 0xFF,
    0xFF, 0xFF, 0xFF, 0xEF, 0x3C, 0xFF, 0xEF, 0x3D, 0xFF, 0xEF, 0x5D, 0xFF, 0xEF, 0x5D, 0xFF, 0xEF,
    0x3D, 0xFF, 0xEF, 0x5D, 0xFF, 0xEF, 0x5D, 0xFF, 0xEF, 0x5D, 0xFF, 0xEF, 0x5D, 0xFF, 0xEF, 0x3D,
    0xFF, 0xEF, 0x5D, 0xFF, 0xEF, 0x3C, 0xFF, 0xDE, 0x9A, 0xFF, 0xBD, 0x96, 0xFF, 0x83, 0xF0, 0xFF,
    0x6B, 0x0D, 0xFF, 0xCE, 0x18, 0xFF, 0xFF, 0xBE, 0xFF, 0xF7, 0x7D, 0xFF, 0xEF, 0x7D, 0xFF, 0xF7,
    0x7D, 0xFF, 0xEF, 0x3C, 0xFF, 0xDE, 0xDB, 0xFF, 0xAD, 0x35, 0xFF, 0x6A, 0x8A, 0xFF, 0xA4, 0x30,
    0xFF, 0xFF, 0xFF, 0xFF, 0xFF, 0x9C, 0xFF, 0xFF, 0x9C, 0xFF, 0xFF, 0x9C, 0xFF, 0xFF, 0x9C, 0xFF,
    0xFF, 0x9C, 0xFF, 0xFF, 0x9C, 0xFF, 0xFF, 0x9C, 0xFF, 0xFF, 0x9C, 0xFF, 0xF7, 0x7C, 0xFF, 0xFF,
    0xFE, 0xFF, 0xEF, 0x1B, 0xFF, 0x94, 0x0F, 0xFF, 0x8B, 0xEF, 0xFF, 0xCE, 0x18, 0xFF, 0xE6, 0xDA,
    0xFF, 0xEF, 0x3C, 0xFF, 0xEF, 0x3C, 0xFF, 0xEF, 0x3C, 0xFF, 0xDE, 0xBB, 0xFF, 0xBD, 0xB7, 0xFF,
    0xB5, 0x76, 0xFF, 0xCE, 0x59, 0xFF, 0xEF, 0x1C, 0xFF, 0xF7, 0x7D, 0xFF, 0xEF, 0x3C, 0xFF, 0xEF,
    0x3C, 0xFF, 0xEF, 0x3C, 0xFF, 0xEF, 0x3C, 0xFF, 0xEF, 0x3C, 0xFF, 0xEF, 0x3C, 0xFF, 0xEF, 0x3C,
    0xFF, 0xEF, 0x3C, 0xFF, 0xEF, 0x3D, 0xFF, 0xEF, 0x3D, 0xFF, 0xEF, 0x3D, 0xFF, 0xEF, 0x3C, 0xFF,
    0xEF, 0x5C, 0xFF, 0xEF, 0x5C, 0xFF, 0xEF, 0x3C, 0xFF, 0xEF, 0x3C, 0xFF, 0xFF, 0xBE, 0xFF, 0xC5,
    0xF8, 0xFF, 0xA4, 0xF4, 0xFF, 0xBD, 0xB7, 0xFF, 0xE6, 0xDB, 0xFF, 0xF7, 0x5D, 0xFF, 0xD6, 0x59,
    0xFF, 0xCE, 0x39, 0xFF, 0xBD, 0x96, 0xFF, 0x7B, 0x0C, 0xFF, 0xC5, 0x75, 0xFF, 0xFF, 0xFF, 0xFF,
    0xFF, 0x9C, 0xFF, 0xFF, 0x9C, 0xFF, 0xFF, 0x9C, 0xFF, 0xFF, 0x9C, 0xFF, 0xFF, 0x9C, 0xFF, 0xFF,
    0x9C, 0xFF, 0xFF, 0x9C, 0xFF, 0xFF, 0x9C, 0xFF, 0xFF, 0x7B, 0xFF, 0xFF, 0xBD, 0xFF, 0xFF, 0xDE,
    0xFF, 0x9C, 0x71, 0xFF, 0x62, 0xAB, 0xFF, 0xBD, 0x96, 0xFF, 0xDE, 0x99, 0xFF, 0xFF, 0xDE, 0xFF,
    0xD6, 0x58, 0xFF, 0xAC, 0xF2, 0xFF, 0xE6, 0xB8, 0xFF, 0xB5, 0x32, 0xFF, 0x73, 0x0B, 0xFF, 0xB5,
    0x55, 0xFF, 0xCE, 0x39, 0xFF, 0xC5, 0xD7, 0xFF, 0xBD, 0x96, 0xFF, 0xBD, 0xB7, 0xFF, 0xC5, 0xD8,
    0xFF, 0xDE, 0x9A, 0xFF, 0xC6, 0x18, 0xFF, 0x9C, 0x93, 0xFF, 0xB5, 0x76, 0xFF, 0xB5, 0x97, 0xFF,
    0xBD, 0xB7, 0xFF, 0xEF, 0x5D, 0xFF, 0xF7, 0x9E, 0xFF, 0xEF, 0x3C, 0xFF, 0xE6, 0xDC, 0xFF, 0xC5,
    0xD8, 0xFF, 0x73, 0x4E, 0xFF, 0x41, 0xA6, 0xFF, 0x7B, 0x4A, 0xFF, 0xC5, 0x50, 0xFF, 0xBD, 0x2E,
    0xFF, 0xAC, 0x6B, 0xFF, 0xCD, 0x90, 0xFF, 0xE6, 0x74, 0xFF, 0x8C, 0x2C, 0xFF, 0x31, 0xC3, 0xFF,
    0x42, 0xC5, 0xFF, 0x6C, 0x48, 0xFF, 0x6C, 0x07, 0xFF, 0x52, 0xC5, 0xFF, 0xDE, 0xF9, 0xFF, 0x73,
    0x4C, 0xFF, 0x83, 0xEF, 0xFF, 0xEF, 0x3C, 0xFF, 0xFF, 0xBE, 0xFF, 0xF7, 0x5D, 0xFF, 0xC5, 0xF8,
    0xFF, 0xAD, 0x35, 0xFF, 0xEF, 0x5D, 0xFF, 0xEF, 0x3C, 0xFF, 0xEF, 0x1C, 0xFF, 0xF7, 0x5D, 0xFF,
    0xEF, 0x1C, 0xFF, 0xAD, 0x36, 0xFF, 0x9C, 0xB4, 0xFF, 0x6B, 0x2C, 0xFF, 0x39, 0xC6, 0xFF, 0xAD,
    0x54, 0xFF, 0xFF, 0xFF, 0xFF, 0xE7, 0x1B, 0xFF, 0xF7, 0x7D, 0xFF, 0xEF, 0x1B, 0xFF, 0x9C, 0xEF,
    0xFF, 0x9D, 0x2D, 0xFF, 0x6B, 0xC9, 0xFF, 0x4A, 0x66, 0xFF, 0x8C, 0x51, 0xFF, 0xEF, 0x3D, 0xFF,
    0xFF, 0xBE, 0xFF, 0xEF, 0x5D, 0xFF, 0xEF, 0x5D, 0xFF, 0xEF, 0x3C, 0xFF, 0xF7, 0x7D, 0xFF, 0xFF,
    0xBE, 0xF6, 0xDE, 0xBA, 0xBA, 0x21, 0x24, 0x6C, 0x6C, 0x49, 0xFF, 0x6C, 0x8A, 0xFF, 0x74, 0xCA,
    0xFF, 0x7D, 0x0B, 0xFF, 0x85, 0x4B, 0xFF, 0x8D, 0x4B, 0xFF, 0xBE, 0x6E, 0xFF, 0xE7, 0xB2, 0xFF,
    0xE7, 0x91, 0xFF, 0xDF, 0x70, 0xFF, 0xA5, 0xCC, 0xFF, 0x5B, 0x87, 0xFF, 0x63, 0xC7, 0xFF, 0x95,
    0x4B, 0xFF, 0x31, 0xE3, 0xFF, 0x7B, 0xEE, 0xFF, 0xEF, 0x7D, 0xFF, 0xFF, 0xFF, 0xFF, 0xF7, 0xBE,
    0xFF, 0xEF, 0x5D, 0xFF, 0xCE, 0x59, 0xFF, 0xCE, 0x38, 0xFF, 0xE6, 0xDB, 0xFF, 0xF7, 0x7D, 0xFF,
    0xEF, 0x3C, 0xFF, 0xEF, 0x3C, 0xFF, 0xEF, 0x3C, 0xFF, 0xFF, 0xFF, 0xFF, 0xD6, 0x9A, 0xFF, 0x62,
    0xEC, 0xFF, 0x9C, 0xF3, 0xFF, 0xFF, 0xFF, 0xFF, 0xF7, 0x7D, 0xFF, 0xEF, 0x3C, 0xFF, 0xF7, 0x5D,
    0xFF, 0xEF, 0x5D, 0xFF, 0xEF, 0x5D, 0xFF, 0xEF, 0x5D, 0xFF, 0xEF, 0x5D, 0xFF, 0xEF, 0x5D, 0xFF,
    0xEF, 0x5D, 0xFF, 0xEF, 0x5D, 0xFF, 0xF7, 0x7D, 0xFF, 0xEF, 0x3C, 0xFF, 0xD6, 0x7A, 0xFF, 0xBD,
    0x96, 0xFF, 0x83, 0xD0, 0xFF, 0x62, 0xCC, 0xFF, 0xB5, 0x55, 0xFF, 0xEF, 0x3C, 0xFF, 0xF7, 0x7D,
    0xFF, 0xF7, 0x7D, 0xFF, 0xF7, 0x7D, 0xFF, 0xEF, 0x5D, 0xFF, 0xD6, 0x7A, 0xFF, 0xC6, 0x18, 0xFF,
    0x7B, 0x2D, 0xFF, 0x7A, 0xEB, 0xFF, 0xF7, 0x3B, 0xFF, 0xFF, 0xFE, 0xFF, 0xFF, 0x7C, 0xFF, 0xFF,
    0x9C, 0xFF, 0xFF, 0x9C, 0xFF, 0xFF, 0x9C, 0xFF, 0xFF, 0x9C, 0xFF, 0xFF, 0x9C, 0xFF, 0xFF, 0x9C,
    0xFF, 0xFF, 0x9C, 0xFF, 0xFF, 0x7C, 0xFF, 0xFF, 0xBD, 0xFF, 0xFF, 0xBD, 0xFF, 0xB5, 0x34, 0xFF,
    0x73, 0x0C, 0xFF, 0xC5, 0xB7, 0xFF, 0xD6, 0x59, 0xFF, 0xEF, 0x3C, 0xFF, 0xEF, 0x3C, 0xFF, 0xEF,
    0x3C, 0xFF, 0xE6, 0xFB, 0xFF, 0xBD, 0xB7, 0xFF, 0xAD, 0x35, 0xFF, 0xC5, 0xD7, 0xFF, 0xE6, 0xDB,
    0xFF, 0xF7, 0x7D, 0xFF, 0xEF, 0x5D, 0xFF, 0xEF, 0x5C, 0xFF, 0xEF, 0x3C, 0xFF, 0xEF, 0x5C, 0xFF,
    0xEF, 0x3C, 0xFF, 0xEF, 0x3C, 0xFF, 0xEF, 0x3C, 0xFF, 0xEF, 0x3C, 0xFF, 0xEF, 0x3C, 0xFF, 0xEF,
    0x3C, 0xFF, 0xEF, 0x3C, 0xFF, 0xEF, 0x3C, 0xFF, 0xEF, 0x3C, 0xFF, 0xEF, 0x3C, 0xFF, 0xEF, 0x3C,
    0xFF, 0xEF, 0x3C, 0xFF, 0xFF, 0xBE, 0xFF, 0xCE, 0x38, 0xFF, 0x9C, 0xD3, 0xFF, 0xBD, 0x96, 0xFF,
    0xDE, 0xBB, 0xFF, 0xDE, 0xBB, 0xFF, 0xC6, 0x18, 0xFF, 0xCE, 0x39, 0xFF, 0xA4, 0xD3, 0xFF, 0x7B,
    0x2B, 0xFF, 0xEF, 0x3A, 0xFF, 0xFF, 0xDD, 0xFF, 0xFF, 0x7C, 0xFF, 0xFF, 0x9C, 0xFF, 0xFF, 0x9C,
    0xFF, 0xFF, 0x9C, 0xFF, 0xFF, 0x9C, 0xFF, 0xFF, 0x9C, 0xFF, 0xFF, 0x9C, 0xFF, 0xFF, 0x9C, 0xFF,
    0xFF, 0x9C, 0xFF, 0xFF, 0x7C, 0xFF, 0xFF, 0xDD, 0xFF, 0xF7, 0x9D, 0xFF, 0x8B, 0xCF, 0xFF, 0x6A,
    0xCC, 0xFF, 0xBD, 0xB6, 0xFF, 0xE6, 0xFB, 0xFF, 0xFF, 0xBE, 0xFF, 0xAC, 0xF3, 0xFF, 0xBD, 0x53,
    0xFF, 0xFF, 0x9B, 0xFF, 0xAD, 0x12, 0xFF, 0x73, 0x0B, 0xFF, 0xB5, 0x34, 0xFF, 0xCE, 0x38, 0xFF,
    0xC5, 0xF8, 0xFF, 0xC5, 0xD8, 0xFF, 0xBD, 0xB7, 0xFF, 0xBD, 0xB7, 0xFF, 0xC5, 0xD7, 0xFF, 0x94,
    0x72, 0xFF, 0xA4, 0xF4, 0xFF, 0xB5, 0x56, 0xFF, 0xBD, 0xB7, 0xFF, 0xEF, 0x3D, 0xFF, 0xF7, 0x9E,
    0xFF, 0xEF, 0x7D, 0xFF, 0xF7, 0x5D, 0xFF, 0xE6, 0xDC, 0xFF, 0xCD, 0xF8, 0xFF, 0x94, 0x72, 0xFF,
    0x49, 0xE8, 0xFF, 0x5A, 0x47, 0xFF, 0xAC, 0x8D, 0xFF, 0xC5, 0x4F, 0xFF, 0xAC, 0x6C, 0xFF, 0xB4,
    0xAD, 0xFF, 0xDE, 0x32, 0xFF, 0xBD, 0x70, 0xFF, 0x5A, 0xC7, 0xFF, 0x32, 0x03, 0xFF, 0x42, 0xA4,
    0xFF, 0x31, 0xC2, 0xFF, 0xC6, 0x57, 0xFF, 0xA4, 0xD2, 0xFF, 0x62, 0xCA, 0xFF, 0xCE, 0x38, 0xFF,
    0xFF, 0xFF, 0xFF, 0xF7, 0x7E, 0xFF, 0xDE, 0xBB, 0xFF, 0xA4, 0xF4, 0xFF, 0xCE, 0x59, 0xFF, 0xF7,
    0x7E, 0xFF, 0xEF, 0x1C, 0xFF, 0xEF, 0x3C, 0xFF, 0xF7, 0x5D, 0xFF, 0xE6, 0xFC, 0xFF, 0xB5, 0x56,
    0xFF, 0xA4, 0xD3, 0xFF, 0x4A, 0x28, 0xFF, 0x5A, 0xCB, 0xFF, 0xE7, 0x1B, 0xFF, 0xFF, 0xFF, 0xFF,
    0xF7, 0x9E, 0xFF, 0xD6, 0x99, 0xFF, 0x84, 0x6C, 0xFF, 0xA5, 0xEE, 0xFF, 0x9D, 0xAC, 0xFF, 0xA5,
    0x6F, 0xFF, 0xEF, 0x9D, 0xFF, 0xFF, 0xDF, 0xFF, 0xEF, 0x5D, 0xFF, 0xEF, 0x5D, 0xFF, 0xEF, 0x5D,
    0xFF, 0xEF, 0x3C, 0xFF, 0xEF, 0x3C, 0xFF, 0xFF, 0xBE, 0xFF, 0xEF, 0x3C, 0xF9, 0x4A, 0x49, 0xE6,
    0x6C, 0x6A, 0xFF, 0x74, 0x89, 0xFF, 0x8D, 0x4B, 0xFF, 0xA5, 0xEE, 0xFF, 0xB6, 0x6F, 0xFF, 0xBE,
    0x6F, 0xFF, 0xB6, 0x4F, 0xFF, 0xC6, 0xAF, 0xFF, 0xCE, 0xF0, 0xFF, 0xA5, 0xCD, 0xFF, 0x74, 0x49,
    0xFF, 0x95, 0x2B, 0xFF, 0xC6, 0xAF, 0xFF, 0x63, 0x87, 0xFF, 0x52, 0xC8, 0xFF, 0xDE, 0xFA, 0xFF,
    0xFF, 0xFF, 0xFF, 0xFF, 0xBE, 0xFF, 0xF7, 0x7D, 0xFF, 0xDE, 0xBB, 0xFF, 0xCE, 0x39, 0xFF, 0xC5,
    0xF7, 0xFF, 0xE6, 0xFB, 0xFF, 0xF7, 0x7D, 0xFF, 0xEF, 0x3C, 0xFF, 0xEF, 0x1C, 0xFF, 0xFF, 0xBE,
    0xFF, 0xEF, 0x5D, 0xFF, 0x6B, 0x2C, 0xFF, 0x8C, 0x51, 0xFF, 0xF7, 0x9E, 0xFF, 0xFF, 0xBE, 0xFF,
    0xEF, 0x3C, 0xFF, 0xEF, 0x5D, 0xFF, 0xEF, 0x5D, 0xFF, 0xEF, 0x5D, 0xFF, 0xEF, 0x5D, 0xFF, 0xEF,
    0x5D, 0xFF, 0xEF, 0x5D, 0xFF, 0xEF, 0x5D, 0xFF, 0xEF, 0x5D, 0xFF, 0xF7, 0x7E, 0xFF, 0xE6, 0xFC,
    0xFF, 0xD6, 0x59, 0xFF, 0xB5, 0x76, 0xFF, 0x7B, 0x6F, 0xFF, 0x62, 0xED, 0xFF, 0xAC, 0xF4, 0xFF,
    0xCE, 0x18, 0xFF, 0xE7, 0x1C, 0xFF, 0xF7, 0x7D, 0xFF, 0xF7, 0x7D, 0xFF, 0xF7, 0x5D, 0xFF, 0xCE,
    0x59, 0xFF, 0xCE, 0x5A, 0xFF, 0x93, 0xF0, 0xFF, 0x6A, 0x6A, 0xFF, 0xCD, 0xB6, 0xFF, 0xFF, 0xFF,
    0xFF, 0xFF, 0x5B, 0xFF, 0xFF, 0x9C, 0xFF, 0xFF, 0x9C, 0xFF, 0xFF, 0x9C, 0xFF, 0xFF, 0x9C, 0xFF,
    0xFF, 0x9C, 0xFF, 0xFF, 0x9C, 0xFF, 0xFF, 0x9C, 0xFF, 0xFF, 0x9C, 0xFF, 0xFF, 0x9C, 0xFF, 0xFF,
    0x9C, 0xFF, 0xFF, 0xFD, 0xFF, 0xD6, 0x58, 0xFF, 0x73, 0x2C, 0xFF, 0xAC, 0xF4, 0xFF, 0xCE, 0x38,
    0xFF, 0xE6, 0xFC, 0xFF, 0xEF, 0x5D, 0xFF, 0xEF, 0x5D, 0xFF, 0xEF, 0x1C, 0xFF, 0xC5, 0xD7, 0xFF,
    0x9C, 0xB3, 0xFF, 0xB5, 0x55, 0xFF, 0xDE, 0x9A, 0xFF, 0xEF, 0x3C, 0xFF, 0xF7, 0x5D, 0xFF, 0xEF,
    0x3C, 0xFF, 0xEF, 0x5C, 0xFF, 0xEF, 0x5C, 0xFF, 0xEF, 0x3C, 0xFF, 0xEF, 0x3C, 0xFF, 0xEF, 0x3C,
    0xFF, 0xEF, 0x3C, 0xFF, 0xEF, 0x3C, 0xFF, 0xEF, 0x3C, 0xFF, 0xEF, 0x3C, 0xFF, 0xEF, 0x3C, 0xFF,
    0xEF, 0x3C, 0xFF, 0xEF, 0x3C, 0xFF, 0xEF, 0x3C, 0xFF, 0xEF, 0x3C, 0xFF, 0xFF, 0x9E, 0xFF, 0xD6,
    0x7A, 0xFF, 0x9C, 0xB3, 0xFF, 0xBD, 0xB7, 0xFF, 0xD6, 0x7A, 0xFF, 0xC5, 0xF8, 0xFF, 0xCE, 0x19,
    0xFF, 0xC5, 0xF8, 0xFF, 0x8B, 0xCF, 0xFF, 0x94, 0x0F, 0xFF, 0xFF, 0xFE, 0xFF, 0xFF, 0x7B, 0xFF,
    0xFF, 0x9B, 0xFF, 0xFF, 0x9C, 0xFF, 0xFF, 0x9C, 0xFF, 0xFF, 0x9C, 0xFF, 0xFF, 0x9C, 0xFF, 0xFF,
    0x9C, 0xFF, 0xFF, 0x9C, 0xFF, 0xFF, 0x9C, 0xFF, 0xFF, 0x9C, 0xFF, 0xFF, 0x9C, 0xFF, 0xFF, 0x9C,
    0xFF, 0xFF, 0xDE, 0xFF, 0xF7, 0x9D, 0xFF, 0x83, 0xCF, 0xFF, 0x73, 0x2D, 0xFF, 0xBD, 0x96, 0xFF,
    0xF7, 0x9D, 0xFF, 0xDE, 0xBA, 0xFF, 0x9C, 0x70, 0xFF, 0xCE, 0x16, 0xFF, 0xFF, 0xDD, 0xFF, 0xAC,
    0xF2, 0xFF, 0x6A, 0xEB, 0xFF, 0x9C, 0x92, 0xFF, 0xD6, 0x59, 0xFF, 0xCE, 0x38, 0xFF, 0xC5, 0xF8,
    0xFF, 0xC5, 0xD7, 0xFF, 0xCE, 0x18, 0xFF, 0x9C, 0x92, 0xFF, 0x94, 0x52, 0xFF, 0xA4, 0xF4, 0xFF,
    0xBD, 0xB7, 0xFF, 0xE7, 0x1C, 0xFF, 0xF7, 0x9E, 0xFF, 0xEF, 0x5D, 0xFF, 0xF7, 0x7D, 0xFF, 0xF7,
    0x7E, 0xFF, 0xE7, 0x1C, 0xFF, 0xCE, 0x18, 0xFF, 0xA4, 0xF3, 0xFF, 0x5A, 0xAA, 0xFF, 0x41, 0xA5,
    0xFF, 0x83, 0x49, 0xFF, 0xBD, 0x0F, 0xFF, 0xB4, 0xAD, 0xFF, 0xA4, 0x0B, 0xFF, 0xBC, 0xEE, 0xFF,
    0xD5, 0xF1, 0xFF, 0xA4, 0xEE, 0xFF, 0x63, 0x08, 0xFF, 0x18, 0xA1, 0xFF, 0x9C, 0xB0, 0xFF, 0xD6,
    0x98, 0xFF, 0x52, 0x48, 0xFF, 0x9C, 0xD3, 0xFF, 0xFF, 0xFF, 0xFF, 0xF7, 0x7D, 0xFF, 0xF7, 0x7D,
    0xFF, 0xB5, 0x76, 0xFF, 0xAD, 0x14, 0xFF, 0xF7, 0x9E, 0xFF, 0xEF, 0x3C, 0xFF, 0xEF, 0x3D, 0xFF,
    0xEF, 0x3C, 0xFF, 0xF7, 0x5D, 0xFF, 0xE7, 0x1C, 0xFF, 0xC5, 0xD7, 0xFF, 0x94, 0x72, 0xFF, 0x42,
    0x08, 0xFF, 0x6B, 0x6D, 0xFF, 0xFF, 0xDE, 0xFF, 0xFF, 0xFF, 0xFF, 0xD6, 0x99, 0xFF, 0x84, 0x8C,
    0xFF, 0x9D, 0xCD, 0xFF, 0x8D, 0x2B, 0xFF, 0x8C, 0xED, 0xFF, 0xDF, 0x1A, 0xFF, 0xFF, 0x9E, 0xFF,
    0xEF, 0x5D, 0xFF, 0xEF, 0x5C, 0xFF, 0xEF, 0x3C, 0xFF, 0xEF, 0x1C, 0xFF, 0xEF, 0x1C, 0xFF, 0xF7,
    0x7D, 0xFF, 0xF7, 0x5D, 0xFF, 0x73, 0x8E, 0xFF, 0x7C, 0xEB, 0xFF, 0xC6, 0x90, 0xFF, 0xF7, 0xB4,
    0xFF, 0xFF, 0xD5, 0xFF, 0xFF, 0xD5, 0xFF, 0xFF, 0xF6, 0xFF, 0xFF, 0xF5, 0xFF, 0xDF, 0x52, 0xFF,
    0xA5, 0xCD, 0xFF, 0x84, 0xCA, 0xFF, 0xB6, 0x2E, 0xFF, 0xC6, 0xAF, 0xFF, 0x84, 0xA9, 0xFF, 0x3A,
    0x05, 0xFF, 0xC6, 0x17, 0xFF, 0xFF, 0xDE, 0xFF, 0xF7, 0x9D, 0xFF, 0xF7, 0x7D, 0xFF, 0xDE, 0x9A,
    0xFF, 0xD6, 0x59, 0xFF, 0xC6, 0x18, 0xFF, 0xB5, 0x76, 0xFF, 0xEF, 0x3C, 0xFF, 0xEF, 0x5D, 0xFF,
    0xE6, 0xFB, 0xFF, 0xF7, 0x7D, 0xFF, 0xF7, 0x7E, 0xFF, 0x73, 0x8E, 0xFF, 0x84, 0x10, 0xFF, 0xEF,
    0x5C, 0xFF, 0xFF, 0xBE, 0xFF, 0xEF, 0x3C, 0xFF, 0xEF, 0x5D, 0xFF, 0xEF, 0x5D, 0xFF, 0xEF, 0x3C,
    0xFF, 0xEF, 0x5D, 0xFF, 0xEF, 0x5D, 0xFF, 0xEF, 0x5D, 0xFF, 0xEF, 0x5D, 0xFF, 0xF7, 0x7E, 0xFF,
    0xF7, 0x9E, 0xFF, 0xDE, 0xBB, 0xFF, 0xCE, 0x59, 0xFF, 0xAD, 0x35, 0xFF, 0x6B, 0x0D, 0xFF, 0x6B,
    0x2E, 0xFF, 0xB5, 0x56, 0xFF, 0xBD, 0x76, 0xFF, 0xC5, 0xF8, 0xFF, 0xEF, 0x3D, 0xFF, 0xF7, 0x7D,
    0xFF, 0xF7, 0x5D, 0xFF, 0xD6, 0x59, 0xFF, 0xC6, 0x19, 0xFF, 0xAD, 0x35, 0xFF, 0x62, 0x29, 0xFF,
    0xA4, 0x50, 0xFF, 0xFF, 0xFE, 0xFF, 0xFF, 0x9C, 0xFF, 0xFF, 0x7B, 0xFF, 0xFF, 0x9C, 0xFF, 0xFF,
    0x9C, 0xFF, 0xFF, 0x9C, 0xFF, 0xFF, 0x9C, 0xFF, 0xFF, 0x9C, 0xFF, 0xFF, 0x9C, 0xFF, 0xFF, 0x9C,
    0xFF, 0xFF, 0x9C, 0xFF, 0xFF, 0x9C, 0xFF, 0xFF, 0x7B, 0xFF, 0xFF, 0xDD, 0xFF, 0xEF, 0x5B, 0xFF,
    0x9C, 0x50, 0xFF, 0x83, 0xAF, 0xFF, 0xCE, 0x18, 0xFF, 0xDE, 0xBA, 0xFF, 0xF7, 0x5D, 0xFF, 0xF7,
    0x7D, 0xFF, 0xEF, 0x3C, 0xFF, 0xCE, 0x39, 0xFF, 0x9C, 0xB3, 0xFF, 0xA4, 0xF4, 0xFF, 0xD6, 0x59,
    0xFF, 0xE6, 0xFB, 0xFF, 0xF7, 0x7D, 0xFF, 0xEF, 0x5D, 0xFF, 0xEF, 0x5C, 0xFF, 0xEF, 0x3C, 0xFF,
    0xEF, 0x3C, 0xFF, 0xEF, 0x3C, 0xFF, 0xEF, 0x3C, 0xFF, 0xEF, 0x3C, 0xFF, 0xEF, 0x3C, 0xFF, 0xEF,
    0x3C, 0xFF, 0xEF, 0x3C, 0xFF, 0xEF, 0x3C, 0xFF, 0xEF, 0x3C, 0xFF, 0xEF, 0x3C, 0xFF, 0xEF, 0x3C,
    0xFF, 0xEF, 0x5C, 0xFF, 0xF7, 0x9E, 0xFF, 0xDE, 0xDB, 0xFF, 0x9C, 0xB3, 0xFF, 0xBD, 0xB7, 0xFF,
    0xCE, 0x59, 0xFF, 0xBD, 0xB7, 0xFF, 0xD6, 0x5A, 0xFF, 0xB5, 0x55, 0xFF, 0x7B, 0x2C, 0xFF, 0xC5,
    0x94, 0xFF, 0xFF, 0xFD, 0xFF, 0xFF, 0x5A, 0xFF, 0xFF, 0x7B, 0xFF, 0xFF, 0x9C, 0xFF, 0xFF, 0x9C,
    0xFF, 0xFF, 0x9C, 0xFF, 0xFF, 0x9C, 0xFF, 0xFF, 0x9C, 0xFF, 0xFF, 0x9C, 0xFF, 0xFF, 0x9C, 0xFF,
    0xFF, 0x9C, 0xFF, 0xFF, 0x9C, 0xFF, 0xFF, 0x9C, 0xFF, 0xFF, 0xBC, 0xFF, 0xFF, 0xFE, 0xFF, 0xF7,
    0x9E, 0xFF, 0x8C, 0x10, 0xFF, 0x62, 0xAB, 0xFF, 0xAD, 0x34, 0xFF, 0xFF, 0xDE, 0xFF, 0xC5, 0xD6,
    0xFF, 0x9C, 0x50, 0xFF, 0xE6, 0xD9, 0xFF, 0xFF, 0xDD, 0xFF, 0xBD, 0x74, 0xFF, 0x73, 0x0B, 0xFF,
    0x83, 0xAE, 0xFF, 0xC5, 0xD7, 0xFF, 0xD6, 0x59, 0xFF, 0xC5, 0xD7, 0xFF, 0xCE, 0x18, 0xFF, 0xAD,
    0x14, 0xFF, 0x83, 0xF0, 0xFF, 0x94, 0x72, 0xFF, 0xBD, 0x97, 0xFF, 0xDE, 0xDB, 0xFF, 0xF7, 0x9D,
    0xFF, 0xEF, 0x5C, 0xFF, 0xEF, 0x5D, 0xFF, 0xF7, 0x5D, 0xFF, 0xF7, 0x7D, 0xFF, 0xEF, 0x5D, 0xFF,
    0xD6, 0x7A, 0xFF, 0xB5, 0x56, 0xFF, 0x83, 0xEF, 0xFF, 0x4A, 0x07, 0xFF, 0x52, 0x06, 0xFF, 0x93,
    0xEC, 0xFF, 0xBC, 0xEF, 0xFF, 0xAC, 0x6D, 0xFF, 0xA4, 0x2B, 0xFF, 0xBD, 0x2E, 0xFF, 0xCD, 0xF1,
    0xFF, 0xAC, 0xEE, 0xFF, 0xCE, 0x35, 0xFF, 0xFF, 0xFF, 0xFF, 0x63, 0x2B, 0xFF, 0x6B, 0x2C, 0xFF,
    0xEF, 0x3D, 0xFF, 0xFF, 0xDF, 0xFF, 0xF7, 0xBE, 0xFF, 0xD6, 0x79, 0xFF, 0x94, 0x51, 0xFF, 0xDE,
    0x9A, 0xFF, 0xF7, 0x7D, 0xFF, 0xEF, 0x3D, 0xFF, 0xEF, 0x5D, 0xFF, 0xEF, 0x3D, 0xFF, 0xF7, 0x7D,
    0xFF, 0xE6, 0xFB, 0xFF, 0xCE, 0x39, 0xFF, 0x8C, 0x30, 0xFF, 0x39, 0xC7, 0xFF, 0x8C, 0x50, 0xFF,
    0xFF, 0xFF, 0xFF, 0xD6, 0x78, 0xFF, 0x84, 0x8C, 0xFF, 0xA5, 0xCE, 0xFF, 0x8D, 0x2C, 0xFF, 0x8C,
    0xEC, 0xFF, 0xDE, 0xFA, 0xFF, 0xF7, 0x9E, 0xFF, 0xEF, 0x3C, 0xFF, 0xEF, 0x3C, 0xFF, 0xEF, 0x3C,
    0xFF, 0xEF, 0x3C, 0xFF, 0xEF, 0x1C, 0xFF, 0xF7, 0x5D, 0xFF, 0xF7, 0x7D, 0xFF, 0x94, 0x92, 0xFF,
    0x9D, 0xAD, 0xFF, 0xE7, 0x72, 0xFF, 0xF7, 0xB4, 0xFF, 0xF7, 0xD5, 0xFF, 0xF7, 0xF6, 0xFF, 0xF7,
    0xB5, 0xFF, 0xEF, 0x94, 0xFF, 0xCE, 0xB1, 0xFF, 0xAD, 0xED, 0xFF, 0xBE, 0x8F, 0xFF, 0xCE, 0xF0,
    0xFF, 0x95, 0x4B, 0xFF, 0x32, 0x04, 0xFF, 0xA5, 0x33, 0xFF, 0xFF, 0xBD, 0xFF, 0xFF, 0x9D, 0xFF,
    0xEF, 0x5C, 0xFF, 0xDE, 0xDB, 0xFF, 0xC5, 0xF8, 0xFF, 0xD6, 0x79, 0xFF, 0xBD, 0xD7, 0xFF, 0xA5,
    0x14, 0xFF, 0xEF, 0x5D, 0xFF, 0xEF, 0x3C, 0xFF, 0xFF, 0xBE, 0xFF, 0xF7, 0x5D, 0xFF, 0x73, 0x6E,
    0xFF, 0x8C, 0x10, 0xFF, 0xE7, 0x3C, 0xFF, 0xF7, 0x9E, 0xFF, 0xE7, 0x1B, 0xFF, 0xEF, 0x3C, 0xFF,
    0xEF, 0x3C, 0xFF, 0xEF, 0x3C, 0xFF, 0xEF, 0x3C, 0xFF, 0xEF, 0x3C, 0xFF, 0xEF, 0x3C, 0xFF, 0xEF,
    0x5D, 0xFF, 0xF7, 0x9E, 0xFF, 0xEF, 0x5D, 0xFF, 0xDE, 0xBA, 0xFF, 0xCE, 0x59, 0xFF, 0xA4, 0xF4,
    0xFF, 0x5A, 0xAC, 0xFF, 0x73, 0x6F, 0xFF, 0xBD, 0xB7, 0xFF, 0xBD, 0x97, 0xFF, 0xAD, 0x35, 0xFF,
    0xDE, 0x9A, 0xFF, 0xF7, 0x7D, 0xFF, 0xF7, 0x5D, 0xFF, 0xD6, 0x7A, 0xFF, 0xBD, 0xB7, 0xFF, 0xCE,
    0x19, 0xFF, 0x6A, 0x8B, 0xFF, 0x8B, 0x4C, 0xFF, 0xF7, 0x5B, 0xFF, 0xFF, 0xDD, 0xFF, 0xF7, 0x5B,
    0xFF, 0xFF, 0x7B, 0xFF, 0xFF, 0x7B, 0xFF, 0xFF, 0x9C, 0xFF, 0xFF, 0x9C, 0xFF, 0xFF, 0x9C, 0xFF,
    0xFF, 0x9C, 0xFF, 0xFF, 0x9C, 0xFF, 0xFF, 0x9C, 0xFF, 0xFF, 0x9C, 0xFF, 0xFF, 0x9C, 0xFF, 0xFF,
    0x7B, 0xFF, 0xFF, 0x9C, 0xFF, 0xFF, 0xDD, 0xFF, 0xCE, 0x16, 0xFF, 0x73, 0x2C, 0xFF, 0xBD, 0x96,
    0xFF, 0xD6, 0x39, 0xFF, 0xEF, 0x1C, 0xFF, 0xF7, 0x7D, 0xFF, 0xEF, 0x5D, 0xFF, 0xDE, 0xDB, 0xFF,
    0xA4, 0xD3, 0xFF, 0x9C, 0x72, 0xFF, 0xC5, 0xD7, 0xFF, 0xD6, 0x9A, 0xFF, 0xEF, 0x5D, 0xFF, 0xEF,
    0x5D, 0xFF, 0xEF, 0x5C, 0xFF, 0xEF, 0x3C, 0xFF, 0xEF, 0x1C, 0xFF, 0xEF, 0x3C, 0xFF, 0xEF, 0x3C,
    0xFF, 0xEF, 0x3C, 0xFF, 0xEF, 0x3C, 0xFF, 0xEF, 0x3C, 0xFF, 0xEF, 0x3C, 0xFF, 0xEF, 0x3C, 0xFF,
    0xEF, 0x3C, 0xFF, 0xEF, 0x3C, 0xFF, 0xEF, 0x3C, 0xFF, 0xEF, 0x3C, 0xFF, 0xF7, 0x9E, 0xFF, 0xE6,
    0xFB, 0xFF, 0x9C, 0xB2, 0xFF, 0xBD, 0xB7, 0xFF, 0xCE, 0x59, 0xFF, 0xC5, 0xF8, 0xFF, 0xD6, 0x7A,
    0xFF, 0x9C, 0x72, 0xFF, 0x7B, 0x4C, 0xFF, 0xEF, 0x1A, 0xFF, 0xFF, 0xDC, 0xFF, 0xFF, 0x5B, 0xFF,
    0xFF, 0x7B, 0xFF, 0xFF, 0x7C, 0xFF, 0xFF, 0x9C, 0xFF, 0xFF, 0x7C, 0xFF, 0xFF, 0x7C, 0xFF, 0xFF,
    0x7C, 0xFF, 0xFF, 0x7C, 0xFF, 0xFF, 0x7C, 0xFF, 0xFF, 0x9C, 0xFF, 0xFF, 0x9C, 0xFF, 0xFF, 0x9C,
    0xFF, 0xFF, 0xBC, 0xFF, 0xFF, 0xBD, 0xFF, 0xFF, 0xFE, 0xFF, 0xF7, 0x9D, 0xFF, 0x9C, 0xB2, 0xFF,
    0x5A, 0xAA, 0xFF, 0xA4, 0xF4, 0xFF, 0xF7, 0x7D, 0xFF, 0xB5, 0x54, 0xFF, 0xA4, 0xD1, 0xFF, 0xFF,
    0xBC, 0xFF, 0xFF, 0xDD, 0xFF, 0xDE, 0xB9, 0xFF, 0x94, 0x0F, 0xFF, 0x72, 0xEC, 0xFF, 0xB5, 0x35,
    0xFF, 0xD6, 0x7A, 0xFF, 0xD6, 0x59, 0xFF, 0xB5, 0x55, 0xFF, 0x83, 0xD0, 0xFF, 0x8C, 0x31, 0xFF,
    0xB5, 0x97, 0xFF, 0xDE, 0x9B, 0xFF, 0xF7, 0x7D, 0xFF, 0xEF, 0x3C, 0xFF, 0xEF, 0x5D, 0xFF, 0xEF,
    0x5D, 0xFF, 0xEF, 0x5D, 0xFF, 0xF7, 0x7D, 0xFF, 0xF7, 0x7D, 0xFF, 0xE6, 0xDB, 0xFF, 0xC5, 0xD7,
    0xFF, 0x9C, 0xB3, 0xFF, 0x6B, 0x2C, 0xFF, 0x41, 0xC6, 0xFF, 0x5A, 0x47, 0xFF, 0x93, 0xEC, 0xFF,
    0xB4, 0xAE, 0xFF, 0xAC, 0x8C, 0xFF, 0xAC, 0x6B, 0xFF, 0xAC, 0xAC, 0xFF, 0xBD, 0x91, 0xFF, 0xFF,
    0xBC, 0xFF, 0xAD, 0x73, 0xFF, 0x4A, 0x48, 0xFF, 0xB5, 0x96, 0xFF, 0xFF, 0xFF, 0xFF, 0xF7, 0x9E,
    0xFF, 0xEF, 0x5D, 0xFF, 0x9C, 0x92, 0xFF, 0xA5, 0x14, 0xFF, 0xF7, 0x7E, 0xFF, 0xF7, 0x7E, 0xFF,
    0xEF, 0x5D, 0xFF, 0xEF, 0x5D, 0xFF, 0xF7, 0x5D, 0xFF, 0xF7, 0x7E, 0xFF, 0xE6, 0xDB, 0xFF, 0xD6,
    0x59, 0xFF, 0x84, 0x10, 0xFF, 0x42, 0x08, 0xFF, 0x9C, 0xF4, 0xFF, 0xDE, 0xDA, 0xFF, 0x84, 0xAC,
    0xFF, 0x9D, 0xEE, 0xFF, 0x8D, 0x2C, 0xFF, 0x84, 0xCC, 0xFF, 0xD6, 0xDA, 0xFF, 0xF7, 0x7E, 0xFF,
    0xEF, 0x3C, 0xFF, 0xEF, 0x3C, 0xFF, 0xEF, 0x3C, 0xFF, 0xEF, 0x1C, 0xFF, 0xEF, 0x1B, 0xFF, 0xEF,
    0x3C, 0xFF, 0xF7, 0x7D, 0xFF, 0xB5, 0x96, 0xFF, 0x85, 0x0C, 0xFF, 0x9D, 0xAD, 0xFF, 0xAD, 0xEE,
    0xFF, 0xAD, 0xEF, 0xFF, 0xAE, 0x0F, 0xFF, 0xBE, 0xB0, 0xFF, 0xC6, 0xB0, 0xFF, 0xBE, 0x6F, 0xFF,
    0xC6, 0xAF, 0xFF, 0xBE, 0x8E, 0xFF, 0x8D, 0x0A, 0xFF, 0x3A, 0x85, 0xFF, 0x94, 0x90, 0xFF, 0xFF,
    0xBE, 0xFF, 0xFF, 0xDE, 0xFF, 0xEF, 0x3C, 0xFF, 0xDE, 0xDB, 0xFF, 0xC6, 0x18, 0xFF, 0xBD, 0xB7,
    0xFF, 0xDE, 0xBB, 0xFF, 0xBD, 0xD7, 0xFF, 0x94, 0x92, 0xFF, 0xF7, 0x7D, 0xFF, 0xFF, 0xFF, 0xFF,
    0xDE, 0xDB, 0xFF, 0x6B, 0x0C, 0xFF, 0x83, 0xEF, 0xFF, 0xE7, 0x1C, 0xFF, 0xF7, 0x7D, 0xFF, 0xE6,
    0xFB, 0xFF, 0xE7, 0x1B, 0xFF, 0xEF, 0x1C, 0xFF, 0xEF, 0x1C, 0xFF, 0xEF, 0x1C, 0xFF, 0xEF, 0x1C,
    0xFF, 0xEF, 0x3C, 0xFF, 0xF7, 0x5D, 0xFF, 0xF7, 0x5D, 0xFF, 0xE7, 0x1C, 0xFF, 0xDE, 0xBB, 0xFF,
    0xCE, 0x19, 0xFF, 0x8C, 0x11, 0xFF, 0x41, 0xE9, 0xFF, 0x6A, 0xED, 0xFF, 0xBD, 0x97, 0xFF, 0xC5,
    0xF8, 0xFF, 0xAD, 0x15, 0xFF, 0xBD, 0xB7, 0xFF, 0xF7, 0x5D, 0xFF, 0xFF, 0x9E, 0xFF, 0xD6, 0x7A,
    0xFF, 0xB5, 0x97, 0xFF, 0xD6, 0x7A, 0xFF, 0x83, 0x4E, 0xFF, 0x7A, 0xAA, 0xFF, 0xE6, 0x98, 0xFF,
    0xFF, 0xFE, 0xFF, 0xFF, 0x5A, 0xFF, 0xFF, 0x7B, 0xFF, 0xFF, 0x7B, 0xFF, 0xFF, 0x7B, 0xFF, 0xFF,
    0x9C, 0xFF, 0xFF, 0x9C, 0xFF, 0xFF, 0x9C, 0xFF, 0xFF, 0x9C, 0xFF, 0xFF, 0x9C, 0xFF, 0xFF, 0x9C,
    0xFF, 0xFF, 0x9C, 0xFF, 0xFF, 0x9C, 0xFF, 0xFF, 0x9C, 0xFF, 0xFF, 0x7B, 0xFF, 0xFF, 0xDD, 0xFF,
    0xEF, 0x5B, 0xFF, 0x8B, 0xEF, 0xFF, 0x9C, 0x72, 0xFF, 0xCE, 0x18, 0xFF, 0xDE, 0xBB, 0xFF, 0xF7,
    0x7D, 0xFF, 0xF7, 0x7D, 0xFF, 0xE6, 0xFC, 0xFF, 0xAD, 0x35, 0xFF, 0x83, 0xD0, 0xFF, 0xAC, 0xF4,
    0xFF, 0xD6, 0x79, 0xFF, 0xE6, 0xDB, 0xFF, 0xF7, 0x7D, 0xFF, 0xEF, 0x5C, 0xFF, 0xEF, 0x3C, 0xFF,
    0xE7, 0x1C, 0xFF, 0xEF, 0x1C, 0xFF, 0xEF, 0x3C, 0xFF, 0xEF, 0x3C, 0xFF, 0xEF, 0x3C, 0xFF, 0xEF,
    0x3C, 0xFF, 0xEF, 0x3C, 0xFF, 0xEF, 0x3C, 0xFF, 0xEF, 0x3C, 0xFF, 0xEF, 0x3C, 0xFF, 0xEF, 0x3C,
    0xFF, 0xEF, 0x3C, 0xFF, 0xF7, 0x9E, 0xFF, 0xE7, 0x1C, 0xFF, 0x94, 0x72, 0xFF, 0xB5, 0x96, 0xFF,
    0xCE, 0x59, 0xFF, 0xCE, 0x5A, 0xFF, 0xC5, 0xF8, 0xFF, 0x83, 0xAE, 0xFF, 0x9C, 0x50, 0xFF, 0xFF,
    0xFE, 0xFF, 0xFF, 0x7B, 0xFF, 0xFF, 0x7B, 0xFF, 0xFF, 0x7B, 0xFF, 0xFF, 0x7C, 0xFF, 0xFF, 0x9C,
    0xFF, 0xFF, 0x7C, 0xFF, 0xFF, 0x7C, 0xFF, 0xFF, 0x7C, 0xFF, 0xFF, 0x7C, 0xFF, 0xFF, 0x7C, 0xFF,
    0xFF, 0x9C, 0xFF, 0xFF, 0x9C, 0xFF, 0xFF, 0x9C, 0xFF, 0xFF, 0x9C, 0xFF, 0xFF, 0xBD, 0xFF, 0xFF,
    0xBD, 0xFF, 0xFF, 0xFF, 0xFF, 0xF7, 0xBE, 0xFF, 0xBD, 0xB6, 0xFF, 0x6B, 0x0C, 0xFF, 0x94, 0x72,
    0xFF, 0xCE, 0x38, 0xFF, 0xAD, 0x13, 0xFF, 0xBD, 0x95, 0xFF, 0xFF, 0xFE, 0xFF, 0xFF, 0xDE, 0xFF,
    0xEF, 0x7D, 0xFF, 0xB5, 0x33, 0xFF, 0x6A, 0xCB, 0xFF, 0x8B, 0xF0, 0xFF, 0xCE, 0x39, 0xFF, 0xD6,
    0x59, 0xFF, 0x8C, 0x11, 0xFF, 0x8C, 0x11, 0xFF, 0xB5, 0x97, 0xFF, 0xCE, 0x59, 0xFF, 0xEF, 0x1C,
    0xFF, 0xEF, 0x3C, 0xFF, 0xEF, 0x3D, 0xFF, 0xEF, 0x5D, 0xFF, 0xEF, 0x5D, 0xFF, 0xEF, 0x5D, 0xFF,
    0xEF, 0x5D, 0xFF, 0xEF, 0x5D, 0xFF, 0xEF, 0x1C, 0xFF, 0xD6, 0x79, 0xFF, 0xB5, 0x76, 0xFF, 0x8C,
    0x31, 0xFF, 0x5A, 0x8A, 0xFF, 0x39, 0x85, 0xFF, 0x52, 0x06, 0xFF, 0x8B, 0xAA, 0xFF, 0xB4, 0xAD,
    0xFF, 0xB4, 0xAC, 0xFF, 0xA4, 0x4A, 0xFF, 0xB4, 0xED, 0xFF, 0xCD, 0xB1, 0xFF, 0x5A, 0x87, 0xFF,
    0x7B, 0xAE, 0xFF, 0xF7, 0x7E, 0xFF, 0xFF, 0xDF, 0xFF, 0xF7, 0x9E, 0xFF, 0xBD, 0xD7, 0xFF, 0x83,
    0xCF, 0xFF, 0xD6, 0x59, 0xFF, 0xEF, 0x3D, 0xFF, 0xFF, 0xBE, 0xFF, 0xF7, 0x7D, 0xFF, 0xEF, 0x5D,
    0xFF, 0xF7, 0x9E, 0xFF, 0xF7, 0x7D, 0xFF, 0xDE, 0xDB, 0xFF, 0xCE, 0x38, 0xFF, 0x94, 0x71, 0xFF,
    0x41, 0xE8, 0xFF, 0x52, 0xAA, 0xFF, 0x8D, 0x0E, 0xFF, 0xAE, 0x2F, 0xFF, 0x8D, 0x2B, 0xFF, 0x84,
    0xAC, 0xFF, 0xD6, 0xB9, 0xFF, 0xF7, 0x7E, 0xFF, 0xEF, 0x3C, 0xFF, 0xEF, 0x3C, 0xFF, 0xEF, 0x1C,
    0xFF, 0xEF, 0x1C, 0xFF, 0xEF, 0x1C, 0xFF, 0xEF, 0x3C, 0xFF, 0xF7, 0x5D, 0xFF, 0xD6, 0x7A, 0xFF,
    0x74, 0x8B, 0xFF, 0x74, 0xAB, 0xFF, 0x6C, 0x6A, 0xFF, 0x7C, 0xCB, 0xFF, 0xB6, 0x2F, 0xFF, 0xD7,
    0x52, 0xFF, 0xE7, 0x92, 0xFF, 0xCE, 0xD0, 0xFF, 0xAD, 0xED, 0xFF, 0x9D, 0x6C, 0xFF, 0x6B, 0xE9,
    0xFF, 0x8C, 0x8F, 0xFF, 0xFF, 0xDE, 0xFF, 0xFF, 0xDE, 0xFF, 0xDE, 0xDA, 0xFF, 0xDE, 0xBA, 0xFF,
    0xD6, 0x9A, 0xFF, 0xB5, 0xB6, 0xFF, 0xC6, 0x38, 0xFF, 0xEF, 0x5C, 0xFF, 0xB5, 0x75, 0xFF, 0xA4,
    0xF4, 0xFF, 0xFF, 0xFF, 0xFF, 0xBD, 0xD7, 0xFF, 0x62, 0xEC, 0xFF, 0x8C, 0x10, 0xFF, 0xE6, 0xFB,
    0xFF, 0xF7, 0x7D, 0xFF, 0xE6, 0xFB, 0xFF, 0xE6, 0xFB, 0xFF, 0xE6, 0xFC, 0xFF, 0xEE, 0xFB, 0xFF,
    0xE6, 0xFB, 0xFF, 0xEE, 0xFB, 0xFF, 0xEF, 0x3C, 0xFF, 0xEF, 0x3C, 0xFF, 0xEF, 0x1C, 0xFF, 0xE6,
    0xFB, 0xFF, 0xD6, 0x7A, 0xFF, 0xAD, 0x35, 0xFF, 0x83, 0xD0, 0xFF, 0x7B, 0xB0, 0xFF, 0x62, 0xED,
    0xFF, 0x8C, 0x12, 0xFF, 0xC5, 0xF8, 0xFF, 0xBD, 0x97, 0xFF, 0xB5, 0x56, 0xFF, 0xDE, 0x9B, 0xFF,
    0xFF, 0xBE, 0xFF, 0xDE, 0xBA, 0xFF, 0xB5, 0x76, 0xFF, 0xD6, 0x7A, 0xFF, 0x94, 0x11, 0xFF, 0x6A,
    0x49, 0xFF, 0xD5, 0xF6, 0xFF, 0xFF, 0xFE, 0xFF, 0xFF, 0x7B, 0xFF, 0xFF, 0x7B, 0xFF, 0xFF, 0x7B,
    0xFF, 0xFF, 0x7B, 0xFF, 0xFF, 0x7B, 0xFF, 0xFF, 0x9C, 0xFF, 0xFF, 0x9C, 0xFF, 0xFF, 0x9C, 0xFF,
    0xFF, 0x9C, 0xFF, 0xFF, 0x9C, 0xFF, 0xFF, 0x9C, 0xFF, 0xFF, 0x9C, 0xFF, 0xFF, 0x9C, 0xFF, 0xFF,
    0x9C, 0xFF, 0xFF, 0x7B, 0xFF, 0xFF, 0xBD, 0xFF, 0xFF, 0xDD, 0xFF, 0xBD, 0xB5, 0xFF, 0x7B, 0x6D,
    0xFF, 0xC5, 0xF8, 0xFF, 0xCE, 0x59, 0xFF, 0xEF, 0x3C, 0xFF, 0xF7, 0x9E, 0xFF, 0xEF, 0x3C, 0xFF,
    0xC5, 0xF7, 0xFF, 0x7B, 0x8F, 0xFF, 0x8C, 0x10, 0xFF, 0xD6, 0x59, 0xFF, 0xD6, 0x59, 0xFF, 0xEF,
    0x5D, 0xFF, 0xEF, 0x5D, 0xFF, 0xEF, 0x3C, 0xFF, 0xE7, 0x1C, 0xFF, 0xE6, 0xFB, 0xFF, 0xEF, 0x3C,
    0xFF, 0xEF, 0x3C, 0xFF, 0xEF, 0x3C, 0xFF, 0xEF, 0x3C, 0xFF, 0xEF, 0x3C, 0xFF, 0xEF, 0x3C, 0xFF,
    0xEF, 0x3C, 0xFF, 0xEF, 0x3C, 0xFF, 0xEF, 0x3C, 0xFF, 0xEF, 0x3C, 0xFF, 0xF7, 0x7D, 0xFF, 0xEF,
    0x5C, 0xFF, 0x9C, 0x92, 0xFF, 0xB5, 0x55, 0xFF, 0xCE, 0x39, 0xFF, 0xDE, 0xBB, 0xFF, 0xA4, 0xF4,
    0xFF, 0x7B, 0x4C, 0xFF, 0xD6, 0x36, 0xFF, 0xFF, 0xFE, 0xFF, 0xF7, 0x5B, 0xFF, 0xFF, 0x7C, 0xFF,
    0xFF, 0x7C, 0xFF, 0xFF, 0x9C, 0xFF, 0xFF, 0x9C, 0xFF, 0xFF, 0x9C, 0xFF, 0xFF, 0x9C, 0xFF, 0xFF,
    0x9C, 0xFF, 0xFF, 0x9C, 0xFF, 0xFF, 0x9C, 0xFF, 0xFF, 0x9C, 0xFF, 0xFF, 0x9C, 0xFF, 0xFF, 0x9C,
    0xFF, 0xFF, 0x9C, 0xFF, 0xFF, 0xBD, 0xFF, 0xFF, 0xBD, 0xFF, 0xFF, 0xBD, 0xFF, 0xFF, 0xFE, 0xFF,
    0xFF, 0xFF, 0xFF, 0xCE, 0x59, 0xFF, 0x83, 0xEF, 0xFF, 0x83, 0xCF, 0xFF, 0x94, 0x71, 0xFF, 0x9C,
    0x71, 0xFF, 0xDE, 0xB9, 0xFF, 0xFF, 0xFF, 0xFF, 0xFF, 0xDE, 0xFF, 0xFF, 0x9B, 0xFF, 0xB4, 0xD1,
    0xFF, 0x72, 0xAA, 0xFF, 0x73, 0x0B, 0xFF, 0xA4, 0xB3, 0xFF, 0x83, 0xF1, 0xFF, 0x94, 0x93, 0xFF,
    0xC6, 0x19, 0xFF, 0xBD, 0xD7, 0xFF, 0xCE, 0x39, 0xFF, 0xEF, 0x5D, 0xFF, 0xEF, 0x1C, 0xFF, 0xEF,
    0x5D, 0xFF, 0xEF, 0x5D, 0xFF, 0xEF, 0x3D, 0xFF, 0xEF, 0x3C, 0xFF, 0xEF, 0x3C, 0xFF, 0xEF, 0x3C,
    0xFF, 0xEF, 0x3C, 0xFF, 0xE6, 0xFB, 0xFF, 0xD6, 0x59, 0xFF, 0xBD, 0x96, 0xFF, 0x8C, 0x51, 0xFF,
    0x52, 0x69, 0xFF, 0x41, 0x85, 0xFF, 0x52, 0x26, 0xFF, 0x83, 0x69, 0xFF, 0xAC, 0x8B, 0xFF, 0xBC,
    0xAB, 0xFF, 0xD5, 0x8E, 0xFF, 0x8B, 0x89, 0xFF, 0x5A, 0x68, 0xFF, 0xBD, 0xD7, 0xFF, 0xFF, 0xFF,
    0xFF, 0xFF, 0xBE, 0xFF, 0xE6, 0xFB, 0xFF, 0x83, 0xF0, 0xFF, 0xB5, 0x55, 0xFF, 0xCE, 0x38, 0xFF,
    0xDE, 0xDB, 0xFF, 0xF7, 0x9E, 0xFF, 0xFF, 0xBF, 0xFF, 0xF7, 0x7E, 0xFF, 0xF7, 0x9E, 0xFF, 0xEF,
    0x3C, 0xFF, 0xD6, 0x9A, 0xFF, 0xCE, 0x58, 0xFF, 0x9C, 0x92, 0xFF, 0x31, 0x87, 0xFF, 0x3A, 0x26,
    0xFF, 0x9D, 0xAF, 0xFF, 0x9D, 0xCD, 0xFF, 0x7C, 0x8B, 0xFF, 0xD6, 0x99, 0xFF, 0xF7, 0x7E, 0xFF,
    0xEF, 0x1C, 0xFF, 0xEF, 0x1C, 0xFF, 0xEF, 0x1C, 0xFF, 0xEF, 0x1C, 0xFF, 0xEF, 0x1C, 0xFF, 0xEF,
    0x3C, 0xFF, 0xF7, 0x5D, 0xFF, 0xEF, 0x3C, 0xFF, 0x74, 0x6B, 0xFF, 0x64, 0x2A, 0xFF, 0x7C, 0xEB,
    0xFF, 0xBE, 0xB1, 0xFF, 0xE7, 0xB4, 0xFF, 0xEF, 0xF4, 0xFF, 0xDF, 0x92, 0xFF, 0xB6, 0x2E, 0xFF,
    0x8D, 0x2C, 0xFF, 0x74, 0x29, 0xFF, 0x84, 0x2C, 0xFF, 0xFF, 0xDB, 0xFF, 0xE7, 0x3B, 0xFF, 0xBD,
    0xD7, 0xFF, 0xCE, 0x38, 0xFF, 0xE6, 0xFB, 0xFF, 0xC5, 0xF8, 0xFF, 0xB5, 0x75, 0xFF, 0xE7, 0x1B,
    0xFF, 0xFF, 0xFF, 0xFF, 0xC5, 0xD7, 0xFF, 0x94, 0x51, 0xFF, 0x9C, 0xB2, 0xFF, 0x62, 0xCB, 0xFF,
    0x9C, 0xD3, 0xFF, 0xF7, 0x5D, 0xFF, 0xF7, 0x7D, 0xFF, 0xE6, 0xFB, 0xFF, 0xE6, 0xFB, 0xFF, 0xE6,
    0xFB, 0xFF, 0xE6, 0xFB, 0xFF, 0xE6, 0xFB, 0xFF, 0xEF, 0x1C, 0xFF, 0xEF, 0x1C, 0xFF, 0xEF, 0x1C,
    0xFF, 0xE6, 0xDB, 0xFF, 0xD6, 0x7A, 0xFF, 0xBD, 0x97, 0xFF, 0x94, 0x52, 0xFF, 0x7B, 0xAF, 0xFF,
    0x8C, 0x31, 0xFF, 0xBD, 0xB7, 0xFF, 0x9C, 0x93, 0xFF, 0x94, 0x52, 0xFF, 0xC5, 0xB8, 0xFF, 0xBD,
    0x97, 0xFF, 0xC5, 0xD8, 0xFF, 0xEF, 0x5D, 0xFF, 0xE6, 0xDB, 0xFF, 0xB5, 0x76, 0xFF, 0xCE, 0x39,
    0xFF, 0xA4, 0x93, 0xFF, 0x62, 0x28, 0xFF, 0xC5, 0x74, 0xFF, 0xFF, 0xFE, 0xFF, 0xFF, 0xBC, 0xFF,
    0xFF, 0x7B, 0xFF, 0xFF, 0x9B, 0xFF, 0xFF, 0x7B, 0xFF, 0xFF, 0x9B, 0xFF, 0xFF, 0x9C, 0xFF, 0xFF,
    0x9C, 0xFF, 0xFF, 0x9C, 0xFF, 0xFF, 0x9C, 0xFF, 0xFF, 0x9C, 0xFF, 0xFF, 0x9C, 0xFF, 0xFF, 0x9C,
    0xFF, 0xFF, 0x9C, 0xFF, 0xFF, 0x9C, 0xFF, 0xFF, 0x9C, 0xFF, 0xFF, 0x9C, 0xFF, 0xFF, 0x9C, 0xFF,
    0xFF, 0xDE, 0xFF, 0xEF, 0x5C, 0xFF, 0x83, 0xAE, 0xFF, 0xAD, 0x35, 0xFF, 0xCE, 0x18, 0xFF, 0xE6,
    0xDB, 0xFF, 0xF7, 0x9E, 0xFF, 0xEF, 0x5D, 0xFF, 0xD6, 0x79, 0xFF, 0x8B, 0xF0, 0xFF, 0x7B, 0x4D,
    0xFF, 0xBD, 0x96, 0xFF, 0xD6, 0x59, 0xFF, 0xDE, 0xBA, 0xFF, 0xEF, 0x5D, 0xFF, 0xEF, 0x3C, 0xFF,
    0xE7, 0x1C, 0xFF, 0xDE, 0xDA, 0xFF, 0xEF, 0x1C, 0xFF, 0xEF, 0x5D, 0xFF, 0xEF, 0x3C, 0xFF, 0xEF,
    0x3C, 0xFF, 0xEF, 0x3C, 0xFF, 0xEF, 0x3C, 0xFF, 0xEF, 0x3C, 0xFF, 0xEF, 0x3C, 0xFF, 0xEF, 0x3C,
    0xFF, 0xEF, 0x3C, 0xFF, 0xEF, 0x5D, 0xFF, 0xF7, 0x9E, 0xFF, 0xA4, 0xD3, 0xFF, 0xA4, 0xF4, 0xFF,
    0xD6, 0x5A, 0xFF, 0xD6, 0x9B, 0xFF, 0x8B, 0xCF, 0xFF, 0x94, 0x0F, 0xFF, 0xFF, 0xBD, 0xFF, 0xFF,
    0xBC, 0xFF, 0xFF, 0x7B, 0xFF, 0xFF, 0x9C, 0xFF, 0xFF, 0x9C, 0xFF, 0xFF, 0x9C, 0xFF, 0xFF, 0x9C,
    0xFF, 0xFF, 0x9C, 0xFF, 0xFF, 0x9C, 0xFF, 0xFF, 0x9C, 0xFF, 0xFF, 0x9C, 0xFF, 0xFF, 0x9C, 0xFF,
    0xFF, 0x9C, 0xFF, 0xFF, 0x9C, 0xFF, 0xFF, 0x9C, 0xFF, 0xFF, 0x9C, 0xFF, 0xFF, 0x9C, 0xFF, 0xFF,
    0xBD, 0xFF, 0xFF, 0xBD, 0xFF, 0xFF, 0x9D, 0xFF, 0xFF, 0xDE, 0xFF, 0xFF, 0xFF, 0xFF, 0xE7, 0x1C,
    0xFF, 0xAD, 0x55, 0xFF, 0x8C, 0x10, 0xFF, 0x6A, 0xEC, 0xFF, 0x73, 0x4D, 0xFF, 0xD6, 0x99, 0xFF,
    0xFF, 0xDD, 0xFF, 0xFF, 0x7B, 0xFF, 0xFF, 0x3A, 0xFF, 0xDE, 0x15, 0xFF, 0xA4, 0x2E, 0xFF, 0x7A,
    0xCA, 0xFF, 0x5A, 0x29, 0xFF, 0x73, 0x4E, 0xFF, 0xB5, 0x56, 0xFF, 0xC5, 0xB7, 0xFF, 0xC5, 0xF8,
    0xFF, 0xF7, 0x7D, 0xFF, 0xEF, 0x3C, 0xFF, 0xEF, 0x1C, 0xFF, 0xEF, 0x3C, 0xFF, 0xEF, 0x3C, 0xFF,
    0xEF, 0x3C, 0xFF, 0xEF, 0x1C, 0xFF, 0xE7, 0x1C, 0xFF, 0xEF, 0x3C, 0xFF, 0xEF, 0x3C, 0xFF, 0xEF,
    0x1C, 0xFF, 0xEF, 0x1C, 0xFF, 0xE7, 0x1C, 0xFF, 0xCE, 0x18, 0xFF, 0x8C, 0x10, 0xFF, 0x62, 0xAB,
    0xFF, 0x52, 0x28, 0xFF, 0x5A, 0x47, 0xFF, 0x7B, 0x08, 0xFF, 0xAC, 0x6B, 0xFF, 0xC5, 0x0D, 0xFF,
    0x7B, 0x29, 0xFF, 0x9C, 0xB2, 0xFF, 0xFF, 0xDF, 0xFF, 0xFF, 0xBE, 0xFF, 0xF7, 0xBE, 0xFF, 0xAD,
    0x35, 0xFF, 0x8B, 0xF0, 0xFF, 0xDE, 0x9A, 0xFF, 0xCE, 0x59, 0xFF, 0xD6, 0x79, 0xFF, 0xEF, 0x5D,
    0xFF, 0xFF, 0xDF, 0xFF, 0xFF, 0xDE, 0xFF, 0xF7, 0x9E, 0xFF, 0xDE, 0xDB, 0xFF, 0xCE, 0x39, 0xFF,
    0xD6, 0x59, 0xFF, 0xAD, 0x34, 0xFF, 0x42, 0x09, 0xFF, 0x3A, 0x06, 0xFF, 0x7C, 0xAB, 0xFF, 0x8C,
    0xED, 0xFF, 0xD6, 0x99, 0xFF, 0xEF, 0x3D, 0xFF, 0xEF, 0x1C, 0xFF, 0xEF, 0x1C, 0xFF, 0xEF, 0x1C,
    0xFF, 0xEF, 0x1C, 0xFF, 0xEF, 0x3C, 0xFF, 0xEF, 0x3C, 0xFF, 0xF7, 0x5D, 0xFF, 0xF7, 0x9E, 0xFF,
    0x5B, 0xE9, 0xFF, 0x84, 0xEB, 0xFF, 0xD7, 0x11, 0xFF, 0xEF, 0xF4, 0xFF, 0xE7, 0xD3, 0xFF, 0xE7,
    0xD3, 0xFF, 0xAD, 0xED, 0xFF, 0x6B, 0xC9, 0xFF, 0x63, 0xAA, 0xFF, 0x6B, 0xAB, 0xFF, 0x9C, 0xCF,
    0xFF, 0xB5, 0x73, 0xFF, 0x94, 0x91, 0xFF, 0xC6, 0x18, 0xFF, 0xEF, 0x5D, 0xFF, 0xE6, 0xFB, 0xFF,
    0x9C, 0xD3, 0xFF, 0xC6, 0x18, 0xFF, 0xFF, 0xFF, 0xFF, 0xFF, 0xFF, 0xFF, 0x8C, 0x31, 0xFF, 0x39,
    0x86, 0xFF, 0x73, 0x8E, 0xFF, 0xB5, 0x96, 0xFF, 0xFF, 0xBF, 0xFF, 0xF7, 0x9E, 0xFF, 0xE6, 0xFB,
    0xFF, 0xE6, 0xFB, 0xFF, 0xE6, 0xFB, 0xFF, 0xE6, 0xFB, 0xFF, 0xEF, 0x1C, 0xFF, 0xEF, 0x1C, 0xFF,
    0xEF, 0x1C, 0xFF, 0xE6, 0xFC, 0xFF, 0xD6, 0x7A, 0xFF, 0xB5, 0x56, 0xFF, 0x94, 0x32, 0xFF, 0x7B,
    0x8F, 0xFF, 0x83, 0xD0, 0xFF, 0x9C, 0xB3, 0xFF, 0xC5, 0xF8, 0xFF, 0xE6, 0xDB, 0xFF, 0x9C, 0x93,
    0xFF, 0x94, 0x32, 0xFF, 0xC5, 0xB7, 0xFF, 0xBD, 0xB7, 0xFF, 0xD6, 0x7A, 0xFF, 0xE7, 0x1C, 0xFF,
    0xC5, 0xD8, 0xFF, 0xCE, 0x19, 0xFF, 0xAC, 0xF4, 0xFF, 0x62, 0x28, 0xFF, 0xB5, 0x13, 0xFF, 0xFF,
    0xFE, 0xFF, 0xFF, 0xDD, 0xFF, 0xFF, 0x7B, 0xFF, 0xFF, 0x9C, 0xFF, 0xFF, 0x9C, 0xFF, 0xFF, 0x9C,
    0xFF, 0xFF, 0x9C, 0xFF, 0xFF, 0x9C, 0xFF, 0xFF, 0x9C, 0xFF, 0xFF, 0x9C, 0xFF, 0xFF, 0x9C, 0xFF,
    0xFF, 0x9C, 0xFF, 0xFF, 0x9C, 0xFF, 0xFF, 0x9C, 0xFF, 0xFF, 0x9C, 0xFF, 0xFF, 0x9C, 0xFF, 0xFF,
    0x9C, 0xFF, 0xFF, 0x9C, 0xFF, 0xFF, 0x9C, 0xFF, 0xFF, 0xBD, 0xFF, 0xFF, 0xFE, 0xFF, 0xBD, 0xB5,
    0xFF, 0x8B, 0xEF, 0xFF, 0xC5, 0xF8, 0xFF, 0xD6, 0x59, 0xFF, 0xEF, 0x3C, 0xFF, 0xF7, 0x7D, 0xFF,
    0xD6, 0x9A, 0xFF, 0xA4, 0xD3, 0xFF, 0x73, 0x0C, 0xFF, 0x94, 0x31, 0xFF, 0xCE, 0x39, 0xFF, 0xC6,
    0x18, 0xFF, 0xEF, 0x1C, 0xFF, 0xF7, 0x5D, 0xFF, 0xEF, 0x3C, 0xFF, 0xDE, 0xBA, 0xFF, 0xE6, 0xDB,
    0xFF, 0xEF, 0x5C, 0xFF, 0xEF, 0x5C, 0xFF, 0xEF, 0x3C, 0xFF, 0xEF, 0x3C, 0xFF, 0xEF, 0x3C, 0xFF,
    0xEF, 0x3C, 0xFF, 0xEF, 0x3C, 0xFF, 0xEF, 0x3C, 0xFF, 0xEF, 0x3C, 0xFF, 0xEF, 0x3D, 0xFF, 0xFF,
    0xBE, 0xFF, 0xA4, 0xD3, 0xFF, 0x9C, 0x92, 0xFF, 0xDE, 0xDB, 0xFF, 0xB5, 0x56, 0xFF, 0x7B, 0x4C,
    0xFF, 0xC5, 0xF6, 0xFF, 0xFF, 0xFF, 0xFF, 0xF7, 0x5B, 0xFF, 0xFF, 0x9C, 0xFF, 0xFF, 0x9C, 0xFF,
    0xFF, 0x9C, 0xFF, 0xFF, 0x9C, 0xFF, 0xFF, 0x9C, 0xFF, 0xFF, 0x9C, 0xFF, 0xFF, 0x9C, 0xFF, 0xFF,
    0x9C, 0xFF, 0xFF, 0x9C, 0xFF, 0xFF, 0x9C, 0xFF, 0xFF, 0x9C, 0xFF, 0xFF, 0x9C, 0xFF, 0xFF, 0x9C,
    0xFF, 0xFF, 0x9C, 0xFF, 0xFF, 0x9C, 0xFF, 0xFF, 0xBC, 0xFF, 0xFF, 0xBD, 0xFF, 0xFF, 0xBD, 0xFF,
    0xFF, 0x9D, 0xFF, 0xFF, 0xBD, 0xFF, 0xFF, 0xFF, 0xFF, 0xFF, 0xDE, 0xFF, 0xD6, 0x9A, 0xFF, 0xA4,
    0xF3, 0xFF, 0x6B, 0x0C, 0xFF, 0x83, 0x8D, 0xFF, 0xE6, 0xFA, 0xFF, 0xFF, 0x9C, 0xFF, 0xFF, 0x9C,
    0xFF, 0xFF, 0xDC, 0xFF, 0xFF, 0x7B, 0xFF, 0xC5, 0x52, 0xFF, 0x72, 0x88, 0xFF, 0x72, 0xEB, 0xFF,
    0xA4, 0xB3, 0xFF, 0xA4, 0xB3, 0xFF, 0xA4, 0xB2, 0xFF, 0xD6, 0x59, 0xFF, 0xF7, 0x7D, 0xFF, 0xF7,
    0x9E, 0xFF, 0xF7, 0x5D, 0xFF, 0xEF, 0x3C, 0xFF, 0xE7, 0x1C, 0xFF, 0xE7, 0x1C, 0xFF, 0xEF, 0x1C,
    0xFF, 0xE7, 0x1C, 0xFF, 0xEF, 0x3C, 0xFF, 0xEF, 0x3C, 0xFF, 0xEF, 0x1C, 0xFF, 0xEF, 0x5D, 0xFF,
    0xEF, 0x3D, 0xFF, 0xC5, 0xD7, 0xFF, 0xBD, 0x96, 0xFF, 0x94, 0x72, 0xFF, 0x73, 0x6E, 0xFF, 0x52,
    0x69, 0xFF, 0x5A, 0x67, 0xFF, 0x83, 0x49, 0xFF, 0x51, 0xE4, 0xFF, 0x83, 0xAE, 0xFF, 0xFF, 0xDF,
    0xFF, 0xFF, 0xBE, 0xFF, 0xFF, 0xDF, 0xFF, 0xDE, 0xDB, 0xFF, 0x62, 0xEB, 0xFF, 0x9C, 0x92, 0xFF,
    0xD6, 0x59, 0xFF, 0xDE, 0x9A, 0xFF, 0xCE, 0x59, 0xFF, 0xD6, 0x9A, 0xFF, 0xEF, 0x3D, 0xFF, 0xFF,
    0xDF, 0xFF, 0xFF, 0xBE, 0xFF, 0xDE, 0xBB, 0xFF, 0xC5, 0xD7, 0xFF, 0xD6, 0x39, 0xFF, 0xB5, 0x55,
    0xFF, 0x52, 0x4A, 0xFF, 0x29, 0x84, 0xFF, 0x52, 0xE8, 0xFF, 0xDF, 0x1A, 0xFF, 0xFF, 0xDF, 0xFF,
    0xE6, 0xFB, 0xFF, 0xE6, 0xFB, 0xFF, 0xEF, 0x1C, 0xFF, 0xEF, 0x3C, 0xFF, 0xEF, 0x5C, 0xFF, 0xEF,
    0x5C, 0xFF, 0xF7, 0x7D, 0xFF, 0xFF, 0xDF, 0xFF, 0x74, 0xAA, 0xFF, 0xCE, 0xF1, 0xFF, 0xF7, 0xF3,
    0xFF, 0xE7, 0xB1, 0xFF, 0xDF, 0x70, 0xFF, 0xD7, 0x50, 0xFF, 0xB6, 0x2E, 0xFF, 0x6B, 0xC9, 0xFF,
    0x63, 0x6B, 0xFF, 0xB5, 0xB3, 0xFF, 0x84, 0x2D, 0xFF, 0x5A, 0xA9, 0xFF, 0xB5, 0x95, 0xFF, 0xF7,
    0x9E, 0xFF, 0xFF, 0xFF, 0xFF, 0xBD, 0xD7, 0xFF, 0xAD, 0x55, 0xFF, 0xEF, 0x7D, 0xFF, 0xDE, 0xFB,
    0xFF, 0x8C, 0x71, 0xFF, 0x52, 0x8A, 0xFF, 0x7B, 0xAE, 0xFF, 0xDE, 0xDB, 0xFF, 0xFF, 0xFF, 0xFF,
    0xF7, 0x5D, 0xFF, 0xE7, 0x1C, 0xFF, 0xEF, 0x1C, 0xFF, 0xEF, 0x1C, 0xFF, 0xEF, 0x3C, 0xFF, 0xEF,
    0x3C, 0xFF, 0xEF, 0x1C, 0xFF, 0xE6, 0xDB, 0xFF, 0xCE, 0x39, 0xFF, 0xB5, 0x35, 0xFF, 0x8C, 0x11,
    0xFF, 0x73, 0x4F, 0xFF, 0x73, 0x4E, 0xFF, 0x94, 0x52, 0xFF, 0xC5, 0xD7, 0xFF, 0xDE, 0xBB, 0xFF,
    0xE6, 0xFC, 0xFF, 0xEF, 0x3D, 0xFF, 0x9C, 0x93, 0xFF, 0x8C, 0x11, 0xFF, 0xBD, 0xB7, 0xFF, 0xC6,
    0x18, 0xFF, 0xCE, 0x39, 0xFF, 0xCE, 0x39, 0xFF, 0xCE, 0x19, 0xFF, 0xAC, 0xF4, 0xFF, 0x62, 0x69,
    0xFF, 0xAC, 0xB2, 0xFF, 0xFF, 0xFE, 0xFF, 0xFF, 0xDD, 0xFF, 0xFF, 0x7C, 0xFF, 0xFF, 0x9C, 0xFF,
    0xFF, 0x9C, 0xFF, 0xFF, 0x9C, 0xFF, 0xFF, 0x9C, 0xFF, 0xFF, 0x9C, 0xFF, 0xFF, 0x9C, 0xFF, 0xFF,
    0x9C, 0xFF, 0xFF, 0x9C, 0xFF, 0xFF, 0x9C, 0xFF, 0xFF, 0x9C, 0xFF, 0xFF, 0x9C, 0xFF, 0xFF, 0x9C,
    0xFF, 0xFF, 0x9C, 0xFF, 0xFF, 0x9C, 0xFF, 0xFF, 0x9C, 0xFF, 0xFF, 0x9D, 0xFF, 0xFF, 0xBD, 0xFF,
    0xFF, 0xBD, 0xFF, 0xFF, 0xDE, 0xFF, 0xF7, 0x7D, 0xFF, 0x8B, 0xEF, 0xFF, 0xB5, 0x35, 0xFF, 0xC5,
    0xF8, 0xFF, 0xDE, 0xBA, 0xFF, 0xF7, 0x5D, 0xFF, 0xDE, 0xDB, 0xFF, 0xB5, 0x75, 0xFF, 0x83, 0xAE,
    0xFF, 0x83, 0x8E, 0xFF, 0xB5, 0x55, 0xFF, 0xC6, 0x18, 0xFF, 0xD6, 0x9A, 0xFF, 0xF7, 0x7D, 0xFF,
    0xF7, 0x5D, 0xFF, 0xDE, 0xDB, 0xFF, 0xD6, 0x9A, 0xFF, 0xEF, 0x1C, 0xFF, 0xF7, 0x5D, 0xFF, 0xEF,
    0x3C, 0xFF, 0xEF, 0x3C, 0xFF, 0xEF, 0x3C, 0xFF, 0xEF, 0x3C, 0xFF, 0xEF, 0x3C, 0xFF, 0xEF, 0x3C,
    0xFF, 0xEF, 0x3C, 0xFF, 0xEF, 0x3C, 0xFF, 0xFF, 0x9E, 0xFF, 0x9C, 0xB3, 0xFF, 0x9C, 0x92, 0xFF,
    0xD6, 0x7A, 0xFF, 0x8B, 0xCF, 0xFF, 0x94, 0x0F, 0xFF, 0xF7, 0x9D, 0xFF, 0xFF, 0xBD, 0xFF, 0xF7,
    0x5B, 0xFF, 0xFF, 0x9C, 0xFF, 0xFF, 0x9C, 0xFF, 0xFF, 0x9C, 0xFF, 0xFF, 0x9C, 0xFF, 0xFF, 0x9C,
    0xFF, 0xFF, 0x9C, 0xFF, 0xFF, 0x9C, 0xFF, 0xFF, 0x9C, 0xFF, 0xFF, 0x9C, 0xFF, 0xFF, 0x9C, 0xFF,
    0xFF, 0x9C, 0xFF, 0xFF, 0x9C, 0xFF, 0xFF, 0x9C, 0xFF, 0xFF, 0x9C, 0xFF, 0xFF, 0x9C, 0xFF, 0xFF,
    0x9C, 0xFF, 0xFF, 0xBC, 0xFF, 0xFF, 0xBD, 0xFF, 0xFF, 0xBD, 0xFF, 0xFF, 0x9D, 0xFF, 0xFF, 0x9C,
    0xFF, 0xFF, 0xBD, 0xFF, 0xFF, 0xFF, 0xFF, 0xFF, 0xDE, 0xFF, 0xD6, 0x99, 0xFF, 0xAD, 0x13, 0xFF,
    0xDE, 0x78, 0xFF, 0xFF, 0xDD, 0xFF, 0xFF, 0x9C, 0xFF, 0xF7, 0x3B, 0xFF, 0xFF, 0xDD, 0xFF, 0xFF,
    0xFD, 0xFF, 0xAC, 0x90, 0xFF, 0x9C, 0x0F, 0xFF, 0xC5, 0xB6, 0xFF, 0x9C, 0x71, 0xFF, 0x83, 0x8E,
    0xFF, 0x94, 0x31, 0xFF, 0xB5, 0x55, 0xFF, 0xD6, 0x59, 0xFF, 0xEF, 0x1C, 0xFF, 0xEF, 0x5D, 0xFF,
    0xEF, 0x5D, 0xFF, 0xEF, 0x3C, 0xFF, 0xEF, 0x1C, 0xFF, 0xEF, 0x1C, 0xFF, 0xEF, 0x1C, 0xFF, 0xE7,
    0x1C, 0xFF, 0xEF, 0x3C, 0xFF, 0xEF, 0x5D, 0xFF, 0xD6, 0x7A, 0xFF, 0xBD, 0x96, 0xFF, 0xCE, 0x38,
    0xFF, 0xC5, 0xF8, 0xFF, 0xD6, 0x5A, 0xFF, 0x9C, 0xD3, 0xFF, 0x73, 0x4E, 0xFF, 0x73, 0x2C, 0xFF,
    0x62, 0xAA, 0xFF, 0xA4, 0xD3, 0xFF, 0xFF, 0xDF, 0xFF, 0xF7, 0x9E, 0xFF, 0xFF, 0xBF, 0xFF, 0xFF,
    0xDF, 0xFF, 0x84, 0x10, 0xFF, 0x29, 0x25, 0xFF, 0x7B, 0x8E, 0xFF, 0xAD, 0x55, 0xFF, 0xD6, 0x59,
    0xFF, 0xCE, 0x59, 0xFF, 0xCE, 0x18, 0xFF, 0xDE, 0xBA, 0xFF, 0xF7, 0x7D, 0xFF, 0xFF, 0xBE, 0xFF,
    0xDE, 0xDB, 0xFF, 0xBD, 0xB7, 0xFF, 0xC5, 0xF8, 0xFF, 0xB5, 0x76, 0xFF, 0x5A, 0xAB, 0xFF, 0x18,
    0xC2, 0xFF, 0x83, 0xEF, 0xFF, 0xF7, 0x7D, 0xFF, 0xFF, 0xFF, 0xFF, 0xF7, 0x7D, 0xFF, 0xE7, 0x1B,
    0xFF, 0xE6, 0xFB, 0xFF, 0xEF, 0x3C, 0xFF, 0xEF, 0x3C, 0xFF, 0xF7, 0x7D, 0xFF, 0xFF, 0xFF, 0xFF,
    0xC6, 0xD0, 0xFF, 0xEF, 0xF2, 0xFF, 0xE7, 0xD1, 0xFF, 0xEF, 0xF1, 0xFF, 0xCF, 0x10, 0xFF, 0xB6,
    0x8F, 0xFF, 0xE7, 0xB2, 0xFF, 0xBE, 0x6F, 0xFF, 0x74, 0x2B, 0xFF, 0x84, 0x2E, 0xFF, 0x5B, 0x0A,
    0xFF, 0xB5, 0x95, 0xFF, 0xFF, 0xFF, 0xFF, 0xFF, 0xFF, 0xFF, 0xFF, 0xDE, 0xFF, 0xA5, 0x14, 0xFF,
    0xA4, 0xD3, 0xFF, 0x9C, 0xD3, 0xFF, 0x73, 0x6D, 0xFF, 0x63, 0x0C, 0xFF, 0xAD, 0x55, 0xFF, 0xFF,
    0xFF, 0xFF, 0xFF, 0xFF, 0xFF, 0xEF, 0x5D, 0xFF, 0xF7, 0x5D, 0xFF, 0xF7, 0x7D, 0xFF, 0xF7, 0x7D,
    0xFF, 0xF7, 0x3C, 0xFF, 0xE6, 0xFC, 0xFF, 0xD6, 0x7A, 0xFF, 0xBD, 0x97, 0xFF, 0x9C, 0xB3, 0xFF,
    0x83, 0xD0, 0xFF, 0x73, 0x2E, 0xFF, 0x73, 0x2E, 0xFF, 0x8C, 0x11, 0xFF, 0xB5, 0x76, 0xFF, 0xDE,
    0xDB, 0xFF, 0xEF, 0x3C, 0xFF, 0xEF, 0x3C, 0xFF, 0xF7, 0x5D, 0xFF, 0xFF, 0x9E, 0xFF, 0xA4, 0xD3,
    0xFF, 0x83, 0xF0, 0xFF, 0xBD, 0xB7, 0xFF, 0xC5, 0xF8, 0xFF, 0xC6, 0x19, 0xFF, 0xD6, 0x5A, 0xFF,
    0xAD, 0x14, 0xFF, 0x62, 0x69, 0xFF, 0x9C, 0x70, 0xFF, 0xFF, 0xFF, 0xFF, 0xFF, 0xDE, 0xFF, 0xFF,
    0x9C, 0xFF, 0xFF, 0xBD, 0xFF, 0xFF, 0x9C, 0xFF, 0xFF, 0x9C, 0xFF, 0xFF, 0x9C, 0xFF, 0xFF, 0x9C,
    0xFF, 0xFF, 0x9C, 0xFF, 0xFF, 0x9C, 0xFF, 0xFF, 0x9C, 0xFF, 0xFF, 0x9C, 0xFF, 0xFF, 0x9C, 0xFF,
    0xFF, 0x9C, 0xFF, 0xFF, 0x9C, 0xFF, 0xFF, 0x9C, 0xFF, 0xFF, 0x9C, 0xFF, 0xFF, 0x9C, 0xFF, 0xFF,
    0x9C, 0xFF, 0xFF, 0xBD, 0xFF, 0xFF, 0xBD, 0xFF, 0xFF, 0xBD, 0xFF, 0xFF, 0xDD, 0xFF, 0xFF, 0xFF,
    0xFF, 0xC5, 0xD6, 0xFF, 0x94, 0x31, 0xFF, 0xBD, 0xB7, 0xFF, 0xCE, 0x38, 0xFF, 0xE6, 0xBA, 0xFF,
    0xE7, 0x1B, 0xFF, 0xBD, 0xB7, 0xFF, 0xA4, 0xB2, 0xFF, 0x9C, 0x30, 0xFF, 0x9C, 0x51, 0xFF, 0xC5,
    0xF7, 0xFF, 0xCE, 0x18, 0xFF, 0xEF, 0x1C, 0xFF, 0xF7, 0x7D, 0xFF, 0xE7, 0x1C, 0xFF, 0xCE, 0x59,
    0xFF, 0xDE, 0xBB, 0xFF, 0xF7, 0x5D, 0xFF, 0xEF, 0x5C, 0xFF, 0xEF, 0x3C, 0xFF, 0xEF, 0x3C, 0xFF,
    0xEF, 0x3C, 0xFF, 0xEF, 0x3C, 0xFF, 0xEF, 0x3C, 0xFF, 0xEF, 0x3C, 0xFF, 0xEF, 0x3C, 0xFF, 0xFF,
    0x9E, 0xFF, 0x9C, 0xB2, 0xFF, 0xA4, 0xF4, 0xFF, 0xA4, 0xF3, 0xFF, 0x83, 0x8D, 0xFF, 0xCD, 0xF7,
    0xFF, 0xFF, 0xFF, 0xFF, 0xF7, 0x5B, 0xFF, 0xFF, 0x7C, 0xFF, 0xFF, 0x9C, 0xFF, 0xFF, 0x9C, 0xFF,
    0xFF, 0x9C, 0xFF, 0xFF, 0x9C, 0xFF, 0xFF, 0x9C, 0xFF, 0xFF, 0x9C, 0xFF, 0xFF, 0x9C, 0xFF, 0xFF,
    0x9C, 0xFF, 0xFF, 0x9C, 0xFF, 0xFF, 0x9C, 0xFF, 0xFF, 0x9C, 0xFF, 0xFF, 0x9C, 0xFF, 0xFF, 0x9C,
    0xFF, 0xFF, 0x9C, 0xFF, 0xFF, 0x9C, 0xFF, 0xFF, 0x9C, 0xFF, 0xFF, 0xBC, 0xFF, 0xFF, 0xBC, 0xFF,
    0xFF, 0xBC, 0xFF, 0xFF, 0xBC, 0xFF, 0xFF, 0xBD, 0xFF, 0xFF, 0x9C, 0xFF, 0xFF, 0x9C, 0xFF, 0xFF,
    0xDD, 0xFF, 0xFF, 0xFF, 0xFF, 0xFF, 0xFE, 0xFF, 0xFF, 0x9C, 0xFF, 0xFF, 0x9C, 0xFF, 0xFF, 0x9C,
    0xFF, 0xFF, 0x7B, 0xFF, 0xF7, 0x5B, 0xFF, 0xFF, 0xDD, 0xFF, 0xB5, 0x33, 0xFF, 0x9C, 0x70, 0xFF,
    0xC5, 0xD7, 0xFF, 0xBD, 0x96, 0xFF, 0xBD, 0x96, 0xFF, 0xB5, 0x55, 0xFF, 0x94, 0x71, 0xFF, 0x9C,
    0xB3, 0xFF, 0xBD, 0x96, 0xFF, 0xD6, 0x79, 0xFF, 0xDE, 0xBA, 0xFF, 0xE6, 0xFB, 0xFF, 0xEF, 0x1C,
    0xFF, 0xEF, 0x1C, 0xFF, 0xEF, 0x1C, 0xFF, 0xEF, 0x3C, 0xFF, 0xEF, 0x5D, 0xFF, 0xEF, 0x3D, 0xFF,
    0xD6, 0x79, 0xFF, 0xD6, 0x9A, 0xFF, 0xCE, 0x39, 0xFF, 0xA5, 0x15, 0xFF, 0xCE, 0x19, 0xFF, 0xBD,
    0xD7, 0xFF, 0xA4, 0xD4, 0xFF, 0xBD, 0xB7, 0xFF, 0xE6, 0xFC, 0xFF, 0xEF, 0x7D, 0xFF, 0xF7, 0x9E,
    0xFF, 0xF7, 0x7D, 0xFF, 0xF7, 0x9E, 0xFF, 0xFF, 0xFF, 0xFF, 0xCE, 0x39, 0xFF, 0x41, 0xE7, 0xFF,
    0x6B, 0x4D, 0xFF, 0x73, 0x8D, 0xFF, 0x94, 0x92, 0xFF, 0xB5, 0x75, 0xFF, 0xB5, 0x55, 0xFF, 0xB5,
    0x96, 0xFF, 0xD6, 0x7A, 0xFF, 0xEF, 0x5D, 0xFF, 0xF7, 0x9E, 0xFF, 0xDE, 0xDB, 0xFF, 0xB5, 0x76,
    0xFF, 0xBD, 0x76, 0xFF, 0xBD, 0x97, 0xFF, 0x63, 0x0C, 0xFF, 0x29, 0x25, 0xFF, 0x6B, 0x4D, 0xFF,
    0xC6, 0x38, 0xFF, 0xF7, 0x7D, 0xFF, 0xFF, 0xDE, 0xFF, 0xF7, 0x9D, 0xFF, 0xF7, 0x7D, 0xFF, 0xF7,
    0x5D, 0xFF, 0xF7, 0x7D, 0xFF, 0xFF, 0xFF, 0xFF, 0xFF, 0xF3, 0xFF, 0xEF, 0xD1, 0xFF, 0xE7, 0xD1,
    0xFF, 0xD7, 0x31, 0xFF, 0x9D, 0xCD, 0xFF, 0xAE, 0x4E, 0xFF, 0xE7, 0xD1, 0xFF, 0xCF, 0x30, 0xFF,
    0x6B, 0xE8, 0xFF, 0x10, 0xE1, 0xFF, 0x5A, 0xEB, 0xFF, 0xEF, 0x5C, 0xFF, 0xE7, 0x3C, 0xFF, 0xE7,
    0x3C, 0xFF, 0xC5, 0xF7, 0xFF, 0x83, 0xEF, 0xFF, 0x63, 0x0C, 0xFF, 0x5A, 0xEB, 0xFF, 0x94, 0xB2,
    0xFF, 0xF7, 0x9E, 0xFF, 0xFF, 0xFF, 0xFF, 0xFF, 0xBE, 0xFF, 0xEF, 0x5D, 0xFF, 0xF7, 0x7D, 0xFF,
    0xEF, 0x3C, 0xFF, 0xE6, 0xFB, 0xFF, 0xD6, 0x79, 0xFF, 0xC5, 0xB7, 0xFF, 0xA4, 0xF4, 0xFF, 0x8C,
    0x11, 0xFF, 0x73, 0x4E, 0xFF, 0x62, 0xED, 0xFF, 0x73, 0x2E, 0xFF, 0x94, 0x52, 0xFF, 0xBD, 0xB7,
    0xFF, 0xDE, 0xBB, 0xFF, 0xEF, 0x1C, 0xFF, 0xEF, 0x3C, 0xFF, 0xF7, 0x5D, 0xFF, 0xEF, 0x1C, 0xFF,
    0xE6, 0xDB, 0xFF, 0xF7, 0x7D, 0xFF, 0xA5, 0x14, 0xFF, 0x83, 0xD0, 0xFF, 0xB5, 0x76, 0xFF, 0xCE,
    0x39, 0xFF, 0xD6, 0x7B, 0xFF, 0xB5, 0x56, 0xFF, 0x62, 0x8A, 0xFF, 0x94, 0x30, 0xFF, 0xFF, 0xFF,
    0xFF, 0xFF, 0xDD, 0xFF, 0xFF, 0x9C, 0xFF, 0xFF, 0xBD, 0xFF, 0xFF, 0xBD, 0xFF, 0xFF, 0x9C, 0xFF,
    0xFF, 0x9C, 0xFF, 0xFF, 0x9C, 0xFF, 0xFF, 0x9C, 0xFF, 0xFF, 0x9C, 0xFF, 0xFF, 0x9C, 0xFF, 0xFF,
    0x9C, 0xFF, 0xFF, 0x9C, 0xFF, 0xFF, 0x9C, 0xFF, 0xFF, 0x9C, 0xFF, 0xFF, 0x9C, 0xFF, 0xFF, 0x9C,
    0xFF, 0xFF, 0x9C, 0xFF, 0xFF, 0x9C, 0xFF, 0xFF, 0x9C, 0xFF, 0xFF, 0xBD, 0xFF, 0xFF, 0xBD, 0xFF,
    0xFF, 0xBD, 0xFF, 0xFF, 0xBD, 0xFF, 0xFF, 0xDE, 0xFF, 0xF7, 0xBD, 0xFF, 0x94, 0x51, 0xFF, 0xAC,
    0xF4, 0xFF, 0xC5, 0xD7, 0xFF, 0xD6, 0x39, 0xFF, 0xE6, 0xDB, 0xFF, 0xCE, 0x18, 0xFF, 0xB5, 0x13,
    0xFF, 0xBD, 0x13, 0xFF, 0xAC, 0xD2, 0xFF, 0xAC, 0xD3, 0xFF, 0xCE, 0x38, 0xFF, 0xD6, 0x7A, 0xFF,
    0xF7, 0x5D, 0xFF, 0xF7, 0x7D, 0xFF, 0xD6, 0x7A, 0xFF, 0xCE, 0x39, 0xFF, 0xE6, 0xFB, 0xFF, 0xF7,
    0x5D, 0xFF, 0xEF, 0x3C, 0xFF, 0xEF, 0x1C, 0xFF, 0xEF, 0x3C, 0xFF, 0xEF, 0x3C, 0xFF, 0xEF, 0x3C,
    0xFF, 0xEF, 0x3C, 0xFF, 0xEF, 0x1C, 0xFF, 0xF7, 0x9E, 0xFF, 0xAD, 0x35, 0xFF, 0x94, 0x51, 0xFF,
    0x7B, 0x2C, 0xFF, 0xAC, 0xF3, 0xFF, 0xF7, 0xBD, 0xFF, 0xFF, 0xDD, 0xFF, 0xFF, 0x5B, 0xFF, 0xFF,
    0x9C, 0xFF, 0xFF, 0x9C, 0xFF, 0xFF, 0x9C, 0xFF, 0xFF, 0x9C, 0xFF, 0xFF, 0x9C, 0xFF, 0xFF, 0x9C,
    0xFF, 0xFF, 0x9C, 0xFF, 0xFF, 0x9C, 0xFF, 0xFF, 0x9C, 0xFF, 0xFF, 0x9C, 0xFF, 0xFF, 0x9C, 0xFF,
    0xFF, 0x9C, 0xFF, 0xFF, 0x9C, 0xFF, 0xFF, 0x9C, 0xFF, 0xFF, 0x9C, 0xFF, 0xFF, 0x9C, 0xFF, 0xFF,
    0x9C, 0xFF, 0xFF, 0x9C, 0xFF, 0xFF, 0x9C, 0xFF, 0xFF, 0x9C, 0xFF, 0xFF, 0x9C, 0xFF, 0xFF, 0x9C,
    0xFF, 0xFF, 0x9C, 0xFF, 0xFF, 0xBC, 0xFF, 0xFF, 0x9C, 0xFF, 0xF7, 0x7C, 0xFF, 0xFF, 0x9C, 0xFF,
    0xFF, 0xBD, 0xFF, 0xFF, 0x9C, 0xFF, 0xFF, 0x9C, 0xFF, 0xFF, 0x9C, 0xFF, 0xFF, 0x7B, 0xFF, 0xFF,
    0xDD, 0xFF, 0xB5, 0x33, 0xFF, 0x94, 0x10, 0xFF, 0xAD, 0x14, 0xFF, 0xC5, 0xD7, 0xFF, 0xF7, 0x5D,
    0xFF, 0xFF, 0xFF, 0xFF, 0xEF, 0x3C, 0xFF, 0xCE, 0x39, 0xFF, 0xBD, 0xB6, 0xFF, 0xBD, 0xB6, 0xFF,
    0xBD, 0xB6, 0xFF, 0xDE, 0x9A, 0xFF, 0xEF, 0x1C, 0xFF, 0xEF, 0x3C, 0xFF, 0xEF, 0x1C, 0xFF, 0xEF,
    0x3C, 0xFF, 0xEF, 0x5D, 0xFF, 0xE7, 0x1C, 0xFF, 0xCE, 0x59, 0xFF, 0xEF, 0x3C, 0xFF, 0xDE, 0xBA,
    0xFF, 0xAD, 0x55, 0xFF, 0xC5, 0xF8, 0xFF, 0xAD, 0x55, 0xFF, 0x84, 0x11, 0xFF, 0xB5, 0x56, 0xFF,
    0xF7, 0x9E, 0xFF, 0xFF, 0xDF, 0xFF, 0xEF, 0x7D, 0xFF, 0xF7, 0x7D, 0xFF, 0xF7, 0x7D, 0xFF, 0xFF,
    0xDF, 0xFF, 0xEF, 0x5D, 0xFF, 0x83, 0xEF, 0xFF, 0xD6, 0x79, 0xFF, 0xBD, 0xF7, 0xFF, 0x42, 0x08,
    0xFF, 0x42, 0x28, 0xFF, 0x83, 0xCF, 0xFF, 0x94, 0x51, 0xFF, 0x9C, 0xB3, 0xFF, 0xB5, 0x56, 0xFF,
    0xD6, 0x59, 0xFF, 0xE6, 0xFB, 0xFF, 0xDE, 0x9A, 0xFF, 0xBD, 0x97, 0xFF, 0xB5, 0x56, 0xFF, 0xCD,
    0xF8, 0xFF, 0x94, 0x32, 0xFF, 0x41, 0xE8, 0xFF, 0x42, 0x08, 0xFF, 0x8C, 0x51, 0xFF, 0xD6, 0x9A,
    0xFF, 0xF7, 0x9E, 0xFF, 0xF7, 0x9E, 0xFF, 0xF7, 0x7D, 0xFF, 0xF7, 0x7D, 0xFF, 0xFF, 0xDF, 0xFF,
    0xDF, 0x71, 0xFF, 0xCF, 0x10, 0xFF, 0xAE, 0x4F, 0xFF, 0x85, 0x0C, 0xFF, 0x7C, 0xCB, 0xFF, 0xC6,
    0xD0, 0xFF, 0xE7, 0xB1, 0xFF, 0xB6, 0x6D, 0xFF, 0x84, 0xCA, 0xFF, 0x63, 0x69, 0xFF, 0x73, 0x8D,
    0xFF, 0xA5, 0x13, 0xFF, 0x8C, 0x50, 0xFF, 0x73, 0x8D, 0xFF, 0x41, 0xC7, 0xFF, 0x4A, 0x08, 0xFF,
    0x83, 0xEF, 0xFF, 0xCE, 0x59, 0xFF, 0xEF, 0x7D, 0xFF, 0xE6, 0xFC, 0xFF, 0xD6, 0x7A, 0xFF, 0xCE,
    0x59, 0xFF, 0xC6, 0x18, 0xFF, 0xBD, 0x96, 0xFF, 0xAD, 0x14, 0xFF, 0x94, 0x52, 0xFF, 0x7B, 0x8F,
    0xFF, 0x73, 0x2E, 0xFF, 0x6B, 0x0E, 0xFF, 0x73, 0x4E, 0xFF, 0x83, 0xD0, 0xFF, 0x9C, 0xB4, 0xFF,
    0xC5, 0xF8, 0xFF, 0xE6, 0xDB, 0xFF, 0xEF, 0x3C, 0xFF, 0xEF, 0x3C, 0xFF, 0xEF, 0x3C, 0xFF, 0xEF,
    0x1C, 0xFF, 0xEF, 0x3C, 0xFF, 0xE6, 0xFB, 0xFF, 0xD6, 0x9A, 0xFF, 0xF7, 0x7E, 0xFF, 0xB5, 0x55,
    0xFF, 0x7B, 0xB0, 0xFF, 0xB5, 0x76, 0xFF, 0xDE, 0x9B, 0xFF, 0xAD, 0x15, 0xFF, 0x6A, 0xCB, 0xFF,
    0x9C, 0x50, 0xFF, 0xFF, 0xFF, 0xFF, 0xFF, 0xDD, 0xFF, 0xFF, 0x9C, 0xFF, 0xFF, 0x9D, 0xFF, 0xFF,
    0xBC, 0xFF, 0xFF, 0x9C, 0xFF, 0xFF, 0x9C, 0xFF, 0xFF, 0x9C, 0xFF, 0xFF, 0x9C, 0xFF, 0xFF, 0x9C,
    0xFF, 0xFF, 0x9C, 0xFF, 0xFF, 0x9C, 0xFF, 0xFF, 0x9C, 0xFF, 0xFF, 0x9C, 0xFF, 0xFF, 0x9C, 0xFF,
    0xFF, 0x9C, 0xFF, 0xFF, 0x9C, 0xFF, 0xFF, 0x9C, 0xFF, 0xFF, 0x9C, 0xFF, 0xFF, 0x9C, 0xFF, 0xFF,
    0x9C, 0xFF, 0xFF, 0xBD, 0xFF, 0xFF, 0xBD, 0xFF, 0xFF, 0xBD, 0xFF, 0xFF, 0xBD, 0xFF, 0xFF, 0xBD,
    0xFF, 0xFF, 0xFE, 0xFF, 0xCE, 0x38, 0xFF, 0x94, 0x10, 0xFF, 0xB5, 0x55, 0xFF, 0xCE, 0x18, 0xFF,
    0xCE, 0x59, 0xFF, 0xD6, 0x79, 0xFF, 0xB5, 0x13, 0xFF, 0xBD, 0x54, 0xFF, 0xDE, 0x78, 0xFF, 0x94,
    0x10, 0xFF, 0xBD, 0xB6, 0xFF, 0xC6, 0x18, 0xFF, 0xDE, 0xBB, 0xFF, 0xF7, 0x7D, 0xFF, 0xE6, 0xFC,
    0xFF, 0xC5, 0xF8, 0xFF, 0xD6, 0x59, 0xFF, 0xEF, 0x1C, 0xFF, 0xEF, 0x3C, 0xFF, 0xEF, 0x1C, 0xFF,
    0xEF, 0x3C, 0xFF, 0xEF, 0x3C, 0xFF, 0xEF, 0x3C, 0xFF, 0xEF, 0x3C, 0xFF, 0xEF, 0x1C, 0xFF, 0xF7,
    0x7D, 0xFF, 0xCE, 0x18, 0xFF, 0x62, 0xAA, 0xFF, 0x7B, 0x2C, 0xFF, 0xE6, 0xFA, 0xFF, 0xFF, 0xFE,
    0xFF, 0xF7, 0x5B, 0xFF, 0xFF, 0x9C, 0xFF, 0xFF, 0x7C, 0xFF, 0xFF, 0x9C, 0xFF, 0xFF, 0x9C, 0xFF,
    0xFF, 0x9C, 0xFF, 0xFF, 0x9C, 0xFF, 0xFF, 0x9C, 0xFF, 0xFF, 0x9C, 0xFF, 0xFF, 0x9C, 0xFF, 0xFF,
    0x9C, 0xFF, 0xFF, 0x9C, 0xFF, 0xFF, 0x9C, 0xFF, 0xFF, 0x9C, 0xFF, 0xFF, 0x9C, 0xFF, 0xFF, 0x9C,
    0xFF, 0xFF, 0x9C, 0xFF, 0xFF, 0x9C, 0xFF, 0xFF, 0x9C, 0xFF, 0xFF, 0x9C, 0xFF, 0xFF, 0x9C, 0xFF,
    0xFF, 0x9C, 0xFF, 0xFF, 0x9C, 0xFF, 0xFF, 0x9C, 0xFF, 0xFF, 0x9C, 0xFF, 0xFF, 0x9C, 0xFF, 0xFF,
    0x9C, 0xFF, 0xFF, 0xBD, 0xFF, 0xFF, 0x9D, 0xFF, 0xFF, 0x9C, 0xFF, 0xFF, 0x9C, 0xFF, 0xFF, 0x9C,
    0xFF, 0xFF, 0x9C, 0xFF, 0xFF, 0x7B, 0xFF, 0xFF, 0xFD, 0xFF, 0xAD, 0x13, 0xFF, 0x94, 0x10, 0xFF,
    0xB5, 0x55, 0xFF, 0xC5, 0xF8, 0xFF, 0xE6, 0xDB, 0xFF, 0xEF, 0x5D, 0xFF, 0xF7, 0x9D, 0xFF, 0xFF,
    0xDF, 0xFF, 0xFF, 0xBE, 0xFF, 0xEF, 0x1C, 0xFF, 0xDE, 0xBA, 0xFF, 0xE6, 0xDB, 0xFF, 0xEF, 0x1C,
    0xFF, 0xEF, 0x3C, 0xFF, 0xE7, 0x1C, 0xFF, 0xEF, 0x3C, 0xFF, 0xF7, 0x7D, 0xFF, 0xE6, 0xFB, 0xFF,
    0xCE, 0x39, 0xFF, 0xF7, 0x7D, 0xFF, 0xDE, 0xBB, 0xFF, 0xAD, 0x56, 0xFF, 0xC5, 0xF8, 0xFF, 0xB5,
    0x96, 0xFF, 0x8C, 0x52, 0xFF, 0xA4, 0xD4, 0xFF, 0xD6, 0x7A, 0xFF, 0xF7, 0x5D, 0xFF, 0xF7, 0x7D,
    0xFF, 0xF7, 0x7D, 0xFF, 0xF7, 0x7D, 0xFF, 0xF7, 0x9E, 0xFF, 0xFF, 0xFF, 0xFF, 0xA4, 0xF3, 0xFF,
    0x9C, 0xD3, 0xFF, 0xC6, 0x18, 0xFF, 0x5A, 0xCB, 0xFF, 0x73, 0x8E, 0xFF, 0x7B, 0xCF, 0xFF, 0x52,
    0x69, 0xFF, 0x62, 0xEB, 0xFF, 0x73, 0x6D, 0xFF, 0x8C, 0x10, 0xFF, 0xA4, 0xD4, 0xFF, 0xBD, 0x76,
    0xFF, 0xC5, 0xD8, 0xFF, 0xBD, 0x97, 0xFF, 0xB5, 0x56, 0xFF, 0xC5, 0xF8, 0xFF, 0xBD, 0xD7, 0xFF,
    0x7B, 0xCF, 0xFF, 0x41, 0xC7, 0xFF, 0x4A, 0x08, 0xFF, 0x6B, 0x4D, 0xFF, 0x94, 0x92, 0xFF, 0xD6,
    0x9A, 0xFF, 0xFF, 0x9E, 0xFF, 0xFF, 0x9E, 0xFF, 0x8D, 0x4C, 0xFF, 0x7C, 0xCB, 0xFF, 0x74, 0xAB,
    0xFF, 0x6C, 0x6B, 0xFF, 0x7D, 0x0C, 0xFF, 0xD7, 0x31, 0xFF, 0xE7, 0x92, 0xFF, 0x95, 0xAC, 0xFF,
    0x64, 0x28, 0xFF, 0x5B, 0x69, 0xFF, 0x8C, 0x70, 0xFF, 0xDE, 0xFB, 0xFF, 0x9C, 0xF3, 0xFF, 0x73,
    0x8D, 0xFF, 0x39, 0x86, 0xFF, 0x4A, 0x29, 0xFF, 0x73, 0x6E, 0xFF, 0x73, 0x4D, 0xFF, 0x63, 0x0C,
    0xFF, 0x63, 0x0C, 0xFF, 0x6B, 0x0D, 0xFF, 0x6B, 0x0D, 0xFF, 0x6B, 0x0D, 0xFF, 0x6B, 0x2D, 0xFF,
    0x62, 0xED, 0xFF, 0x62, 0xCC, 0xFF, 0x6B, 0x2E, 0xFF, 0x8C, 0x12, 0xFF, 0xAD, 0x15, 0xFF, 0xBD,
    0xB7, 0xFF, 0xCE, 0x39, 0xFF, 0xDE, 0xDB, 0xFF, 0xEF, 0x1C, 0xFF, 0xEF, 0x3C, 0xFF, 0xEF, 0x1C,
    0xFF, 0xEF, 0x1C, 0xFF, 0xE7, 0x1C, 0xFF, 0xEF, 0x1C, 0xFF, 0xEF, 0x1C, 0xFF, 0xE7, 0x1C, 0xFF,
    0xD6, 0x7A, 0xFF, 0xF7, 0x7D, 0xFF, 0xBD, 0x96, 0xFF, 0x8B, 0xF1, 0xFF, 0xBD, 0xB7, 0xFF, 0xAD,
    0x14, 0xFF, 0x62, 0x69, 0xFF, 0xA4, 0x91, 0xFF, 0xFF, 0xFE, 0xFF, 0xFF, 0x9C, 0xFF, 0xFF, 0x7C,
    0xFF, 0xFF, 0x9C, 0xFF, 0xFF, 0x9C, 0xFF, 0xFF, 0x9C, 0xFF, 0xFF, 0x9C, 0xFF, 0xFF, 0x9C, 0xFF,
    0xFF, 0x9C, 0xFF, 0xFF, 0x9C, 0xFF, 0xFF, 0x9C, 0xFF, 0xFF, 0x9C, 0xFF, 0xFF, 0x9C, 0xFF, 0xFF,
    0x9C, 0xFF, 0xFF, 0x9C, 0xFF, 0xFF, 0x9C, 0xFF, 0xFF, 0x9C, 0xFF, 0xFF, 0x9C, 0xFF, 0xFF, 0x9C,
    0xFF, 0xFF, 0x9C, 0xFF, 0xFF, 0x9C, 0xFF, 0xFF, 0x9C, 0xFF, 0xFF, 0x9C, 0xFF, 0xFF, 0xBD, 0xFF,
    0xFF, 0xBD, 0xFF, 0xFF, 0xBD, 0xFF, 0xFF, 0x9D, 0xFF, 0xFF, 0x9C, 0xFF, 0xFF, 0xDE, 0xFF, 0xAC,
    0xD3, 0xFF, 0x9C, 0x72, 0xFF, 0xBD, 0x96, 0xFF, 0xC5, 0xF8, 0xFF, 0xD6, 0x59, 0xFF, 0xB5, 0x34,
    0xFF, 0xAC, 0xD2, 0xFF, 0xEF, 0x1A, 0xFF, 0xC5, 0xB6, 0xFF, 0x9C, 0x51, 0xFF, 0xC6, 0x18, 0xFF,
    0xC5, 0xF8, 0xFF, 0xE6, 0xDB, 0xFF, 0xEF, 0x3D, 0xFF, 0xCE, 0x59, 0xFF, 0xBD, 0x97, 0xFF, 0xD6,
    0x9A, 0xFF, 0xF7, 0x5C, 0xFF, 0xEF, 0x3C, 0xFF, 0xEF, 0x3C, 0xFF, 0xEF, 0x3C, 0xFF, 0xEF, 0x3C,
    0xFF, 0xEF, 0x3C, 0xFF, 0xEF, 0x1C, 0xFF, 0xF7, 0x7D, 0xFF, 0xCE, 0x38, 0xFF, 0x6B, 0x0B, 0xFF,
    0xBD, 0x74, 0xFF, 0xFF, 0xFE, 0xFF, 0xFF, 0x9C, 0xFF, 0xFF, 0x7C, 0xFF, 0xFF, 0x9C, 0xFF, 0xFF,
    0x9C, 0xFF, 0xFF, 0x9C, 0xFF, 0xFF, 0x9C, 0xFF, 0xFF, 0x9C, 0xFF, 0xFF, 0x9C, 0xFF, 0xFF, 0x9C,
    0xFF, 0xFF, 0x9C, 0xFF, 0xFF, 0x9C, 0xFF, 0xFF, 0x9C, 0xFF, 0xFF, 0x9C, 0xFF, 0xFF, 0x9C, 0xFF,
    0xFF, 0x9C, 0xFF, 0xFF, 0x9C, 0xFF, 0xFF, 0x9C, 0xFF, 0xFF, 0x9C, 0xFF, 0xFF, 0x9C, 0xFF, 0xFF,
    0x9C, 0xFF, 0xFF, 0x9C, 0xFF, 0xFF, 0x9C, 0xFF, 0xFF, 0x9C, 0xFF, 0xFF, 0x9C, 0xFF, 0xFF, 0x9C,
    0xFF, 0xFF, 0x9C, 0xFF, 0xFF, 0x9C, 0xFF, 0xFF, 0x9C, 0xFF, 0xFF, 0x9C, 0xFF, 0xFF, 0xBC, 0xFF,
    0xFF, 0x9C, 0xFF, 0xFF, 0x9C, 0xFF, 0xFF, 0x9C, 0xFF, 0xFF, 0x9C, 0xFF, 0xFF, 0x7B, 0xFF, 0xFF,
    0xDD, 0xFF, 0xB5, 0x54, 0xFF, 0x94, 0x31, 0xFF, 0xB5, 0x55, 0xFF, 0xC5, 0xF8, 0xFF, 0xEF, 0x1C,
    0xFF, 0xEF, 0x5C, 0xFF, 0xEF, 0x1C, 0xFF, 0xE7, 0x1C, 0xFF, 0xEF, 0x3C, 0xFF, 0xEF, 0x3D, 0xFF,
    0xF7, 0x5D, 0xFF, 0xEF, 0x3C, 0xFF, 0xEF, 0x3C, 0xFF, 0xEF, 0x3C, 0xFF, 0xEF, 0x1C, 0xFF, 0xEF,
    0x3C, 0xFF, 0xF7, 0x5D, 0xFF, 0xDE, 0xBA, 0xFF, 0xCE, 0x39, 0xFF, 0xF7, 0x9E, 0xFF, 0xDE, 0xDB,
    0xFF, 0xAD, 0x56, 0xFF, 0xBD, 0xD8, 0xFF, 0xB5, 0x76, 0xFF, 0x8C, 0x32, 0xFF, 0x9C, 0xB4, 0xFF,
    0xCE, 0x59, 0xFF, 0xEF, 0x5D, 0xFF, 0xF7, 0x7D, 0xFF, 0xEF, 0x5D, 0xFF, 0xF7, 0x7D, 0xFF, 0xF7,
    0x9E, 0xFF, 0xFF, 0xDF, 0xFF, 0xE7, 0x1C, 0xFF, 0x7B, 0xEF, 0xFF, 0x41, 0xE7, 0xFF, 0x5A, 0xEB,
    0xFF, 0xE7, 0x1C, 0xFF, 0xFF, 0xFF, 0xFF, 0xCE, 0x38, 0xFF, 0x9C, 0xF3, 0xFF, 0x7B, 0xEF, 0xFF,
    0x52, 0x89, 0xFF, 0x41, 0xE7, 0xFF, 0x5A, 0xAA, 0xFF, 0x6B, 0x4D, 0xFF, 0x7B, 0xCF, 0xFF, 0x84,
    0x10, 0xFF, 0x7B, 0xAF, 0xFF, 0x83, 0xD0, 0xFF, 0x94, 0x92, 0xFF, 0x84, 0x10, 0xFF, 0x39, 0xC7,
    0xFF, 0x00, 0x20, 0xFF, 0x41, 0xE7, 0xFF, 0xC5, 0xF7, 0xFF, 0xFF, 0xBE, 0xFF, 0xF7, 0x7D, 0xFF,
    0x6C, 0x4A, 0xFF, 0x6C, 0x8B, 0xFF, 0x74, 0xAC, 0xFF, 0x64, 0x2B, 0xFF, 0x85, 0x0C, 0xFF, 0xDF,
    0x71, 0xFF, 0xB6, 0x4F, 0xFF, 0x6C, 0x49, 0xFF, 0x6C, 0x29, 0xFF, 0x4A, 0xC7, 0xFF, 0x73, 0xAE,
    0xFF, 0xFF, 0xFF, 0xFF, 0xFF, 0xFF, 0xFF, 0xF7, 0xBE, 0xFF, 0x7B, 0xAE, 0xFF, 0x94, 0x92, 0xFF,
    0xAD, 0x75, 0xFF, 0x9C, 0xD3, 0xFF, 0x9C, 0xD3, 0xFF, 0xA4, 0xF4, 0xFF, 0x7B, 0x8F, 0xFF, 0x62,
    0xED, 0xFF, 0x9C, 0xB4, 0xFF, 0xA4, 0xF4, 0xFF, 0xA4, 0xF5, 0xFF, 0xAD, 0x15, 0xFF, 0xBD, 0x97,
    0xFF, 0xCE, 0x39, 0xFF, 0xDE, 0xBB, 0xFF, 0xE6, 0xFC, 0xFF, 0xEF, 0x3C, 0xFF, 0xEF, 0x5D, 0xFF,
    0xEF, 0x3C, 0xFF, 0xEF, 0x1C, 0xFF, 0xE7, 0x1C, 0xFF, 0xE7, 0x1C, 0xFF, 0xEF, 0x1C, 0xFF, 0xEF,
    0x1C, 0xFF, 0xEF, 0x1C, 0xFF, 0xEF, 0x1C, 0xFF, 0xDE, 0x9A, 0xFF, 0xEF, 0x5D, 0xFF, 0xC5, 0xF8,
    0xFF, 0x94, 0x72, 0xFF, 0x83, 0x8E, 0xFF, 0x6A, 0xAA, 0xFF, 0xAC, 0xF2, 0xFF, 0xFF, 0xFE, 0xFF,
    0xFF, 0x9C, 0xFF, 0xFF, 0x7B, 0xFF, 0xFF, 0x9C, 0xFF, 0xFF, 0x9C, 0xFF, 0xFF, 0x9C, 0xFF, 0xFF,
    0x9C, 0xFF, 0xFF, 0x9C, 0xFF, 0xFF, 0x9C, 0xFF, 0xFF, 0x9C, 0xFF, 0xFF, 0x9C, 0xFF, 0xFF, 0x9C,
    0xFF, 0xFF, 0x9C, 0xFF, 0xFF, 0x9C, 0xFF, 0xFF, 0x9C, 0xFF, 0xFF, 0x9C, 0xFF, 0xFF, 0x9C, 0xFF,
    0xFF, 0x9C, 0xFF, 0xFF, 0x9C, 0xFF, 0xFF, 0x9C, 0xFF, 0xFF, 0x9C, 0xFF, 0xFF, 0x9C, 0xFF, 0xFF,
    0x9C, 0xFF, 0xFF, 0x9C, 0xFF, 0xFF, 0x9C, 0xFF, 0xFF, 0x9C, 0xFF, 0xFF, 0xBC, 0xFF, 0xFF, 0x9D,
    0xFF, 0xFF, 0x9C, 0xFF, 0xFF, 0xBD, 0xFF, 0xEF, 0x1B, 0xFF, 0x9C, 0x51, 0xFF, 0xA4, 0x93, 0xFF,
    0xC5, 0xB7, 0xFF, 0xCE, 0x38, 0xFF, 0xC5, 0xD6, 0xFF, 0xA4, 0xB2, 0xFF, 0xD6, 0x38, 0xFF, 0xF7,
    0xBE, 0xFF, 0x9C, 0x71, 0xFF, 0xAD, 0x14, 0xFF, 0xC5, 0xF7, 0xFF, 0xC5, 0xD7, 0xFF, 0xDE, 0xBB,
    0xFF, 0xDE, 0xDB, 0xFF, 0xBD, 0xB7, 0xFF, 0xBD, 0xB7, 0xFF, 0xDE, 0xDA, 0xFF, 0xF7, 0x5D, 0xFF,
    0xEF, 0x5C, 0xFF, 0xEF, 0x5D, 0xFF, 0xEF, 0x5D, 0xFF, 0xEF, 0x5C, 0xFF, 0xEF, 0x3C, 0xFF, 0xF7,
    0x7D, 0xFF, 0xCE, 0x39, 0xFF, 0x9C, 0x71, 0xFF, 0xDE, 0x98, 0xFF, 0xFF, 0xFD, 0xFF, 0xF7, 0x5B,
    0xFF, 0xFF, 0x9C, 0xFF, 0xFF, 0x9C, 0xFF, 0xFF, 0x9C, 0xFF, 0xFF, 0x9C, 0xFF, 0xFF, 0x9C, 0xFF,
    0xFF, 0x9C, 0xFF, 0xFF, 0x9C, 0xFF, 0xFF, 0x9C, 0xFF, 0xFF, 0x9C, 0xFF, 0xFF, 0x9C, 0xFF, 0xFF,
    0xBC, 0xFF, 0xFF, 0xBC, 0xFF, 0xFF, 0xBC, 0xFF, 0xFF, 0x9C, 0xFF, 0xFF, 0x9C, 0xFF, 0xFF, 0x9C,
    0xFF, 0xFF, 0x9C, 0xFF, 0xFF, 0x9C, 0xFF, 0xFF, 0x9C, 0xFF, 0xFF, 0x9C, 0xFF, 0xFF, 0x9C, 0xFF,
    0xFF, 0x9C, 0xFF, 0xFF, 0x9C, 0xFF, 0xFF, 0x9C, 0xFF, 0xFF, 0x9C, 0xFF, 0xFF, 0x9C, 0xFF, 0xFF,
    0x9C, 0xFF, 0xFF, 0x9C, 0xFF, 0xFF, 0x9C, 0xFF, 0xFF, 0x9C, 0xFF, 0xFF, 0x9C, 0xFF, 0xFF, 0x9C,
    0xFF, 0xFF, 0x9C, 0xFF, 0xFF, 0x7B, 0xFF, 0xFF, 0xFD, 0xFF, 0xBD, 0x95, 0xFF, 0x94, 0x51, 0xFF,
    0xAD, 0x35, 0xFF, 0xCD, 0xF8, 0xFF, 0xEF, 0x3C, 0xFF, 0xEF, 0x5D, 0xFF, 0xEF, 0x3D, 0xFF, 0xEF,
    0x5D, 0xFF, 0xEF, 0x3C, 0xFF, 0xEF, 0x3C, 0xFF, 0xEF, 0x3C, 0xFF, 0xEF, 0x1C, 0xFF, 0xEF, 0x1C,
    0xFF, 0xEF, 0x3C, 0xFF, 0xEF, 0x3C, 0xFF, 0xEF, 0x5D, 0xFF, 0xEF, 0x3D, 0xFF, 0xCE, 0x59, 0xFF,
    0xCE, 0x79, 0xFF, 0xFF, 0xBE, 0xFF, 0xE6, 0xFB, 0xFF, 0xB5, 0x56, 0xFF, 0xBD, 0xB7, 0xFF, 0xB5,
    0x76, 0xFF, 0x8C, 0x32, 0xFF, 0x9C, 0x93, 0xFF, 0xC5, 0xF8, 0xFF, 0xE6, 0xFC, 0xFF, 0xF7, 0x7D,
    0xFF, 0xEF, 0x3D, 0xFF, 0xF7, 0x7D, 0xFF, 0xF7, 0x7D, 0xFF, 0xF7, 0x9E, 0xFF, 0xFF, 0xFF, 0xFF,
    0x84, 0x30, 0xFF, 0x18, 0xA2, 0xFF, 0x94, 0x92, 0xFF, 0xFF, 0xDF, 0xFF, 0xFF, 0xDF, 0xFF, 0xFF,
    0xDE, 0xFF, 0xFF, 0xFF, 0xFF, 0xFF, 0xDE, 0xFF, 0xAD, 0x54, 0xFF, 0x5B, 0x09, 0xFF, 0x6B, 0xAB,
    0xFF, 0x53, 0x08, 0xFF, 0x42, 0x65, 0xFF, 0x4A, 0x87, 0xFF, 0x63, 0x0C, 0xFF, 0x6B, 0x2D, 0xFF,
    0x6B, 0x2D, 0xFF, 0x7B, 0xCF, 0xFF, 0x9C, 0xD3, 0xFF, 0xC5, 0xF7, 0xFF, 0xE6, 0xFB, 0xFF, 0xEF,
    0x5D, 0xFF, 0xEF, 0x1C, 0xFF, 0xF7, 0x5D, 0xFF, 0x6C, 0x6B, 0xFF, 0x6C, 0x6B, 0xFF, 0x6C, 0x6B,
    0xFF, 0x64, 0x0A, 0xFF, 0x85, 0x0C, 0xFF, 0xA5, 0xEE, 0xFF, 0x7C, 0x8A, 0xFF, 0x64, 0x09, 0xFF,
    0x74, 0x6A, 0xFF, 0x42, 0x66, 0xFF, 0x63, 0x0C, 0xFF, 0xF7, 0x9E, 0xFF, 0xFF, 0xBE, 0xFF, 0xC5,
    0xF7, 0xFF, 0x63, 0x0C, 0xFF, 0xD6, 0x9A, 0xFF, 0xFF, 0xFF, 0xFF, 0xFF, 0xBE, 0xFF, 0xFF, 0xFF,
    0xFF, 0xFF, 0xBF, 0xFF, 0xBD, 0x97, 0xFF, 0x94, 0x32, 0xFF, 0xC5, 0xF8, 0xFF, 0xC5, 0xB7, 0xFF,
    0xCE, 0x19, 0xFF, 0xD6, 0x9B, 0xFF, 0xD6, 0x7A, 0xFF, 0xE7, 0x1C, 0xFF, 0xF7, 0x7D, 0xFF, 0xF7,
    0x5D, 0xFF, 0xEF, 0x3C, 0xFF, 0xEF, 0x1C, 0xFF, 0xEF, 0x1C, 0xFF, 0xEF, 0x1C, 0xFF, 0xEF, 0x1C,
    0xFF, 0xEF, 0x1C, 0xFF, 0xEF, 0x3C, 0xFF, 0xEF, 0x3C, 0xFF, 0xEF, 0x3C, 0xFF, 0xEF, 0x3C, 0xFF,
    0xDE, 0x9A, 0xFF, 0xE7, 0x1C, 0xFF, 0xDE, 0xBB, 0xFF, 0x73, 0x0C, 0xFF, 0x59, 0xE6, 0xFF, 0xCD,
    0xB4, 0xFF, 0xFF, 0xFD, 0xFF, 0xFF, 0x7B, 0xFF, 0xFF, 0x7B, 0xFF, 0xFF, 0x7B, 0xFF, 0xFF, 0x7B,
    0xFF, 0xFF, 0x7C, 0xFF, 0xFF, 0x7C, 0xFF, 0xFF, 0x9C, 0xFF, 0xFF, 0x9C, 0xFF, 0xFF, 0x9C, 0xFF,
    0xFF, 0x9C, 0xFF, 0xFF, 0x9C, 0xFF, 0xFF, 0x9C, 0xFF, 0xFF, 0x9C, 0xFF, 0xFF, 0x9C, 0xFF, 0xFF,
    0x9C, 0xFF, 0xFF, 0x9C, 0xFF, 0xFF, 0x9C, 0xFF, 0xFF, 0x9C, 0xFF, 0xFF, 0x9C, 0xFF, 0xFF, 0x9C,
    0xFF, 0xFF, 0x9C, 0xFF, 0xFF, 0x9C, 0xFF, 0xFF, 0x9C, 0xFF, 0xFF, 0x9C, 0xFF, 0xFF, 0x9C, 0xFF,
    0xFF, 0x9C, 0xFF, 0xFF, 0x9C, 0xFF, 0xFF, 0x9C, 0xFF, 0xFF, 0x9C, 0xFF, 0xFF, 0x7B, 0xFF, 0xFF,
    0xFD, 0xFF, 0xD6, 0x37, 0xFF, 0x94, 0x31, 0xFF, 0xAD, 0x14, 0xFF, 0xCE, 0x38, 0xFF, 0xCE, 0x18,
    0xFF, 0xB5, 0x14, 0xFF, 0xB5, 0x34, 0xFF, 0xFF, 0xFF, 0xFF, 0xDE, 0xBA, 0xFF, 0x94, 0x10, 0xFF,
    0xBD, 0x76, 0xFF, 0xC5, 0xB7, 0xFF, 0xC5, 0xD7, 0xFF, 0xDE, 0x9A, 0xFF, 0xD6, 0x59, 0xFF, 0xBD,
    0x76, 0xFF, 0xC5, 0xD7, 0xFF, 0xE6, 0xFB, 0xFF, 0xF7, 0x7D, 0xFF, 0xF7, 0x5D, 0xFF, 0xF7, 0x5D,
    0xFF, 0xEF, 0x5D, 0xFF, 0xEF, 0x5C, 0xFF, 0xF7, 0x5D, 0xFF, 0xE6, 0xDB, 0xFF, 0x94, 0x51, 0xFF,
    0xCD, 0xF6, 0xFF, 0xFF, 0xDC, 0xFF, 0xFF, 0x7B, 0xFF, 0xFF, 0x7B, 0xFF, 0xFF, 0x9C, 0xFF, 0xFF,
    0x9C, 0xFF, 0xFF, 0x9C, 0xFF, 0xFF, 0x9C, 0xFF, 0xFF, 0x9C, 0xFF, 0xFF, 0x9C, 0xFF, 0xFF, 0x9C,
    0xFF, 0xFF, 0x9C, 0xFF, 0xFF, 0xBD, 0xFF, 0xFF, 0xBD, 0xFF, 0xFF, 0xBD, 0xFF, 0xFF, 0xBD, 0xFF,
    0xFF, 0x9D, 0xFF, 0xFF, 0x9C, 0xFF, 0xFF, 0x9C, 0xFF, 0xFF, 0x9C, 0xFF, 0xFF, 0x9C, 0xFF, 0xFF,
    0x9C, 0xFF, 0xFF, 0x9C, 0xFF, 0xFF, 0x9C, 0xFF, 0xFF, 0x7B, 0xFF, 0xFF, 0x9C, 0xFF, 0xFF, 0x9C,
    0xFF, 0xFF, 0x9C, 0xFF, 0xFF, 0x9C, 0xFF, 0xFF, 0x9C, 0xFF, 0xFF, 0x9C, 0xFF, 0xFF, 0x9C, 0xFF,
    0xFF, 0x9C, 0xFF, 0xFF, 0x9C, 0xFF, 0xFF, 0x9C, 0xFF, 0xFF, 0x9C, 0xFF, 0xFF, 0x7B, 0xFF, 0xFF,
    0xDD, 0xFF, 0xC5, 0xB5, 0xFF, 0x94, 0x31, 0xFF, 0xA4, 0xF3, 0xFF, 0xCE, 0x18, 0xFF, 0xF7, 0x5D,
    0xFF, 0xEF, 0x3C, 0xFF, 0xEF, 0x5D, 0xFF, 0xEF, 0x5D, 0xFF, 0xEF, 0x3C, 0xFF, 0xEF, 0x3C, 0xFF,
    0xEF, 0x3C, 0xFF, 0xEF, 0x3C, 0xFF, 0xEF, 0x3C, 0xFF, 0xEF, 0x3C, 0xFF, 0xEF, 0x3C, 0xFF, 0xF7,
    0x7D, 0xFF, 0xE7, 0x1C, 0xFF, 0xC6, 0x18, 0xFF, 0xDE, 0xDB, 0xFF, 0xFF, 0xBE, 0xFF, 0xE6, 0xFB,
    0xFF, 0xB5, 0x76, 0xFF, 0xBD, 0xB7, 0xFF, 0xB5, 0x76, 0xFF, 0x8C, 0x31, 0xFF, 0x9C, 0x93, 0xFF,
    0xBD, 0x97, 0xFF, 0xDE, 0xBB, 0xFF, 0xF7, 0x7D, 0xFF, 0xEF, 0x3C, 0xFF, 0xEF, 0x5D, 0xFF, 0xF7,
    0x7D, 0xFF, 0xF7, 0x7E, 0xFF, 0xFF, 0xFF, 0xFF, 0xAD, 0x55, 0xFF, 0x4A, 0x49, 0xFF, 0xD6, 0x79,
    0xFF, 0xFF, 0xFF, 0xFF, 0xF7, 0x9E, 0xFF, 0xF7, 0x7D, 0xFF, 0xFF, 0xDF, 0xFF, 0xF7, 0x9D, 0xFF,
    0xA5, 0x33, 0xFF, 0x7C, 0x2C, 0xFF, 0x9D, 0x4F, 0xFF, 0x95, 0x0E, 0xFF, 0x7C, 0x8B, 0xFF, 0xA5,
    0x50, 0xFF, 0xE7, 0x1B, 0xFF, 0xEF, 0x7D, 0xFF, 0xEF, 0x5D, 0xFF, 0xF7, 0x9E, 0xFF, 0xFF, 0xBE,
    0xFF, 0xF7, 0x9E, 0xFF, 0xEF, 0x3C, 0xFF, 0xEF, 0x1C, 0xFF, 0xEF, 0x1C, 0xFF, 0xEF, 0x3C, 0xFF,
    0x6C, 0x6B, 0xFF, 0x6C, 0x6B, 0xFF, 0x6C, 0x6B, 0xFF, 0x6C, 0x4B, 0xFF, 0x6C, 0x4B, 0xFF, 0x64,
    0x0A, 0xFF, 0x5B, 0xC9, 0xFF, 0x6C, 0x4A, 0xFE, 0x64, 0x29, 0xFF, 0x3A, 0x25, 0xFF, 0x52, 0xAA,
    0xFF, 0xF7, 0x9D, 0xFF, 0xFF, 0xDE, 0xFF, 0x84, 0x10, 0xFF, 0x73, 0x6E, 0xFF, 0xEF, 0x3C, 0xFF,
    0xFF, 0xBE, 0xFF, 0xEF, 0x5C, 0xFF, 0xFF, 0xDE, 0xFF, 0xF7, 0x7E, 0xFF, 0xB5, 0x36, 0xFF, 0x8C,
    0x11, 0xFF, 0xC5, 0xF8, 0xFF, 0xE7, 0x1C, 0xFF, 0xF7, 0x7E, 0xFF, 0xFF, 0xBE, 0xFF, 0xE6, 0xFC,
    0xFF, 0xE6, 0xDB, 0xFF, 0xEF, 0x5D, 0xFF, 0xEF, 0x5D, 0xFF, 0xEF, 0x3C, 0xFF, 0xEF, 0x3C, 0xFF,
    0xEF, 0x3C, 0xFF, 0xEF, 0x3C, 0xFF, 0xEF, 0x3C, 0xFF, 0xEF, 0x3C, 0xFF, 0xEF, 0x3C, 0xFF, 0xEF,
    0x3C, 0xFF, 0xEF, 0x3C, 0xFF, 0xEF, 0x3C, 0xFF, 0xDE, 0xDB, 0xFF, 0xDE, 0xDB, 0xFF, 0xD6, 0x9A,
    0xFF, 0x83, 0x6D, 0xFF, 0xA4, 0x2F, 0xFF, 0xFF, 0xFD, 0xFF, 0xFF, 0x9B, 0xFF, 0xFF, 0x5A, 0xFF,
    0xFF, 0x7B, 0xFF, 0xFF, 0x7B, 0xFF, 0xFF, 0x7B, 0xFF, 0xFF, 0x7C, 0xFF, 0xFF, 0x7B, 0xFF, 0xFF,
    0x9C, 0xFF, 0xFF, 0x9C, 0xFF, 0xFF, 0x9C, 0xFF, 0xFF, 0x9C, 0xFF, 0xFF, 0x9C, 0xFF, 0xFF, 0x9C,
    0xFF, 0xFF, 0x9C, 0xFF, 0xFF, 0x9C, 0xFF, 0xFF, 0x9C, 0xFF, 0xFF, 0x9C, 0xFF, 0xFF, 0x9C, 0xFF,
    0xFF, 0x9C, 0xFF, 0xFF, 0x9C, 0xFF, 0xFF, 0x9C, 0xFF, 0xFF, 0x9C, 0xFF, 0xFF, 0x7C, 0xFF, 0xFF,
    0x9C, 0xFF, 0xFF, 0x9C, 0xFF, 0xFF, 0x9C, 0xFF, 0xFF, 0x9C, 0xFF, 0xFF, 0x9C, 0xFF, 0xFF, 0x9C,
    0xFF, 0xFF, 0x7B, 0xFF, 0xFF, 0x7B, 0xFF, 0xFF, 0x7B, 0xFF, 0xFF, 0xDD, 0xFF, 0xBD, 0x95, 0xFF,
    0x9C, 0x71, 0xFF, 0xBD, 0x76, 0xFF, 0xD6, 0x59, 0xFF, 0xBD, 0x76, 0xFF, 0xAC, 0xD2, 0xFF, 0xEE,
    0xFB, 0xFF, 0xFF, 0xFF, 0xFF, 0xCE, 0x17, 0xFF, 0x8C, 0x30, 0xFF, 0xBD, 0x96, 0xFF, 0xBD, 0xB6,
    0xFF, 0xBD, 0xB7, 0xFF, 0xC5, 0xF8, 0xFF, 0xC5, 0xD7, 0xFF, 0xBD, 0x96, 0xFF, 0xCE, 0x18, 0xFF,
    0xE7, 0x1C, 0xFF, 0xF7, 0x9D, 0xFF, 0xEF, 0x5D, 0xFF, 0xEF, 0x5D, 0xFF, 0xEF, 0x5C, 0xFF, 0xEF,
    0x5C, 0xFF, 0xEF, 0x3C, 0xFF, 0x94, 0x51, 0xFF, 0xBD, 0x95, 0xFF, 0xFF, 0xBC, 0xFF, 0xFF, 0x7B,
    0xFF, 0xFF, 0x5B, 0xFF, 0xFF, 0x7B, 0xFF, 0xFF, 0x7C, 0xFF, 0xFF, 0x9C, 0xFF, 0xFF, 0x9C, 0xFF,
    0xFF, 0x9C, 0xFF, 0xFF, 0x9C, 0xFF, 0xFF, 0x9C, 0xFF, 0xFF, 0x9C, 0xFF, 0xFF, 0x9C, 0xFF, 0xFF,
    0x9C, 0xFF, 0xFF, 0x9D, 0xFF, 0xFF, 0x9D, 0xFF, 0xFF, 0x9D, 0xFF, 0xFF, 0x9C, 0xFF, 0xFF, 0x9C,
    0xFF, 0xFF, 0x9C, 0xFF, 0xFF, 0x7C, 0xFF, 0xFF, 0x7B, 0xFF, 0xFF, 0x7B, 0xFF, 0xFF, 0x7B, 0xFF,
    0xFF, 0x7B, 0xFF, 0xFF, 0x7B, 0xFF, 0xFF, 0x7C, 0xFF, 0xFF, 0x9C, 0xFF, 0xFF, 0x9C, 0xFF, 0xFF,
    0x9C, 0xFF, 0xFF, 0x9C, 0xFF, 0xFF, 0x9C, 0xFF, 0xFF, 0x9C, 0xFF, 0xFF, 0x9C, 0xFF, 0xFF, 0x9C,
    0xFF, 0xFF, 0x7B, 0xFF, 0xFF, 0x7B, 0xFF, 0xFF, 0xDD, 0xFF, 0xC5, 0xB6, 0xFF, 0x8B, 0xF0, 0xFF,
    0x9C, 0xB3, 0xFF, 0xD6, 0x59, 0xFF, 0xF7, 0x7D, 0xFF, 0xEF, 0x1C, 0xFF, 0xEF, 0x3C, 0xFF, 0xEF,
    0x3D, 0xFF, 0xEF, 0x3D, 0xFF, 0xEF, 0x5C, 0xFF, 0xEF, 0x3C, 0xFF, 0xEF, 0x3C, 0xFF, 0xEF, 0x3C,
    0xFF, 0xEF, 0x5C, 0xFF, 0xEF, 0x5D, 0xFF, 0xF7, 0x7D, 0xFF, 0xE6, 0xFB, 0xFF, 0xCE, 0x38, 0xFF,
    0xEF, 0x5D, 0xFF, 0xF7, 0x9E, 0xFF, 0xE6, 0xDB, 0xFF, 0xB5, 0x56, 0xFF, 0xBD, 0x97, 0xFF, 0xB5,
    0x76, 0xFF, 0x8C, 0x11, 0xFF, 0x9C, 0x93, 0xFF, 0xB5, 0x76, 0xFF, 0xD6, 0x5A, 0xFF, 0xF7, 0x5D,
    0xFF, 0xEF, 0x3C, 0xFF, 0xEF, 0x5D, 0xFF, 0xEF, 0x7D, 0xFF, 0xF7, 0x7D, 0xFF, 0xFF, 0xDF, 0xFF,
    0xDE, 0xDB, 0xFF, 0x63, 0x0C, 0xFF, 0xC6, 0x38, 0xFF, 0xFF, 0xFF, 0xFF, 0xF7, 0x9E, 0xFF, 0xF7,
    0x7D, 0xFF, 0xFF, 0xDF, 0xFF, 0xEF, 0x3C, 0xFF, 0x94, 0xB0, 0xFF, 0x74, 0x0B, 0xFF, 0x8C, 0xCE,
    0xFF, 0x84, 0xAD, 0xFF, 0x74, 0x4A, 0xFF, 0xAD, 0xB2, 0xFF, 0xF7, 0x7D, 0xFF, 0xFF, 0x9E, 0xFF,
    0xF7, 0x5D, 0xFF, 0xF7, 0x5D, 0xFF, 0xEF, 0x3C, 0xFF, 0xEF, 0x1C, 0xFF, 0xEF, 0x1C, 0xFF, 0xEF,
    0x1C, 0xFF, 0xEF, 0x1C, 0xFF, 0xEF, 0x1C, 0xFF, 0x64, 0x0A, 0xFF, 0x6C, 0x4B, 0xFF, 0x6C, 0x4B,
    0xFF, 0x6C, 0x4B, 0xFE, 0x64, 0x0A, 0xFE, 0x5B, 0xAA, 0xFD, 0x5B, 0xA9, 0xFD, 0x6C, 0x6B, 0xFD,
    0x63, 0xCA, 0xFE, 0x19, 0x23, 0xFF, 0x42, 0x28, 0xFF, 0xF7, 0xBE, 0xFF, 0xEF, 0x7D, 0xFF, 0x5A,
    0xAA, 0xFF, 0xA5, 0x14, 0xFF, 0xF7, 0x7D, 0xFF, 0xF7, 0x7D, 0xFF, 0xEF, 0x3C, 0xFF, 0xFF, 0xBE,
    0xFF, 0xEF, 0x3D, 0xFF, 0xA4, 0xD4, 0xFF, 0x94, 0x31, 0xFF, 0xE6, 0xFB, 0xFF, 0xFF, 0xBE, 0xFF,
    0xF7, 0x7D, 0xFF, 0xF7, 0x7D, 0xFF, 0xE7, 0x1C, 0xFF, 0xDE, 0xBA, 0xFF, 0xEF, 0x3C, 0xFF, 0xEF,
    0x5D, 0xFF, 0xEF, 0x3C, 0xFF, 0xEF, 0x3C, 0xFF, 0xEF, 0x3C, 0xFF, 0xEF, 0x3C, 0xFF, 0xEF, 0x3C,
    0xFF, 0xEF, 0x3C, 0xFF, 0xEF, 0x3C, 0xFF, 0xEF, 0x3C, 0xFF, 0xEF, 0x3C, 0xFF, 0xEF, 0x3C, 0xFF,
    0xE6, 0xFB, 0xFF, 0xD6, 0x7A, 0xFF, 0xD6, 0x9A, 0xFF, 0x94, 0x10, 0xFF, 0xAC, 0x91, 0xFF, 0xFF,
    0xFD, 0xFF, 0xF7, 0x7B, 0xFF, 0xFF, 0x7B, 0xFF, 0xFF, 0x7B, 0xFF, 0xFF, 0x7B, 0xFF, 0xFF, 0x7B,
    0xFF, 0xFF, 0x7C, 0xFF, 0xFF, 0x7C, 0xFF, 0xFF, 0x9C, 0xFF, 0xFF, 0x9C, 0xFF, 0xFF, 0x9C, 0xFF,
    0xFF, 0x9C, 0xFF, 0xFF, 0x9C, 0xFF, 0xFF, 0x9C, 0xFF, 0xFF, 0x9C, 0xFF, 0xFF, 0xBC, 0xFF, 0xFF,
    0xBD, 0xFF, 0xFF, 0xBD, 0xFF, 0xFF, 0xBD, 0xFF, 0xFF, 0x9D, 0xFF, 0xFF, 0x9C, 0xFF, 0xFF, 0x9C,
    0xFF, 0xFF, 0x7B, 0xFF, 0xFF, 0x7B, 0xFF, 0xFF, 0x7B, 0xFF, 0xFF, 0x7B, 0xFF, 0xFF, 0x9B, 0xFF,
    0xFF, 0x9B, 0xFF, 0xFF, 0x9C, 0xFF, 0xFF, 0x7B, 0xFF, 0xFF, 0x7B, 0xFF, 0xFF, 0x7B, 0xFF, 0xFF,
    0x7B, 0xFF, 0xFF, 0xBC, 0xFF, 0xFF, 0x9C, 0xFF, 0xB5, 0x34, 0xFF, 0x9C, 0x72, 0xFF, 0xCE, 0x18,
    0xFF, 0xCE, 0x18, 0xFF, 0xA4, 0xD3, 0xFF, 0xC5, 0xB6, 0xFF, 0xFF, 0xFF, 0xFF, 0xFF, 0xDE, 0xFF,
    0xB5, 0x54, 0xFF, 0x94, 0x30, 0xFF, 0xBD, 0x96, 0xFF, 0xBD, 0x97, 0xFF, 0xBD, 0x76, 0xFF, 0xBD,
    0xB7, 0xFF, 0xBD, 0xB7, 0xFF, 0xBD, 0xB7, 0xFF, 0xCE, 0x39, 0xFF, 0xEF, 0x3C, 0xFF, 0xF7, 0x9E,
    0xFF, 0xF7, 0x5D, 0xFF, 0xEF, 0x5C, 0xFF, 0xEF, 0x3C, 0xFF, 0xF7, 0x7D, 0xFF, 0x9C, 0xB3, 0xFF,
    0xB5, 0x54, 0xFF, 0xFF, 0x7B, 0xFF, 0xFF, 0x9B, 0xFF, 0xF7, 0x5A, 0xFF, 0xFF, 0x7B, 0xFF, 0xFF,
    0x7B, 0xFF, 0xFF, 0x7B, 0xFF, 0xFF, 0x9C, 0xFF, 0xFF, 0x7B, 0xFF, 0xFF, 0x7B, 0xFF, 0xFF, 0x7C,
    0xFF, 0xFF, 0xBD, 0xFF, 0xFF, 0xFE, 0xFF, 0xFF, 0xFF, 0xFF, 0xFF, 0xFF, 0xFF, 0xFF, 0xFF, 0xFF,
    0xFF, 0xFF, 0xFF, 0xFF, 0xFF, 0xFF, 0xFF, 0xFE, 0xFF, 0xFF, 0xFE, 0xFF, 0xFF, 0xDD, 0xFF, 0xFF,
    0xBC, 0xFF, 0xFF, 0x9C, 0xFF, 0xFF, 0x7B, 0xFF, 0xFF, 0xBC, 0xFF, 0xFF, 0x9C, 0xFF, 0xFF, 0x7B,
    0xFF, 0xFF, 0x9C, 0xFF, 0xFF, 0x9C, 0xFF, 0xFF, 0x9C, 0xFF, 0xFF, 0x9C, 0xFF, 0xFF, 0x9C, 0xFF,
    0xFF, 0x9C, 0xFF, 0xFF, 0x9C, 0xFF, 0xFF, 0x7B, 0xFF, 0xFF, 0x7B, 0xFF, 0xFF, 0x7B, 0xFF, 0xFF,
    0xDD, 0xFF, 0xC5, 0xD6, 0xFF, 0x83, 0x8E, 0xFF, 0x9C, 0x93, 0xFF, 0xDE, 0xDB, 0xFF, 0xF7, 0x7D,
    0xFF, 0xE7, 0x1C, 0xFF, 0xEF, 0x3C, 0xFF, 0xEF, 0x5D, 0xFF, 0xEF, 0x3D, 0xFF, 0xEF, 0x3D, 0xFF,
    0xEF, 0x3D, 0xFF, 0xEF, 0x5D, 0xFF, 0xEF, 0x5D, 0xFF, 0xEF, 0x5D, 0xFF, 0xF7, 0x7D, 0xFF, 0xF7,
    0x7D, 0xFF, 0xD6, 0x9A, 0xFF, 0xC6, 0x18, 0xFF, 0xF7, 0x9E, 0xFF, 0xF7, 0x5D, 0xFF, 0xE6, 0xDB,
    0xFF, 0xB5, 0x56, 0xFF, 0xB5, 0x97, 0xFF, 0xB5, 0x76, 0xFF, 0x8C, 0x11, 0xFF, 0x9C, 0x93, 0xFF,
    0xB5, 0x56, 0xFF, 0xCE, 0x39, 0xFF, 0xEF, 0x5D, 0xFF, 0xEF, 0x3D, 0xFF, 0xEF, 0x5D, 0xFF, 0xEF,
    0x5D, 0xFF, 0xEF, 0x5D, 0xFF, 0xF7, 0x9E, 0xFF, 0xFF, 0xFF, 0xFF, 0x7B, 0xCF, 0xFF, 0xA5, 0x14,
    0xFF, 0xF7, 0xBE, 0xFF, 0xFF, 0xBE, 0xFF, 0xEF, 0x5D, 0xFF, 0xFF, 0xDF, 0xFF, 0xDE, 0xDB, 0xFF,
    0x84, 0x4E, 0xFF, 0x7C, 0x4B, 0xFF, 0x84, 0xCD, 0xFF, 0x84, 0x8C, 0xFF, 0x74, 0x4A, 0xFF, 0xBE,
    0x15, 0xFF, 0xF7, 0x7D, 0xFF, 0xF7, 0x5D, 0xFF, 0xEF, 0x3C, 0xFF, 0xEF, 0x3C, 0xFF, 0xEF, 0x3C,
    0xFF, 0xEF, 0x1C, 0xFF, 0xEF, 0x1C, 0xFF, 0xEF, 0x1C, 0xFF, 0xEF, 0x1C, 0xFF, 0xEF, 0x1C, 0xFF,
    0x53, 0x89, 0xFE, 0x5B, 0xA9, 0xFE, 0x5B, 0xA9, 0xFD, 0x5B, 0xA9, 0xFE, 0x53, 0x89, 0xFB, 0x53,
    0x88, 0xFB, 0x5B, 0xC9, 0xFD, 0x53, 0x69, 0xF7, 0x29, 0xC5, 0xFA, 0x18, 0xC3, 0xFF, 0x62, 0xEB,
    0xFE, 0xEF, 0x7D, 0xFF, 0xBD, 0xF7, 0xFF, 0x52, 0x8A, 0xFF, 0xDE, 0xBA, 0xFF, 0xF7, 0x9E, 0xFF,
    0xEF, 0x5C, 0xFF, 0xEF, 0x5C, 0xFF, 0xFF, 0xBE, 0xFF, 0xE6, 0xFC, 0xFF, 0x94, 0x53, 0xFF, 0x94,
    0x32, 0xFF, 0xF7, 0x5D, 0xFF, 0xF7, 0x7D, 0xFF, 0xEF, 0x5D, 0xFF, 0xEF, 0x5D, 0xFF, 0xEF, 0x3C,
    0xFF, 0xDE, 0xBB, 0xFF, 0xE7, 0x1C, 0xFF, 0xEF, 0x5C, 0xFF, 0xEF, 0x3C, 0xFF, 0xEF, 0x3C, 0xFF,
    0xEF, 0x3C, 0xFF, 0xEF, 0x3C, 0xFF, 0xEF, 0x3C, 0xFF, 0xEF, 0x3C, 0xFF, 0xEF, 0x3C, 0xFF, 0xEF,
    0x3C, 0xFF, 0xEF, 0x3C, 0xFF, 0xEF, 0x3C, 0xFF, 0xEF, 0x1C, 0xFF, 0xD6, 0x79, 0xFF, 0xD6, 0x9A,
    0xFF, 0x93, 0xF0, 0xFF, 0x9C, 0x0F, 0xFF, 0xFF, 0x9B, 0xFF, 0xFF, 0x9B, 0xFF, 0xFF, 0x7B, 0xFF,
    0xFF, 0x7B, 0xFF, 0xFF, 0x7B, 0xFF, 0xFF, 0x7B, 0xFF, 0xFF, 0x7C, 0xFF, 0xFF, 0x7C, 0xFF, 0xFF,
    0x9C, 0xFF, 0xFF, 0x9C, 0xFF, 0xFF, 0x7C, 0xFF, 0xFF, 0x7C, 0xFF, 0xFF, 0x9C, 0xFF, 0xFF, 0x7C,
    0xFF, 0xFF, 0x9C, 0xFF, 0xFF, 0xBD, 0xFF, 0xFF, 0x9C, 0xFF, 0xFF, 0x9D, 0xFF, 0xFF, 0x9C, 0xFF,
    0xFF, 0x9D, 0xFF, 0xFF, 0xBD, 0xFF, 0xFF, 0xDD, 0xFF, 0xFF, 0xDD, 0xFF, 0xFF, 0xBC, 0xFF, 0xFF,
    0xBC, 0xFF, 0xFF, 0x9B, 0xFF, 0xFF, 0x7B, 0xFF, 0xFF, 0x5B, 0xFF, 0xFF, 0x5B, 0xFF, 0xFF, 0x7B,
    0xFF, 0xFF, 0x7B, 0xFF, 0xFF, 0x7C, 0xFF, 0xFF, 0x9C, 0xFF, 0xFF, 0x7B, 0xFF, 0xFF, 0xFE, 0xFF,
    0xEF, 0x7C, 0xFF, 0xAD, 0x34, 0xFF, 0xA4, 0xB2, 0xFF, 0xCE, 0x18, 0xFF, 0xBD, 0x76, 0xFF, 0xA4,
    0xB2, 0xFF, 0xF7, 0x7C, 0xFF, 0xFF, 0xFE, 0xFF, 0xF7, 0x9D, 0xFF, 0xA4, 0xD2, 0xFF, 0x94, 0x51,
    0xFF, 0xBD, 0xB6, 0xFF, 0xC5, 0xD7, 0xFF, 0xBD, 0x96, 0xFF, 0xC5, 0xD7, 0xFF, 0xC5, 0xD7, 0xFF,
    0xC5, 0xD7, 0xFF, 0xCE, 0x38, 0xFF, 0xE6, 0xFB, 0xFF, 0xF7, 0x9D, 0xFF, 0xEF, 0x5D, 0xFF, 0xE7,
    0x1C, 0xFF, 0xF7, 0x7D, 0xFF, 0xB5, 0x55, 0xFF, 0xB5, 0x34, 0xFF, 0xF7, 0x3A, 0xFF, 0xFF, 0xBC,
    0xFF, 0xF7, 0x5A, 0xFF, 0xFF, 0x7B, 0xFF, 0xFF, 0x7B, 0xFF, 0xFF, 0x7B, 0xFF, 0xFF, 0x7B, 0xFF,
    0xF7, 0x7B, 0xFF, 0xFF, 0xDD, 0xFF, 0xFF, 0xFE, 0xFF, 0xFF, 0xFE, 0xFF, 0xEF, 0x3B, 0xFF, 0xDE,
    0x78, 0xFF, 0xD6, 0x37, 0xFF, 0xD6, 0x17, 0xFF, 0xD6, 0x17, 0xFF, 0xD6, 0x36, 0xFF, 0xDE, 0x57,
    0xFF, 0xE6, 0xB9, 0xFF, 0xEE, 0xFA, 0xFF, 0xF7, 0x5B, 0xFF, 0xF7, 0x7B, 0xFF, 0xFF, 0xDD, 0xFF,
    0xFF, 0x9C, 0xFF, 0xFF, 0x7C, 0xFF, 0xFF, 0x9C, 0xFF, 0xFF, 0x9C, 0xFF, 0xFF, 0x9C, 0xFF, 0xFF,
    0x9C, 0xFF, 0xFF, 0x9C, 0xFF, 0xFF, 0x9C, 0xFF, 0xFF, 0x9C, 0xFF, 0xFF, 0x9C, 0xFF, 0xFF, 0x9B,
    0xFF, 0xFF, 0x7B, 0xFF, 0xFF, 0x7B, 0xFF, 0xFF, 0xDD, 0xFF, 0xC5, 0xB6, 0xFF, 0x73, 0x2D, 0xFF,
    0x9C, 0x93, 0xFF, 0xEF, 0x3D, 0xFF, 0xF7, 0x7D, 0xFF, 0xEF, 0x1C, 0xFF, 0xEF, 0x5C, 0xFF, 0xEF,
    0x5D, 0xFF, 0xEF, 0x3D, 0xFF, 0xEF, 0x3C, 0xFF, 0xEF, 0x3D, 0xFF, 0xEF, 0x5D, 0xFF, 0xEF, 0x5D,
    0xFF, 0xEF, 0x5C, 0xFF, 0xF7, 0x9E, 0xFF, 0xEF, 0x5D, 0xFF, 0xCE, 0x38, 0xFF, 0xCE, 0x39, 0xFF,
    0xF7, 0x9E, 0xFF, 0xEF, 0x3C, 0xFF, 0xE6, 0xDB, 0xFF, 0xB5, 0x56, 0xFF, 0xBD, 0x97, 0xFF, 0xB5,
    0x77, 0xFF, 0x83, 0xD0, 0xFF, 0x94, 0x53, 0xFF, 0xB5, 0x56, 0xFF, 0xC5, 0xF8, 0xFF, 0xEF, 0x3C,
    0xFF, 0xEF, 0x3D, 0xFF, 0xEF, 0x3C, 0xFF, 0xEF, 0x3D, 0xFF, 0xEF, 0x5D, 0xFF, 0xEF, 0x5D, 0xFF,
    0xFF, 0xFF, 0xFF, 0xAD, 0x55, 0xFF, 0x84, 0x0F, 0xFF, 0xDE, 0xDB, 0xFF, 0xFF, 0xFF, 0xFF, 0xEF,
    0x3C, 0xFF, 0xFF, 0xFF, 0xFF, 0xD6, 0x79, 0xFF, 0x73, 0xCC, 0xFF, 0x84, 0x8D, 0xFF, 0x84, 0xAD,
    0xFF, 0x84, 0xAC, 0xFF, 0x7C, 0x6C, 0xFF, 0xD6, 0xB8, 0xFF, 0xF7, 0x7D, 0xFF, 0xEF, 0x3D, 0xFF,
    0xEF, 0x3C, 0xFF, 0xEF, 0x5D, 0xFF, 0xEF, 0x3C, 0xFF, 0xEF, 0x3C, 0xFF, 0xEF, 0x3C, 0xFF, 0xEF,
    0x1C, 0xFF, 0xEF, 0x3C, 0xFF, 0xEF, 0x1C, 0xFF, 0x4B, 0x48, 0xFE, 0x4B, 0x48, 0xFF, 0x4B, 0x48,
    0xFC, 0x53, 0x68, 0xF8, 0x53, 0x89, 0xC6, 0x53, 0xA9, 0x9F, 0x53, 0x89, 0x83, 0x21, 0x84, 0x67,
    0x31, 0xC6, 0x9B, 0x7B, 0xAE, 0xF6, 0x94, 0x51, 0xFE, 0xCE, 0x39, 0xFF, 0x73, 0x8E, 0xFF, 0x84,
    0x10, 0xFF, 0xF7, 0x7E, 0xFF, 0xF7, 0x7D, 0xFF, 0xE7, 0x1C, 0xFF, 0xEF, 0x5D, 0xFF, 0xF7, 0x9E,
    0xFF, 0xDE, 0x9B, 0xFF, 0x8C, 0x12, 0xFF, 0x94, 0x31, 0xFF, 0xEF, 0x3C, 0xFF, 0xF7, 0x5D, 0xFF,
    0xEF, 0x3C, 0xFF, 0xEF, 0x3D, 0xFF, 0xEF, 0x3D, 0xFF, 0xDE, 0xDB, 0xFF, 0xE6, 0xFB, 0xFF, 0xEF,
    0x3C, 0xFF, 0xEF, 0x5C, 0xFF, 0xEF, 0x3C, 0xFF, 0xEF, 0x3C, 0xFF, 0xEF, 0x3C, 0xFF, 0xEF, 0x3C,
    0xFF, 0xEF, 0x3C, 0xFF, 0xEF, 0x3C, 0xFF, 0xEF, 0x3C, 0xFF, 0xEF, 0x3C, 0xFF, 0xEF, 0x3C, 0xFF,
    0xEF, 0x3C, 0xFF, 0xD6, 0x7A, 0xFF, 0xD6, 0x7A, 0xFF, 0x9C, 0x51, 0xFF, 0x9C, 0x50, 0xFF, 0xF7,
    0x5B, 0xFF, 0xFF, 0xBC, 0xFF, 0xFF, 0x7B, 0xFF, 0xFF, 0x7B, 0xFF, 0xFF, 0x7C, 0xFF, 0xFF, 0x7C,
    0xFF, 0xFF, 0x7C, 0xFF, 0xFF, 0x9C, 0xFF, 0xFF, 0x7B, 0xFF, 0xFF, 0x7B, 0xFF, 0xFF, 0x7B, 0xFF,
    0xFF, 0x7B, 0xFF, 0xFF, 0x9C, 0xFF, 0xFF, 0x9C, 0xFF, 0xFF, 0x9C, 0xFF, 0xFF, 0x9D, 0xFF, 0xFF,
    0xDE, 0xFF, 0xFF, 0xFE, 0xFF, 0xFF, 0xFE, 0xFF, 0xFF, 0xFE, 0xFF, 0xFF, 0xDD, 0xFF, 0xFF, 0x9C,
    0xFF, 0xF7, 0x7B, 0xFF, 0xF7, 0x5B, 0xFF, 0xFF, 0x9C, 0xFF, 0xFF, 0xDD, 0xFF, 0xFF, 0xFE, 0xFF,
    0xFF, 0xFE, 0xFF, 0xFF, 0xFD, 0xFF, 0xFF, 0x9C, 0xFF, 0xFF, 0x7B, 0xFF, 0xFF, 0x9C, 0xFF, 0xFF,
    0x9C, 0xFF, 0xFF, 0x9C, 0xFF, 0xFF, 0x9C, 0xFF, 0xFF, 0xFF, 0xFF, 0xEF, 0x5C, 0xFF, 0xB5, 0x34,
    0xFF, 0xA4, 0xD3, 0xFF, 0xC5, 0xB7, 0xFF, 0xAC, 0xD3, 0xFF, 0xCD, 0xF7, 0xFF, 0xFF, 0xDE, 0xFF,
    0xFF, 0xDE, 0xFF, 0xEF, 0x3B, 0xFF, 0xAC, 0xD3, 0xFF, 0x94, 0x51, 0xFF, 0xBD, 0x96, 0xFF, 0xCE,
    0x18, 0xFF, 0xC5, 0xD7, 0xFF, 0xC5, 0xD7, 0xFF, 0xC5, 0xF7, 0xFF, 0xC5, 0xD7, 0xFF, 0xC5, 0xF8,
    0xFF, 0xDE, 0xBA, 0xFF, 0xF7, 0x5D, 0xFF, 0xEF, 0x3C, 0xFF, 0xF7, 0x7D, 0xFF, 0xC5, 0xD7, 0xFF,
    0xAC, 0xF3, 0xFF, 0xE6, 0xD9, 0xFF, 0xFF, 0xBC, 0xFF, 0xF7, 0x3A, 0xFF, 0xFF, 0x7B, 0xFF, 0xFF,
    0x7B, 0xFF, 0xF7, 0x7B, 0xFF, 0xFF, 0x9C, 0xFF, 0xFF, 0xFE, 0xFF, 0xF7, 0x1A, 0xFF, 0xD5, 0x94,
    0xFF, 0xB4, 0x2E, 0xFF, 0xA3, 0x8C, 0xFF, 0xA3, 0xAC, 0xFF, 0xB4, 0x70, 0xFF, 0xC5, 0x33, 0xFF,
    0xCD, 0x74, 0xFF, 0xC5, 0x74, 0xFF, 0xC5, 0x94, 0xFF, 0xCD, 0x95, 0xFF, 0xCD, 0xB5, 0xFF, 0xCD,
    0xF5, 0xFF, 0xFF, 0x9C, 0xFF, 0xD6, 0x78, 0xFF, 0x83, 0xEE, 0xFF, 0xCE, 0x37, 0xFF, 0xFF, 0xFE,
    0xFF, 0xFF, 0x9C, 0xFF, 0xFF, 0x9C, 0xFF, 0xFF, 0x9C, 0xFF, 0xFF, 0x9C, 0xFF, 0xFF, 0x9C, 0xFF,
    0xFF, 0x9C, 0xFF, 0xFF, 0x9C, 0xFF, 0xFF, 0x9B, 0xFF, 0xFF, 0x7B, 0xFF, 0xFF, 0x7B, 0xFF, 0xFF,
    0xFD, 0xFF, 0xBD, 0x95, 0xFF, 0x5A, 0x8B, 0xFF, 0x9C, 0xB3, 0xFF, 0xFF, 0xDF, 0xFF, 0xEF, 0x5D,
    0xFF, 0xEF, 0x3C, 0xFF, 0xEF, 0x5D, 0xFF, 0xEF, 0x5D, 0xFF, 0xEF, 0x5D, 0xFF, 0xEF, 0x3C, 0xFF,
    0xEF, 0x5D, 0xFF, 0xEF, 0x5D, 0xFF, 0xEF, 0x5D, 0xFF, 0xEF, 0x5D, 0xFF, 0xF7, 0xBE, 0xFF, 0xE6,
    0xFB, 0xFF, 0xBD, 0xD7, 0xFF, 0xDE, 0x9A, 0xFF, 0xF7, 0x7D, 0xFF, 0xEF, 0x3C, 0xFF, 0xE6, 0xDB,
    0xFF, 0xB5, 0x56, 0xFF, 0xBD, 0xB7, 0xFF, 0xB5, 0x77, 0xFF, 0x73, 0x6F, 0xFF, 0x94, 0x32, 0xFF,
    0xB5, 0x76, 0xFF, 0xC5, 0xF8, 0xFF, 0xEF, 0x1C, 0xFF, 0xEF, 0x3D, 0xFF, 0xEF, 0x1C, 0xFF, 0xEF,
    0x3D, 0xFF, 0xEF, 0x3D, 0xFF, 0xEF, 0x3C, 0xFF, 0xF7, 0xBE, 0xFF, 0xE6, 0xFB, 0xFF, 0x6B, 0x6D,
    0xFF, 0xBD, 0xD6, 0xFF, 0xFF, 0xDF, 0xFF, 0xF7, 0x7D, 0xFF, 0xFF, 0xDF, 0xFF, 0xBD, 0xF7, 0xFF,
    0x6B, 0x8B, 0xFF, 0x8C, 0xEE, 0xFF, 0x84, 0xAD, 0xFF, 0x7C, 0x8C, 0xFF, 0x84, 0xAE, 0xFF, 0xE7,
    0x1B, 0xFF, 0xF7, 0x7D, 0xFF, 0xEF, 0x3C, 0xFF, 0xEF, 0x3C, 0xFF, 0xEF, 0x3D, 0xFF, 0xEF, 0x3C,
    0xFF, 0xEF, 0x3C, 0xFF, 0xEF, 0x3C, 0xFF, 0xEF, 0x3C, 0xFF, 0xEF, 0x3C, 0xFF, 0xEF, 0x3C, 0xFF,
    0x53, 0x89, 0xFF, 0x53, 0x89, 0xF8, 0x53, 0x89, 0xC2, 0x53, 0x89, 0xA5, 0x53, 0x89, 0x72, 0x53,
    0x29, 0x3C, 0x21, 0x64, 0x16, 0x10, 0x02, 0x1D, 0xA4, 0xF4, 0x87, 0xC5, 0xD7, 0xF7, 0xA4, 0xD4,
    0xFD, 0x94, 0x31, 0xFF, 0x4A, 0x29, 0xFF, 0xCE, 0x38, 0xFF, 0xF7, 0x9E, 0xFF, 0xEF, 0x5C, 0xFF,
    0xEF, 0x3C, 0xFF, 0xEF, 0x5C, 0xFF, 0xF7, 0x7D, 0xFF, 0xCE, 0x39, 0xFF, 0x83, 0xD1, 0xFF, 0x8C,
    0x31, 0xFF, 0xEF, 0x1C, 0xFF, 0xEF, 0x5D, 0xFF, 0xEF, 0x3C, 0xFF, 0xEF, 0x3C, 0xFF, 0xEF, 0x3D,
    0xFF, 0xDE, 0xDB, 0xFF, 0xE6, 0xDB, 0xFF, 0xEF, 0x3C, 0xFF, 0xEF, 0x5D, 0xFF, 0xEF, 0x3C, 0xFF,
    0xEF, 0x5D, 0xFF, 0xEF, 0x5D, 0xFF, 0xEF, 0x3C, 0xFF, 0xEF, 0x3C, 0xFF, 0xEF, 0x3C, 0xFF, 0xEF,
    0x3C, 0xFF, 0xEF, 0x3C, 0xFF, 0xEF, 0x1C, 0xFF, 0xEF, 0x5C, 0xFF, 0xDE, 0x9A, 0xFF, 0xD6, 0x59,
    0xFF, 0xA4, 0xB3, 0xFF, 0xAC, 0xB2, 0xFF, 0xF7, 0x3A, 0xFF, 0xFF, 0xDC, 0xFF, 0xFF, 0x7B, 0xFF,
    0xFF, 0x9C, 0xFF, 0xFF, 0x7C, 0xFF, 0xFF, 0x7C, 0xFF, 0xFF, 0x7C, 0xFF, 0xFF, 0x9B, 0xFF, 0xFF,
    0x7B, 0xFF, 0xFF, 0x7B, 0xFF, 0xFF, 0x7B, 0xFF, 0xFF, 0x7B, 0xFF, 0xFF, 0x7B, 0xFF, 0xFF, 0xDD,
    0xFF, 0xFF, 0xFE, 0xFF, 0xFF, 0xBD, 0xFF, 0xF7, 0x9C, 0xFF, 0xEF, 0x3B, 0xFF, 0xE6, 0xB9, 0xFF,
    0xDE, 0x37, 0xFF, 0xD5, 0xB5, 0xFF, 0xCD, 0x33, 0xFF, 0xC4, 0xB1, 0xFF, 0xBC, 0x90, 0xFF, 0xBC,
    0x90, 0xFF, 0xBC, 0xB1, 0xFF, 0xC5, 0x12, 0xFF, 0xDD, 0xF5, 0xFF, 0xF7, 0x3B, 0xFF, 0xFF, 0xFE,
    0xFF, 0xFF, 0xFE, 0xFF, 0xFF, 0x9C, 0xFF, 0xFF, 0x9C, 0xFF, 0xFF, 0xBD, 0xFF, 0xFF, 0xBD, 0xFF,
    0xFF, 0xBD, 0xFF, 0xFF, 0xFE, 0xFF, 0xEF, 0x5C, 0xFF, 0xB5, 0x75, 0xFF, 0xA4, 0xB3, 0xFF, 0xB4,
    0xF4, 0xFF, 0xB4, 0xF3, 0xFF, 0xF7, 0x7C, 0xFF, 0xFF, 0x9D, 0xFF, 0xFF, 0xDD, 0xFF, 0xEF, 0x3B,
    0xFF, 0xAC, 0xF3, 0xFF, 0x94, 0x31, 0xFF, 0xBD, 0x96, 0xFF, 0xCE, 0x39, 0xFF, 0xC5, 0xF7, 0xFF,
    0xC5, 0xD7, 0xFF, 0xC5, 0xF7, 0xFF, 0xBD, 0xB7, 0xFF, 0xBD, 0xB7, 0xFF, 0xD6, 0x79, 0xFF, 0xEF,
    0x1C, 0xFF, 0xF7, 0x7D, 0xFF, 0xDE, 0x9A, 0xFF, 0xA4, 0xF3, 0xFF, 0xD6, 0x57, 0xFF, 0xFF, 0xBC,
    0xFF, 0xFF, 0x5A, 0xFF, 0xFF, 0x5B, 0xFF, 0xF7, 0x5A, 0xFF, 0xFF, 0xBC, 0xFF, 0xFF, 0xBC, 0xFF,
    0xD5, 0xB4, 0xFF, 0xAB, 0x8C, 0xFF, 0xA3, 0x2A, 0xFF, 0xAB, 0xCD, 0xFF, 0xBC, 0xD1, 0xFF, 0xCD,
    0xD6, 0xFF, 0xE6, 0x99, 0xFF, 0xEF, 0x1C, 0xFF, 0xF7, 0x5D, 0xFF, 0xFF, 0x9D, 0xFF, 0xFF, 0x9D,
    0xFF, 0xF7, 0x7D, 0xFF, 0xF7, 0x5D, 0xFF, 0xF7, 0x5C, 0xFF, 0xD6, 0x78, 0xFF, 0x4A, 0x48, 0xFF,
    0x18, 0xC3, 0xFF, 0xB5, 0x74, 0xFF, 0xFF, 0x9C, 0xFF, 0xF7, 0x1A, 0xFF, 0xFF, 0x9C, 0xFF, 0xFF,
    0x9C, 0xFF, 0xFF, 0x9C, 0xFF, 0xFF, 0x9C, 0xFF, 0xFF, 0x9C, 0xFF, 0xFF, 0x7C, 0xFF, 0xFF, 0x9C,
    0xFF, 0xFF, 0x9C, 0xFF, 0xFF, 0x7B, 0xFF, 0xFF, 0xFE, 0xFF, 0xB5, 0x54, 0xFF, 0x62, 0xAB, 0xFF,
    0xB5, 0x76, 0xFF, 0xFF, 0xFF, 0xFF, 0xEF, 0x3C, 0xFF, 0xEF, 0x5D, 0xFF, 0xEF, 0x5D, 0xFF, 0xEF,
    0x5D, 0xFF, 0xEF, 0x3D, 0xFF, 0xEF, 0x5D, 0xFF, 0xEF, 0x5D, 0xFF, 0xEF, 0x5D, 0xFF, 0xEF, 0x5D,
    0xFF, 0xEF, 0x5D, 0xFF, 0xF7, 0x9E, 0xFF, 0xD6, 0x9A, 0xFF, 0xB5, 0x76, 0xFF, 0xE7, 0x1C, 0xFF,
    0xEF, 0x5D, 0xFF, 0xEF, 0x3C, 0xFF, 0xE6, 0xDB, 0xFF, 0xB5, 0x56, 0xFF, 0xC5, 0xD8, 0xFF, 0xBD,
    0x97, 0xFF, 0x73, 0x4E, 0xFF, 0x8C, 0x31, 0xFF, 0xB5, 0x76, 0xFF, 0xC5, 0xD8, 0xFF, 0xE7, 0x1C,
    0xFF, 0xEF, 0x5D, 0xFF, 0xEF, 0x1C, 0xFF, 0xEF, 0x3C, 0xFF, 0xEF, 0x3C, 0xFF, 0xEF, 0x1C, 0xFF,
    0xEF, 0x3C, 0xFF, 0xFF, 0xDF, 0xFF, 0x83, 0xEF, 0xFF, 0x94, 0xB2, 0xFF, 0xEF, 0x5D, 0xFF, 0xFF,
    0xDF, 0xFF, 0xEF, 0x7D, 0xFF, 0xA4, 0xF3, 0xFF, 0x6B, 0xAB, 0xFF, 0x95, 0x0F, 0xFF, 0x84, 0xCD,
    0xFF, 0x7C, 0x6C, 0xFF, 0x9D, 0x30, 0xFF, 0xEF, 0x7D, 0xFF, 0xF7, 0x5D, 0xFF, 0xE7, 0x1C, 0xFF,
    0xEF, 0x3C, 0xFF, 0xEF, 0x3C, 0xFF, 0xEF, 0x3C, 0xFF, 0xEF, 0x3C, 0xFF, 0xEF, 0x3C, 0xFF, 0xEF,
    0x3C, 0xFF, 0xEF, 0x3C, 0xFF, 0xEF, 0x3C, 0xFF, 0x53, 0x49, 0xAA, 0x53, 0x49, 0x93, 0x53, 0x69,
    0x55, 0x4B, 0x49, 0x35, 0x3A, 0x67, 0x27, 0x29, 0x65, 0x11, 0x00, 0x00, 0x02, 0x63, 0x2C, 0x37,
    0xAD, 0x35, 0xB1, 0xC5, 0xB7, 0xFE, 0xA4, 0xB3, 0xFD, 0x5A, 0xAB, 0xFF, 0x62, 0xCB, 0xFF, 0xEF,
    0x5D, 0xFF, 0xEF, 0x5D, 0xFF, 0xEF, 0x3C, 0xFF, 0xEF, 0x3C, 0xFF, 0xF7, 0x7C, 0xFF, 0xEF, 0x1C,
    0xFF, 0xC5, 0xB8, 0xFF, 0x83, 0xD1, 0xFF, 0x8C, 0x11, 0xFF, 0xE6, 0xFB, 0xFF, 0xEF, 0x3C, 0xFF,
    0xEF, 0x1C, 0xFF, 0xEF, 0x1C, 0xFF, 0xEF, 0x3C, 0xFF, 0xE6, 0xFB, 0xFF, 0xDE, 0xBA, 0xFF, 0xEF,
    0x1C, 0xFF, 0xEF, 0x5D, 0xFF, 0xEF, 0x3C, 0xFF, 0xEF, 0x5C, 0xFF, 0xEF, 0x5D, 0xFF, 0xEF, 0x5D,
    0xFF, 0xEF, 0x3C, 0xFF, 0xEF, 0x3C, 0xFF, 0xEF, 0x3C, 0xFF, 0xEF, 0x3C, 0xFF, 0xEF, 0x1C, 0xFF,
    0xEF, 0x5C, 0xFF, 0xE6, 0xDB, 0xFF, 0xCE, 0x39, 0xFF, 0x9C, 0x93, 0xFF, 0xA4, 0x92, 0xFF, 0xEE,
    0xFA, 0xFF, 0xFF, 0xFD, 0xFF, 0xFF, 0x7C, 0xFF, 0xFF, 0x9C, 0xFF, 0xFF, 0x9C, 0xFF, 0xFF, 0x9C,
    0xFF, 0xFF, 0x9C, 0xFF, 0xFF, 0x9C, 0xFF, 0xFF, 0x9C, 0xFF, 0xFF, 0x7B, 0xFF, 0xFF, 0x5B, 0xFF,
    0xFF, 0xDD, 0xFF, 0xE7, 0x19, 0xFF, 0xAD, 0x33, 0xFF, 0xCE, 0x37, 0xFF, 0xFF, 0xFF, 0xFF, 0xE6,
    0xB9, 0xFF, 0xCD, 0xD6, 0xFF, 0xCD, 0xB5, 0xFF, 0xCD, 0x95, 0xFF, 0xCD, 0x94, 0xFF, 0xCD, 0x74,
    0xFF, 0xCD, 0x33, 0xFF, 0xC5, 0x12, 0xFF, 0xBC, 0xD1, 0xFF, 0xB4, 0x4F, 0xFF, 0xAB, 0x8C, 0xFF,
    0xA3, 0x0B, 0xFF, 0xAB, 0x8D, 0xFF, 0xCD, 0x74, 0xFF, 0xFF, 0x7C, 0xFF, 0xFF, 0xFE, 0xFF, 0xFF,
    0xBD, 0xFF, 0xFF, 0x9D, 0xFF, 0xFF, 0xBD, 0xFF, 0xFF, 0xBD, 0xFF, 0xFF, 0xBD, 0xFF, 0xFF, 0xFE,
    0xFF, 0xEF, 0x5C, 0xFF, 0xBD, 0x96, 0xFF, 0xA4, 0x72, 0xFF, 0x9C, 0x30, 0xFF, 0xD6, 0x17, 0xFF,
    0xFF, 0xDD, 0xFF, 0xFF, 0x7C, 0xFF, 0xFF, 0xDD, 0xFF, 0xEF, 0x5C, 0xFF, 0xB5, 0x34, 0xFF, 0x94,
    0x31, 0xFF, 0xB5, 0x35, 0xFF, 0xCE, 0x18, 0xFF, 0xCE, 0x18, 0xFF, 0xC5, 0xD7, 0xFF, 0xC5, 0xD7,
    0xFF, 0xBD, 0xB6, 0xFF, 0xBD, 0x96, 0xFF, 0xCE, 0x18, 0xFF, 0xE6, 0xFB, 0xFF, 0xEF, 0x3C, 0xFF,
    0xAD, 0x13, 0xFF, 0xC5, 0xD5, 0xFF, 0xFF, 0xBC, 0xFF, 0xFF, 0x5B, 0xFF, 0xF7, 0x5A, 0xFF, 0xFF,
    0x9B, 0xFF, 0xFF, 0x7B, 0xFF, 0xCC, 0xF1, 0xFF, 0xA2, 0xE9, 0xFF, 0xB3, 0xED, 0xFF, 0xD5, 0xB5,
    0xFF, 0xEF, 0x1B, 0xFF, 0xFF, 0xFF, 0xFF, 0xFF, 0xFF, 0xFF, 0xFF, 0xFF, 0xFF, 0xFF, 0xFF, 0xFF,
    0xFF, 0xFF, 0xFF, 0xEF, 0x5C, 0xFF, 0xE7, 0x1B, 0xFF, 0xE7, 0x3C, 0xFF, 0xE7, 0x3C, 0xFF, 0xBD,
    0xF7, 0xFF, 0x4A, 0x69, 0xFF, 0x00, 0x00, 0xFF, 0x21, 0x03, 0xFF, 0xD6, 0x78, 0xFF, 0xFF, 0xFE,
    0xFF, 0xEF, 0x1A, 0xFF, 0xF7, 0x3A, 0xFF, 0xFF, 0x7B, 0xFF, 0xFF, 0x7B, 0xFF, 0xFF, 0x7C, 0xFF,
    0xF7, 0x7C, 0xFF, 0xFF, 0xBD, 0xFF, 0xFF, 0xBD, 0xFF, 0xFF, 0x9C, 0xFF, 0xFF, 0x9C, 0xFF, 0xFF,
    0xFF, 0xFF, 0xA4, 0xF3, 0xFF, 0x6B, 0x0C, 0xFF, 0xCE, 0x59, 0xFF, 0xFF, 0xFF, 0xFF, 0xEF, 0x1C,
    0xFF, 0xEF, 0x5D, 0xFF, 0xEF, 0x5D, 0xFF, 0xEF, 0x5D, 0xFF, 0xEF, 0x3D, 0xFF, 0xEF, 0x5D, 0xFF,
    0xEF, 0x3D, 0xFF, 0xEF, 0x3D, 0xFF, 0xEF, 0x3D, 0xFF, 0xF7, 0x5D, 0xFF, 0xF7, 0x7D, 0xFF, 0xC6,
    0x18, 0xFF, 0xB5, 0x96, 0xFF, 0xEF, 0x5D, 0xFF, 0xEF, 0x3C, 0xFF, 0xEF, 0x3C, 0xFF, 0xE6, 0xDB,
    0xFF, 0xB5, 0x56, 0xFF, 0xC5, 0xF8, 0xFF, 0xC5, 0xD8, 0xFF, 0x83, 0xB0, 0xFF, 0x94, 0x52, 0xFF,
    0xB5, 0x56, 0xFF, 0xC5, 0xD8, 0xFF, 0xE7, 0x1C, 0xFF, 0xEF, 0x5D, 0xFF, 0xEF, 0x1C, 0xFF, 0xEF,
    0x3C, 0xFF, 0xEF, 0x1C, 0xFF, 0xEF, 0x1C, 0xFF, 0xE6, 0xFC, 0xFF, 0xFF, 0xDF, 0xFF, 0xB5, 0x75,
    0xFF, 0x7B, 0xCF, 0xFF, 0xD6, 0x79, 0xFF, 0xFF, 0xFF, 0xFF, 0xD6, 0x9A, 0xFF, 0x83, 0xEE, 0xFF,
    0x84, 0x6D, 0xFF, 0x94, 0xEF, 0xFF, 0x8C, 0xCE, 0xFF, 0x74, 0x2B, 0xFF, 0xB5, 0xF5, 0xFF, 0xF7,
    0x9E, 0xFF, 0xEF, 0x5D, 0xFF, 0xEF, 0x1C, 0xFF, 0xEF, 0x3C, 0xFF, 0xEF, 0x3C, 0xFF, 0xEF, 0x3C,
    0xFF, 0xEF, 0x3C, 0xFF, 0xEF, 0x3C, 0xFF, 0xEF, 0x5D, 0xFF, 0xEF, 0x5D, 0xFF, 0xEF, 0x5D, 0xFF,
    0x21, 0x43, 0x3D, 0x10, 0xC2, 0x1E, 0x00, 0x00, 0x0E, 0x00, 0x00, 0x04, 0x00, 0x00, 0x02, 0xFF,
    0xFF, 0x02, 0x07, 0xE0, 0x01, 0x4A, 0x09, 0x31, 0xA4, 0xD4, 0xA7, 0xC5, 0xF8, 0xFA, 0x9C, 0xB3,
    0xFD, 0x4A, 0x09, 0xFF, 0x94, 0x51, 0xFF, 0xEF, 0x1C, 0xFF, 0xE7, 0x1C, 0xFF, 0xEF, 0x3C, 0xFF,
    0xEF, 0x3C, 0xFF, 0xF7, 0x5C, 0xFF, 0xE6, 0xDB, 0xFF, 0xBD, 0x97, 0xFF, 0x83, 0xF1, 0xFF, 0x8B,
    0xF1, 0xFF, 0xE6, 0xDB, 0xFF, 0xEF, 0x3C, 0xFF, 0xEF, 0x1C, 0xFF, 0xEF, 0x1C, 0xFF, 0xEF, 0x3C,
    0xFF, 0xEF, 0x3C, 0xFF, 0xDE, 0xDB, 0xFF, 0xE7, 0x1C, 0xFF, 0xEF, 0x5D, 0xFF, 0xEF, 0x3D, 0xFF,
    0xEF, 0x3C, 0xFF, 0xEF, 0x3C, 0xFF, 0xEF, 0x5D, 0xFF, 0xEF, 0x3C, 0xFF, 0xEF, 0x3C, 0xFF, 0xEF,
    0x3C, 0xFF, 0xEF, 0x3C, 0xFF, 0xEF, 0x1C, 0xFF, 0xEF, 0x3C, 0xFF, 0xEF, 0x1C, 0xFF, 0xCE, 0x59,
    0xFF, 0x9C, 0x92, 0xFF, 0x94, 0x31, 0xFF, 0xDE, 0x99, 0xFF, 0xFF, 0xFE, 0xFF, 0xFF, 0x9C, 0xFF,
    0xFF, 0x9D, 0xFF, 0xFF, 0xBD, 0xFF, 0xFF, 0x9C, 0xFF, 0xFF, 0x9C, 0xFF, 0xFF, 0x9C, 0xFF, 0xFF,
    0x9C, 0xFF, 0xFF, 0x7C, 0xFF, 0xFF, 0x7B, 0xFF, 0xFF, 0xFE, 0xFF, 0xCE, 0x37, 0xFF, 0x39, 0xA5,
    0xFF, 0x41, 0xE6, 0xFF, 0xBD, 0xB5, 0xFF, 0xEF, 0x1B, 0xFF, 0xF7, 0x3C, 0xFF, 0xFF, 0x9D, 0xFF,
    0xFF, 0xFF, 0xFF, 0xFF, 0xFF, 0xFF, 0xFF, 0xFF, 0xFF, 0xFF, 0xFF, 0xFF, 0xFF, 0xFF, 0xFF, 0xFF,
    0xDE, 0xFF, 0xF7, 0x7C, 0xFF, 0xE6, 0x99, 0xFF, 0xCD, 0x54, 0xFF, 0xAB, 0xCE, 0xFF, 0xA3, 0x2B,
    0xFF, 0xBC, 0x70, 0xFF, 0xEF, 0x1A, 0xFF, 0xFF, 0xFF, 0xFF, 0xFF, 0xDE, 0xFF, 0xFF, 0xBD, 0xFF,
    0xFF, 0xBD, 0xFF, 0xFF, 0x9C, 0xFF, 0xFF, 0x7C, 0xFF, 0xFF, 0xDD, 0xFF, 0xFF, 0x9C, 0xFF, 0xC5,
    0xD6, 0xFF, 0x9C, 0x50, 0xFF, 0x94, 0x0F, 0xFF, 0xEF, 0x1A, 0xFF, 0xFF, 0xBC, 0xFF, 0xFF, 0x5B,
    0xFF, 0xFF, 0xDD, 0xFF, 0xF7, 0xBD, 0xFF, 0xBD, 0x95, 0xFF, 0x94, 0x30, 0xFF, 0xAC, 0xF3, 0xFF,
    0xC5, 0xF7, 0xFF, 0xCE, 0x18, 0xFF, 0xC5, 0xF7, 0xFF, 0xC5, 0xB7, 0xFF, 0xBD, 0x96, 0xFF, 0xBD,
    0x76, 0xFF, 0xC5, 0xD7, 0xFF, 0xDE, 0xBB, 0xFF, 0xAD, 0x34, 0xFF, 0xB5, 0x95, 0xFF, 0xF7, 0x7B,
    0xFF, 0xFF, 0x7B, 0xFF, 0xF7, 0x5B, 0xFF, 0xFF, 0x7B, 0xFF, 0xD5, 0xB5, 0xFF, 0xA3, 0x6B, 0xFF,
    0xCD, 0x12, 0xFF, 0xF7, 0x5C, 0xFF, 0xFF, 0xFF, 0xFF, 0xFF, 0xFF, 0xFF, 0xFF, 0xBE, 0xFF, 0xDE,
    0xDA, 0xFF, 0xBD, 0xD6, 0xFF, 0x9C, 0xB2, 0xFF, 0x7B, 0xCE, 0xFF, 0x63, 0x0B, 0xFF, 0x5A, 0xCA,
    0xFF, 0x52, 0x89, 0xFF, 0x52, 0x89, 0xFF, 0x29, 0x43, 0xFF, 0x00, 0x00, 0xFF, 0x00, 0x00, 0xFF,
    0x18, 0xC2, 0xFF, 0x9C, 0xD2, 0xFF, 0xE7, 0x3C, 0xFF, 0xFF, 0xBD, 0xFF, 0xFF, 0xDD, 0xFF, 0xFF,
    0xBC, 0xFF, 0xFF, 0x9C, 0xFF, 0xFF, 0xDD, 0xFF, 0xFF, 0xFF, 0xFF, 0xFF, 0xFE, 0xFF, 0xFF, 0xBD,
    0xFF, 0xFF, 0xBD, 0xFF, 0xFF, 0xBD, 0xFF, 0xFF, 0xFF, 0xFF, 0x9C, 0x91, 0xFF, 0x6B, 0x0C, 0xFF,
    0xD6, 0x9A, 0xFF, 0xFF, 0xFF, 0xFF, 0xEF, 0x3C, 0xFF, 0xF7, 0x5D, 0xFF, 0xEF, 0x5D, 0xFF, 0xEF,
    0x5D, 0xFF, 0xEF, 0x5D, 0xFF, 0xEF, 0x3C, 0xFF, 0xEF, 0x3C, 0xFF, 0xEF, 0x3D, 0xFF, 0xEF, 0x1C,
    0xFF, 0xF7, 0x7D, 0xFF, 0xE7, 0x1C, 0xFF, 0xB5, 0x76, 0xFF, 0xC5, 0xF8, 0xFF, 0xF7, 0x7D, 0xFF,
    0xE6, 0xFC, 0xFF, 0xEF, 0x3C, 0xFF, 0xE6, 0xBB, 0xFF, 0xB5, 0x56, 0xFF, 0xCE, 0x39, 0xFF, 0xC5,
    0xD8, 0xFF, 0x83, 0xD0, 0xFF, 0x9C, 0x93, 0xFF, 0xB5, 0x76, 0xFF, 0xC5, 0xD7, 0xFF, 0xEF, 0x1C,
    0xFF, 0xEF, 0x5D, 0xFF, 0xEF, 0x1C, 0xFF, 0xEF, 0x3C, 0xFF, 0xEF, 0x1C, 0xFF, 0xEF, 0x1C, 0xFF,
    0xE6, 0xFC, 0xFF, 0xF7, 0x7D, 0xFF, 0xE7, 0x1C, 0xFF, 0x73, 0x8D, 0xFF, 0xB5, 0x75, 0xFF, 0xFF,
    0xFF, 0xFF, 0xB5, 0x55, 0xFF, 0x73, 0x8B, 0xFF, 0x95, 0x0F, 0xFF, 0x8C, 0xCE, 0xFF, 0x8C, 0xCE,
    0xFF, 0x7C, 0x2C, 0xFF, 0xD6, 0xB9, 0xFF, 0xF7, 0x9E, 0xFF, 0xEF, 0x5C, 0xFF, 0xEF, 0x3C, 0xFF,
    0xEF, 0x3C, 0xFF, 0xEF, 0x3C, 0xFF, 0xEF, 0x3C, 0xFF, 0xEF, 0x3C, 0xFF, 0xEF, 0x5D, 0xFF, 0xEF,
    0x5D, 0xFF, 0xEF, 0x5D, 0xFF, 0xEF, 0x5D, 0xFF, 0x00, 0x00, 0x24, 0x00, 0x00, 0x05, 0xFF, 0xFF,
    0x01, 0x7B, 0xEF, 0x02, 0xFF, 0xFF, 0x01, 0x7B, 0xEF, 0x02, 0x00, 0x00, 0x00, 0x00, 0x00, 0x1B,
    0x94, 0x92, 0x82, 0xCE, 0x39, 0xEE, 0x8C, 0x11, 0xFE, 0x41, 0xE8, 0xFF, 0xCE, 0x18, 0xFF, 0xD6,
    0x79, 0xFF, 0xE6, 0xDB, 0xFF, 0xEF, 0x1C, 0xFF, 0xEF, 0x3C, 0xFF, 0xF7, 0x5C, 0xFF, 0xD6, 0x7A,
    0xFF, 0xB5, 0x57, 0xFF, 0x8C, 0x12, 0xFF, 0x83, 0xF0, 0xFF, 0xE6, 0xDB, 0xFF, 0xF7, 0x5D, 0xFF,
    0xEF, 0x1C, 0xFF, 0xEF, 0x3C, 0xFF, 0xEF, 0x3D, 0xFF, 0xEF, 0x5D, 0xFF, 0xE6, 0xFB, 0xFF, 0xE7,
    0x1C, 0xFF, 0xEF, 0x5D, 0xFF, 0xEF, 0x3D, 0xFF, 0xEF, 0x3D, 0xFF, 0xEF, 0x3C, 0xFF, 0xEF, 0x3C,
    0xFF, 0xEF, 0x3C, 0xFF, 0xEF, 0x3C, 0xFF, 0xEF, 0x3C, 0xFF, 0xEF, 0x3C, 0xFF, 0xEF, 0x3C, 0xFF,
    0xEF, 0x1C, 0xFF, 0xEF, 0x5D, 0xFF, 0xDE, 0x9A, 0xFF, 0x9C, 0xB3, 0xFF, 0x94, 0x10, 0xFF, 0xD6,
    0x58, 0xFF, 0xFF, 0xFF, 0xFF, 0xFF, 0x9D, 0xFF, 0xFF, 0xBD, 0xFF, 0xFF, 0x9D, 0xFF, 0xFF, 0x9D,
    0xFF, 0xFF, 0x9D, 0xFF, 0xFF, 0x9C, 0xFF, 0xFF, 0x9C, 0xFF, 0xFF, 0x9C, 0xFF, 0xEF, 0x1A, 0xFF,
    0xFF, 0xDD, 0xFF, 0xDE, 0x99, 0xFF, 0x41, 0xE7, 0xFF, 0x00, 0x00, 0xFF, 0x29, 0x24, 0xFF, 0x9D,
    0x13, 0xFF, 0xE7, 0x1C, 0xFF, 0xE7, 0x3C, 0xFF, 0xDE, 0xFB, 0xFF, 0xD6, 0xB9, 0xFF, 0xD6, 0x99,
    0xFF, 0xDE, 0xDB, 0xFF, 0xEF, 0x7D, 0xFF, 0xFF, 0xFF, 0xFF, 0xFF, 0xFF, 0xFF, 0xFF, 0xFF, 0xFF,
    0xFF, 0xFF, 0xFF, 0xFF, 0xDE, 0xFF, 0xDE, 0x17, 0xFF, 0xB4, 0x2F, 0xFF, 0xC4, 0xD1, 0xFF, 0xF7,
    0x3B, 0xFF, 0xFF, 0xFE, 0xFF, 0xFF, 0xBD, 0xFF, 0xFF, 0x9C, 0xFF, 0xFF, 0x9C, 0xFF, 0xFF, 0x7C,
    0xFF, 0xFF, 0x5B, 0xFF, 0xFF, 0x9C, 0xFF, 0xFF, 0xDD, 0xFF, 0xD6, 0x78, 0xFF, 0x9C, 0x71, 0xFF,
    0xBD, 0x74, 0xFF, 0xF7, 0x7B, 0xFF, 0xFF, 0x9C, 0xFF, 0xF7, 0x5B, 0xFF, 0xFF, 0xDE, 0xFF, 0xFF,
    0xFE, 0xFF, 0xCE, 0x37, 0xFF, 0x9C, 0x71, 0xFF, 0x9C, 0x92, 0xFF, 0xBD, 0x75, 0xFF, 0xC5, 0xD7,
    0xFF, 0xC5, 0xD7, 0xFF, 0xC5, 0xB7, 0xFF, 0xBD, 0xB7, 0xFF, 0xB5, 0x56, 0xFF, 0xC5, 0xD7, 0xFF,
    0xB5, 0x35, 0xFF, 0xB5, 0x75, 0xFF, 0xEF, 0x1A, 0xFF, 0xFF, 0xBC, 0xFF, 0xFF, 0x7B, 0xFF, 0xEE,
    0xF9, 0xFF, 0xC5, 0x12, 0xFF, 0xDE, 0x36, 0xFF, 0xFF, 0xFF, 0xFF, 0xFF, 0xFF, 0xFF, 0xF7, 0x7D,
    0xFF, 0xC6, 0x17, 0xFF, 0x83, 0xEF, 0xFF, 0x52, 0x68, 0xFF, 0x31, 0x65, 0xFF, 0x31, 0x65, 0xFF,
    0x52, 0x48, 0xFF, 0x63, 0x0A, 0xFF, 0x42, 0x07, 0xFF, 0x00, 0x00, 0xFF, 0x08, 0x00, 0xFF, 0x08,
    0x40, 0xFF, 0x10, 0x81, 0xFF, 0x10, 0x61, 0xFF, 0x08, 0x20, 0xFF, 0x20, 0xE3, 0xFF, 0x5A, 0xCA,
    0xFF, 0x9C, 0xF3, 0xFF, 0xD6, 0xBA, 0xFF, 0xF7, 0x7C, 0xFF, 0xFF, 0xDD, 0xFF, 0xFF, 0xDD, 0xFF,
    0xDE, 0xB9, 0xFF, 0xBD, 0x94, 0xFF, 0xF7, 0x7C, 0xFF, 0xFF, 0xDE, 0xFF, 0xFF, 0xDE, 0xFF, 0xFF,
    0xFF, 0xFF, 0x83, 0xEF, 0xFF, 0x6B, 0x0C, 0xFF, 0xDE, 0xDB, 0xFF, 0xFF, 0xFF, 0xFF, 0xEF, 0x3C,
    0xFF, 0xEF, 0x5D, 0xFF, 0xEF, 0x5D, 0xFF, 0xEF, 0x5D, 0xFF, 0xEF, 0x5D, 0xFF, 0xEF, 0x3C, 0xFF,
    0xEF, 0x3C, 0xFF, 0xEF, 0x3C, 0xFF, 0xE7, 0x1C, 0xFF, 0xFF, 0x9E, 0xFF, 0xD6, 0x59, 0xFF, 0xAD,
    0x35, 0xFF, 0xDE, 0x9A, 0xFF, 0xF7, 0x5D, 0xFF, 0xE6, 0xFC, 0xFF, 0xEF, 0x3C, 0xFF, 0xDE, 0xBB,
    0xFF, 0xB5, 0x56, 0xFF, 0xD6, 0x7A, 0xFF, 0xC5, 0xF8, 0xFF, 0x5A, 0x8B, 0xFF, 0x7B, 0xAF, 0xFF,
    0xBD, 0x97, 0xFF, 0xC5, 0xF8, 0xFF, 0xEF, 0x3C, 0xFF, 0xF7, 0x7D, 0xFF, 0xEF, 0x3C, 0xFF, 0xEF,
    0x3C, 0xFF, 0xEF, 0x1C, 0xFF, 0xEF, 0x1C, 0xFF, 0xE7, 0x1C, 0xFF, 0xE7, 0x1C, 0xFF, 0xFF, 0xFF,
    0xFF, 0x84, 0x0F, 0xFF, 0x8C, 0x71, 0xFF, 0xDE, 0xFB, 0xFF, 0x9C, 0xB1, 0xFF, 0x73, 0xCB, 0xFF,
    0x9D, 0x50, 0xFF, 0x8C, 0xCE, 0xFF, 0x84, 0xAD, 0xFF, 0x8C, 0x8E, 0xFF, 0xEF, 0x5D, 0xFF, 0xF7,
    0x7D, 0xFF, 0xEF, 0x3C, 0xFF, 0xEF, 0x3C, 0xFF, 0xEF, 0x3C, 0xFF, 0xEF, 0x3C, 0xFF, 0xEF, 0x3C,
    0xFF, 0xEF, 0x3C, 0xFF, 0xEF, 0x5D, 0xFF, 0xEF, 0x5D, 0xFF, 0xEF, 0x5D, 0xFF, 0xEF, 0x5D, 0xFF,
    0x00, 0x20, 0x22, 0x01, 0x80, 0x05, 0x00, 0x00, 0x01, 0x00, 0x00, 0x00, 0x00, 0x00, 0x00, 0x00,
    0x00, 0x01, 0x00, 0x00, 0x00, 0x00, 0x00, 0x08, 0x94, 0x92, 0x59, 0xC5, 0xD7, 0xD7, 0x73, 0x6E,
    0xFB, 0x62, 0xEC, 0xFF, 0xF7, 0x7D, 0xFF, 0xC5, 0xD7, 0xFF, 0xDE, 0xBA, 0xFF, 0xEF, 0x1C, 0xFF,
    0xEF, 0x3C, 0xFF, 0xF7, 0x5C, 0xFF, 0xCE, 0x19, 0xFF, 0xB5, 0x36, 0xFF, 0x94, 0x32, 0xFF, 0x83,
    0xD0, 0xFF, 0xDE, 0xDB, 0xFF, 0xF7, 0x7D, 0xFF, 0xEF, 0x3C, 0xFF, 0xEF, 0x3D, 0xFF, 0xEF, 0x3D,
    0xFF, 0xEF, 0x5D, 0xFF, 0xEF, 0x1C, 0xFF, 0xE7, 0x1C, 0xFF, 0xEF, 0x3C, 0xFF, 0xEF, 0x3C, 0xFF,
    0xEF, 0x3C, 0xFF, 0xEF, 0x3C, 0xFF, 0xEF, 0x3C, 0xFF, 0xEF, 0x3C, 0xFF, 0xEF, 0x3C, 0xFF, 0xEF,
    0x3C, 0xFF, 0xEF, 0x3C, 0xFF, 0xEF, 0x3C, 0xFF, 0xEF, 0x1C, 0xFF, 0xF7, 0x5D, 0xFF, 0xE6, 0xFC,
    0xFF, 0xAC, 0xF5, 0xFF, 0x8B, 0xF0, 0xFF, 0xD6, 0x37, 0xFF, 0xFF, 0xFF, 0xFF, 0xFF, 0x9D, 0xFF,
    0xFF, 0xBD, 0xFF, 0xFF, 0xBD, 0xFF, 0xFF, 0xBD, 0xFF, 0xFF, 0x9D, 0xFF, 0xF7, 0x9D, 0xFF, 0xFF,
    0x9D, 0xFF, 0xF7, 0x7B, 0xFF, 0xEF, 0x1A, 0xFF, 0xFF, 0xFE, 0xFF, 0xEF, 0x7C, 0xFF, 0x63, 0x2B,
    0xFF, 0x00, 0x00, 0xFF, 0x00, 0x00, 0xFF, 0x08, 0x41, 0xFF, 0x42, 0x07, 0xFF, 0x4A, 0x48, 0xFF,
    0x42, 0x27, 0xFF, 0x52, 0x88, 0xFF, 0x5A, 0xA9, 0xFF, 0x62, 0xCA, 0xFF, 0x7B, 0xAD, 0xFF, 0xA4,
    0xF2, 0xFF, 0xC6, 0x17, 0xFF, 0xE7, 0x1B, 0xFF, 0xFF, 0xBE, 0xFF, 0xFF, 0xFF, 0xFF, 0xFF, 0xFF,
    0xFF, 0xFF, 0xDF, 0xFF, 0xD5, 0xD5, 0xFF, 0xD5, 0xD5, 0xFF, 0xF7, 0x5B, 0xFF, 0xFF, 0xDD, 0xFF,
    0xFF, 0x9C, 0xFF, 0xFF, 0x9C, 0xFF, 0xFF, 0x7B, 0xFF, 0xFF, 0x7B, 0xFF, 0xFF, 0x5B, 0xFF, 0xFF,
    0x7B, 0xFF, 0xFF, 0xDD, 0xFF, 0xEF, 0x3B, 0xFF, 0xCD, 0xF6, 0xFF, 0xEF, 0x1A, 0xFF, 0xFF, 0xBC,
    0xFF, 0xFF, 0x9C, 0xFF, 0xF7, 0x7C, 0xFF, 0xFF, 0xBD, 0xFF, 0xFF, 0xFF, 0xFF, 0xE7, 0x1B, 0xFF,
    0xAC, 0xF3, 0xFF, 0x94, 0x71, 0xFF, 0xA4, 0xD3, 0xFF, 0xB5, 0x75, 0xFF, 0xBD, 0xB7, 0xFF, 0xC5,
    0xB7, 0xFF, 0xC5, 0xD7, 0xFF, 0xC5, 0xD7, 0xFF, 0xBD, 0x96, 0xFF, 0xAD, 0x34, 0xFF, 0xDE, 0x98,
    0xFF, 0xFF, 0xDD, 0xFF, 0xFF, 0x5B, 0xFF, 0xEE, 0xD9, 0xFF, 0xEE, 0xF9, 0xFF, 0xFF, 0xFF, 0xFF,
    0xFF, 0xDE, 0xFF, 0xD6, 0x99, 0xFF, 0x7B, 0xCE, 0xFF, 0x29, 0x24, 0xFF, 0x00, 0x00, 0xFF, 0x00,
    0x00, 0xFF, 0x29, 0x23, 0xFF, 0x6B, 0x4B, 0xFF, 0xA5, 0x12, 0xFF, 0xBD, 0xB4, 0xFF, 0x7B, 0xAC,
    0xFF, 0x21, 0x02, 0xFF, 0x29, 0x02, 0xFF, 0x20, 0xE2, 0xFF, 0x18, 0xA1, 0xFF, 0x29, 0x23, 0xFF,
    0x31, 0x43, 0xFF, 0x18, 0xA1, 0xFF, 0x00, 0x00, 0xFF, 0x00, 0x20, 0xFF, 0x39, 0xA6, 0xFF, 0x73,
    0xAD, 0xFF, 0x9C, 0xF2, 0xFF, 0x94, 0x90, 0xFF, 0x52, 0x47, 0xFF, 0x62, 0xC9, 0xFF, 0xEF, 0x5D,
    0xFF, 0xFF, 0xFF, 0xFF, 0xFF, 0xFF, 0xFF, 0xF7, 0xBE, 0xFF, 0x73, 0x6D, 0xFF, 0x8C, 0x10, 0xFF,
    0xFF, 0xBE, 0xFF, 0xF7, 0x9E, 0xFF, 0xEF, 0x3D, 0xFF, 0xEF, 0x5D, 0xFF, 0xEF, 0x5D, 0xFF, 0xEF,
    0x5D, 0xFF, 0xEF, 0x5D, 0xFF, 0xEF, 0x3C, 0xFF, 0xEF, 0x3C, 0xFF, 0xEF, 0x3C, 0xFF, 0xEF, 0x3C,
    0xFF, 0xF7, 0x5D, 0xFF, 0xBD, 0x96, 0xFF, 0xB5, 0x55, 0xFF, 0xEF, 0x3D, 0xFF, 0xEF, 0x1C, 0xFF,
    0xE7, 0x1C, 0xFF, 0xEF, 0x3C, 0xFF, 0xDE, 0xBB, 0xFF, 0xB5, 0x76, 0xFF, 0xD6, 0x9B, 0xFF, 0xCE,
    0x59, 0xFF, 0x41, 0xE8, 0xFF, 0x4A, 0x08, 0xFF, 0xAD, 0x15, 0xFF, 0xD6, 0x7A, 0xFF, 0xEF, 0x1C,
    0xFF, 0xF7, 0x9E, 0xFF, 0xEF, 0x3D, 0xFF, 0xEF, 0x3C, 0xFF, 0xEF, 0x1C, 0xFF, 0xEF, 0x1C, 0xFF,
    0xEF, 0x3C, 0xFF, 0xE6, 0xFB, 0xFF, 0xFF, 0xFF, 0xFF, 0xB5, 0xB5, 0xFF, 0x7B, 0xAE, 0xFF, 0x94,
    0xB2, 0xFF, 0x94, 0xD0, 0xFF, 0x84, 0x6D, 0xFF, 0x95, 0x30, 0xFF, 0x8C, 0xEE, 0xFF, 0x74, 0x4C,
    0xFF, 0xA5, 0x73, 0xFF, 0xFF, 0xBE, 0xFF, 0xF7, 0x7D, 0xFF, 0xEF, 0x3C, 0xFF, 0xEF, 0x3C, 0xFF,
    0xEF, 0x3C, 0xFF, 0xEF, 0x3C, 0xFF, 0xEF, 0x3C, 0xFF, 0xEF, 0x3C, 0xFF, 0xEF, 0x5D, 0xFF, 0xEF,
    0x5D, 0xFF, 0xF7, 0x5D, 0xFF, 0xEF, 0x5D, 0xFF, 0x00, 0x00, 0x21, 0x00, 0x00, 0x04, 0x00, 0x00,
    0x00, 0x00, 0x00, 0x00, 0x00, 0x00, 0x00, 0x00, 0x00, 0x01, 0x00, 0x00, 0x00, 0x00, 0x00, 0x00,
    0x94, 0x72, 0x3A, 0x9C, 0x93, 0xA9, 0x62, 0xCB, 0xD7, 0xA4, 0xF4, 0xFD, 0xF7, 0x7D, 0xFF, 0xBD,
    0x96, 0xFF, 0xDE, 0x9A, 0xFF, 0xEF, 0x1C, 0xFF, 0xEF, 0x3C, 0xFF, 0xEF, 0x3C, 0xFF, 0xC5, 0xD8,
    0xFF, 0xB5, 0x36, 0xFF, 0x94, 0x53, 0xFF, 0x7B, 0xAF, 0xFF, 0xDE, 0xBA, 0xFF, 0xF7, 0x9E, 0xFF,
    0xEF, 0x3C, 0xFF, 0xEF, 0x5D, 0xFF, 0xEF, 0x5D, 0xFF, 0xEF, 0x5D, 0xFF, 0xEF, 0x3C, 0xFF, 0xE6,
    0xDB, 0xFF, 0xE6, 0xFC, 0xFF, 0xEF, 0x3C, 0xFF, 0xEF, 0x3C, 0xFF, 0xEF, 0x3C, 0xFF, 0xEF, 0x3C,
    0xFF, 0xEF, 0x3C, 0xFF, 0xEF, 0x3C, 0xFF, 0xEF, 0x3C, 0xFF, 0xEF, 0x3C, 0xFF, 0xEF, 0x3C, 0xFF,
    0xEF, 0x1C, 0xFF, 0xEF, 0x5D, 0xFF, 0xF7, 0x5D, 0xFF, 0xB5, 0x56, 0xFF, 0x83, 0xAF, 0xFF, 0xC5,
    0xD6, 0xFF, 0xFF, 0xFF, 0xFF, 0xF7, 0x9D, 0xFF, 0xFF, 0xBD, 0xFF, 0xFF, 0xDD, 0xFF, 0xFF, 0xFF,
    0xFF, 0xFF, 0xDE, 0xFF, 0xFF, 0xBE, 0xFF, 0xFF, 0xBE, 0xFF, 0xFF, 0xBD, 0xFF, 0xFF, 0xBD, 0xFF,
    0xDE, 0xDA, 0xFF, 0x8C, 0x71, 0xFF, 0x29, 0x65, 0xFF, 0x00, 0x00, 0xFF, 0x08, 0x41, 0xFF, 0x00,
    0x20, 0xFF, 0x00, 0x00, 0xFF, 0x00, 0x00, 0xFF, 0x00, 0x20, 0xFF, 0x5A, 0xC9, 0xFF, 0x83, 0xED,
    0xFF, 0x5A, 0xC9, 0xFF, 0x20, 0xE3, 0xFF, 0x08, 0x00, 0xFF, 0x20, 0xC2, 0xFF, 0x52, 0x89, 0xFF,
    0x9C, 0xB2, 0xFF, 0xDE, 0x99, 0xFF, 0xF7, 0x9E, 0xFF, 0xFF, 0xFF, 0xFF, 0xFF, 0xFF, 0xFF, 0xE6,
    0xB9, 0xFF, 0xEE, 0xD9, 0xFF, 0xFF, 0x9C, 0xFF, 0xFF, 0x9C, 0xFF, 0xFF, 0x7B, 0xFF, 0xFF, 0x7B,
    0xFF, 0xFF, 0x7B, 0xFF, 0xFF, 0x7B, 0xFF, 0xFF, 0x7B, 0xFF, 0xF7, 0x5B, 0xFF, 0xFF, 0x9C, 0xFF,
    0xFF, 0x9C, 0xFF, 0xFF, 0x7B, 0xFF, 0xFF, 0x9C, 0xFF, 0xFF, 0x9C, 0xFF, 0xFF, 0xBD, 0xFF, 0xFF,
    0x9D, 0xFF, 0xFF, 0x9D, 0xFF, 0xFF, 0xFE, 0xFF, 0xFF, 0xDE, 0xFF, 0xCE, 0x58, 0xFF, 0xA4, 0xD2,
    0xFF, 0x9C, 0x71, 0xFF, 0xA4, 0xD3, 0xFF, 0xB5, 0x35, 0xFF, 0xBD, 0x96, 0xFF, 0xC5, 0xD7, 0xFF,
    0xC5, 0xF8, 0xFF, 0xAD, 0x34, 0xFF, 0xC5, 0xF6, 0xFF, 0xFF, 0xBD, 0xFF, 0xFF, 0x9C, 0xFF, 0xFF,
    0x7B, 0xFF, 0xFF, 0xFE, 0xFF, 0xF7, 0xBD, 0xFF, 0xAD, 0x33, 0xFF, 0x39, 0x85, 0xFF, 0x00, 0x00,
    0xFF, 0x08, 0x20, 0xFF, 0x18, 0xA2, 0xFF, 0x18, 0x81, 0xFF, 0x29, 0x23, 0xFF, 0x39, 0xA5, 0xFF,
    0x31, 0x64, 0xFF, 0x20, 0xE2, 0xFF, 0x18, 0xA1, 0xFF, 0x18, 0xC1, 0xFF, 0x18, 0xC2, 0xFF, 0x18,
    0xA1, 0xFF, 0x18, 0x81, 0xFF, 0x31, 0x43, 0xFF, 0x39, 0x84, 0xFF, 0x31, 0x43, 0xFF, 0x18, 0xC2,
    0xFF, 0x08, 0x20, 0xFF, 0x00, 0x00, 0xFF, 0x00, 0x00, 0xFF, 0x08, 0x00, 0xFF, 0x00, 0x00, 0xFF,
    0x29, 0x45, 0xFF, 0xCE, 0x58, 0xFF, 0xFF, 0xFF, 0xFF, 0xF7, 0x9E, 0xFF, 0xFF, 0xFF, 0xFF, 0xDE,
    0xDA, 0xFF, 0x6B, 0x2C, 0xFF, 0xAD, 0x35, 0xFF, 0xFF, 0xFF, 0xFF, 0xEF, 0x3C, 0xFF, 0xEF, 0x5D,
    0xFF, 0xEF, 0x5D, 0xFF, 0xEF, 0x5D, 0xFF, 0xEF, 0x5D, 0xFF, 0xEF, 0x5D, 0xFF, 0xEF, 0x3C, 0xFF,
    0xEF, 0x3C, 0xFF, 0xEF, 0x1C, 0xFF, 0xF7, 0x9E, 0xFF, 0xDE, 0xBB, 0xFF, 0xAD, 0x14, 0xFF, 0xC5,
    0xD7, 0xFF, 0xF7, 0x7D, 0xFF, 0xE6, 0xFB, 0xFF, 0xEF, 0x3C, 0xFF, 0xEF, 0x5D, 0xFF, 0xDE, 0x9A,
    0xFF, 0xB5, 0x76, 0xFF, 0xE6, 0xFC, 0xFF, 0xBD, 0xD8, 0xFF, 0x94, 0x0F, 0xFF, 0x7B, 0x0B, 0xFF,
    0x8B, 0xEF, 0xFF, 0xC6, 0x18, 0xFF, 0xEF, 0x5D, 0xFF, 0xF7, 0x9E, 0xFF, 0xEF, 0x3D, 0xFF, 0xEF,
    0x3D, 0xFF, 0xEF, 0x3C, 0xFF, 0xEF, 0x3C, 0xFF, 0xEF, 0x3C, 0xFF, 0xEF, 0x1C, 0xFF, 0xFF, 0xBE,
    0xFF, 0xEF, 0x5D, 0xFF, 0x7B, 0x8E, 0xFF, 0x52, 0x89, 0xFF, 0x8C, 0xAF, 0xFF, 0x8C, 0xEF, 0xFF,
    0x8C, 0xEF, 0xFF, 0x84, 0xCE, 0xFF, 0x74, 0x0B, 0xFF, 0xCE, 0x78, 0xFF, 0xFF, 0xBE, 0xFF, 0xF7,
    0x5D, 0xFF, 0xEF, 0x5D, 0xFF, 0xEF, 0x5D, 0xFF, 0xEF, 0x3C, 0xFF, 0xEF, 0x3C, 0xFF, 0xEF, 0x3C,
    0xFF, 0xEF, 0x3C, 0xFF, 0xEF, 0x5D, 0xFF, 0xEF, 0x5D, 0xFF, 0xF7, 0x5D, 0xFF, 0xEF, 0x5D, 0xFF,
    0x00, 0x00, 0x21, 0x00, 0x00, 0x04, 0x00, 0x00, 0x00, 0x00, 0x00, 0x00, 0x00, 0x00, 0x00, 0x00,
    0x00, 0x00, 0x00, 0x00, 0x00, 0x00, 0x00, 0x00, 0x5A, 0x69, 0x17, 0x41, 0xA7, 0x47, 0x6B, 0x4D,
    0x82, 0xE7, 0x1B, 0xEC, 0xE6, 0xFB, 0xFF, 0xB5, 0x75, 0xFF, 0xDE, 0xBB, 0xFF, 0xEF, 0x1C, 0xFF,
    0xEF, 0x5D, 0xFF, 0xEF, 0x1C, 0xFF, 0xBD, 0x97, 0xFF, 0xB5, 0x57, 0xFF, 0x9C, 0x93, 0xFF, 0x7B,
    0x8F, 0xFF, 0xD6, 0x79, 0xFF, 0xFF, 0xBE, 0xFF, 0xEF, 0x5D, 0xFF, 0xEF, 0x5D, 0xFF, 0xEF, 0x5D,
    0xFF, 0xEF, 0x3C, 0xFF, 0xEF, 0x3C, 0xFF, 0xDE, 0xBB, 0xFF, 0xDE, 0xBA, 0xFF, 0xEF, 0x1C, 0xFF,
    0xEF, 0x1C, 0xFF, 0xEF, 0x1C, 0xFF, 0xEF, 0x3C, 0xFF, 0xEF, 0x3C, 0xFF, 0xEF, 0x3C, 0xFF, 0xEF,
    0x3C, 0xFF, 0xEF, 0x3C, 0xFF, 0xEF, 0x3C, 0xFF, 0xEF, 0x3C, 0xFF, 0xEF, 0x3C, 0xFF, 0xFF, 0xDE,
    0xFF, 0xC5, 0xF8, 0xFF, 0x6B, 0x0C, 0xFF, 0xA4, 0xD2, 0xFF, 0xFF, 0xFF, 0xFF, 0xF7, 0xBE, 0xFF,
    0xFF, 0xBE, 0xFF, 0xD6, 0x98, 0xFF, 0xD6, 0x58, 0xFF, 0xF7, 0xBE, 0xFF, 0xFF, 0xFF, 0xFF, 0xFF,
    0xFF, 0xFF, 0xEF, 0x3C, 0xFF, 0x9C, 0xB1, 0xFF, 0x31, 0xA6, 0xFF, 0x08, 0x20, 0xFF, 0x10, 0x40,
    0xFF, 0x18, 0x61, 0xFF, 0x08, 0x00, 0xFF, 0x10, 0x61, 0xFF, 0x18, 0xA2, 0xFF, 0x18, 0xA2, 0xFF,
    0x18, 0xC2, 0xFF, 0x4A, 0x48, 0xFF, 0x73, 0x8C, 0xFF, 0x83, 0xEE, 0xFF, 0x52, 0x88, 0xFF, 0x18,
    0xA1, 0xFF, 0x08, 0x20, 0xFF, 0x08, 0x20, 0xFF, 0x10, 0x40, 0xFF, 0x31, 0x65, 0xFF, 0x7B, 0xAE,
    0xFF, 0xDE, 0x9A, 0xFF, 0xFF, 0xDF, 0xFF, 0xFF, 0xFF, 0xFF, 0xFF, 0x9C, 0xFF, 0xFF, 0x7B, 0xFF,
    0xFF, 0x7B, 0xFF, 0xFF, 0x7B, 0xFF, 0xFF, 0x7B, 0xFF, 0xFF, 0x7B, 0xFF, 0xFF, 0x7B, 0xFF, 0xFF,
    0x7B, 0xFF, 0xFF, 0x7B, 0xFF, 0xFF, 0x7B, 0xFF, 0xFF, 0x7B, 0xFF, 0xFF, 0x9C, 0xFF, 0xFF, 0x9C,
    0xFF, 0xFF, 0x9C, 0xFF, 0xFF, 0x9C, 0xFF, 0xFF, 0xBD, 0xFF, 0xFF, 0xBD, 0xFF, 0xFF, 0x9D, 0xFF,
    0xFF, 0xBD, 0xFF, 0xFF, 0xFE, 0xFF, 0xF7, 0xBD, 0xFF, 0xD6, 0x78, 0xFF, 0xAD, 0x13, 0xFF, 0x9C,
    0x92, 0xFF, 0xA4, 0xB2, 0xFF, 0xAD, 0x14, 0xFF, 0xBD, 0xB6, 0xFF, 0xB5, 0x35, 0xFF, 0xB5, 0x54,
    0xFF, 0xE6, 0xFA, 0xFF, 0xFF, 0xFE, 0xFF, 0xFF, 0xDD, 0xFF, 0xF7, 0x9D, 0xFF, 0x94, 0x2F, 0xFF,
    0x20, 0x41, 0xFF, 0x18, 0x20, 0xFF, 0x28, 0xA2, 0xFF, 0x20, 0xA2, 0xFF, 0x18, 0x61, 0xFF, 0x10,
    0x40, 0xFF, 0x08, 0x20, 0xFF, 0x08, 0x00, 0xFF, 0x08, 0x20, 0xFF, 0x10, 0x40, 0xFF, 0x10, 0x60,
    0xFF, 0x10, 0x60, 0xFF, 0x10, 0x60, 0xFF, 0x10, 0x61, 0xFF, 0x10, 0x60, 0xFF, 0x10, 0x40, 0xFF,
    0x08, 0x20, 0xFF, 0x00, 0x20, 0xFF, 0x00, 0x20, 0xFF, 0x08, 0x40, 0xFF, 0x18, 0x81, 0xFF, 0x20,
    0xC2, 0xFF, 0x20, 0xA1, 0xFF, 0x18, 0x40, 0xFF, 0x5A, 0xAA, 0xFF, 0xFF, 0xDE, 0xFF, 0xFF, 0xFF,
    0xFF, 0xF7, 0x9D, 0xFF, 0xFF, 0xFF, 0xFF, 0xBD, 0xB6, 0xFF, 0x73, 0x4D, 0xFF, 0xCE, 0x38, 0xFF,
    0xFF, 0xFF, 0xFF, 0xEF, 0x1C, 0xFF, 0xF7, 0x7D, 0xFF, 0xEF, 0x5D, 0xFF, 0xEF, 0x5D, 0xFF, 0xEF,
    0x5D, 0xFF, 0xEF, 0x3C, 0xFF, 0xEF, 0x5D, 0xFF, 0xEF, 0x3C, 0xFF, 0xEF, 0x3C, 0xFF, 0xFF, 0xBE,
    0xFF, 0xBD, 0xB7, 0xFF, 0xA5, 0x14, 0xFF, 0xE6, 0xDB, 0xFF, 0xF7, 0x5D, 0xFF, 0xE6, 0xFB, 0xFF,
    0xEF, 0x3C, 0xFF, 0xF7, 0x5D, 0xFF, 0xD6, 0x7A, 0xFF, 0xBD, 0x96, 0xFF, 0xEF, 0x5D, 0xFF, 0xAD,
    0x55, 0xFF, 0xA4, 0x91, 0xFF, 0xC5, 0x74, 0xFF, 0x8B, 0xAE, 0xFF, 0x9C, 0x92, 0xFF, 0xF7, 0x9E,
    0xFF, 0xF7, 0x7D, 0xFF, 0xEF, 0x5D, 0xFF, 0xEF, 0x5D, 0xFF, 0xEF, 0x3C, 0xFF, 0xEF, 0x3C, 0xFF,
    0xEF, 0x5D, 0xFF, 0xEF, 0x3D, 0xFF, 0xEF, 0x5D, 0xFF, 0xFF, 0xFF, 0xFF, 0x8C, 0x10, 0xFF, 0x39,
    0xA5, 0xFF, 0x84, 0x6D, 0xFF, 0x9D, 0x30, 0xFF, 0x8C, 0xCE, 0xFF, 0x7C, 0x6C, 0xFF, 0x7C, 0x2D,
    0xFF, 0xEF, 0x7D, 0xFF, 0xF7, 0x7D, 0xFF, 0xEF, 0x5D, 0xFF, 0xEF, 0x5D, 0xFF, 0xEF, 0x5D, 0xFF,
    0xEF, 0x3C, 0xFF, 0xEF, 0x3C, 0xFF, 0xEF, 0x3C, 0xFF, 0xEF, 0x3C, 0xFF, 0xEF, 0x5D, 0xFF, 0xEF,
    0x5D, 0xFF, 0xF7, 0x5D, 0xFF, 0xEF, 0x5D, 0xFF, 0x00, 0x00, 0x21, 0x00, 0x00, 0x04, 0x00, 0x00,
    0x00, 0x00, 0x00, 0x00, 0x00, 0x00, 0x00, 0x00, 0x00, 0x00, 0x00, 0x00, 0x01, 0x00, 0x00, 0x00,
    0x00, 0x00, 0x01, 0x08, 0x21, 0x27, 0x9C, 0xB3, 0x8E, 0xFF, 0xDF, 0xF2, 0xD6, 0x59, 0xFF, 0xB5,
    0x76, 0xFF, 0xE6, 0xDB, 0xFF, 0xEF, 0x3C, 0xFF, 0xF7, 0x7D, 0xFF, 0xE6, 0xDB, 0xFF, 0xB5, 0x76,
    0xFF, 0xB5, 0x77, 0xFF, 0xA4, 0xD4, 0xFF, 0x7B, 0x8F, 0xFF, 0xCE, 0x38, 0xFF, 0xFF, 0xFF, 0xFF,
    0xEF, 0x3D, 0xFF, 0xEF, 0x3C, 0xFF, 0xEF, 0x3D, 0xFF, 0xEF, 0x3C, 0xFF, 0xEF, 0x3C, 0xFF, 0xE6,
    0xDB, 0xFF, 0xD6, 0x79, 0xFF, 0xE6, 0xFB, 0xFF, 0xEF, 0x3C, 0xFF, 0xEF, 0x1C, 0xFF, 0xEF, 0x1C,
    0xFF, 0xEF, 0x3C, 0xFF, 0xEF, 0x3C, 0xFF, 0xEF, 0x3C, 0xFF, 0xEF, 0x3C, 0xFF, 0xEF, 0x3C, 0xFF,
    0xEF, 0x3C, 0xFF, 0xEF, 0x3C, 0xFF, 0xFF, 0xDF, 0xFF, 0xE6, 0xFB, 0xFF, 0x6B, 0x0C, 0xFF, 0x73,
    0x6D, 0xFF, 0xFF, 0xBE, 0xFF, 0xFF, 0xDF, 0xFF, 0xFF, 0xFF, 0xFF, 0xBD, 0x95, 0xFF, 0x39, 0x64,
    0xFF, 0x6B, 0x2B, 0xFF, 0xA5, 0x13, 0xFF, 0xA5, 0x13, 0xFF, 0x52, 0x48, 0xFF, 0x10, 0x20, 0xFF,
    0x20, 0xA1, 0xFF, 0x49, 0xA5, 0xFF, 0x59, 0xE5, 0xFF, 0x39, 0x43, 0xFF, 0x18, 0x81, 0xFF, 0x08,
    0x60, 0xFF, 0x10, 0x60, 0xFF, 0x10, 0x81, 0xFF, 0x10, 0x81, 0xFF, 0x08, 0x40, 0xFF, 0x08, 0x40,
    0xFF, 0x10, 0x60, 0xFF, 0x10, 0x81, 0xFF, 0x18, 0xA1, 0xFF, 0x20, 0xC2, 0xFF, 0x28, 0xC2, 0xFF,
    0x28, 0xC2, 0xFF, 0x28, 0xA1, 0xFF, 0x18, 0x40, 0xFF, 0x39, 0x44, 0xFF, 0xAD, 0x13, 0xFF, 0xFF,
    0xDF, 0xFF, 0xFF, 0xFE, 0xFF, 0xFF, 0x7B, 0xFF, 0xFF, 0x7B, 0xFF, 0xFF, 0x7B, 0xFF, 0xFF, 0x7B,
    0xFF, 0xFF, 0x9B, 0xFF, 0xFF, 0x9C, 0xFF, 0xFF, 0x9C, 0xFF, 0xFF, 0x7C, 0xFF, 0xFF, 0x7B, 0xFF,
    0xFF, 0x9C, 0xFF, 0xFF, 0x9C, 0xFF, 0xFF, 0x9C, 0xFF, 0xFF, 0x9C, 0xFF, 0xFF, 0x9C, 0xFF, 0xFF,
    0x9C, 0xFF, 0xFF, 0x9C, 0xFF, 0xFF, 0xBD, 0xFF, 0xFF, 0x9D, 0xFF, 0xFF, 0x9C, 0xFF, 0xFF, 0xBD,
    0xFF, 0xFF, 0xFD, 0xFF, 0xFF, 0xBD, 0xFF, 0xEF, 0x1B, 0xFF, 0xCE, 0x37, 0xFF, 0xB5, 0x75, 0xFF,
    0xB5, 0x34, 0xFF, 0xAD, 0x34, 0xFF, 0x9C, 0xB2, 0xFF, 0xBD, 0x95, 0xFF, 0xFF, 0xDE, 0xFF, 0xEF,
    0x3B, 0xFF, 0x8B, 0xCE, 0xFF, 0x28, 0x61, 0xFF, 0x30, 0x81, 0xFF, 0x38, 0xE2, 0xFF, 0x28, 0xA2,
    0xFF, 0x18, 0x60, 0xFF, 0x08, 0x00, 0xFF, 0x00, 0x00, 0xFF, 0x08, 0x00, 0xFF, 0x10, 0x61, 0xFF,
    0x18, 0xA2, 0xFF, 0x21, 0x03, 0xFF, 0x21, 0x03, 0xFF, 0x20, 0xE3, 0xFF, 0x18, 0xA2, 0xFF, 0x08,
    0x40, 0xFF, 0x00, 0x00, 0xFF, 0x00, 0x00, 0xFF, 0x00, 0x00, 0xFF, 0x00, 0x20, 0xFF, 0x08, 0x41,
    0xFF, 0x10, 0x61, 0xFF, 0x10, 0x40, 0xFF, 0x18, 0x81, 0xFF, 0x28, 0xC2, 0xFF, 0x28, 0xA1, 0xFF,
    0x20, 0x61, 0xFF, 0x7B, 0x8D, 0xFF, 0xF7, 0x7D, 0xFF, 0xFF, 0xFF, 0xFF, 0xFF, 0xFF, 0xFF, 0x9C,
    0x91, 0xFF, 0x83, 0xCF, 0xFF, 0xE7, 0x1C, 0xFF, 0xFF, 0xDF, 0xFF, 0xEF, 0x1C, 0xFF, 0xEF, 0x5D,
    0xFF, 0xEF, 0x5D, 0xFF, 0xEF, 0x5D, 0xFF, 0xEF, 0x3C, 0xFF, 0xEF, 0x3C, 0xFF, 0xEF, 0x3C, 0xFF,
    0xEF, 0x1C, 0xFF, 0xF7, 0x9E, 0xFF, 0xE6, 0xFC, 0xFF, 0xA4, 0xD4, 0xFF, 0xBD, 0x97, 0xFF, 0xF7,
    0x7D, 0xFF, 0xEF, 0x1C, 0xFF, 0xEF, 0x1C, 0xFF, 0xEF, 0x5D, 0xFF, 0xF7, 0x7D, 0xFF, 0xCE, 0x59,
    0xFF, 0xC5, 0xF8, 0xFF, 0xF7, 0x9E, 0xFF, 0xAD, 0x35, 0xFF, 0x8C, 0x0F, 0xFF, 0xEE, 0xFA, 0xFF,
    0xAC, 0xB2, 0xFF, 0x83, 0x8E, 0xFF, 0xF7, 0x7D, 0xFF, 0xFF, 0x9E, 0xFF, 0xEF, 0x3D, 0xFF, 0xEF,
    0x5D, 0xFF, 0xEF, 0x5D, 0xFF, 0xEF, 0x3C, 0xFF, 0xEF, 0x5D, 0xFF, 0xEF, 0x5D, 0xFF, 0xEF, 0x3C,
    0xFF, 0xFF, 0xFF, 0xFF, 0xB5, 0x75, 0xFF, 0x42, 0x27, 0xFF, 0x6B, 0xCB, 0xFF, 0xA5, 0x91, 0xFF,
    0x84, 0x8D, 0xFF, 0x74, 0x0B, 0xFF, 0xA5, 0x32, 0xFF, 0xFF, 0xDF, 0xFF, 0xEF, 0x5D, 0xFF, 0xEF,
    0x5C, 0xFF, 0xEF, 0x5D, 0xFF, 0xEF, 0x3C, 0xFF, 0xEF, 0x3C, 0xFF, 0xEF, 0x3C, 0xFF, 0xEF, 0x3C,
    0xFF, 0xEF, 0x5C, 0xFF, 0xEF, 0x5D, 0xFF, 0xEF, 0x5D, 0xFF, 0xF7, 0x7D, 0xFF, 0xF7, 0x5D, 0xFF,
    0x00, 0x00, 0x21, 0x00, 0x00, 0x04, 0x00, 0x00, 0x00, 0x00, 0x00, 0x00, 0x00, 0x00, 0x00, 0x00,
    0x00, 0x00, 0x00, 0x00, 0x01, 0x00, 0x00, 0x00, 0x00, 0x00, 0x00, 0x5A, 0xCB, 0x3B, 0xCE, 0x59,
    0xC2, 0xFF, 0xBF, 0xF8, 0xCE, 0x39, 0xFF, 0xB5, 0x96, 0xFF, 0xE6, 0xFB, 0xFF, 0xF7, 0x5D, 0xFF,
    0xFF, 0x9E, 0xFF, 0xDE, 0xBA, 0xFF, 0xB5, 0x56, 0xFF, 0xBD, 0x97, 0xFF, 0xAD, 0x36, 0xFF, 0x8B,
    0xF0, 0xFF, 0xC5, 0xD7, 0xFF, 0xFF, 0xFF, 0xFF, 0xEF, 0x3C, 0xFF, 0xEF, 0x5C, 0xFF, 0xEF, 0x3C,
    0xFF, 0xEF, 0x1C, 0xFF, 0xEF, 0x3C, 0xFF, 0xEF, 0x1C, 0xFF, 0xD6, 0x59, 0xFF, 0xDE, 0x9A, 0xFF,
    0xEF, 0x3C, 0xFF, 0xEE, 0xFC, 0xFF, 0xEF, 0x1C, 0xFF, 0xEF, 0x1C, 0xFF, 0xEF, 0x3C, 0xFF, 0xEF,
    0x3C, 0xFF, 0xEF, 0x3D, 0xFF, 0xEF, 0x3D, 0xFF, 0xEF, 0x5D, 0xFF, 0xEF, 0x5C, 0xFF, 0xF7, 0x9D,
    0xFF, 0xFF, 0xFF, 0xFF, 0x8C, 0x31, 0xFF, 0x52, 0x69, 0xFF, 0xE6, 0xDA, 0xFF, 0xFF, 0xFE, 0xFF,
    0xFF, 0xBD, 0xFF, 0xF7, 0x9C, 0xFF, 0x83, 0xEE, 0xFF, 0x10, 0x81, 0xFF, 0x10, 0x20, 0xFF, 0x18,
    0x61, 0xFF, 0x18, 0x61, 0xFF, 0x20, 0xA1, 0xFF, 0x28, 0xE2, 0xFF, 0x39, 0x23, 0xFF, 0x39, 0x02,
    0xFF, 0x28, 0xE2, 0xFF, 0x18, 0xA2, 0xFF, 0x10, 0x81, 0xFF, 0x08, 0x61, 0xFF, 0x08, 0x20, 0xFF,
    0x00, 0x00, 0xFF, 0x00, 0x00, 0xFF, 0x00, 0x00, 0xFF, 0x08, 0x20, 0xFF, 0x08, 0x40, 0xFF, 0x10,
    0x60, 0xFF, 0x18, 0x81, 0xFF, 0x20, 0xA1, 0xFF, 0x28, 0xC2, 0xFF, 0x39, 0x02, 0xFF, 0x41, 0x23,
    0xFF, 0x30, 0xA2, 0xFF, 0x28, 0x81, 0xFF, 0x8B, 0xCE, 0xFF, 0xEF, 0x1B, 0xFF, 0xFF, 0xBC, 0xFF,
    0xFF, 0x7B, 0xFF, 0xFF, 0x7B, 0xFF, 0xFF, 0x7B, 0xFF, 0xFF, 0x7C, 0xFF, 0xFF, 0x9C, 0xFF, 0xFF,
    0x9C, 0xFF, 0xFF, 0x9C, 0xFF, 0xFF, 0x9C, 0xFF, 0xFF, 0x9C, 0xFF, 0xFF, 0x9C, 0xFF, 0xFF, 0x9C,
    0xFF, 0xFF, 0x9C, 0xFF, 0xFF, 0x9C, 0xFF, 0xFF, 0x9C, 0xFF, 0xFF, 0x9C, 0xFF, 0xFF, 0x9C, 0xFF,
    0xFF, 0x9C, 0xFF, 0xFF, 0x9C, 0xFF, 0xFF, 0x9C, 0xFF, 0xFF, 0x9C, 0xFF, 0xFF, 0x9C, 0xFF, 0xFF,
    0xDD, 0xFF, 0xFF, 0xDD, 0xFF, 0xFF, 0xBD, 0xFF, 0xEF, 0x5C, 0xFF, 0xE6, 0xFA, 0xFF, 0xD6, 0x57,
    0xFF, 0xD6, 0x37, 0xFF, 0xEF, 0x1B, 0xFF, 0xDE, 0x37, 0xFF, 0x7A, 0xA9, 0xFF, 0x40, 0xA1, 0xFF,
    0x38, 0xA2, 0xFF, 0x28, 0x40, 0xFF, 0x18, 0x00, 0xFF, 0x18, 0x61, 0xFF, 0x39, 0xA6, 0xFF, 0x63,
    0x0B, 0xFF, 0x8C, 0x50, 0xFF, 0xAD, 0x34, 0xFF, 0xBD, 0xD7, 0xFF, 0xC6, 0x38, 0xFF, 0xC6, 0x38,
    0xFF, 0xC6, 0x18, 0xFF, 0xB5, 0xB6, 0xFF, 0xA5, 0x13, 0xFF, 0x7B, 0xEF, 0xFF, 0x52, 0xAA, 0xFF,
    0x29, 0x45, 0xFF, 0x08, 0x40, 0xFF, 0x00, 0x00, 0xFF, 0x00, 0x00, 0xFF, 0x10, 0x61, 0xFF, 0x20,
    0xA1, 0xFF, 0x20, 0xC2, 0xFF, 0x28, 0xC2, 0xFF, 0x28, 0xA1, 0xFF, 0x20, 0x40, 0xFF, 0x6A, 0x89,
    0xFF, 0xD6, 0x37, 0xFF, 0xF7, 0x7D, 0xFF, 0x83, 0xAE, 0xFF, 0xA4, 0xF3, 0xFF, 0xFF, 0xBF, 0xFF,
    0xF7, 0x7D, 0xFF, 0xEF, 0x3C, 0xFF, 0xEF, 0x3C, 0xFF, 0xEF, 0x3C, 0xFF, 0xEF, 0x3C, 0xFF, 0xEF,
    0x3C, 0xFF, 0xEF, 0x3C, 0xFF, 0xEF, 0x3C, 0xFF, 0xEF, 0x1C, 0xFF, 0xFF, 0x9E, 0xFF, 0xBD, 0xB7,
    0xFF, 0xA4, 0xD4, 0xFF, 0xDE, 0xBB, 0xFF, 0xF7, 0x7D, 0xFF, 0xE6, 0xFC, 0xFF, 0xEF, 0x3C, 0xFF,
    0xF7, 0x5D, 0xFF, 0xF7, 0x5D, 0xFF, 0xCE, 0x39, 0xFF, 0xCE, 0x79, 0xFF, 0xF7, 0xBF, 0xFF, 0xA5,
    0x14, 0xFF, 0x8B, 0xEF, 0xFF, 0xF7, 0x7D, 0xFF, 0xCE, 0x17, 0xFF, 0x7B, 0x6D, 0xFF, 0xCE, 0x59,
    0xFF, 0xFF, 0xFF, 0xFF, 0xE7, 0x1C, 0xFF, 0xEF, 0x5D, 0xFF, 0xEF, 0x3D, 0xFF, 0xEF, 0x5D, 0xFF,
    0xEF, 0x5D, 0xFF, 0xEF, 0x5D, 0xFF, 0xE7, 0x1C, 0xFF, 0xFF, 0xDE, 0xFF, 0xE6, 0xFB, 0xFF, 0x52,
    0x89, 0xFF, 0x42, 0x26, 0xFF, 0xB5, 0xF2, 0xFF, 0x84, 0x8D, 0xFF, 0x6B, 0xAB, 0xFF, 0xD6, 0x99,
    0xFF, 0xF7, 0x9E, 0xFF, 0xEF, 0x3C, 0xFF, 0xEF, 0x3C, 0xFF, 0xEF, 0x3C, 0xFF, 0xEF, 0x3C, 0xFF,
    0xEF, 0x3C, 0xFF, 0xEF, 0x3C, 0xFF, 0xEF, 0x3C, 0xFF, 0xEF, 0x5D, 0xFF, 0xEF, 0x5D, 0xFF, 0xEF,
    0x5D, 0xFF, 0xEF, 0x5D, 0xFF, 0xF7, 0x7D, 0xFF, 0x00, 0x00, 0x21, 0x00, 0x00, 0x04, 0x00, 0x00,
    0x00, 0x00, 0x00, 0x00, 0x00, 0x00, 0x00, 0x00, 0x00, 0x00, 0xFF, 0xFF, 0x01, 0x00, 0x00, 0x00,
    0x00, 0x00, 0x10, 0x8C, 0x31, 0x6C, 0xF7, 0x9E, 0xE9, 0xEF, 0x3D, 0xFE, 0xCE, 0x39, 0xFF, 0xBD,
    0x96, 0xFF, 0xE7, 0x1C, 0xFF, 0xF7, 0x7D, 0xFF, 0xFF, 0x9E, 0xFF, 0xD6, 0x7A, 0xFF, 0xAD, 0x36,
    0xFF, 0xC5, 0xD8, 0xFF, 0xAD, 0x36, 0xFF, 0x63, 0x0C, 0xFF, 0x9C, 0x92, 0xFF, 0xFF, 0xFF, 0xFF,
    0xE7, 0x1C, 0xFF, 0xE6, 0xFB, 0xFF, 0xEF, 0x3C, 0xFF, 0xEF, 0x1C, 0xFF, 0xE7, 0x1C, 0xFF, 0xEF,
    0x3D, 0xFF, 0xD6, 0x9A, 0xFF, 0xCE, 0x39, 0xFF, 0xE6, 0xFB, 0xFF, 0xEF, 0x3C, 0xFF, 0xE7, 0x1C,
    0xFF, 0xEF, 0x1C, 0xFF, 0xEF, 0x3C, 0xFF, 0xEF, 0x3C, 0xFF, 0xEF, 0x5D, 0xFF, 0xEF, 0x5D, 0xFF,
    0xEF, 0x5D, 0xFF, 0xEF, 0x7D, 0xFF, 0xEF, 0x5C, 0xFF, 0xFF, 0xFF, 0xFF, 0xBD, 0xB7, 0xFF, 0x52,
    0x69, 0xFF, 0xB5, 0x53, 0xFF, 0xFF, 0xFE, 0xFF, 0xF7, 0x7C, 0xFF, 0xFF, 0xDD, 0xFF, 0xF7, 0x7C,
    0xFF, 0x52, 0x27, 0xFF, 0x20, 0x60, 0xFF, 0x28, 0xA1, 0xFF, 0x28, 0xC2, 0xFF, 0x20, 0x81, 0xFF,
    0x18, 0x81, 0xFF, 0x20, 0xA1, 0xFF, 0x18, 0x81, 0xFF, 0x10, 0x41, 0xFF, 0x00, 0x00, 0xFF, 0x00,
    0x00, 0xFF, 0x00, 0x00, 0xFF, 0x00, 0x00, 0xFF, 0x10, 0x81, 0xFF, 0x18, 0xE3, 0xFF, 0x21, 0x24,
    0xFF, 0x29, 0x24, 0xFF, 0x21, 0x03, 0xFF, 0x20, 0xE3, 0xFF, 0x18, 0xA1, 0xFF, 0x08, 0x20, 0xFF,
    0x08, 0x00, 0xFF, 0x10, 0x20, 0xFF, 0x30, 0xA1, 0xFF, 0x49, 0x23, 0xFF, 0x40, 0xE3, 0xFF, 0x40,
    0xE2, 0xFF, 0xA4, 0x50, 0xFF, 0xF7, 0x5B, 0xFF, 0xFF, 0xBC, 0xFF, 0xFF, 0x5B, 0xFF, 0xFF, 0x7B,
    0xFF, 0xFF, 0x7C, 0xFF, 0xFF, 0x9C, 0xFF, 0xFF, 0x9C, 0xFF, 0xFF, 0x9C, 0xFF, 0xFF, 0x9C, 0xFF,
    0xFF, 0x9C, 0xFF, 0xFF, 0x9C, 0xFF, 0xFF, 0x9C, 0xFF, 0xFF, 0x9C, 0xFF, 0xFF, 0x9C, 0xFF, 0xFF,
    0x9C, 0xFF, 0xFF, 0x9C, 0xFF, 0xFF, 0x9C, 0xFF, 0xFF, 0x9C, 0xFF, 0xFF, 0x9C, 0xFF, 0xFF, 0x9C,
    0xFF, 0xFF, 0x9C, 0xFF, 0xFF, 0x9C, 0xFF, 0xFF, 0x9C, 0xFF, 0xFF, 0x9C, 0xFF, 0xFF, 0xBD, 0xFF,
    0xFF, 0xBD, 0xFF, 0xFF, 0xBD, 0xFF, 0xFF, 0xBD, 0xFF, 0xFF, 0x7C, 0xFF, 0xFF, 0xDE, 0xFF, 0xE6,
    0xDA, 0xFF, 0x62, 0x27, 0xFF, 0x18, 0x00, 0xFF, 0x30, 0x61, 0xFF, 0x51, 0xA5, 0xFF, 0x7B, 0x8D,
    0xFF, 0xBD, 0xB6, 0xFF, 0xDE, 0xFB, 0xFF, 0xEF, 0x7D, 0xFF, 0xFF, 0xDE, 0xFF, 0xFF, 0xDE, 0xFF,
    0xFF, 0xDE, 0xFF, 0xFF, 0xDE, 0xFF, 0xFF, 0xBE, 0xFF, 0xFF, 0xBD, 0xFF, 0xFF, 0xBD, 0xFF, 0xFF,
    0xDD, 0xFF, 0xF7, 0xBD, 0xFF, 0xEF, 0x3C, 0xFF, 0xD6, 0xBA, 0xFF, 0xAD, 0x75, 0xFF, 0x73, 0x8D,
    0xFF, 0x31, 0x65, 0xFF, 0x08, 0x00, 0xFF, 0x00, 0x00, 0xFF, 0x20, 0xA1, 0xFF, 0x30, 0xE2, 0xFF,
    0x30, 0xC2, 0xFF, 0x30, 0xA1, 0xFF, 0x30, 0xA1, 0xFF, 0x49, 0x44, 0xFF, 0x49, 0x64, 0xFF, 0x5A,
    0x49, 0xFF, 0xCE, 0x39, 0xFF, 0xFF, 0xDF, 0xFF, 0xEF, 0x1C, 0xFF, 0xEF, 0x3C, 0xFF, 0xEF, 0x1C,
    0xFF, 0xEF, 0x3C, 0xFF, 0xEF, 0x3C, 0xFF, 0xEF, 0x3C, 0xFF, 0xEF, 0x3C, 0xFF, 0xEF, 0x1C, 0xFF,
    0xF7, 0x7D, 0xFF, 0xDE, 0xDB, 0xFF, 0x9C, 0x93, 0xFF, 0xBD, 0x97, 0xFF, 0xF7, 0x5D, 0xFF, 0xEF,
    0x3C, 0xFF, 0xEF, 0x1C, 0xFF, 0xEF, 0x3C, 0xFF, 0xF7, 0x7D, 0xFF, 0xEF, 0x3D, 0xFF, 0xC6, 0x38,
    0xFF, 0xDE, 0xDB, 0xFF, 0xF7, 0xBF, 0xFF, 0x9C, 0xD3, 0xFF, 0x94, 0x50, 0xFF, 0xEF, 0x5C, 0xFF,
    0xF7, 0x9D, 0xFF, 0x94, 0x0F, 0xFF, 0x9C, 0xB2, 0xFF, 0xFF, 0xFF, 0xFF, 0xE7, 0x1C, 0xFF, 0xEF,
    0x3C, 0xFF, 0xEF, 0x3C, 0xFF, 0xEF, 0x3C, 0xFF, 0xEF, 0x3C, 0xFF, 0xEF, 0x5D, 0xFF, 0xEF, 0x3C,
    0xFF, 0xEF, 0x5D, 0xFF, 0xFF, 0xDE, 0xFF, 0x73, 0x8D, 0xFF, 0x08, 0x20, 0xFF, 0x6B, 0x8B, 0xFF,
    0x94, 0xAE, 0xFF, 0x8C, 0x6F, 0xFF, 0xF7, 0xBE, 0xFF, 0xEF, 0x5C, 0xFF, 0xEF, 0x3C, 0xFF, 0xEF,
    0x3C, 0xFF, 0xEF, 0x3C, 0xFF, 0xEF, 0x3C, 0xFF, 0xEF, 0x3C, 0xFF, 0xEF, 0x5C, 0xFF, 0xEF, 0x5D,
    0xFF, 0xEF, 0x5D, 0xFF, 0xEF, 0x5D, 0xFF, 0xEF, 0x5D, 0xFF, 0xEF, 0x5D, 0xFF, 0xF7, 0x7D, 0xFF,
    0x00, 0x00, 0x21, 0x00, 0x00, 0x04, 0x00, 0x00, 0x00, 0x00, 0x00, 0x00, 0x00, 0x00, 0x00, 0x00,
    0x00, 0x01, 0xFF, 0xFF, 0x01, 0x00, 0x00, 0x00, 0x4A, 0x28, 0x2F, 0xBD, 0x96, 0xAA, 0xFF, 0xDF,
    0xF8, 0xEF, 0x1C, 0xFE, 0xCE, 0x39, 0xFF, 0xBD, 0xB7, 0xFF, 0xE7, 0x1C, 0xFF, 0xF7, 0x9E, 0xFF,
    0xFF, 0x9E, 0xFF, 0xCE, 0x39, 0xFF, 0xAD, 0x36, 0xFF, 0xCE, 0x39, 0xFF, 0x94, 0x73, 0xFF, 0x29,
    0x04, 0xFF, 0x7B, 0xAE, 0xFF, 0xFF, 0xFF, 0xFF, 0xE7, 0x1C, 0xFF, 0xD6, 0x59, 0xFF, 0xEF, 0x1C,
    0xFF, 0xEF, 0x1C, 0xFF, 0xE6, 0xFC, 0xFF, 0xEF, 0x3C, 0xFF, 0xE6, 0xFB, 0xFF, 0xCE, 0x18, 0xFF,
    0xD6, 0x79, 0xFF, 0xF7, 0x5D, 0xFF, 0xE7, 0x1C, 0xFF, 0xEF, 0x1C, 0xFF, 0xEF, 0x3C, 0xFF, 0xEF,
    0x3C, 0xFF, 0xEF, 0x5D, 0xFF, 0xEF, 0x5D, 0xFF, 0xEF, 0x5D, 0xFF, 0xF7, 0x7D, 0xFF, 0xEF, 0x3C,
    0xFF, 0xFF, 0xFF, 0xFF, 0xE6, 0xFB, 0xFF, 0x6B, 0x4C, 0xFF, 0x7B, 0xAD, 0xFF, 0xFF, 0xFF, 0xFF,
    0xFF, 0xBD, 0xFF, 0xFF, 0xFE, 0xFF, 0xA4, 0xD2, 0xFF, 0x39, 0x03, 0xFF, 0x30, 0xC2, 0xFF, 0x39,
    0x03, 0xFF, 0x30, 0xE2, 0xFF, 0x28, 0xE2, 0xFF, 0x28, 0xC2, 0xFF, 0x10, 0x40, 0xFF, 0x00, 0x00,
    0xFF, 0x00, 0x00, 0xFF, 0x18, 0xC3, 0xFF, 0x4A, 0x48, 0xFF, 0x73, 0x8D, 0xFF, 0x94, 0xB2, 0xFF,
    0xB5, 0xB6, 0xFF, 0xC6, 0x38, 0xFF, 0xCE, 0x79, 0xFF, 0xCE, 0x79, 0xFF, 0xC6, 0x38, 0xFF, 0xBD,
    0xD7, 0xFF, 0xAD, 0x75, 0xFF, 0x94, 0x91, 0xFF, 0x6B, 0x0B, 0xFF, 0x39, 0x85, 0xFF, 0x20, 0x61,
    0xFF, 0x18, 0x00, 0xFF, 0x20, 0x20, 0xFF, 0x30, 0x60, 0xFF, 0xA4, 0x50, 0xFF, 0xFF, 0xBC, 0xFF,
    0xFF, 0xBC, 0xFF, 0xFF, 0x5A, 0xFF, 0xFF, 0x7B, 0xFF, 0xFF, 0x7C, 0xFF, 0xFF, 0x9C, 0xFF, 0xFF,
    0x9C, 0xFF, 0xFF, 0x9C, 0xFF, 0xFF, 0x9C, 0xFF, 0xFF, 0x9C, 0xFF, 0xFF, 0x9C, 0xFF, 0xFF, 0x9C,
    0xFF, 0xFF, 0x9C, 0xFF, 0xFF, 0x9C, 0xFF, 0xFF, 0x9C, 0xFF, 0xFF, 0x9C, 0xFF, 0xFF, 0x9C, 0xFF,
    0xFF, 0x9C, 0xFF, 0xFF, 0x9C, 0xFF, 0xFF, 0x9C, 0xFF, 0xFF, 0x9C, 0xFF, 0xFF, 0x9C, 0xFF, 0xFF,
    0x9C, 0xFF, 0xFF, 0x9C, 0xFF, 0xFF, 0x9C, 0xFF, 0xFF, 0x9C, 0xFF, 0xFF, 0x9C, 0xFF, 0xFF, 0x7C,
    0xFF, 0xFF, 0xDD, 0xFF, 0xFF, 0x9D, 0xFF, 0x93, 0xEE, 0xFF, 0x20, 0x00, 0xFF, 0x62, 0x48, 0xFF,
    0xAC, 0xD2, 0xFF, 0xE6, 0xDA, 0xFF, 0xF7, 0x9D, 0xFF, 0xFF, 0xFF, 0xFF, 0xFF, 0xFE, 0xFF, 0xFF,
    0xDD, 0xFF, 0xFF, 0xBD, 0xFF, 0xFF, 0x9C, 0xFF, 0xFF, 0x9C, 0xFF, 0xFF, 0x7C, 0xFF, 0xFF, 0x7B,
    0xFF, 0xFF, 0x7B, 0xFF, 0xFF, 0x7B, 0xFF, 0xFF, 0x7B, 0xFF, 0xFF, 0x9C, 0xFF, 0xFF, 0xBD, 0xFF,
    0xFF, 0xDE, 0xFF, 0xFF, 0xDE, 0xFF, 0xF7, 0x9D, 0xFF, 0xD6, 0xBA, 0xFF, 0x94, 0x91, 0xFF, 0x41,
    0xC7, 0xFF, 0x08, 0x00, 0xFF, 0x10, 0x00, 0xFF, 0x28, 0xC2, 0xFF, 0x41, 0x23, 0xFF, 0x28, 0x81,
    0xFF, 0x30, 0x81, 0xFF, 0x30, 0x82, 0xFF, 0x7B, 0x4D, 0xFF, 0xE7, 0x1C, 0xFF, 0xFF, 0xBE, 0xFF,
    0xE6, 0xFB, 0xFF, 0xEF, 0x3C, 0xFF, 0xEF, 0x1C, 0xFF, 0xEF, 0x3C, 0xFF, 0xEF, 0x1C, 0xFF, 0xEF,
    0x3C, 0xFF, 0xEF, 0x1C, 0xFF, 0xEF, 0x3C, 0xFF, 0xF7, 0x5D, 0xFF, 0xAD, 0x35, 0xFF, 0x9C, 0x93,
    0xFF, 0xDE, 0xBB, 0xFF, 0xF7, 0x9E, 0xFF, 0xE7, 0x1C, 0xFF, 0xEF, 0x3C, 0xFF, 0xEF, 0x3C, 0xFF,
    0xF7, 0x7D, 0xFF, 0xE7, 0x1C, 0xFF, 0xCE, 0x18, 0xFF, 0xE7, 0x1C, 0xFF, 0xF7, 0xBE, 0xFF, 0x94,
    0x71, 0xFF, 0x9C, 0xB2, 0xFF, 0xEF, 0x5D, 0xFF, 0xFF, 0xFF, 0xFF, 0xBD, 0x75, 0xFF, 0x8B, 0xCF,
    0xFF, 0xE7, 0x1C, 0xFF, 0xF7, 0x7D, 0xFF, 0xE7, 0x1C, 0xFF, 0xEF, 0x1C, 0xFF, 0xEF, 0x3C, 0xFF,
    0xEF, 0x3C, 0xFF, 0xEF, 0x3C, 0xFF, 0xEF, 0x3C, 0xFF, 0xE7, 0x1C, 0xFF, 0xFF, 0xBE, 0xFF, 0xA4,
    0xF2, 0xFF, 0x31, 0x44, 0xFF, 0x29, 0x03, 0xFF, 0x5A, 0xC9, 0xFF, 0xD6, 0x99, 0xFF, 0xFF, 0xBE,
    0xFF, 0xEF, 0x3C, 0xFF, 0xEF, 0x3C, 0xFF, 0xEF, 0x3C, 0xFF, 0xEF, 0x3C, 0xFF, 0xEF, 0x3C, 0xFF,
    0xEF, 0x3D, 0xFF, 0xEF, 0x5D, 0xFF, 0xEF, 0x5D, 0xFF, 0xEF, 0x5D, 0xFF, 0xEF, 0x5D, 0xFF, 0xEF,
    0x5D, 0xFF, 0xEF, 0x5D, 0xFF, 0xF7, 0x9E, 0xFF, 0x00, 0x00, 0x21, 0x00, 0x00, 0x04, 0x00, 0x00,
    0x00, 0x00, 0x00, 0x00, 0x00, 0x00, 0x00, 0x00, 0x00, 0x01, 0x00, 0x00, 0x00, 0x7B, 0xEF, 0x02,
    0x8C, 0x31, 0x54, 0xE6, 0xFC, 0xDC, 0xF7, 0x7E, 0xFD, 0xEF, 0x3D, 0xFE, 0xCE, 0x39, 0xFF, 0xBD,
    0x97, 0xFF, 0xE6, 0xFC, 0xFF, 0xFF, 0xBE, 0xFF, 0xF7, 0x9D, 0xFF, 0xC5, 0xF8, 0xFF, 0xB5, 0x56,
    0xFF, 0xBD, 0xD8, 0xFF, 0x83, 0xAF, 0xFF, 0x39, 0x24, 0xFF, 0x83, 0xCE, 0xFF, 0xF7, 0xBE, 0xFF,
    0xEF, 0x5D, 0xFF, 0xC5, 0xF8, 0xFF, 0xE6, 0xDB, 0xFF, 0xEF, 0x1C, 0xFF, 0xE7, 0x1C, 0xFF, 0xE6,
    0xFC, 0xFF, 0xEF, 0x3C, 0xFF, 0xD6, 0x79, 0xFF, 0xC5, 0xF8, 0xFF, 0xE6, 0xFC, 0xFF, 0xEF, 0x3C,
    0xFF, 0xEF, 0x1C, 0xFF, 0xEF, 0x3C, 0xFF, 0xEF, 0x3C, 0xFF, 0xEF, 0x3D, 0xFF, 0xEF, 0x5D, 0xFF,
    0xEF, 0x5D, 0xFF, 0xF7, 0x5D, 0xFF, 0xEF, 0x5D, 0xFF, 0xF7, 0x9D, 0xFF, 0xFF, 0xDE, 0xFF, 0xA4,
    0xF3, 0xFF, 0x6B, 0x2C, 0xFF, 0xFF, 0xFE, 0xFF, 0xFF, 0xFE, 0xFF, 0x9C, 0x70, 0xFF, 0x28, 0xC2,
    0xFF, 0x28, 0x81, 0xFF, 0x30, 0xC2, 0xFF, 0x38, 0xE3, 0xFF, 0x31, 0x03, 0xFF, 0x20, 0x81, 0xFF,
    0x08, 0x00, 0xFF, 0x18, 0x81, 0xFF, 0x4A, 0x48, 0xFF, 0x8C, 0x71, 0xFF, 0xBD, 0xF7, 0xFF, 0xDE,
    0xFA, 0xFF, 0xF7, 0x7C, 0xFF, 0xFF, 0xBD, 0xFF, 0xFF, 0xBD, 0xFF, 0xFF, 0xDE, 0xFF, 0xFF, 0xFE,
    0xFF, 0xFF, 0xFE, 0xFF, 0xFF, 0xFF, 0xFF, 0xFF, 0xFF, 0xFF, 0xFF, 0xFE, 0xFF, 0xFF, 0xDE, 0xFF,
    0xEF, 0x5C, 0xFF, 0xD6, 0x79, 0xFF, 0xB5, 0x74, 0xFF, 0x83, 0x8D, 0xFF, 0x41, 0x85, 0xFF, 0x10,
    0x00, 0xFF, 0x39, 0x45, 0xFF, 0xC5, 0xF6, 0xFF, 0xFF, 0xDD, 0xFF, 0xFF, 0x7B, 0xFF, 0xFF, 0x7B,
    0xFF, 0xFF, 0x9C, 0xFF, 0xFF, 0x9C, 0xFF, 0xFF, 0x9C, 0xFF, 0xFF, 0x9C, 0xFF, 0xFF, 0x9C, 0xFF,
    0xFF, 0x9C, 0xFF, 0xFF, 0x9C, 0xFF, 0xFF, 0x9C, 0xFF, 0xFF, 0x9C, 0xFF, 0xFF, 0x9C, 0xFF, 0xFF,
    0x9C, 0xFF, 0xFF, 0x9C, 0xFF, 0xFF, 0x9C, 0xFF, 0xFF, 0x9C, 0xFF, 0xFF, 0x9C, 0xFF, 0xFF, 0x9C,
    0xFF, 0xFF, 0x9C, 0xFF, 0xFF, 0x9C, 0xFF, 0xFF, 0x9C, 0xFF, 0xFF, 0x9C, 0xFF, 0xFF, 0x9C, 0xFF,
    0xFF, 0x9C, 0xFF, 0xFF, 0x7C, 0xFF, 0xF7, 0x5B, 0xFF, 0xFF, 0xDD, 0xFF, 0xD6, 0x57, 0xFF, 0x72,
    0xEA, 0xFF, 0x94, 0x30, 0xFF, 0xE7, 0x1B, 0xFF, 0xFF, 0xDE, 0xFF, 0xFF, 0xFF, 0xFF, 0xFF, 0xDE,
    0xFF, 0xFF, 0xBD, 0xFF, 0xF7, 0x9D, 0xFF, 0xF7, 0x7C, 0xFF, 0xFF, 0x7C, 0xFF, 0xFF, 0x5B, 0xFF,
    0xFF, 0x5B, 0xFF, 0xFF, 0x5B, 0xFF, 0xFF, 0x5B, 0xFF, 0xFF, 0x5B, 0xFF, 0xFF, 0x3A, 0xFF, 0xFF,
    0x3A, 0xFF, 0xF7, 0x3B, 0xFF, 0xF7, 0x5B, 0xFF, 0xF7, 0x5C, 0xFF, 0xFF, 0x9C, 0xFF, 0xFF, 0xBD,
    0xFF, 0xFF, 0xDE, 0xFF, 0xFF, 0xBD, 0xFF, 0xDE, 0xDA, 0xFF, 0x94, 0x91, 0xFF, 0x41, 0xC6, 0xFF,
    0x10, 0x20, 0xFF, 0x18, 0x00, 0xFF, 0x39, 0x03, 0xFF, 0xA4, 0x91, 0xFF, 0x73, 0x2C, 0xFF, 0xA5,
    0x14, 0xFF, 0xF7, 0x7D, 0xFF, 0xF7, 0x5D, 0xFF, 0xE6, 0xFB, 0xFF, 0xEF, 0x1C, 0xFF, 0xEF, 0x1C,
    0xFF, 0xEF, 0x1C, 0xFF, 0xEF, 0x1C, 0xFF, 0xE7, 0x1C, 0xFF, 0xEF, 0x1C, 0xFF, 0xEF, 0x5D, 0xFF,
    0xCE, 0x39, 0xFF, 0x8C, 0x31, 0xFF, 0xBD, 0xB7, 0xFF, 0xF7, 0x7D, 0xFF, 0xEF, 0x5D, 0xFF, 0xEF,
    0x1C, 0xFF, 0xEF, 0x3C, 0xFF, 0xEF, 0x5D, 0xFF, 0xF7, 0x7D, 0xFF, 0xE6, 0xDB, 0xFF, 0xCE, 0x59,
    0xFF, 0xEF, 0x5D, 0xFF, 0xF7, 0x7E, 0xFF, 0x83, 0xEF, 0xFF, 0xA4, 0xF3, 0xFF, 0xEF, 0x7D, 0xFF,
    0xFF, 0xFF, 0xFF, 0xDE, 0xDA, 0xFF, 0x9C, 0x71, 0xFF, 0xC5, 0xD6, 0xFF, 0xFF, 0xDF, 0xFF, 0xE6,
    0xFB, 0xFF, 0xEF, 0x1C, 0xFF, 0xEF, 0x1C, 0xFF, 0xEF, 0x3C, 0xFF, 0xEF, 0x3C, 0xFF, 0xEF, 0x1C,
    0xFF, 0xE7, 0x1B, 0xFF, 0xF7, 0x7D, 0xFF, 0xAD, 0x34, 0xFF, 0x94, 0x0F, 0xFF, 0x83, 0x8D, 0xFF,
    0x39, 0x65, 0xFF, 0xCE, 0x38, 0xFF, 0xFF, 0xDF, 0xFF, 0xEF, 0x1C, 0xFF, 0xEF, 0x3C, 0xFF, 0xEF,
    0x3C, 0xFF, 0xEF, 0x5C, 0xFF, 0xEF, 0x5D, 0xFF, 0xEF, 0x5D, 0xFF, 0xEF, 0x5D, 0xFF, 0xEF, 0x5D,
    0xFF, 0xEF, 0x5D, 0xFF, 0xEF, 0x5D, 0xFF, 0xEF, 0x5D, 0xFF, 0xEF, 0x5D, 0xFF, 0xFF, 0xBE, 0xFF,
    0x00, 0x00, 0x21, 0x00, 0x00, 0x04, 0x00, 0x00, 0x00, 0x00, 0x00, 0x00, 0x00, 0x00, 0x00, 0xF8,
    0x00, 0x01, 0x00, 0x00, 0x00, 0x00, 0x00, 0x19, 0xAD, 0x34, 0x85, 0xFF, 0xDF, 0xF4, 0xEF, 0x3C,
    0xFE, 0xF7, 0x5D, 0xFF, 0xCE, 0x39, 0xFF, 0xBD, 0x97, 0xFF, 0xE6, 0xFB, 0xFF, 0xFF, 0xBE, 0xFF,
    0xEF, 0x5D, 0xFF, 0xBD, 0xB7, 0xFF, 0xB5, 0x97, 0xFF, 0xA4, 0xF5, 0xFF, 0x83, 0x6D, 0xFF, 0x8B,
    0x6C, 0xFF, 0x93, 0xCE, 0xFF, 0xDE, 0xBA, 0xFF, 0xF7, 0x9E, 0xFF, 0xC5, 0xD7, 0xFF, 0xD6, 0x9A,
    0xFF, 0xEF, 0x1C, 0xFF, 0xEF, 0x1C, 0xFF, 0xE7, 0x1C, 0xFF, 0xEF, 0x5C, 0xFF, 0xE7, 0x1C, 0xFF,
    0xC6, 0x18, 0xFF, 0xCE, 0x59, 0xFF, 0xF7, 0x7D, 0xFF, 0xEF, 0x1C, 0xFF, 0xEF, 0x3C, 0xFF, 0xEF,
    0x3D, 0xFF, 0xEF, 0x3D, 0xFF, 0xEF, 0x5D, 0xFF, 0xEF, 0x5D, 0xFF, 0xEF, 0x5D, 0xFF, 0xEF, 0x5D,
    0xFF, 0xEF, 0x5D, 0xFF, 0xFF, 0xFF, 0xFF, 0xBD, 0xD6, 0xFF, 0x6B, 0x0B, 0xFF, 0xAD, 0x12, 0xFF,
    0x8B, 0xAD, 0xFF, 0x38, 0xE3, 0xFF, 0x30, 0x61, 0xFF, 0x38, 0xC2, 0xFF, 0x38, 0xE3, 0xFF, 0x28,
    0x81, 0xFF, 0x08, 0x00, 0xFF, 0x18, 0xA1, 0xFF, 0x5A, 0xCA, 0xFF, 0xA5, 0x34, 0xFF, 0xDE, 0xFA,
    0xFF, 0xFF, 0xDD, 0xFF, 0xFF, 0xFD, 0xFF, 0xFF, 0xDD, 0xFF, 0xFF, 0xBC, 0xFF, 0xFF, 0x7B, 0xFF,
    0xFF, 0x5B, 0xFF, 0xFF, 0x5B, 0xFF, 0xFF, 0x7B, 0xFF, 0xFF, 0x7C, 0xFF, 0xFF, 0x9D, 0xFF, 0xFF,
    0xBD, 0xFF, 0xFF, 0xBD, 0xFF, 0xFF, 0xDD, 0xFF, 0xFF, 0xFE, 0xFF, 0xFF, 0xFE, 0xFF, 0xFF, 0xFE,
    0xFF, 0xF7, 0x7C, 0xFF, 0xD6, 0x78, 0xFF, 0x9C, 0xB1, 0xFF, 0x49, 0xE6, 0xFF, 0x9C, 0x70, 0xFF,
    0xF7, 0x9C, 0xFF, 0xFF, 0xBC, 0xFF, 0xFF, 0x7B, 0xFF, 0xFF, 0x9C, 0xFF, 0xFF, 0x9C, 0xFF, 0xFF,
    0x9C, 0xFF, 0xFF, 0x9C, 0xFF, 0xFF, 0x9C, 0xFF, 0xFF, 0x9C, 0xFF, 0xFF, 0x9C, 0xFF, 0xFF, 0x9C,
    0xFF, 0xFF, 0x9C, 0xFF, 0xFF, 0x9C, 0xFF, 0xFF, 0x9C, 0xFF, 0xFF, 0x9C, 0xFF, 0xFF, 0x9C, 0xFF,
    0xFF, 0x9C, 0xFF, 0xFF, 0x9C, 0xFF, 0xFF, 0x9C, 0xFF, 0xFF, 0x9C, 0xFF, 0xFF, 0x7C, 0xFF, 0xFF,
    0x9C, 0xFF, 0xFF, 0x9C, 0xFF, 0xFF, 0x9C, 0xFF, 0xFF, 0x9C, 0xFF, 0xFF, 0x7C, 0xFF, 0xFF, 0x9C,
    0xFF, 0xFF, 0x9C, 0xFF, 0xEE, 0xFA, 0xFF, 0xDE, 0x78, 0xFF, 0xFF, 0xDD, 0xFF, 0xFF, 0xFE, 0xFF,
    0xFF, 0xBD, 0xFF, 0xF7, 0x7C, 0xFF, 0xF7, 0x7C, 0xFF, 0xFF, 0x7C, 0xFF, 0xFF, 0x9C, 0xFF, 0xFF,
    0x9C, 0xFF, 0xFF, 0x9C, 0xFF, 0xFF, 0x7C, 0xFF, 0xFF, 0x7B, 0xFF, 0xFF, 0x7B, 0xFF, 0xFF, 0x5B,
    0xFF, 0xFF, 0x5B, 0xFF, 0xFF, 0x5B, 0xFF, 0xFF, 0x5B, 0xFF, 0xFF, 0x5B, 0xFF, 0xFF, 0x7C, 0xFF,
    0xFF, 0x7C, 0xFF, 0xFF, 0x5B, 0xFF, 0xFF, 0x5B, 0xFF, 0xFF, 0x5B, 0xFF, 0xFF, 0x9C, 0xFF, 0xFF,
    0xDD, 0xFF, 0xFF, 0xDD, 0xFF, 0xD6, 0x98, 0xFF, 0x83, 0xAD, 0xFF, 0x51, 0xC6, 0xFF, 0xB5, 0x33,
    0xFF, 0xD6, 0x79, 0xFF, 0x73, 0x8E, 0xFF, 0xCE, 0x38, 0xFF, 0xFF, 0xDE, 0xFF, 0xE6, 0xFB, 0xFF,
    0xEF, 0x1C, 0xFF, 0xEF, 0x1C, 0xFF, 0xEF, 0x1C, 0xFF, 0xEF, 0x1C, 0xFF, 0xEF, 0x1B, 0xFF, 0xEF,
    0x1C, 0xFF, 0xEF, 0x3C, 0xFF, 0xDE, 0xBB, 0xFF, 0x94, 0x73, 0xFF, 0x94, 0x93, 0xFF, 0xE6, 0xDB,
    0xFF, 0xF7, 0x9E, 0xFF, 0xEF, 0x3C, 0xFF, 0xEF, 0x3C, 0xFF, 0xEF, 0x3C, 0xFF, 0xEF, 0x5D, 0xFF,
    0xEF, 0x5D, 0xFF, 0xD6, 0x9A, 0xFF, 0xDE, 0xBA, 0xFF, 0xF7, 0x9E, 0xFF, 0xEF, 0x3C, 0xFF, 0x73,
    0x6D, 0xFF, 0xB5, 0x75, 0xFF, 0xFF, 0xBE, 0xFF, 0xFF, 0xFF, 0xFF, 0xF7, 0x9D, 0xFF, 0xAD, 0x13,
    0xFF, 0xA4, 0xB2, 0xFF, 0xFF, 0xDF, 0xFF, 0xE6, 0xFB, 0xFF, 0xEF, 0x3C, 0xFF, 0xEF, 0x1C, 0xFF,
    0xEF, 0x1C, 0xFF, 0xEF, 0x1C, 0xFF, 0xEF, 0x1C, 0xFF, 0xE6, 0xFB, 0xFF, 0xFF, 0x9E, 0xFF, 0xAC,
    0xF3, 0xFF, 0x8B, 0xEF, 0xFF, 0xCD, 0xF6, 0xFF, 0x73, 0x2B, 0xFF, 0x62, 0xAA, 0xFF, 0xF7, 0x7D,
    0xFF, 0xEF, 0x3C, 0xFF, 0xEF, 0x3C, 0xFF, 0xEF, 0x3C, 0xFF, 0xEF, 0x5D, 0xFF, 0xEF, 0x5D, 0xFF,
    0xEF, 0x5D, 0xFF, 0xEF, 0x5D, 0xFF, 0xEF, 0x5D, 0xFF, 0xEF, 0x5D, 0xFF, 0xEF, 0x5D, 0xFF, 0xEF,
    0x3C, 0xFF, 0xEF, 0x5D, 0xFF, 0xFF, 0xFF, 0xFF, 0x00, 0x00, 0x21, 0x00, 0x00, 0x04, 0x00, 0x00,
    0x00, 0x00, 0x00, 0x00, 0x00, 0x00, 0x01, 0x00, 0x00, 0x00, 0x00, 0x00, 0x00, 0x4A, 0x6A, 0x3E,
    0xCE, 0x38, 0xBB, 0xFF, 0xDF, 0xFB, 0xEF, 0x3C, 0xFE, 0xF7, 0x7D, 0xFF, 0xCE, 0x39, 0xFF, 0xBD,
    0x97, 0xFF, 0xE6, 0xDB, 0xFF, 0xFF, 0xBE, 0xFF, 0xE7, 0x1C, 0xFF, 0xB5, 0x97, 0xFF, 0xB5, 0x97,
    0xFF, 0x83, 0xD0, 0xFF, 0x7B, 0x2C, 0xFF, 0xC5, 0x53, 0xFF, 0x83, 0x6D, 0xFF, 0xB5, 0x55, 0xFF,
    0xFF, 0xDF, 0xFF, 0xC5, 0xF7, 0xFF, 0xCE, 0x18, 0xFF, 0xEF, 0x1C, 0xFF, 0xEF, 0x3C, 0xFF, 0xEF,
    0x1C, 0xFF, 0xEF, 0x3C, 0xFF, 0xF7, 0x7D, 0xFF, 0xD6, 0x7A, 0xFF, 0xBD, 0xB7, 0xFF, 0xE7, 0x1C,
    0xFF, 0xF7, 0x7D, 0xFF, 0xEF, 0x3C, 0xFF, 0xEF, 0x3D, 0xFF, 0xEF, 0x3C, 0xFF, 0xEF, 0x3C, 0xFF,
    0xEF, 0x3C, 0xFF, 0xEF, 0x5D, 0xFF, 0xEF, 0x5D, 0xFF, 0xEF, 0x5C, 0xFF, 0xFF, 0xFF, 0xFF, 0xC6,
    0x18, 0xFF, 0x4A, 0x28, 0xFF, 0x41, 0x64, 0xFF, 0x30, 0x81, 0xFF, 0x20, 0x00, 0xFF, 0x40, 0xA2,
    0xFF, 0x38, 0xC3, 0xFF, 0x18, 0x20, 0xFF, 0x18, 0x40, 0xFF, 0x4A, 0x28, 0xFF, 0xA4, 0xF3, 0xFF,
    0xE7, 0x1C, 0xFF, 0xFF, 0xFF, 0xFF, 0xFF, 0xFE, 0xFF, 0xFF, 0x9C, 0xFF, 0xF7, 0x5B, 0xFF, 0xF7,
    0x3A, 0xFF, 0xF7, 0x1A, 0xFF, 0xF7, 0x3A, 0xFF, 0xFF, 0x5B, 0xFF, 0xFF, 0x7B, 0xFF, 0xFF, 0x7C,
    0xFF, 0xFF, 0x9C, 0xFF, 0xFF, 0x9D, 0xFF, 0xFF, 0x9C, 0xFF, 0xFF, 0x9C, 0xFF, 0xF7, 0x7C, 0xFF,
    0xF7, 0x5B, 0xFF, 0xF7, 0x5B, 0xFF, 0xFF, 0x7B, 0xFF, 0xFF, 0xBC, 0xFF, 0xFF, 0xFD, 0xFF, 0xFF,
    0xFD, 0xFF, 0xDE, 0x98, 0xFF, 0xD6, 0x77, 0xFF, 0xF7, 0x5B, 0xFF, 0xFF, 0x9C, 0xFF, 0xFF, 0x7B,
    0xFF, 0xFF, 0x9C, 0xFF, 0xFF, 0x9C, 0xFF, 0xFF, 0x9C, 0xFF, 0xFF, 0x9C, 0xFF, 0xFF, 0x9C, 0xFF,
    0xFF, 0x9C, 0xFF, 0xFF, 0x9C, 0xFF, 0xFF, 0x9C, 0xFF, 0xFF, 0x9C, 0xFF, 0xFF, 0x9C, 0xFF, 0xFF,
    0x9C, 0xFF, 0xFF, 0x9C, 0xFF, 0xFF, 0x9C, 0xFF, 0xFF, 0x9C, 0xFF, 0xFF, 0x9C, 0xFF, 0xFF, 0x9C,
    0xFF, 0xFF, 0x9C, 0xFF, 0xFF, 0x7C, 0xFF, 0xFF, 0x9C, 0xFF, 0xFF, 0x9C, 0xFF, 0xFF, 0x9C, 0xFF,
    0xFF, 0x7C, 0xFF, 0xFF, 0x9C, 0xFF, 0xFF, 0x9C, 0xFF, 0xFF, 0x7B, 0xFF, 0xFF, 0xBC, 0xFF, 0xFF,
    0xFE, 0xFF, 0xFF, 0xBC, 0xFF, 0xF7, 0x5B, 0xFF, 0xF7, 0x7C, 0xFF, 0xFF, 0x9C, 0xFF, 0xFF, 0x9C,
    0xFF, 0xFF, 0x9C, 0xFF, 0xFF, 0x9C, 0xFF, 0xFF, 0x7C, 0xFF, 0xFF, 0x7B, 0xFF, 0xFF, 0x7B, 0xFF,
    0xFF, 0x5B, 0xFF, 0xFF, 0x5B, 0xFF, 0xFF, 0x5B, 0xFF, 0xFF, 0x5B, 0xFF, 0xFF, 0x5B, 0xFF, 0xFF,
    0x5B, 0xFF, 0xFF, 0x5B, 0xFF, 0xFF, 0x5B, 0xFF, 0xFF, 0x7B, 0xFF, 0xFF, 0x7C, 0xFF, 0xFF, 0x7B,
    0xFF, 0xFF, 0x5B, 0xFF, 0xF7, 0x3A, 0xFF, 0xF7, 0x1A, 0xFF, 0xFF, 0x7B, 0xFF, 0xFF, 0xFE, 0xFF,
    0xF7, 0x7B, 0xFF, 0xD6, 0x77, 0xFF, 0xFF, 0xFF, 0xFF, 0x94, 0x71, 0xFF, 0x84, 0x10, 0xFF, 0xEF,
    0x3C, 0xFF, 0xFF, 0x9E, 0xFF, 0xE6, 0xFB, 0xFF, 0xEF, 0x1C, 0xFF, 0xEF, 0x1C, 0xFF, 0xEF, 0x1C,
    0xFF, 0xE6, 0xFB, 0xFF, 0xEF, 0x1C, 0xFF, 0xEF, 0x3C, 0xFF, 0xE6, 0xDB, 0xFF, 0xB5, 0x56, 0xFF,
    0x83, 0xD0, 0xFF, 0xC5, 0xF8, 0xFF, 0xF7, 0x7E, 0xFF, 0xEF, 0x5D, 0xFF, 0xEF, 0x3C, 0xFF, 0xEF,
    0x3D, 0xFF, 0xEF, 0x3C, 0xFF, 0xEF, 0x3D, 0xFF, 0xEF, 0x3C, 0xFF, 0xD6, 0x9A, 0xFF, 0xE7, 0x1C,
    0xFF, 0xFF, 0xDE, 0xFF, 0xDE, 0xDB, 0xFF, 0x73, 0x4C, 0xFF, 0xC5, 0xF7, 0xFF, 0xFF, 0xFF, 0xFF,
    0xF7, 0xBE, 0xFF, 0xFF, 0xFF, 0xFF, 0xBD, 0x75, 0xFF, 0x8B, 0xEF, 0xFF, 0xF7, 0x7D, 0xFF, 0xEF,
    0x3C, 0xFF, 0xEF, 0x3C, 0xFF, 0xEF, 0x1C, 0xFF, 0xEF, 0x1C, 0xFF, 0xEF, 0x1C, 0xFF, 0xEF, 0x3C,
    0xFF, 0xE6, 0xDB, 0xFF, 0xFF, 0x9E, 0xFF, 0xAD, 0x14, 0xFF, 0x6A, 0xEB, 0xFF, 0xD6, 0x58, 0xFF,
    0xBD, 0x54, 0xFF, 0x20, 0x81, 0xFF, 0xDE, 0x9A, 0xFF, 0xF7, 0x7D, 0xFF, 0xEF, 0x1C, 0xFF, 0xEF,
    0x3C, 0xFF, 0xEF, 0x5D, 0xFF, 0xEF, 0x5D, 0xFF, 0xEF, 0x5D, 0xFF, 0xEF, 0x5D, 0xFF, 0xEF, 0x5D,
    0xFF, 0xEF, 0x5C, 0xFF, 0xEF, 0x5D, 0xFF, 0xEF, 0x3C, 0xFF, 0xEF, 0x5D, 0xFF, 0xFF, 0xFF, 0xFF,
    0x00, 0x00, 0x21, 0x00, 0x00, 0x04, 0x00, 0x00, 0x00, 0x00, 0x00, 0x00, 0x00, 0x00, 0x01, 0x00,
    0x20, 0x00, 0x00, 0x00, 0x08, 0xA4, 0xF4, 0x69, 0xEF, 0x5D, 0xE7, 0xF7, 0x7E, 0xFD, 0xEF, 0x5D,
    0xFE, 0xF7, 0x7D, 0xFF, 0xCE, 0x39, 0xFF, 0xB5, 0x76, 0xFF, 0xDE, 0x9B, 0xFF, 0xFF, 0xBE, 0xFF,
    0xDE, 0xDB, 0xFF, 0xB5, 0x77, 0xFF, 0xAD, 0x36, 0xFF, 0x6A, 0xCC, 0xFF, 0x83, 0x2C, 0xFF, 0xE6,
    0xB8, 0xFF, 0x83, 0xAE, 0xFF, 0x8C, 0x10, 0xFF, 0xFF, 0xDF, 0xFF, 0xCE, 0x18, 0xFF, 0xBD, 0xB7,
    0xFF, 0xEF, 0x1C, 0xFF, 0xEF, 0x5D, 0xFF, 0xEF, 0x3C, 0xFF, 0xEF, 0x3C, 0xFF, 0xF7, 0x7D, 0xFF,
    0xEF, 0x3C, 0xFF, 0xC5, 0xF7, 0xFF, 0xC5, 0xF7, 0xFF, 0xF7, 0x9E, 0xFF, 0xEF, 0x3C, 0xFF, 0xEF,
    0x3C, 0xFF, 0xEF, 0x3C, 0xFF, 0xEF, 0x3C, 0xFF, 0xEF, 0x3C, 0xFF, 0xEF, 0x3C, 0xFF, 0xEF, 0x5C,
    0xFF, 0xEF, 0x3C, 0xFF, 0xFF, 0xBE, 0xFF, 0xEF, 0x3C, 0xFF, 0x73, 0x8D, 0xFF, 0x28, 0xC2, 0xFF,
    0x83, 0x4C, 0xFF, 0x62, 0x07, 0xFF, 0x28, 0x20, 0xFF, 0x18, 0x00, 0xFF, 0x31, 0x03, 0xFF, 0x83,
    0xEF, 0xFF, 0xDE, 0xDA, 0xFF, 0xFF, 0xFF, 0xFF, 0xFF, 0xFE, 0xFF, 0xF7, 0x5C, 0xFF, 0xF7, 0x3A,
    0xFF, 0xFF, 0x3B, 0xFF, 0xFF, 0x5B, 0xFF, 0xFF, 0x5B, 0xFF, 0xFF, 0x5B, 0xFF, 0xFF, 0x5B, 0xFF,
    0xFF, 0x5B, 0xFF, 0xFF, 0x7B, 0xFF, 0xFF, 0x7C, 0xFF, 0xFF, 0x7C, 0xFF, 0xFF, 0x9C, 0xFF, 0xFF,
    0x9C, 0xFF, 0xFF, 0x9C, 0xFF, 0xFF, 0x9C, 0xFF, 0xFF, 0x9C, 0xFF, 0xFF, 0x7C, 0xFF, 0xFF, 0x7B,
    0xFF, 0xF7, 0x5A, 0xFF, 0xF7, 0x3A, 0xFF, 0xF7, 0x5B, 0xFF, 0xFF, 0xFD, 0xFF, 0xFF, 0xDD, 0xFF,
    0xFF, 0x7B, 0xFF, 0xFF, 0x7B, 0xFF, 0xFF, 0x9C, 0xFF, 0xFF, 0x9C, 0xFF, 0xFF, 0x9C, 0xFF, 0xFF,
    0x9C, 0xFF, 0xFF, 0x9C, 0xFF, 0xFF, 0x9C, 0xFF, 0xFF, 0x9C, 0xFF, 0xFF, 0x9C, 0xFF, 0xFF, 0x9C,
    0xFF, 0xFF, 0x9C, 0xFF, 0xFF, 0x9C, 0xFF, 0xFF, 0x9C, 0xFF, 0xFF, 0x9C, 0xFF, 0xFF, 0x9C, 0xFF,
    0xFF, 0x9C, 0xFF, 0xFF, 0x9C, 0xFF, 0xFF, 0x9C, 0xFF, 0xFF, 0x9C, 0xFF, 0xFF, 0x9C, 0xFF, 0xFF,
    0x7C, 0xFF, 0xFF, 0x7C, 0xFF, 0xFF, 0x9C, 0xFF, 0xFF, 0x7C, 0xFF, 0xFF, 0x9C, 0xFF, 0xFF, 0x9C,
    0xFF, 0xFF, 0x7C, 0xFF, 0xFF, 0x7B, 0xFF, 0xF7, 0x5B, 0xFF, 0xFF, 0x5B, 0xFF, 0xFF, 0x7C, 0xFF,
    0xFF, 0x7C, 0xFF, 0xFF, 0x7C, 0xFF, 0xFF, 0x7C, 0xFF, 0xFF, 0x7C, 0xFF, 0xFF, 0x7C, 0xFF, 0xFF,
    0x7B, 0xFF, 0xFF, 0x7B, 0xFF, 0xFF, 0x5B, 0xFF, 0xFF, 0x5B, 0xFF, 0xFF, 0x5B, 0xFF, 0xFF, 0x5B,
    0xFF, 0xFF, 0x5B, 0xFF, 0xFF, 0x5B, 0xFF, 0xFF, 0x5B, 0xFF, 0xFF, 0x5B, 0xFF, 0xFF, 0x5B, 0xFF,
    0xFF, 0x5B, 0xFF, 0xFF, 0x5B, 0xFF, 0xFF, 0x5B, 0xFF, 0xFF, 0x5B, 0xFF, 0xFF, 0x5B, 0xFF, 0xFF,
    0x3A, 0xFF, 0xF7, 0x1A, 0xFF, 0xF6, 0xF9, 0xFF, 0xFF, 0x9C, 0xFF, 0xFF, 0xFF, 0xFF, 0xE7, 0x1B,
    0xFF, 0x62, 0xCB, 0xFF, 0xC5, 0xD7, 0xFF, 0xFF, 0xBF, 0xFF, 0xEF, 0x3C, 0xFF, 0xEF, 0x1C, 0xFF,
    0xEF, 0x1C, 0xFF, 0xEF, 0x1C, 0xFF, 0xEF, 0x1B, 0xFF, 0xEF, 0x1C, 0xFF, 0xEF, 0x3C, 0xFF, 0xE6,
    0xDB, 0xFF, 0xC5, 0xD8, 0xFF, 0x8B, 0xF0, 0xFF, 0xA4, 0xD4, 0xFF, 0xEF, 0x1C, 0xFF, 0xF7, 0x7D,
    0xFF, 0xEF, 0x3C, 0xFF, 0xEF, 0x3C, 0xFF, 0xEF, 0x3C, 0xFF, 0xEF, 0x3C, 0xFF, 0xEF, 0x3C, 0xFF,
    0xEF, 0x3C, 0xFF, 0xE6, 0xFB, 0xFF, 0xEF, 0x3C, 0xFF, 0xFF, 0xDE, 0xFF, 0xC6, 0x39, 0xFF, 0x73,
    0x4D, 0xFF, 0xD6, 0x99, 0xFF, 0xFF, 0xFF, 0xFF, 0xF7, 0x9E, 0xFF, 0xFF, 0xFF, 0xFF, 0xCE, 0x38,
    0xFF, 0x83, 0xCE, 0xFF, 0xDE, 0xDB, 0xFF, 0xF7, 0x9E, 0xFF, 0xEF, 0x3C, 0xFF, 0xEF, 0x3C, 0xFF,
    0xEF, 0x3C, 0xFF, 0xEF, 0x1C, 0xFF, 0xEF, 0x1C, 0xFF, 0xE6, 0xDB, 0xFF, 0xF7, 0x7D, 0xFF, 0xB5,
    0x75, 0xFF, 0x83, 0xAE, 0xFF, 0xC5, 0xB5, 0xFF, 0x93, 0xEE, 0xFF, 0x28, 0xE3, 0xFF, 0xE6, 0xFB,
    0xFF, 0xF7, 0x5D, 0xFF, 0xEF, 0x1C, 0xFF, 0xEF, 0x3C, 0xFF, 0xEF, 0x5D, 0xFF, 0xEF, 0x5C, 0xFF,
    0xEF, 0x5C, 0xFF, 0xEF, 0x5D, 0xFF, 0xEF, 0x5D, 0xFF, 0xEF, 0x5D, 0xFF, 0xEF, 0x3C, 0xFF, 0xEF,
    0x3C, 0xFF, 0xF7, 0x5D, 0xFF, 0xF7, 0x9E, 0xFE, 0x00, 0x00, 0x21, 0x00, 0x00, 0x04, 0x00, 0x00,
    0x00, 0x00, 0x00, 0x01, 0xFF, 0xFF, 0x01, 0xFF, 0xFF, 0x01, 0x00, 0x20, 0x21, 0xBD, 0xD7, 0x95,
    0xFF, 0xFF, 0xFB, 0xEF, 0x3C, 0xFE, 0xEF, 0x5D, 0xFE, 0xEF, 0x5D, 0xFF, 0xCE, 0x39, 0xFF, 0xAD,
    0x36, 0xFF, 0xD6, 0x59, 0xFF, 0xFF, 0x9E, 0xFF, 0xD6, 0x7A, 0xFF, 0xB5, 0x97, 0xFF, 0x94, 0x93,
    0xFF, 0x62, 0x29, 0xFF, 0xAC, 0x2F, 0xFF, 0xFF, 0xDD, 0xFF, 0xA4, 0x91, 0xFF, 0x6B, 0x0C, 0xFF,
    0xFF, 0x9E, 0xFF, 0xD6, 0x7A, 0xFF, 0xB5, 0x55, 0xFF, 0xE6, 0xDB, 0xFF, 0xF7, 0x7D, 0xFF, 0xEF,
    0x5D, 0xFF, 0xEF, 0x5D, 0xFF, 0xEF, 0x5D, 0xFF, 0xF7, 0x9E, 0xFF, 0xDE, 0xBB, 0xFF, 0xB5, 0x55,
    0xFF, 0xDE, 0x9A, 0xFF, 0xF7, 0x5D, 0xFF, 0xEF, 0x1C, 0xFF, 0xEF, 0x1C, 0xFF, 0xEF, 0x3C, 0xFF,
    0xEF, 0x3C, 0xFF, 0xEF, 0x3C, 0xFF, 0xEF, 0x3C, 0xFF, 0xEF, 0x3C, 0xFF, 0xEF, 0x3D, 0xFF, 0xFF,
    0xFF, 0xFF, 0xD6, 0xBA, 0xFF, 0x5A, 0x8A, 0xFF, 0x9C, 0x91, 0xFF, 0xDE, 0xDA, 0xFF, 0x7B, 0x4C,
    0xFF, 0x41, 0xA6, 0xFF, 0xAD, 0x13, 0xFF, 0xFF, 0xFF, 0xFF, 0xFF, 0xFE, 0xFF, 0xF7, 0x5B, 0xFF,
    0xF7, 0x3B, 0xFF, 0xF7, 0x5B, 0xFF, 0xFF, 0x7C, 0xFF, 0xFF, 0x5B, 0xFF, 0xFF, 0x5B, 0xFF, 0xFF,
    0x5B, 0xFF, 0xFF, 0x5B, 0xFF, 0xFF, 0x5B, 0xFF, 0xFF, 0x5B, 0xFF, 0xFF, 0x5B, 0xFF, 0xFF, 0x5B,
    0xFF, 0xFF, 0x7B, 0xFF, 0xFF, 0x7C, 0xFF, 0xFF, 0x7C, 0xFF, 0xFF, 0x7C, 0xFF, 0xFF, 0x9C, 0xFF,
    0xFF, 0x9C, 0xFF, 0xFF, 0x7B, 0xFF, 0xFF, 0x7B, 0xFF, 0xFF, 0x9B, 0xFF, 0xFF, 0x7B, 0xFF, 0xFF,
    0x5B, 0xFF, 0xF7, 0x3A, 0xFF, 0xFF, 0x5B, 0xFF, 0xFF, 0x7B, 0xFF, 0xFF, 0x7B, 0xFF, 0xFF, 0x9C,
    0xFF, 0xFF, 0x9C, 0xFF, 0xFF, 0x9C, 0xFF, 0xFF, 0x9C, 0xFF, 0xFF, 0x9C, 0xFF, 0xFF, 0x9C, 0xFF,
    0xFF, 0x9C, 0xFF, 0xFF, 0x9C, 0xFF, 0xFF, 0x9C, 0xFF, 0xFF, 0x9C, 0xFF, 0xFF, 0x9C, 0xFF, 0xFF,
    0x9C, 0xFF, 0xFF, 0x9C, 0xFF, 0xFF, 0x9C, 0xFF, 0xFF, 0x9C, 0xFF, 0xFF, 0x9C, 0xFF, 0xFF, 0x9C,
    0xFF, 0xFF, 0x9C, 0xFF, 0xFF, 0x9C, 0xFF, 0xFF, 0x7C, 0xFF, 0xFF, 0x7C, 0xFF, 0xFF, 0x9C, 0xFF,
    0xFF, 0x9C, 0xFF, 0xFF, 0x9C, 0xFF, 0xFF, 0x9C, 0xFF, 0xFF, 0x7C, 0xFF, 0xFF, 0x7B, 0xFF, 0xFF,
    0x7C, 0xFF, 0xFF, 0x7C, 0xFF, 0xFF, 0x7B, 0xFF, 0xFF, 0x7C, 0xFF, 0xFF, 0x7C, 0xFF, 0xFF, 0x7C,
    0xFF, 0xFF, 0x7C, 0xFF, 0xFF, 0x7B, 0xFF, 0xFF, 0x7B, 0xFF, 0xFF, 0x7B, 0xFF, 0xFF, 0x5B, 0xFF,
    0xFF, 0x5B, 0xFF, 0xFF, 0x5B, 0xFF, 0xFF, 0x5B, 0xFF, 0xFF, 0x3B, 0xFF, 0xFF, 0x5B, 0xFF, 0xFF,
    0x5B, 0xFF, 0xFF, 0x5B, 0xFF, 0xFF, 0x5B, 0xFF, 0xFF, 0x5B, 0xFF, 0xFF, 0x5B, 0xFF, 0xFF, 0x5B,
    0xFF, 0xFF, 0x3A, 0xFF, 0xFF, 0x3A, 0xFF, 0xFF, 0x3A, 0xFF, 0xFF, 0x3A, 0xFF, 0xFF, 0x3A, 0xFF,
    0xF7, 0x3A, 0xFF, 0xFF, 0xBD, 0xFF, 0xA4, 0xF3, 0xFF, 0x83, 0xCF, 0xFF, 0xEF, 0x3C, 0xFF, 0xFF,
    0xBE, 0xFF, 0xEF, 0x1C, 0xFF, 0xEF, 0x3C, 0xFF, 0xEF, 0x1C, 0xFF, 0xEF, 0x1C, 0xFF, 0xEF, 0x3C,
    0xFF, 0xEF, 0x3C, 0xFF, 0xE6, 0xDB, 0xFF, 0xC5, 0xF8, 0xFF, 0x94, 0x52, 0xFF, 0x8C, 0x11, 0xFF,
    0xDE, 0x9A, 0xFF, 0xF7, 0x7D, 0xFF, 0xEF, 0x3C, 0xFF, 0xEF, 0x3C, 0xFF, 0xEF, 0x3C, 0xFF, 0xEF,
    0x3C, 0xFF, 0xEF, 0x3C, 0xFF, 0xEF, 0x3C, 0xFF, 0xE7, 0x1C, 0xFF, 0xE7, 0x1C, 0xFF, 0xEF, 0x3C,
    0xFF, 0xFF, 0xDF, 0xFF, 0xB5, 0x76, 0xFF, 0x73, 0x8D, 0xFF, 0xDE, 0xDB, 0xFF, 0xFF, 0xFF, 0xFF,
    0xF7, 0x9D, 0xFF, 0xFF, 0xFF, 0xFF, 0xDE, 0xDB, 0xFF, 0x94, 0x2F, 0xFF, 0xBD, 0xD7, 0xFF, 0xFF,
    0xDF, 0xFF, 0xEF, 0x3C, 0xFF, 0xEF, 0x3C, 0xFF, 0xEF, 0x3C, 0xFF, 0xEF, 0x1C, 0xFF, 0xEF, 0x1C,
    0xFF, 0xE6, 0xDB, 0xFF, 0xEF, 0x5D, 0xFF, 0xC6, 0x18, 0xFF, 0x83, 0xCE, 0xFF, 0x62, 0x68, 0xFF,
    0x39, 0x64, 0xFF, 0x83, 0xCF, 0xFF, 0xFF, 0xBE, 0xFF, 0xEF, 0x1C, 0xFF, 0xEF, 0x3C, 0xFF, 0xEF,
    0x3C, 0xFF, 0xEF, 0x5C, 0xFF, 0xEF, 0x5C, 0xFF, 0xEF, 0x5C, 0xFF, 0xEF, 0x5D, 0xFF, 0xEF, 0x5D,
    0xFF, 0xEF, 0x3C, 0xFF, 0xEF, 0x3C, 0xFF, 0xEF, 0x3C, 0xFF, 0xF7, 0x7D, 0xFF, 0xE6, 0xFB, 0xFF,
    0x00, 0x20, 0x21, 0x00, 0x00, 0x04, 0x00, 0x00, 0x00, 0x00, 0x00, 0x01, 0xFF, 0xFF, 0x01, 0x00,
    0x00, 0x00, 0x39, 0xE8, 0x3D, 0xCE, 0x39, 0xB7, 0xFF, 0xFF, 0xFD, 0xE7, 0x1C, 0xFD, 0xEF, 0x5D,
    0xFF, 0xEF, 0x3D, 0xFF, 0xCE, 0x39, 0xFF, 0xAD, 0x15, 0xFF, 0xC5, 0xF8, 0xFF, 0xF7, 0x7E, 0xFF,
    0xCE, 0x39, 0xFF, 0xB5, 0x98, 0xFF, 0x7B, 0xD0, 0xFF, 0x6A, 0x28, 0xFF, 0xCD, 0x12, 0xFF, 0xFF,
    0xFD, 0xFF, 0xBD, 0x95, 0xFF, 0x5A, 0x69, 0xFF, 0xE6, 0xFC, 0xFF, 0xE6, 0xDB, 0xFF, 0xAD, 0x35,
    0xFF, 0xD6, 0x59, 0xFF, 0xF7, 0x7D, 0xFF, 0xF7, 0x7D, 0xFF, 0xF7, 0x5D, 0xFF, 0xEF, 0x5D, 0xFF,
    0xF7, 0x7E, 0xFF, 0xF7, 0x5D, 0xFF, 0xC5, 0xD7, 0xFF, 0xAD, 0x35, 0xFF, 0xEF, 0x1C, 0xFF, 0xEF,
    0x3D, 0xFF, 0xEF, 0x1C, 0xFF, 0xEF, 0x1C, 0xFF, 0xEF, 0x1C, 0xFF, 0xEF, 0x1C, 0xFF, 0xEF, 0x3C,
    0xFF, 0xEF, 0x5D, 0xFF, 0xEF, 0x3C, 0xFF, 0xF7, 0x9E, 0xFF, 0xFF, 0xDF, 0xFF, 0xAD, 0x34, 0xFF,
    0x4A, 0x28, 0xFF, 0xF7, 0x9E, 0xFF, 0xFF, 0xDE, 0xFF, 0xDE, 0xDA, 0xFF, 0xFF, 0xDD, 0xFF, 0xFF,
    0x9C, 0xFF, 0xF7, 0x1A, 0xFF, 0xFF, 0x5B, 0xFF, 0xFF, 0x7B, 0xFF, 0xFF, 0x7B, 0xFF, 0xFF, 0x5B,
    0xFF, 0xFF, 0x5B, 0xFF, 0xFF, 0x5B, 0xFF, 0xFF, 0x5B, 0xFF, 0xFF, 0x5A, 0xFF, 0xFF, 0x5B, 0xFF,
    0xFF, 0x5B, 0xFF, 0xFF, 0x5B, 0xFF, 0xFF, 0x5B, 0xFF, 0xFF, 0x5B, 0xFF, 0xFF, 0x7B, 0xFF, 0xFF,
    0x7C, 0xFF, 0xFF, 0x7C, 0xFF, 0xFF, 0x7C, 0xFF, 0xFF, 0x9C, 0xFF, 0xFF, 0x9C, 0xFF, 0xFF, 0x7C,
    0xFF, 0xFF, 0x9C, 0xFF, 0xFF, 0x7B, 0xFF, 0xFF, 0x7B, 0xFF, 0xFF, 0x9C, 0xFF, 0xFF, 0x9C, 0xFF,
    0xFF, 0x9C, 0xFF, 0xFF, 0x7C, 0xFF, 0xFF, 0x9C, 0xFF, 0xFF, 0x9C, 0xFF, 0xFF, 0x9C, 0xFF, 0xFF,
    0x9C, 0xFF, 0xFF, 0x9C, 0xFF, 0xFF, 0x9C, 0xFF, 0xFF, 0x9C, 0xFF, 0xFF, 0x9C, 0xFF, 0xFF, 0x9C,
    0xFF, 0xFF, 0x9C, 0xFF, 0xFF, 0x9C, 0xFF, 0xFF, 0x9C, 0xFF, 0xFF, 0x9D, 0xFF, 0xFF, 0x9C, 0xFF,
    0xFF, 0x9C, 0xFF, 0xFF, 0x9C, 0xFF, 0xFF, 0x9C, 0xFF, 0xFF, 0x9C, 0xFF, 0xFF, 0x9C, 0xFF, 0xFF,
    0x9C, 0xFF, 0xFF, 0x9C, 0xFF, 0xFF, 0x9C, 0xFF, 0xFF, 0x9C, 0xFF, 0xFF, 0x7C, 0xFF, 0xFF, 0x7C,
    0xFF, 0xFF, 0x9C, 0xFF, 0xFF, 0x7C, 0xFF, 0xFF, 0x7C, 0xFF, 0xFF, 0x7B, 0xFF, 0xFF, 0x7B, 0xFF,
    0xFF, 0x7C, 0xFF, 0xFF, 0x7C, 0xFF, 0xFF, 0x7C, 0xFF, 0xFF, 0x7B, 0xFF, 0xFF, 0x7B, 0xFF, 0xFF,
    0x7B, 0xFF, 0xFF, 0x5B, 0xFF, 0xFF, 0x5B, 0xFF, 0xFF, 0x5B, 0xFF, 0xFF, 0x5B, 0xFF, 0xFF, 0x3B,
    0xFF, 0xFF, 0x3A, 0xFF, 0xFF, 0x3B, 0xFF, 0xFF, 0x3B, 0xFF, 0xFF, 0x3B, 0xFF, 0xFF, 0x3B, 0xFF,
    0xFF, 0x3A, 0xFF, 0xFF, 0x3A, 0xFF, 0xFF, 0x3A, 0xFF, 0xFF, 0x3A, 0xFF, 0xFF, 0x3A, 0xFF, 0xFF,
    0x1A, 0xFF, 0xFF, 0x3A, 0xFF, 0xFF, 0x3A, 0xFF, 0xFF, 0x7C, 0xFF, 0xF7, 0x7C, 0xFF, 0x7B, 0x8E,
    0xFF, 0xBD, 0xD7, 0xFF, 0xFF, 0xBE, 0xFF, 0xF7, 0x9D, 0xFF, 0xEF, 0x3C, 0xFF, 0xEF, 0x3C, 0xFF,
    0xEF, 0x3C, 0xFF, 0xEF, 0x3C, 0xFF, 0xEF, 0x3C, 0xFF, 0xE6, 0xDB, 0xFF, 0xCE, 0x18, 0xFF, 0xA4,
    0xB4, 0xFF, 0x83, 0xD0, 0xFF, 0xC5, 0xD7, 0xFF, 0xF7, 0x5D, 0xFF, 0xEF, 0x5D, 0xFF, 0xEF, 0x3C,
    0xFF, 0xEF, 0x3D, 0xFF, 0xEF, 0x3D, 0xFF, 0xEF, 0x3C, 0xFF, 0xEF, 0x3C, 0xFF, 0xEF, 0x1C, 0xFF,
    0xE6, 0xFC, 0xFF, 0xE6, 0xFC, 0xFF, 0xEF, 0x3C, 0xFF, 0xFF, 0xDE, 0xFF, 0x9C, 0xD3, 0xFF, 0x7B,
    0xAE, 0xFF, 0xE7, 0x1B, 0xFF, 0xFF, 0xFF, 0xFF, 0xF7, 0x9E, 0xFF, 0xFF, 0xFF, 0xFF, 0xEF, 0x5D,
    0xFF, 0xA4, 0xD2, 0xFF, 0xA4, 0xF3, 0xFF, 0xFF, 0xFF, 0xFF, 0xEF, 0x3C, 0xFF, 0xEF, 0x3D, 0xFF,
    0xEF, 0x3C, 0xFF, 0xEF, 0x3C, 0xFF, 0xEF, 0x3C, 0xFF, 0xDE, 0xDB, 0xFF, 0xE7, 0x1C, 0xFF, 0xD6,
    0x9A, 0xFF, 0x5A, 0x89, 0xFF, 0x00, 0x00, 0xFF, 0x73, 0x2C, 0xFF, 0xF7, 0x7D, 0xFF, 0xEF, 0x5C,
    0xFF, 0xE7, 0x1C, 0xFF, 0xEF, 0x1C, 0xFF, 0xEF, 0x3C, 0xFF, 0xEF, 0x3C, 0xFF, 0xEF, 0x5D, 0xFF,
    0xEF, 0x5D, 0xFF, 0xEF, 0x5D, 0xFF, 0xEF, 0x3C, 0xFF, 0xEF, 0x3C, 0xFF, 0xEF, 0x1C, 0xFF, 0xEF,
    0x5D, 0xFF, 0xF7, 0x9E, 0xFF, 0xB5, 0x75, 0xFF, 0x00, 0x20, 0x21, 0x00, 0x00, 0x04, 0x00, 0x00,
    0x00, 0x00, 0x00, 0x01, 0xFF, 0xFF, 0x01, 0x00, 0x00, 0x03, 0x83, 0xEF, 0x5C, 0xDE, 0xBB, 0xD5,
    0xFF, 0xBE, 0xFD, 0xE7, 0x1C, 0xFE, 0xEF, 0x3D, 0xFF, 0xEF, 0x3C, 0xFF, 0xCE, 0x39, 0xFF, 0xA4,
    0xF5, 0xFF, 0xBD, 0xB7, 0xFF, 0xEF, 0x5D, 0xFF, 0xCE, 0x19, 0xFF, 0xAD, 0x77, 0xFF, 0x6B, 0x0D,
    0xFF, 0x7A, 0x48, 0xFF, 0xE5, 0xF5, 0xFF, 0xFF, 0xFE, 0xFF, 0xD6, 0x58, 0xFF, 0x5A, 0x69, 0xFF,
    0xC5, 0xD7, 0xFF, 0xEF, 0x3D, 0xFF, 0xB5, 0x56, 0xFF, 0xC5, 0xD7, 0xFF, 0xEF, 0x3D, 0xFF, 0xF7,
    0x7E, 0xFF, 0xF7, 0x5D, 0xFF, 0xF7, 0x5D, 0xFF, 0xEF, 0x5D, 0xFF, 0xF7, 0x9D, 0xFF, 0xE6, 0xDB,
    0xFF, 0xA4, 0xF4, 0xFF, 0xBD, 0x96, 0xFF, 0xEF, 0x1C, 0xFF, 0xEF, 0x3C, 0xFF, 0xEF, 0x1C, 0xFF,
    0xEF, 0x1C, 0xFF, 0xEF, 0x1C, 0xFF, 0xEF, 0x3C, 0xFF, 0xEF, 0x3C, 0xFF, 0xEF, 0x5D, 0xFF, 0xEF,
    0x5D, 0xFF, 0xFF, 0xFF, 0xFF, 0xEF, 0x5D, 0xFF, 0x6B, 0x2C, 0xFF, 0x84, 0x0F, 0xFF, 0xFF, 0xDF,
    0xFF, 0xFF, 0xFF, 0xFF, 0xF7, 0x7B, 0xFF, 0xFF, 0x3A, 0xFF, 0xFF, 0x5A, 0xFF, 0xFF, 0x3A, 0xFF,
    0xFF, 0x5B, 0xFF, 0xFF, 0x5B, 0xFF, 0xFF, 0x5B, 0xFF, 0xFF, 0x5B, 0xFF, 0xFF, 0x5B, 0xFF, 0xFF,
    0x3B, 0xFF, 0xFF, 0x3A, 0xFF, 0xFF, 0x3A, 0xFF, 0xFF, 0x3B, 0xFF, 0xFF, 0x5B, 0xFF, 0xFF, 0x5B,
    0xFF, 0xFF, 0x5B, 0xFF, 0xFF, 0x7B, 0xFF, 0xFF, 0x7B, 0xFF, 0xFF, 0x7B, 0xFF, 0xFF, 0x7C, 0xFF,
    0xFF, 0x7C, 0xFF, 0xFF, 0x9C, 0xFF, 0xFF, 0x7C, 0xFF, 0xFF, 0x9C, 0xFF, 0xFF, 0x9C, 0xFF, 0xFF,
    0x7B, 0xFF, 0xFF, 0x9C, 0xFF, 0xFF, 0x7C, 0xFF, 0xFF, 0x7C, 0xFF, 0xFF, 0x9C, 0xFF, 0xFF, 0x9C,
    0xFF, 0xFF, 0x9C, 0xFF, 0xFF, 0x9C, 0xFF, 0xFF, 0x9C, 0xFF, 0xFF, 0x9C, 0xFF, 0xFF, 0x9C, 0xFF,
    0xFF, 0x9C, 0xFF, 0xFF, 0x9C, 0xFF, 0xFF, 0x9C, 0xFF, 0xFF, 0x9C, 0xFF, 0xFF, 0x9D, 0xFF, 0xFF,
    0xBE, 0xFF, 0xFF, 0xDE, 0xFF, 0xFF, 0xDE, 0xFF, 0xFF, 0x9D, 0xFF, 0xFF, 0x9C, 0xFF, 0xFF, 0x9C,
    0xFF, 0xFF, 0x9C, 0xFF, 0xFF, 0x9C, 0xFF, 0xFF, 0x9C, 0xFF, 0xFF, 0x9C, 0xFF, 0xFF, 0x9C, 0xFF,
    0xFF, 0x9C, 0xFF, 0xFF, 0x7C, 0xFF, 0xFF, 0x7C, 0xFF, 0xFF, 0x9C, 0xFF, 0xFF, 0x7C, 0xFF, 0xFF,
    0x7C, 0xFF, 0xFF, 0x7C, 0xFF, 0xFF, 0x7C, 0xFF, 0xFF, 0x7C, 0xFF, 0xFF, 0x7C, 0xFF, 0xFF, 0x7B,
    0xFF, 0xFF, 0x7B, 0xFF, 0xFF, 0x7B, 0xFF, 0xFF, 0x5B, 0xFF, 0xFF, 0x5B, 0xFF, 0xFF, 0x5B, 0xFF,
    0xFF, 0x5B, 0xFF, 0xFF, 0x3B, 0xFF, 0xFF, 0x3A, 0xFF, 0xFF, 0x3A, 0xFF, 0xFF, 0x3A, 0xFF, 0xFF,
    0x3B, 0xFF, 0xFF, 0x3B, 0xFF, 0xFF, 0x3A, 0xFF, 0xFF, 0x3A, 0xFF, 0xFF, 0x3A, 0xFF, 0xFF, 0x3A,
    0xFF, 0xFF, 0x3A, 0xFF, 0xFF, 0x1A, 0xFF, 0xFF, 0x1A, 0xFF, 0xFF, 0x1A, 0xFF, 0xFF, 0x5B, 0xFF,
    0xFF, 0xBD, 0xFF, 0xB5, 0x75, 0xFF, 0x8C, 0x30, 0xFF, 0xEF, 0x7D, 0xFF, 0xF7, 0xBE, 0xFF, 0xEF,
    0x5D, 0xFF, 0xEF, 0x5D, 0xFF, 0xEF, 0x5C, 0xFF, 0xF7, 0x5D, 0xFF, 0xEF, 0x3C, 0xFF, 0xDE, 0xBB,
    0xFF, 0xC6, 0x18, 0xFF, 0xA4, 0xD4, 0xFF, 0x83, 0xD0, 0xFF, 0xB5, 0x55, 0xFF, 0xEF, 0x1C, 0xFF,
    0xF7, 0x5D, 0xFF, 0xEF, 0x3C, 0xFF, 0xEF, 0x3D, 0xFF, 0xEF, 0x3C, 0xFF, 0xEF, 0x3C, 0xFF, 0xEF,
    0x3C, 0xFF, 0xEF, 0x3C, 0xFF, 0xEF, 0x3C, 0xFF, 0xE6, 0xFC, 0xFF, 0xE7, 0x1C, 0xFF, 0xEF, 0x5D,
    0xFF, 0xFF, 0xBF, 0xFF, 0x83, 0xEF, 0xFF, 0x8C, 0x30, 0xFF, 0xEF, 0x5D, 0xFF, 0xFF, 0xFF, 0xFF,
    0xF7, 0x9E, 0xFF, 0xFF, 0xDF, 0xFF, 0xFF, 0xDE, 0xFF, 0xBD, 0xD6, 0xFF, 0x9C, 0x91, 0xFF, 0xFF,
    0xDF, 0xFF, 0xEF, 0x3D, 0xFF, 0xEF, 0x5D, 0xFF, 0xEF, 0x3D, 0xFF, 0xEF, 0x3C, 0xFF, 0xEF, 0x3C,
    0xFF, 0xDE, 0xBA, 0xFF, 0xE7, 0x1C, 0xFF, 0xC6, 0x18, 0xFF, 0x52, 0x69, 0xFF, 0x62, 0xCA, 0xFF,
    0xF7, 0x9D, 0xFF, 0xF7, 0x9E, 0xFF, 0xE6, 0xFB, 0xFF, 0xEF, 0x1C, 0xFF, 0xEF, 0x1C, 0xFF, 0xEF,
    0x3C, 0xFF, 0xEF, 0x3C, 0xFF, 0xEF, 0x5C, 0xFF, 0xEF, 0x5C, 0xFF, 0xEF, 0x3C, 0xFF, 0xEF, 0x3C,
    0xFF, 0xEF, 0x3C, 0xFF, 0xEF, 0x1C, 0xFF, 0xF7, 0x7D, 0xFF, 0xEF, 0x5D, 0xF4, 0x6B, 0x4D, 0xCD,
    0x00, 0x20, 0x21, 0x00, 0x00, 0x04, 0x00, 0x00, 0x00, 0x00, 0x00, 0x01, 0xFF, 0xFF, 0x02, 0x08,
    0x00, 0x18, 0xAC, 0xD2, 0x84, 0xEF, 0x3C, 0xEE, 0xF7, 0x9E, 0xFD, 0xEF, 0x1C, 0xFE, 0xEF, 0x3C,
    0xFF, 0xEF, 0x3C, 0xFF, 0xCE, 0x39, 0xFF, 0xAC, 0xF5, 0xFF, 0xBD, 0x77, 0xFF, 0xE6, 0xDC, 0xFF,
    0xC5, 0xD8, 0xFF, 0xA5, 0x36, 0xFF, 0x6A, 0xAB, 0xFF, 0x8A, 0xCA, 0xFF, 0xFE, 0xD8, 0xFF, 0xFF,
    0xFE, 0xFF, 0xEF, 0x3B, 0xFF, 0x73, 0x4C, 0xFF, 0x8C, 0x31, 0xFF, 0xEF, 0x3D, 0xFF, 0xBD, 0x76,
    0xFF, 0xBD, 0x76, 0xFF, 0xE6, 0xFC, 0xFF, 0xF7, 0x7E, 0xFF, 0xEF, 0x5D, 0xFF, 0xEF, 0x5D, 0xFF,
    0xEF, 0x3C, 0xFF, 0xEF, 0x5D, 0xFF, 0xEF, 0x5D, 0xFF, 0xCE, 0x18, 0xFF, 0x9C, 0x72, 0xFF, 0xC5,
    0xD8, 0xFF, 0xEF, 0x1C, 0xFF, 0xEF, 0x3C, 0xFF, 0xEF, 0x1C, 0xFF, 0xEF, 0x1C, 0xFF, 0xEF, 0x3C,
    0xFF, 0xEF, 0x3D, 0xFF, 0xEF, 0x5D, 0xFF, 0xEF, 0x5D, 0xFF, 0xF7, 0x9E, 0xFF, 0xFF, 0xDF, 0xFF,
    0xCE, 0x59, 0xFF, 0x62, 0xAA, 0xFF, 0xDE, 0xB9, 0xFF, 0xFF, 0xBC, 0xFF, 0xFF, 0x7B, 0xFF, 0xFF,
    0x3A, 0xFF, 0xFF, 0x3A, 0xFF, 0xFF, 0x3A, 0xFF, 0xFF, 0x3A, 0xFF, 0xFF, 0x3A, 0xFF, 0xFF, 0x3A,
    0xFF, 0xFF, 0x3B, 0xFF, 0xFF, 0x3A, 0xFF, 0xFF, 0x3A, 0xFF, 0xFF, 0x3A, 0xFF, 0xFF, 0x3A, 0xFF,
    0xFF, 0x3A, 0xFF, 0xFF, 0x3A, 0xFF, 0xFF, 0x3A, 0xFF, 0xFF, 0x5B, 0xFF, 0xFF, 0x5B, 0xFF, 0xFF,
    0x5B, 0xFF, 0xFF, 0x7B, 0xFF, 0xFF, 0x7B, 0xFF, 0xFF, 0x7C, 0xFF, 0xFF, 0x7C, 0xFF, 0xFF, 0x7C,
    0xFF, 0xFF, 0x7C, 0xFF, 0xFF, 0x7C, 0xFF, 0xFF, 0x7C, 0xFF, 0xFF, 0x7C, 0xFF, 0xFF, 0x7C, 0xFF,
    0xFF, 0x7C, 0xFF, 0xFF, 0x9C, 0xFF, 0xFF, 0x9C, 0xFF, 0xFF, 0x9C, 0xFF, 0xFF, 0x9C, 0xFF, 0xFF,
    0x9C, 0xFF, 0xFF, 0x9C, 0xFF, 0xFF, 0x9C, 0xFF, 0xFF, 0x9C, 0xFF, 0xFF, 0x9C, 0xFF, 0xFF, 0x9C,
    0xFF, 0xFF, 0x9C, 0xFF, 0xFF, 0xBE, 0xFF, 0xFF, 0xDE, 0xFF, 0xFF, 0xDE, 0xFF, 0xFF, 0xDE, 0xFF,
    0xFF, 0xDD, 0xFF, 0xFF, 0x9C, 0xFF, 0xFF, 0x9C, 0xFF, 0xFF, 0x9C, 0xFF, 0xFF, 0x9C, 0xFF, 0xFF,
    0x9C, 0xFF, 0xFF, 0x9C, 0xFF, 0xFF, 0x9C, 0xFF, 0xFF, 0x7C, 0xFF, 0xFF, 0x7C, 0xFF, 0xFF, 0x9C,
    0xFF, 0xFF, 0x9C, 0xFF, 0xFF, 0x7C, 0xFF, 0xFF, 0x7C, 0xFF, 0xFF, 0x9C, 0xFF, 0xFF, 0x9C, 0xFF,
    0xFF, 0x7C, 0xFF, 0xFF, 0x7C, 0xFF, 0xFF, 0x7B, 0xFF, 0xFF, 0x7B, 0xFF, 0xFF, 0x7B, 0xFF, 0xFF,
    0x5B, 0xFF, 0xFF, 0x5B, 0xFF, 0xFF, 0x5B, 0xFF, 0xFF, 0x3B, 0xFF, 0xFF, 0x3A, 0xFF, 0xFF, 0x3A,
    0xFF, 0xFF, 0x3A, 0xFF, 0xFF, 0x3A, 0xFF, 0xFF, 0x3A, 0xFF, 0xFF, 0x3A, 0xFF, 0xFF, 0x3A, 0xFF,
    0xFF, 0x3A, 0xFF, 0xFF, 0x1A, 0xFF, 0xFF, 0x1A, 0xFF, 0xFF, 0x1A, 0xFF, 0xFF, 0x1A, 0xFF, 0xFF,
    0x19, 0xFF, 0xFF, 0x1A, 0xFF, 0xFF, 0x7C, 0xFF, 0xE6, 0xFA, 0xFF, 0x83, 0xCE, 0xFF, 0xCE, 0x79,
    0xFF, 0xFF, 0xBF, 0xFF, 0xF7, 0x7E, 0xFF, 0xEF, 0x7D, 0xFF, 0xF7, 0x7D, 0xFF, 0xF7, 0x7D, 0xFF,
    0xEF, 0x1C, 0xFF, 0xD6, 0x7A, 0xFF, 0xC5, 0xD8, 0xFF, 0xA4, 0xB4, 0xFF, 0x83, 0xB0, 0xFF, 0xAC,
    0xF4, 0xFF, 0xDE, 0xBB, 0xFF, 0xF7, 0x5D, 0xFF, 0xEF, 0x3C, 0xFF, 0xEF, 0x3C, 0xFF, 0xEF, 0x3C,
    0xFF, 0xEF, 0x3C, 0xFF, 0xEF, 0x3C, 0xFF, 0xEF, 0x3C, 0xFF, 0xEF, 0x3C, 0xFF, 0xEF, 0x3C, 0xFF,
    0xE7, 0x1C, 0xFF, 0xEF, 0x3C, 0xFF, 0xF7, 0x7D, 0xFF, 0xF7, 0x9E, 0xFF, 0x73, 0x6D, 0xFF, 0xA5,
    0x13, 0xFF, 0xF7, 0xBE, 0xFF, 0xFF, 0xFF, 0xFF, 0xF7, 0xBE, 0xFF, 0xFF, 0xDF, 0xFF, 0xFF, 0xFF,
    0xFF, 0xD6, 0x78, 0xFF, 0x94, 0x51, 0xFF, 0xF7, 0x9E, 0xFF, 0xEF, 0x5D, 0xFF, 0xEF, 0x5D, 0xFF,
    0xEF, 0x5D, 0xFF, 0xEF, 0x5D, 0xFF, 0xEF, 0x3C, 0xFF, 0xDE, 0x9A, 0xFF, 0xE7, 0x1C, 0xFF, 0xAD,
    0x35, 0xFF, 0x7B, 0x8E, 0xFF, 0xD6, 0x59, 0xFF, 0xFF, 0xFF, 0xFF, 0xE6, 0xFB, 0xFF, 0xEF, 0x3C,
    0xFF, 0xEF, 0x3C, 0xFF, 0xEF, 0x3C, 0xFF, 0xEF, 0x3C, 0xFF, 0xEF, 0x3C, 0xFF, 0xEF, 0x3C, 0xFF,
    0xEF, 0x3C, 0xFF, 0xEF, 0x3C, 0xFF, 0xEF, 0x3C, 0xFF, 0xEF, 0x1C, 0xFE, 0xEF, 0x3C, 0xFF, 0xF7,
    0x7D, 0xFC, 0xDE, 0xDA, 0xBF, 0x21, 0x04, 0x5C, 0x00, 0x20, 0x21, 0x00, 0x00, 0x04, 0x00, 0x00,
    0x00, 0x7B, 0xEF, 0x02, 0x33, 0x33, 0x05, 0x38, 0x20, 0x36, 0xBD, 0x33, 0xAC, 0xEF, 0x5D, 0xFD,
    0xEF, 0x5D, 0xFE, 0xE6, 0xFC, 0xFE, 0xEF, 0x3C, 0xFF, 0xEF, 0x1C, 0xFF, 0xCE, 0x39, 0xFF, 0xAD,
    0x15, 0xFF, 0xB5, 0x56, 0xFF, 0xCE, 0x19, 0xFF, 0xC5, 0xD8, 0xFF, 0x9C, 0xF5, 0xFF, 0x62, 0x6A,
    0xFF, 0xA3, 0xCD, 0xFF, 0xFF, 0xBC, 0xFF, 0xFF, 0xFE, 0xFF, 0xF7, 0xBE, 0xFF, 0x94, 0x91, 0xFF,
    0x52, 0x49, 0xFF, 0xDE, 0xBB, 0xFF, 0xBD, 0xB7, 0xFF, 0xB5, 0x56, 0xFF, 0xD6, 0x7A, 0xFF, 0xF7,
    0x5D, 0xFF, 0xF7, 0x5D, 0xFF, 0xEF, 0x3C, 0xFF, 0xEF, 0x3C, 0xFF, 0xEF, 0x3C, 0xFF, 0xEF, 0x5C,
    0xFF, 0xE7, 0x1C, 0xFF, 0xAD, 0x35, 0xFF, 0x9C, 0x93, 0xFF, 0xCE, 0x19, 0xFF, 0xEF, 0x3C, 0xFF,
    0xEF, 0x5D, 0xFF, 0xEF, 0x3D, 0xFF, 0xEF, 0x3D, 0xFF, 0xEF, 0x5D, 0xFF, 0xEF, 0x5D, 0xFF, 0xF7,
    0x7D, 0xFF, 0xEF, 0x5D, 0xFF, 0xF7, 0xBE, 0xFF, 0xFF, 0xDE, 0xFF, 0xA5, 0x13, 0xFF, 0x8C, 0x50,
    0xFF, 0xF7, 0x9C, 0xFF, 0xFF, 0x9B, 0xFF, 0xFF, 0x1A, 0xFF, 0xFF, 0x3A, 0xFF, 0xFF, 0x3A, 0xFF,
    0xFF, 0x3A, 0xFF, 0xFF, 0x3A, 0xFF, 0xFF, 0x3A, 0xFF, 0xFF, 0x3A, 0xFF, 0xFF, 0x3A, 0xFF, 0xFF,
    0x3A, 0xFF, 0xFF, 0x3A, 0xFF, 0xFF, 0x3A, 0xFF, 0xFF, 0x3A, 0xFF, 0xFF, 0x3A, 0xFF, 0xFF, 0x3A,
    0xFF, 0xFF, 0x3B, 0xFF, 0xFF, 0x5B, 0xFF, 0xFF, 0x5B, 0xFF, 0xFF, 0x5B, 0xFF, 0xFF, 0x7B, 0xFF,
    0xFF, 0x7C, 0xFF, 0xFF, 0x7C, 0xFF, 0xFF, 0x7C, 0xFF, 0xFF, 0x7C, 0xFF, 0xFF, 0x9C, 0xFF, 0xFF,
    0x9C, 0xFF, 0xFF, 0x9C, 0xFF, 0xFF, 0x9C, 0xFF, 0xFF, 0x9C, 0xFF, 0xFF, 0x9C, 0xFF, 0xFF, 0x9C,
    0xFF, 0xFF, 0x9C, 0xFF, 0xFF, 0x9C, 0xFF, 0xFF, 0x9C, 0xFF, 0xFF, 0x9C, 0xFF, 0xFF, 0x9C, 0xFF,
    0xFF, 0x9C, 0xFF, 0xFF, 0x9C, 0xFF, 0xFF, 0x9C, 0xFF, 0xFF, 0x9C, 0xFF, 0xFF, 0xDD, 0xFF, 0xFF,
    0x7C, 0xFF, 0xF7, 0x3B, 0xFF, 0xFF, 0x9D, 0xFF, 0xFF, 0xBD, 0xFF, 0xFF, 0x9C, 0xFF, 0xFF, 0x9C,
    0xFF, 0xFF, 0x9C, 0xFF, 0xFF, 0x9C, 0xFF, 0xFF, 0x9C, 0xFF, 0xFF, 0x9C, 0xFF, 0xFF, 0x9C, 0xFF,
    0xFF, 0x9C, 0xFF, 0xFF, 0x9C, 0xFF, 0xFF, 0x9C, 0xFF, 0xFF, 0x9C, 0xFF, 0xFF, 0x9C, 0xFF, 0xFF,
    0x9C, 0xFF, 0xFF, 0x9C, 0xFF, 0xFF, 0x9C, 0xFF, 0xFF, 0x9C, 0xFF, 0xFF, 0x7C, 0xFF, 0xFF, 0x7B,
    0xFF, 0xFF, 0x7B, 0xFF, 0xFF, 0x7B, 0xFF, 0xFF, 0x5B, 0xFF, 0xFF, 0x5B, 0xFF, 0xFF, 0x5B, 0xFF,
    0xFF, 0x3B, 0xFF, 0xFF, 0x3A, 0xFF, 0xFF, 0x3A, 0xFF, 0xFF, 0x3A, 0xFF, 0xFF, 0x3A, 0xFF, 0xFF,
    0x3A, 0xFF, 0xFF, 0x3A, 0xFF, 0xFF, 0x3A, 0xFF, 0xFF, 0x3A, 0xFF, 0xFF, 0x1A, 0xFF, 0xFF, 0x1A,
    0xFF, 0xFF, 0x1A, 0xFF, 0xFF, 0x1A, 0xFF, 0xFE, 0xF9, 0xFF, 0xFF, 0x5A, 0xFF, 0xF7, 0x7C, 0xFF,
    0xA4, 0xD2, 0xFF, 0xA4, 0xF3, 0xFF, 0xFF, 0xDE, 0xFF, 0xF7, 0xBE, 0xFF, 0xF7, 0x7D, 0xFF, 0xF7,
    0x7E, 0xFF, 0xF7, 0x7D, 0xFF, 0xE6, 0xDC, 0xFF, 0xD6, 0x5A, 0xFF, 0xBD, 0xB7, 0xFF, 0x94, 0x73,
    0xFF, 0x7B, 0x8F, 0xFF, 0xA4, 0xF5, 0xFF, 0xCE, 0x39, 0xFF, 0xEF, 0x1C, 0xFF, 0xEF, 0x3C, 0xFF,
    0xEF, 0x3C, 0xFF, 0xEF, 0x3C, 0xFF, 0xEF, 0x3C, 0xFF, 0xEF, 0x3C, 0xFF, 0xEF, 0x3C, 0xFF, 0xEF,
    0x3C, 0xFF, 0xEF, 0x3C, 0xFF, 0xEF, 0x3C, 0xFF, 0xEF, 0x3C, 0xFF, 0xEF, 0x5D, 0xFF, 0xF7, 0x9E,
    0xFF, 0xE7, 0x1C, 0xFF, 0x73, 0x6D, 0xFF, 0xCE, 0x38, 0xFF, 0xFF, 0xFF, 0xFF, 0xFF, 0xFF, 0xFF,
    0xFF, 0xFF, 0xFF, 0xFF, 0xFF, 0xFF, 0xEF, 0x3B, 0xFF, 0x94, 0x0E, 0xFF, 0x6B, 0x2C, 0xFF, 0xF7,
    0x9E, 0xFF, 0xEF, 0x7D, 0xFF, 0xEF, 0x5D, 0xFF, 0xEF, 0x5D, 0xFF, 0xEF, 0x5D, 0xFF, 0xEF, 0x3C,
    0xFF, 0xDE, 0xBA, 0xFF, 0xE7, 0x1C, 0xFF, 0x9C, 0xB3, 0xFF, 0x7B, 0x8E, 0xFF, 0xE6, 0xFB, 0xFF,
    0xFF, 0xBE, 0xFF, 0xEF, 0x1C, 0xFF, 0xEF, 0x3C, 0xFF, 0xEF, 0x3C, 0xFF, 0xEF, 0x3C, 0xFF, 0xEF,
    0x3C, 0xFF, 0xEF, 0x3C, 0xFF, 0xEF, 0x3C, 0xFF, 0xEF, 0x3C, 0xFF, 0xEF, 0x3C, 0xFF, 0xEF, 0x3C,
    0xFF, 0xEF, 0x1C, 0xFF, 0xF7, 0x7D, 0xFF, 0xFF, 0x9E, 0xEE, 0xAD, 0x55, 0x94, 0x00, 0x20, 0x38,
    0x00, 0x20, 0x21, 0x00, 0x00, 0x04, 0x00, 0x00, 0x00, 0x7B, 0xEF, 0x02, 0x33, 0x33, 0x05, 0x28,
    0x00, 0x37, 0xBD, 0x55, 0xB0, 0xF7, 0x7E, 0xFF, 0xEF, 0x3C, 0xFD, 0xE6, 0xFB, 0xFE, 0xEF, 0x1C,
    0xFF, 0xEF, 0x1C, 0xFF, 0xD6, 0x59, 0xFF, 0xAD, 0x36, 0xFF, 0xB5, 0x56, 0xFF, 0xBD, 0xB7, 0xFF,
    0xC6, 0x19, 0xFF, 0x9C, 0xB4, 0xFF, 0x6A, 0x69, 0xFF, 0xBC, 0xB0, 0xFF, 0xFF, 0xFE, 0xFF, 0xFF,
    0xDE, 0xFF, 0xFF, 0xFF, 0xFF, 0xBD, 0xB6, 0xFF, 0x31, 0x45, 0xFF, 0xAD, 0x15, 0xFF, 0xC5, 0xD8,
    0xFF, 0xB5, 0x56, 0xFF, 0xC5, 0xD8, 0xFF, 0xE6, 0xFC, 0xFF, 0xF7, 0x5D, 0xFF, 0xEF, 0x1C, 0xFF,
    0xEF, 0x1C, 0xFF, 0xEF, 0x3C, 0xFF, 0xEF, 0x3C, 0xFF, 0xEF, 0x5D, 0xFF, 0xDE, 0xBA, 0xFF, 0x9C,
    0x73, 0xFF, 0xA4, 0xD4, 0xFF, 0xD6, 0x79, 0xFF, 0xEF, 0x3C, 0xFF, 0xF7, 0x5D, 0xFF, 0xF7, 0x7D,
    0xFF, 0xEF, 0x5D, 0xFF, 0xEF, 0x5D, 0xFF, 0xEF, 0x5D, 0xFF, 0xEF, 0x5D, 0xFF, 0xF7, 0x7D, 0xFF,
    0xF7, 0x9E, 0xFF, 0xEF, 0x5D, 0xFF, 0x8C, 0x30, 0xFF, 0xC5, 0xF6, 0xFF, 0xFF, 0xBC, 0xFF, 0xFF,
    0x5A, 0xFF, 0xFF, 0x19, 0xFF, 0xFF, 0x19, 0xFF, 0xFF, 0x19, 0xFF, 0xFF, 0x3A, 0xFF, 0xFF, 0x3A,
    0xFF, 0xFF, 0x3A, 0xFF, 0xFF, 0x3A, 0xFF, 0xFF, 0x3A, 0xFF, 0xFF, 0x3A, 0xFF, 0xFF, 0x3A, 0xFF,
    0xFF, 0x1A, 0xFF, 0xFF, 0x1A, 0xFF, 0xFF, 0x3A, 0xFF, 0xFF, 0x3A, 0xFF, 0xFF, 0x3B, 0xFF, 0xFF,
    0x5B, 0xFF, 0xFF, 0x5B, 0xFF, 0xFF, 0x5B, 0xFF, 0xFF, 0x7B, 0xFF, 0xFF, 0x7B, 0xFF, 0xFF, 0x7C,
    0xFF, 0xFF, 0x7C, 0xFF, 0xFF, 0x9C, 0xFF, 0xFF, 0x9C, 0xFF, 0xFF, 0x9C, 0xFF, 0xFF, 0x9C, 0xFF,
    0xFF, 0x7C, 0xFF, 0xFF, 0x7C, 0xFF, 0xFF, 0x9C, 0xFF, 0xFF, 0x9C, 0xFF, 0xFF, 0x9C, 0xFF, 0xFF,
    0x9C, 0xFF, 0xFF, 0x9C, 0xFF, 0xFF, 0x9C, 0xFF, 0xFF, 0x9C, 0xFF, 0xFF, 0x9C, 0xFF, 0xFF, 0x9C,
    0xFF, 0xFF, 0x9C, 0xFF, 0xFF, 0x9C, 0xFF, 0xFF, 0x7C, 0xFF, 0xFF, 0x5B, 0xFF, 0xFF, 0x7B, 0xFF,
    0xFF, 0x7C, 0xFF, 0xFF, 0x9C, 0xFF, 0xFF, 0x9C, 0xFF, 0xFF, 0x9C, 0xFF, 0xFF, 0x9C, 0xFF, 0xFF,
    0x9C, 0xFF, 0xFF, 0x9C, 0xFF, 0xFF, 0x9C, 0xFF, 0xFF, 0x9C, 0xFF, 0xFF, 0x7C, 0xFF, 0xFF, 0x7C,
    0xFF, 0xFF, 0x7C, 0xFF, 0xFF, 0x7C, 0xFF, 0xFF, 0x9C, 0xFF, 0xFF, 0x9C, 0xFF, 0xFF, 0x9C, 0xFF,
    0xFF, 0x9C, 0xFF, 0xFF, 0x7C, 0xFF, 0xFF, 0x7B, 0xFF, 0xFF, 0x7B, 0xFF, 0xFF, 0x7B, 0xFF, 0xFF,
    0x5B, 0xFF, 0xFF, 0x5B, 0xFF, 0xFF, 0x3B, 0xFF, 0xFF, 0x3A, 0xFF, 0xFF, 0x3A, 0xFF, 0xFF, 0x3A,
    0xFF, 0xFF, 0x3A, 0xFF, 0xFF, 0x3A, 0xFF, 0xFF, 0x3A, 0xFF, 0xFF, 0x3A, 0xFF, 0xFF, 0x3A, 0xFF,
    0xFF, 0x3A, 0xFF, 0xFF, 0x3A, 0xFF, 0xFF, 0x3A, 0xFF, 0xFF, 0x1A, 0xFF, 0xFE, 0xF9, 0xFF, 0xFF,
    0x1A, 0xFF, 0xFF, 0x7B, 0xFF, 0xCE, 0x17, 0xFF, 0x83, 0xEF, 0xFF, 0xEF, 0x5D, 0xFF, 0xF7, 0xBE,
    0xFF, 0xF7, 0x9E, 0xFF, 0xF7, 0x9E, 0xFF, 0xEF, 0x5D, 0xFF, 0xDE, 0xBB, 0xFF, 0xD6, 0x5A, 0xFF,
    0xBD, 0x97, 0xFF, 0x83, 0xF1, 0xFF, 0x7B, 0x90, 0xFF, 0xAD, 0x15, 0xFF, 0xC5, 0xD8, 0xFF, 0xE6,
    0xFC, 0xFF, 0xEF, 0x3C, 0xFF, 0xEF, 0x1C, 0xFF, 0xEF, 0x1C, 0xFF, 0xEF, 0x1C, 0xFF, 0xEF, 0x1C,
    0xFF, 0xEF, 0x3C, 0xFF, 0xEF, 0x3C, 0xFF, 0xEF, 0x3C, 0xFF, 0xEF, 0x5D, 0xFF, 0xEF, 0x3D, 0xFF,
    0xEF, 0x5D, 0xFF, 0xF7, 0x7D, 0xFF, 0xFF, 0xDF, 0xFF, 0xD6, 0x79, 0xFF, 0x8B, 0xCE, 0xFF, 0xE6,
    0xDA, 0xFF, 0xFF, 0xFF, 0xFF, 0xFF, 0x7C, 0xFF, 0xDE, 0x36, 0xFF, 0xA4, 0x0E, 0xFF, 0x49, 0x85,
    0xFF, 0x08, 0x20, 0xFF, 0x5A, 0x8A, 0xFF, 0xF7, 0x7E, 0xFF, 0xF7, 0x7D, 0xFF, 0xEF, 0x5D, 0xFF,
    0xEF, 0x5D, 0xFF, 0xEF, 0x5D, 0xFF, 0xE7, 0x1C, 0xFF, 0xDE, 0xBA, 0xFF, 0xE6, 0xDB, 0xFF, 0x94,
    0x51, 0xFF, 0x83, 0xCF, 0xFF, 0xEF, 0x5D, 0xFF, 0xF7, 0x7E, 0xFF, 0xEF, 0x3D, 0xFF, 0xEF, 0x5D,
    0xFF, 0xEF, 0x3C, 0xFF, 0xEF, 0x3C, 0xFF, 0xEF, 0x3C, 0xFF, 0xEF, 0x3C, 0xFF, 0xEF, 0x3C, 0xFF,
    0xEF, 0x3C, 0xFF, 0xEF, 0x3C, 0xFF, 0xEF, 0x3C, 0xFF, 0xEF, 0x1C, 0xFF, 0xFF, 0x9E, 0xFF, 0xF7,
    0x9E, 0xD6, 0x5A, 0xCB, 0x5C, 0x00, 0x00, 0x2C, 0x00, 0x20, 0x21, 0x00, 0x00, 0x04, 0x00, 0x00,
    0x00, 0x7B, 0xEF, 0x02, 0xFF, 0xFF, 0x02, 0x00, 0x00, 0x22, 0xBD, 0x96, 0x9E, 0xF7, 0x7E, 0xFF,
    0xE7, 0x1C, 0xFD, 0xE6, 0xFB, 0xFE, 0xEF, 0x1C, 0xFF, 0xEF, 0x3C, 0xFF, 0xD6, 0x7A, 0xFF, 0xB5,
    0x56, 0xFF, 0xB5, 0x56, 0xFF, 0xBD, 0x97, 0xFF, 0xCE, 0x59, 0xFF, 0x94, 0x73, 0xFF, 0x72, 0xAA,
    0xFF, 0xCD, 0x94, 0xFF, 0xFF, 0xFF, 0xFF, 0xF7, 0xBE, 0xFF, 0xFF, 0xFF, 0xFF, 0xE6, 0xFB, 0xFF,
    0x31, 0x45, 0xFF, 0x5A, 0xAB, 0xFF, 0xBD, 0xB7, 0xFF, 0xBD, 0x77, 0xFF, 0xB5, 0x56, 0xFF, 0xD6,
    0x5A, 0xFF, 0xEF, 0x1C, 0xFF, 0xEF, 0x3C, 0xFF, 0xEF, 0x1C, 0xFF, 0xEF, 0x3C, 0xFF, 0xEF, 0x3C,
    0xFF, 0xEF, 0x5D, 0xFF, 0xF7, 0x7D, 0xFF, 0xCE, 0x59, 0xFF, 0x94, 0x72, 0xFF, 0xAD, 0x35, 0xFF,
    0xD6, 0x7A, 0xFF, 0xEF, 0x1C, 0xFF, 0xF7, 0x7D, 0xFF, 0xF7, 0x7D, 0xFF, 0xEF, 0x5D, 0xFF, 0xEF,
    0x5D, 0xFF, 0xEF, 0x5D, 0xFF, 0xEF, 0x5D, 0xFF, 0xF7, 0x5D, 0xFF, 0xFF, 0x9E, 0xFF, 0xD6, 0x9A,
    0xFF, 0x83, 0xEF, 0xFF, 0xD6, 0x98, 0xFF, 0xFF, 0x9B, 0xFF, 0xFF, 0x19, 0xFF, 0xFF, 0x19, 0xFF,
    0xFF, 0x19, 0xFF, 0xFF, 0x19, 0xFF, 0xFF, 0x1A, 0xFF, 0xFF, 0x1A, 0xFF, 0xFF, 0x3A, 0xFF, 0xFF,
    0x3A, 0xFF, 0xFF, 0x3A, 0xFF, 0xFF, 0x3A, 0xFF, 0xFF, 0x1A, 0xFF, 0xFF, 0x1A, 0xFF, 0xFF, 0x3A,
    0xFF, 0xFF, 0x3A, 0xFF, 0xFF, 0x3A, 0xFF, 0xFF, 0x5B, 0xFF, 0xFF, 0x5B, 0xFF, 0xFF, 0x5B, 0xFF,
    0xFF, 0x7B, 0xFF, 0xFF, 0x7C, 0xFF, 0xFF, 0x7C, 0xFF, 0xFF, 0x9C, 0xFF, 0xFF, 0x9C, 0xFF, 0xFF,
    0x9C, 0xFF, 0xFF, 0x9C, 0xFF, 0xFF, 0x9C, 0xFF, 0xFF, 0x7C, 0xFF, 0xFF, 0x7C, 0xFF, 0xFF, 0x9C,
    0xFF, 0xFF, 0x9C, 0xFF, 0xFF, 0x9C, 0xFF, 0xFF, 0x9C, 0xFF, 0xFF, 0x9C, 0xFF, 0xFF, 0x9C, 0xFF,
    0xFF, 0x9C, 0xFF, 0xFF, 0x9C, 0xFF, 0xFF, 0x9C, 0xFF, 0xFF, 0x9C, 0xFF, 0xFF, 0x9C, 0xFF, 0xFF,
    0x9C, 0xFF, 0xFF, 0x9C, 0xFF, 0xFF, 0x7C, 0xFF, 0xFF, 0x7C, 0xFF, 0xFF, 0x9C, 0xFF, 0xFF, 0x9C,
    0xFF, 0xFF, 0x9C, 0xFF, 0xFF, 0x9C, 0xFF, 0xFF, 0x9C, 0xFF, 0xFF, 0x9C, 0xFF, 0xFF, 0x9C, 0xFF,
    0xFF, 0x9C, 0xFF, 0xFF, 0x7C, 0xFF, 0xFF, 0x7C, 0xFF, 0xFF, 0x7C, 0xFF, 0xFF, 0x7C, 0xFF, 0xFF,
    0x9C, 0xFF, 0xFF, 0x9C, 0xFF, 0xFF, 0x9C, 0xFF, 0xFF, 0x9C, 0xFF, 0xFF, 0x7C, 0xFF, 0xFF, 0x7C,
    0xFF, 0xFF, 0x7B, 0xFF, 0xFF, 0x5B, 0xFF, 0xFF, 0x5B, 0xFF, 0xFF, 0x5B, 0xFF, 0xFF, 0x5B, 0xFF,
    0xFF, 0x3A, 0xFF, 0xFF, 0x3A, 0xFF, 0xFF, 0x3A, 0xFF, 0xFF, 0x3A, 0xFF, 0xFF, 0x3A, 0xFF, 0xFF,
    0x3A, 0xFF, 0xFF, 0x3A, 0xFF, 0xFF, 0x3A, 0xFF, 0xFF, 0x3A, 0xFF, 0xFF, 0x3A, 0xFF, 0xFF, 0x3A,
    0xFF, 0xFF, 0x1A, 0xFF, 0xFE, 0xF9, 0xFF, 0xFF, 0x9C, 0xFF, 0xDE, 0xBA, 0xFF, 0x8C, 0x0F, 0xFF,
    0xC6, 0x18, 0xFF, 0xFF, 0xDF, 0xFF, 0xF7, 0x7D, 0xFF, 0xEF, 0x7D, 0xFF, 0xE7, 0x1C, 0xFF, 0xD6,
    0x9A, 0xFF, 0xCE, 0x19, 0xFF, 0xA4, 0xD4, 0xFF, 0x7B, 0x6F, 0xFF, 0x83, 0xF1, 0xFF, 0xAD, 0x35,
    0xFF, 0xBD, 0x97, 0xFF, 0xDE, 0xBB, 0xFF, 0xEF, 0x3C, 0xFF, 0xEF, 0x1C, 0xFF, 0xEF, 0x1C, 0xFF,
    0xEF, 0x1C, 0xFF, 0xEF, 0x1C, 0xFF, 0xEF, 0x3C, 0xFF, 0xEF, 0x3C, 0xFF, 0xEF, 0x3C, 0xFF, 0xEF,
    0x3C, 0xFF, 0xEF, 0x3C, 0xFF, 0xEF, 0x1C, 0xFF, 0xEF, 0x5D, 0xFF, 0xF7, 0x7D, 0xFF, 0xFF, 0xFF,
    0xFF, 0xBD, 0xD7, 0xFF, 0x5A, 0x28, 0xFF, 0x8B, 0x2B, 0xFF, 0x93, 0x4B, 0xFF, 0x69, 0xC5, 0xFF,
    0x40, 0xE3, 0xFF, 0x31, 0x24, 0xFF, 0x62, 0xEB, 0xFF, 0x73, 0xAE, 0xFF, 0x73, 0x6D, 0xFF, 0xDE,
    0xFB, 0xFF, 0xF7, 0x9E, 0xFF, 0xEF, 0x5D, 0xFF, 0xEF, 0x3C, 0xFF, 0xEF, 0x3C, 0xFF, 0xE6, 0xDB,
    0xFF, 0xDE, 0xDB, 0xFF, 0xD6, 0x79, 0xFF, 0x83, 0xEF, 0xFF, 0x9C, 0xD3, 0xFF, 0xFF, 0xFF, 0xFF,
    0xEF, 0x5D, 0xFF, 0xEF, 0x5D, 0xFF, 0xEF, 0x5D, 0xFF, 0xEF, 0x5D, 0xFF, 0xEF, 0x5C, 0xFF, 0xEF,
    0x3C, 0xFF, 0xEF, 0x3C, 0xFF, 0xEF, 0x3C, 0xFF, 0xEF, 0x3C, 0xFF, 0xEF, 0x3C, 0xFF, 0xEF, 0x1C,
    0xFE, 0xF7, 0x5D, 0xFF, 0xF7, 0x9D, 0xF9, 0xDE, 0xBA, 0xAA, 0x00, 0x20, 0x24, 0x00, 0x20, 0x22,
    0x00, 0x00, 0x21, 0x00, 0x00, 0x04, 0x00, 0x00, 0x00, 0x00, 0x00, 0x02, 0xFF, 0xFF, 0x01, 0x00,
    0x00, 0x0F, 0xBD, 0xB6, 0x8C, 0xF7, 0x5D, 0xFF, 0xEF, 0x1C, 0xFD, 0xE6, 0xFB, 0xFE, 0xEF, 0x1C,
    0xFF, 0xEF, 0x3C, 0xFF, 0xDE, 0xBA, 0xFF, 0xB5, 0x76, 0xFF, 0xB5, 0x56, 0xFF, 0xBD, 0x97, 0xFF,
    0xCE, 0x5A, 0xFF, 0x8B, 0xF1, 0xFF, 0x7A, 0xCB, 0xFE, 0xDE, 0x36, 0xFE, 0xFF, 0xFF, 0xFF, 0xF7,
    0x7D, 0xFF, 0xFF, 0xFF, 0xFF, 0xF7, 0x9D, 0xFF, 0x52, 0x48, 0xFF, 0x20, 0xE4, 0xFF, 0xA4, 0xF4,
    0xFF, 0xBD, 0x97, 0xFF, 0xB5, 0x36, 0xFF, 0xBD, 0xB7, 0xFF, 0xE6, 0xDB, 0xFF, 0xEF, 0x3C, 0xFF,
    0xEF, 0x1C, 0xFF, 0xEF, 0x3C, 0xFF, 0xEF, 0x3C, 0xFF, 0xEF, 0x5D, 0xFF, 0xF7, 0x7D, 0xFF, 0xF7,
    0x7D, 0xFF, 0xC5, 0xD8, 0xFF, 0x94, 0x73, 0xFF, 0xA5, 0x15, 0xFF, 0xCE, 0x39, 0xFF, 0xE6, 0xFB,
    0xFF, 0xEF, 0x3C, 0xFF, 0xF7, 0x5D, 0xFF, 0xEF, 0x5D, 0xFF, 0xEF, 0x3D, 0xFF, 0xEF, 0x3C, 0xFF,
    0xEF, 0x3C, 0xFF, 0xEF, 0x5D, 0xFF, 0xF7, 0x9E, 0xFF, 0xBD, 0xB6, 0xFF, 0x8C, 0x0F, 0xFF, 0xE6,
    0xB9, 0xFF, 0xFF, 0x9C, 0xFF, 0xFE, 0xF9, 0xFF, 0xFF, 0x19, 0xFF, 0xFF, 0x19, 0xFF, 0xFF, 0x1A,
    0xFF, 0xFF, 0x1A, 0xFF, 0xFF, 0x3A, 0xFF, 0xFF, 0x3A, 0xFF, 0xFF, 0x3A, 0xFF, 0xFF, 0x3A, 0xFF,
    0xFF, 0x3A, 0xFF, 0xFF, 0x3A, 0xFF, 0xFF, 0x3A, 0xFF, 0xFF, 0x3A, 0xFF, 0xFF, 0x3B, 0xFF, 0xFF,
    0x5B, 0xFF, 0xFF, 0x5B, 0xFF, 0xFF, 0x5B, 0xFF, 0xFF, 0x7B, 0xFF, 0xFF, 0x7C, 0xFF, 0xFF, 0x9C,
    0xFF, 0xFF, 0x9C, 0xFF, 0xFF, 0x9C, 0xFF, 0xFF, 0x9C, 0xFF, 0xFF, 0x9C, 0xFF, 0xFF, 0x9C, 0xFF,
    0xFF, 0x9C, 0xFF, 0xFF, 0x9C, 0xFF, 0xFF, 0x9C, 0xFF, 0xFF, 0x9C, 0xFF, 0xFF, 0x9C, 0xFF, 0xFF,
    0x9C, 0xFF, 0xFF, 0x9C, 0xFF, 0xFF, 0x9C, 0xFF, 0xFF, 0x9C, 0xFF, 0xFF, 0x9C, 0xFF, 0xFF, 0x9C,
    0xFF, 0xFF, 0x9C, 0xFF, 0xFF, 0x9C, 0xFF, 0xFF, 0x9C, 0xFF, 0xFF, 0x9C, 0xFF, 0xFF, 0x7C, 0xFF,
    0xFF, 0x7C, 0xFF, 0xFF, 0x7C, 0xFF, 0xFF, 0x7C, 0xFF, 0xFF, 0x9C, 0xFF, 0xFF, 0x9C, 0xFF, 0xFF,
    0x9C, 0xFF, 0xFF, 0x9C, 0xFF, 0xFF, 0x9C, 0xFF, 0xFF, 0x9C, 0xFF, 0xFF, 0x7C, 0xFF, 0xFF, 0x7C,
    0xFF, 0xFF, 0x7C, 0xFF, 0xFF, 0x7C, 0xFF, 0xFF, 0x9C, 0xFF, 0xFF, 0x9C, 0xFF, 0xFF, 0x9C, 0xFF,
    0xFF, 0x9C, 0xFF, 0xFF, 0x7C, 0xFF, 0xFF, 0x7C, 0xFF, 0xFF, 0x7B, 0xFF, 0xFF, 0x7B, 0xFF, 0xFF,
    0x5B, 0xFF, 0xFF, 0x5B, 0xFF, 0xFF, 0x5B, 0xFF, 0xFF, 0x3B, 0xFF, 0xFF, 0x3A, 0xFF, 0xFF, 0x3A,
    0xFF, 0xFF, 0x3A, 0xFF, 0xFF, 0x3A, 0xFF, 0xFF, 0x3A, 0xFF, 0xFF, 0x3A, 0xFF, 0xFF, 0x3A, 0xFF,
    0xFF, 0x3A, 0xFF, 0xFF, 0x3A, 0xFF, 0xFF, 0x1A, 0xFF, 0xF7, 0x19, 0xFF, 0xFF, 0xBD, 0xFF, 0xEE,
    0xFA, 0xFF, 0x9C, 0x71, 0xFF, 0xAD, 0x55, 0xFF, 0xF7, 0xBE, 0xFF, 0xEF, 0x7D, 0xFF, 0xEF, 0x5D,
    0xFF, 0xE6, 0xFB, 0xFF, 0xD6, 0x7A, 0xFF, 0xAD, 0x56, 0xFF, 0x84, 0x11, 0xFF, 0x7B, 0xB0, 0xFF,
    0x9C, 0x93, 0xFF, 0xB5, 0x56, 0xFF, 0xB5, 0x76, 0xFF, 0xD6, 0x7A, 0xFF, 0xEF, 0x1C, 0xFF, 0xE7,
    0x1C, 0xFF, 0xE7, 0x1C, 0xFF, 0xEF, 0x1C, 0xFF, 0xEF, 0x1C, 0xFF, 0xEF, 0x1C, 0xFF, 0xEF, 0x1C,
    0xFF, 0xEF, 0x3C, 0xFF, 0xEF, 0x3C, 0xFF, 0xEF, 0x3C, 0xFF, 0xEF, 0x3C, 0xFF, 0xEF, 0x1C, 0xFF,
    0xF7, 0x7D, 0xFF, 0xF7, 0x7D, 0xFF, 0xFF, 0xFF, 0xFF, 0xA5, 0x14, 0xFF, 0x29, 0x24, 0xFF, 0x39,
    0x45, 0xFF, 0x5A, 0x49, 0xFF, 0x83, 0xCE, 0xFF, 0xAD, 0x55, 0xFF, 0xCE, 0x59, 0xFF, 0xEF, 0x7D,
    0xFF, 0xD6, 0x99, 0xFF, 0x73, 0x8E, 0xFF, 0xD6, 0x7A, 0xFF, 0xF7, 0x9E, 0xFF, 0xEF, 0x3C, 0xFF,
    0xEF, 0x1C, 0xFF, 0xEF, 0x3C, 0xFF, 0xDE, 0xBA, 0xFF, 0xE6, 0xFC, 0xFF, 0xB5, 0x76, 0xFF, 0x73,
    0x8E, 0xFF, 0xBD, 0xB7, 0xFF, 0xFF, 0xFF, 0xFF, 0xEF, 0x3C, 0xFF, 0xF7, 0x7D, 0xFF, 0xEF, 0x5D,
    0xFF, 0xEF, 0x5D, 0xFF, 0xEF, 0x5D, 0xFF, 0xEF, 0x3C, 0xFF, 0xEF, 0x3C, 0xFF, 0xEF, 0x3C, 0xFF,
    0xEF, 0x3C, 0xFF, 0xEF, 0x3C, 0xFF, 0xE7, 0x1B, 0xFF, 0xFF, 0xBE, 0xFE, 0xEF, 0x7D, 0xDE, 0x83,
    0xCF, 0x6D, 0x00, 0x00, 0x0E, 0x08, 0x61, 0x21, 0x00, 0x20, 0x21, 0x00, 0x00, 0x04, 0x00, 0x00,
    0x00, 0x00, 0x00, 0x01, 0xFF, 0xFF, 0x02, 0x00, 0x00, 0x06, 0xBD, 0xB7, 0x7B, 0xEF, 0x5D, 0xF7,
    0xEF, 0x3C, 0xFD, 0xE6, 0xFB, 0xFE, 0xEF, 0x1C, 0xFF, 0xEF, 0x5D, 0xFF, 0xE6, 0xFC, 0xFF, 0xBD,
    0x97, 0xFF, 0xB5, 0x56, 0xFF, 0xBD, 0x97, 0xFF, 0xCE, 0x3A, 0xFF, 0x7B, 0x6F, 0xFE, 0x8B, 0x6D,
    0xFD, 0xEE, 0xFA, 0xFD, 0xFF, 0xDF, 0xFD, 0xEF, 0x5D, 0xFE, 0xFF, 0xBE, 0xFE, 0xFF, 0xDE, 0xFE,
    0x8C, 0x50, 0xFE, 0x08, 0x21, 0xFE, 0x7B, 0x8F, 0xFF, 0xBD, 0x97, 0xFF, 0xB5, 0x56, 0xFF, 0xB5,
    0x36, 0xFF, 0xCE, 0x5A, 0xFF, 0xEF, 0x3C, 0xFF, 0xEF, 0x3C, 0xFF, 0xEF, 0x3C, 0xFF, 0xEF, 0x5D,
    0xFF, 0xEF, 0x5D, 0xFF, 0xEF, 0x5D, 0xFF, 0xF7, 0x9E, 0xFF, 0xEF, 0x5D, 0xFF, 0xBD, 0x97, 0xFF,
    0x9C, 0xB3, 0xFF, 0x9C, 0xD4, 0xFF, 0xC5, 0xF8, 0xFF, 0xDE, 0xDB, 0xFF, 0xE6, 0xFC, 0xFF, 0xE7,
    0x1C, 0xFF, 0xEF, 0x3C, 0xFF, 0xEF, 0x3C, 0xFF, 0xEF, 0x3C, 0xFF, 0xEF, 0x1C, 0xFF, 0xEF, 0x3C,
    0xFF, 0xF7, 0x9D, 0xFF, 0xAD, 0x34, 0xFF, 0x94, 0x71, 0xFF, 0xE6, 0xF9, 0xFF, 0xFF, 0xBC, 0xFF,
    0xF6, 0xF9, 0xFF, 0xFF, 0x19, 0xFF, 0xFF, 0x3A, 0xFF, 0xFF, 0x3A, 0xFF, 0xFF, 0x3A, 0xFF, 0xFF,
    0x3A, 0xFF, 0xFF, 0x3A, 0xFF, 0xFF, 0x3A, 0xFF, 0xFF, 0x3A, 0xFF, 0xFF, 0x3A, 0xFF, 0xFF, 0x3A,
    0xFF, 0xFF, 0x3A, 0xFF, 0xFF, 0x5B, 0xFF, 0xFF, 0x5B, 0xFF, 0xFF, 0x5B, 0xFF, 0xFF, 0x5B, 0xFF,
    0xFF, 0x7B, 0xFF, 0xFF, 0x7C, 0xFF, 0xFF, 0x7C, 0xFF, 0xFF, 0x9C, 0xFF, 0xFF, 0x9C, 0xFF, 0xFF,
    0x9C, 0xFF, 0xFF, 0x9C, 0xFF, 0xFF, 0x9C, 0xFF, 0xFF, 0x9C, 0xFF, 0xFF, 0x9C, 0xFF, 0xFF, 0x9C,
    0xFF, 0xFF, 0x9C, 0xFF, 0xFF, 0x9C, 0xFF, 0xFF, 0x9C, 0xFF, 0xFF, 0x9C, 0xFF, 0xFF, 0xBC, 0xFF,
    0xFF, 0x9C, 0xFF, 0xFF, 0x9C, 0xFF, 0xFF, 0x9C, 0xFF, 0xFF, 0x9C, 0xFF, 0xFF, 0x7C, 0xFF, 0xFF,
    0x7B, 0xFF, 0xFF, 0x7B, 0xFF, 0xFF, 0x7B, 0xFF, 0xFF, 0x7B, 0xFF, 0xFF, 0x7B, 0xFF, 0xFF, 0x7C,
    0xFF, 0xFF, 0x9C, 0xFF, 0xFF, 0x9C, 0xFF, 0xFF, 0x9C, 0xFF, 0xFF, 0x9C, 0xFF, 0xFF, 0x9C, 0xFF,
    0xFF, 0x9C, 0xFF, 0xFF, 0x7C, 0xFF, 0xFF, 0x7C, 0xFF, 0xFF, 0x7C, 0xFF, 0xFF, 0x7C, 0xFF, 0xFF,
    0x9C, 0xFF, 0xFF, 0x9C, 0xFF, 0xFF, 0x9C, 0xFF, 0xFF, 0x9C, 0xFF, 0xFF, 0x9C, 0xFF, 0xFF, 0x7C,
    0xFF, 0xFF, 0x7C, 0xFF, 0xFF, 0x7B, 0xFF, 0xFF, 0x5B, 0xFF, 0xFF, 0x5B, 0xFF, 0xFF, 0x5B, 0xFF,
    0xFF, 0x5B, 0xFF, 0xFF, 0x5B, 0xFF, 0xFF, 0x3A, 0xFF, 0xFF, 0x3A, 0xFF, 0xFF, 0x3A, 0xFF, 0xFF,
    0x3A, 0xFF, 0xFF, 0x3A, 0xFF, 0xFF, 0x3A, 0xFF, 0xFF, 0x3A, 0xFF, 0xFF, 0x3A, 0xFF, 0xFF, 0x5B,
    0xFF, 0xFF, 0xFE, 0xFF, 0xEF, 0x1B, 0xFF, 0xAD, 0x13, 0xFF, 0xBD, 0xB6, 0xFF, 0xFF, 0xFF, 0xFF,
    0xF7, 0xBE, 0xFF, 0xDE, 0xDB, 0xFF, 0xCE, 0x18, 0xFF, 0xB5, 0x55, 0xFF, 0x83, 0xF0, 0xFF, 0x8C,
    0x11, 0xFF, 0xAC, 0xF5, 0xFF, 0xBD, 0x97, 0xFF, 0xB5, 0x76, 0xFF, 0xB5, 0x76, 0xFF, 0xD6, 0x59,
    0xFF, 0xEF, 0x1C, 0xFF, 0xE6, 0xFB, 0xFF, 0xE7, 0x1C, 0xFF, 0xEF, 0x1C, 0xFF, 0xEF, 0x1C, 0xFF,
    0xEF, 0x1C, 0xFF, 0xEF, 0x1C, 0xFF, 0xEF, 0x1C, 0xFF, 0xEF, 0x3C, 0xFF, 0xEF, 0x3D, 0xFF, 0xEF,
    0x3C, 0xFF, 0xE7, 0x1C, 0xFF, 0xEF, 0x3C, 0xFF, 0xF7, 0x7D, 0xFF, 0xF7, 0x9E, 0xFF, 0xFF, 0xBE,
    0xFF, 0x73, 0x8E, 0xFF, 0x84, 0x30, 0xFF, 0xAD, 0x55, 0xFF, 0xBD, 0xB7, 0xFF, 0xE7, 0x5D, 0xFF,
    0xFF, 0xFF, 0xFF, 0xF7, 0xBF, 0xFF, 0xFF, 0xFF, 0xFF, 0xCE, 0x59, 0xFF, 0x63, 0x2C, 0xFF, 0xCE,
    0x59, 0xFF, 0xF7, 0x7D, 0xFF, 0xEF, 0x1C, 0xFF, 0xEF, 0x1C, 0xFF, 0xE7, 0x1C, 0xFF, 0xDE, 0x9A,
    0xFF, 0xE7, 0x1C, 0xFF, 0x8C, 0x31, 0xFF, 0x7B, 0xAE, 0xFF, 0xE7, 0x1C, 0xFF, 0xFF, 0xBE, 0xFF,
    0xEF, 0x3C, 0xFF, 0xF7, 0x7D, 0xFF, 0xEF, 0x5D, 0xFF, 0xEF, 0x5D, 0xFF, 0xEF, 0x5D, 0xFF, 0xEF,
    0x5C, 0xFF, 0xEF, 0x5C, 0xFF, 0xEF, 0x5C, 0xFF, 0xEF, 0x3C, 0xFF, 0xEF, 0x1C, 0xFE, 0xEF, 0x3C,
    0xFE, 0xFF, 0x9E, 0xFC, 0xE7, 0x1C, 0xB2, 0x18, 0xC2, 0x29, 0x9C, 0xD3, 0x05, 0x00, 0x20, 0x21,
    0x00, 0x20, 0x21, 0x00, 0x00, 0x04, 0x00, 0x00, 0x00, 0x00, 0x00, 0x01, 0xFF, 0xFF, 0x02, 0x00,
    0x00, 0x01, 0xAD, 0x55, 0x68, 0xE7, 0x1C, 0xE9, 0xF7, 0x5D, 0xFE, 0xE6, 0xFC, 0xFE, 0xEF, 0x3C,
    0xFF, 0xEF, 0x5D, 0xFF, 0xEF, 0x3D, 0xFF, 0xC5, 0xD8, 0xFF, 0xB5, 0x56, 0xFF, 0xBD, 0x97, 0xFE,
    0xC6, 0x19, 0xFF, 0x83, 0x6E, 0xFE, 0xA4, 0x50, 0xFC, 0xFF, 0xDD, 0xFE, 0xFF, 0xFF, 0xFF, 0xFF,
    0xFF, 0xFE, 0xFF, 0xFF, 0xFE, 0xFF, 0xFF, 0xFD, 0xD6, 0x99, 0xFD, 0x31, 0x66, 0xFD, 0x52, 0x4B,
    0xFE, 0xAD, 0x15, 0xFF, 0xBD, 0x97, 0xFF, 0xB5, 0x36, 0xFF, 0xBD, 0xB7, 0xFF, 0xE6, 0xDB, 0xFF,
    0xEF, 0x5D, 0xFF, 0xEF, 0x3C, 0xFF, 0xEF, 0x5D, 0xFF, 0xEF, 0x5D, 0xFF, 0xEF, 0x5D, 0xFF, 0xEF,
    0x5D, 0xFF, 0xF7, 0x9E, 0xFF, 0xDE, 0xDB, 0xFF, 0xBD, 0xB7, 0xFF, 0x9C, 0xD4, 0xFF, 0x8C, 0x32,
    0xFF, 0xA4, 0xD4, 0xFF, 0xCE, 0x39, 0xFF, 0xE6, 0xFC, 0xFF, 0xE7, 0x1C, 0xFF, 0xE6, 0xFC, 0xFF,
    0xE6, 0xFC, 0xFF, 0xE6, 0xFC, 0xFF, 0xE7, 0x1C, 0xFF, 0xEF, 0x3D, 0xFF, 0xEF, 0x5D, 0xFF, 0xAD,
    0x14, 0xFF, 0xA4, 0xB2, 0xFF, 0xE6, 0xFA, 0xFF, 0xFF, 0xBC, 0xFF, 0xFF, 0x1A, 0xFF, 0xFF, 0x1A,
    0xFF, 0xFF, 0x3A, 0xFF, 0xFF, 0x3A, 0xFF, 0xFF, 0x3A, 0xFF, 0xFF, 0x3A, 0xFF, 0xFF, 0x3A, 0xFF,
    0xFF, 0x3A, 0xFF, 0xFF, 0x3A, 0xFF, 0xFF, 0x3A, 0xFF, 0xFF, 0x3B, 0xFF, 0xFF, 0x5B, 0xFF, 0xFF,
    0x5B, 0xFF, 0xFF, 0x5B, 0xFF, 0xFF, 0x7B, 0xFF, 0xFF, 0x7B, 0xFF, 0xFF, 0x7C, 0xFF, 0xFF, 0x9C,
    0xFF, 0xFF, 0x9C, 0xFF, 0xFF, 0x9C, 0xFF, 0xFF, 0x9C, 0xFF, 0xFF, 0x9C, 0xFF, 0xFF, 0x9C, 0xFF,
    0xFF, 0x9C, 0xFF, 0xFF, 0x9C, 0xFF, 0xFF, 0x9C, 0xFF, 0xFF, 0x9C, 0xFF, 0xFF, 0x9C, 0xFF, 0xFF,
    0x9C, 0xFF, 0xFF, 0x9C, 0xFF, 0xFF, 0x9C, 0xFF, 0xFF, 0x9C, 0xFF, 0xFF, 0x9C, 0xFF, 0xFF, 0x7C,
    0xFF, 0xFF, 0x7B, 0xFF, 0xFF, 0x7B, 0xFF, 0xFF, 0x7B, 0xFF, 0xFF, 0x7B, 0xFF, 0xFF, 0x7B, 0xFF,
    0xFF, 0x7B, 0xFF, 0xFF, 0x7B, 0xFF, 0xFF, 0x7B, 0xFF, 0xFF, 0x7B, 0xFF, 0xFF, 0x7B, 0xFF, 0xFF,
    0x7C, 0xFF, 0xFF, 0x7C, 0xFF, 0xFF, 0x7C, 0xFF, 0xFF, 0x9C, 0xFF, 0xFF, 0x9C, 0xFF, 0xFF, 0x9C,
    0xFF, 0xFF, 0x9C, 0xFF, 0xFF, 0x9C, 0xFF, 0xFF, 0x9C, 0xFF, 0xFF, 0x9C, 0xFF, 0xFF, 0x9C, 0xFF,
    0xFF, 0x9C, 0xFF, 0xFF, 0x9C, 0xFF, 0xFF, 0x7C, 0xFF, 0xFF, 0x7C, 0xFF, 0xFF, 0x7B, 0xFF, 0xFF,
    0x7B, 0xFF, 0xFF, 0x5B, 0xFF, 0xFF, 0x5B, 0xFF, 0xFF, 0x5B, 0xFF, 0xFF, 0x5B, 0xFF, 0xFF, 0x5B,
    0xFF, 0xFF, 0x3A, 0xFF, 0xFF, 0x3A, 0xFF, 0xFF, 0x3A, 0xFF, 0xFF, 0x3A, 0xFF, 0xFF, 0x3B, 0xFF,
    0xFF, 0x3A, 0xFF, 0xFF, 0x5B, 0xFF, 0xFF, 0x5C, 0xFF, 0xD6, 0x58, 0xFF, 0xA4, 0xD3, 0xFF, 0xAD,
    0x34, 0xFF, 0xDE, 0x9A, 0xFF, 0xC5, 0xF7, 0xFF, 0x9C, 0x92, 0xFF, 0x8B, 0xEF, 0xFF, 0x7B, 0x4D,
    0xFF, 0x41, 0x87, 0xFF, 0x4A, 0x09, 0xFF, 0xB5, 0x55, 0xFF, 0xD6, 0x59, 0xFF, 0xBD, 0x76, 0xFF,
    0xB5, 0x76, 0xFF, 0xD6, 0x59, 0xFF, 0xEF, 0x1C, 0xFF, 0xE7, 0x1C, 0xFF, 0xE6, 0xFB, 0xFF, 0xE7,
    0x1C, 0xFF, 0xE7, 0x1C, 0xFF, 0xEF, 0x1C, 0xFF, 0xEF, 0x1C, 0xFF, 0xEF, 0x1C, 0xFF, 0xEF, 0x1C,
    0xFF, 0xEF, 0x1C, 0xFF, 0xEF, 0x3D, 0xFF, 0xEF, 0x3C, 0xFF, 0xE6, 0xFC, 0xFF, 0xEF, 0x3C, 0xFF,
    0xF7, 0x7D, 0xFF, 0xFF, 0xBE, 0xFF, 0xE6, 0xFC, 0xFF, 0x52, 0x49, 0xFF, 0xC6, 0x17, 0xFF, 0xDE,
    0xBA, 0xFF, 0xCE, 0x38, 0xFF, 0xEF, 0x5D, 0xFF, 0xF7, 0x9D, 0xFF, 0xE7, 0x3C, 0xFF, 0xFF, 0xDF,
    0xFF, 0xC5, 0xF7, 0xFF, 0x63, 0x0C, 0xFF, 0xD6, 0x59, 0xFF, 0xF7, 0x5D, 0xFF, 0xEF, 0x1C, 0xFF,
    0xEF, 0x1C, 0xFF, 0xE6, 0xDB, 0xFF, 0xE6, 0xDB, 0xFF, 0xD6, 0x79, 0xFF, 0x73, 0x4D, 0xFF, 0x9C,
    0xB2, 0xFF, 0xFF, 0xFF, 0xFF, 0xEF, 0x5D, 0xFF, 0xEF, 0x5D, 0xFF, 0xF7, 0x5D, 0xFF, 0xEF, 0x5D,
    0xFF, 0xEF, 0x5D, 0xFF, 0xEF, 0x5D, 0xFF, 0xEF, 0x5C, 0xFF, 0xEF, 0x5C, 0xFF, 0xEF, 0x3C, 0xFF,
    0xEF, 0x3C, 0xFF, 0xE6, 0xFB, 0xFE, 0xFF, 0x9E, 0xFF, 0xEF, 0x7D, 0xE2, 0x94, 0x71, 0x76, 0x00,
    0x00, 0x09, 0x7B, 0xEF, 0x04, 0x00, 0x20, 0x21, 0x00, 0x00, 0x21, 0x00, 0x00, 0x04, 0x00, 0x00,
    0x00, 0x00, 0x00, 0x01, 0xFF, 0xFF, 0x02, 0x00, 0x00, 0x00, 0x73, 0xAE, 0x50, 0xD6, 0x9A, 0xCD,
    0xFF, 0xBE, 0xFD, 0xE7, 0x1C, 0xFD, 0xEF, 0x3D, 0xFF, 0xEF, 0x5D, 0xFF, 0xF7, 0x7D, 0xFF, 0xCE,
    0x39, 0xFF, 0xB5, 0x76, 0xFE, 0xBD, 0x97, 0xFE, 0xC5, 0xF8, 0xFC, 0x8B, 0xD0, 0xBF, 0x7A, 0xEA,
    0x92, 0xCD, 0x94, 0xAE, 0xDE, 0x36, 0xD4, 0xEE, 0xB7, 0xE9, 0xF6, 0xF9, 0xF7, 0xFF, 0x5A, 0xFF,
    0xEE, 0xD8, 0xFF, 0x7B, 0x2B, 0xFF, 0x6B, 0x0D, 0xFF, 0x8B, 0xF1, 0xFF, 0xBD, 0x77, 0xFF, 0xBD,
    0x97, 0xFF, 0xB5, 0x56, 0xFF, 0xD6, 0x59, 0xFF, 0xEF, 0x5D, 0xFF, 0xEF, 0x5D, 0xFF, 0xEF, 0x5D,
    0xFF, 0xEF, 0x5D, 0xFF, 0xEF, 0x5D, 0xFF, 0xEF, 0x5D, 0xFF, 0xF7, 0x7D, 0xFF, 0xF7, 0x7D, 0xFF,
    0xDE, 0x9A, 0xFF, 0xBD, 0x97, 0xFF, 0x9C, 0x94, 0xFF, 0x83, 0xD0, 0xFF, 0x83, 0xD0, 0xFF, 0xA4,
    0xF4, 0xFF, 0xD6, 0x59, 0xFF, 0xEE, 0xFC, 0xFF, 0xEF, 0x3C, 0xFF, 0xE7, 0x1C, 0xFF, 0xE6, 0xFB,
    0xFF, 0xDE, 0xDB, 0xFF, 0xEF, 0x3C, 0xFF, 0xE7, 0x1C, 0xFF, 0xAD, 0x34, 0xFF, 0xA4, 0xD3, 0xFF,
    0xDE, 0xB9, 0xFF, 0xFF, 0xBC, 0xFF, 0xFF, 0x5B, 0xFF, 0xFF, 0x1A, 0xFF, 0xFF, 0x3A, 0xFF, 0xFF,
    0x3A, 0xFF, 0xFF, 0x3A, 0xFF, 0xFF, 0x3B, 0xFF, 0xFF, 0x3B, 0xFF, 0xFF, 0x3B, 0xFF, 0xFF, 0x3B,
    0xFF, 0xFF, 0x5B, 0xFF, 0xFF, 0x5B, 0xFF, 0xFF, 0x5B, 0xFF, 0xFF, 0x5B, 0xFF, 0xFF, 0x7B, 0xFF,
    0xFF, 0x7B, 0xFF, 0xFF, 0x7C, 0xFF, 0xFF, 0x7C, 0xFF, 0xFF, 0x9C, 0xFF, 0xFF, 0x9C, 0xFF, 0xFF,
    0x9C, 0xFF, 0xFF, 0x9C, 0xFF, 0xFF, 0x9C, 0xFF, 0xFF, 0x9C, 0xFF, 0xFF, 0x9C, 0xFF, 0xFF, 0x9C,
    0xFF, 0xFF, 0x9C, 0xFF, 0xFF, 0x9C, 0xFF, 0xFF, 0x9C, 0xFF, 0xFF, 0x9C, 0xFF, 0xFF, 0x9D, 0xFF,
    0xFF, 0x9D, 0xFF, 0xFF, 0xBD, 0xFF, 0xFF, 0xBD, 0xFF, 0xFF, 0xBC, 0xFF, 0xFF, 0xBC, 0xFF, 0xFF,
    0x9B, 0xFF, 0xFF, 0x9B, 0xFF, 0xFF, 0x9B, 0xFF, 0xFF, 0x9B, 0xFF, 0xFF, 0x9C, 0xFF, 0xFF, 0xBC,
    0xFF, 0xFF, 0xFD, 0xFF, 0xFF, 0xFE, 0xFF, 0xFF, 0xFF, 0xFF, 0xFF, 0xFE, 0xFF, 0xFF, 0xBD, 0xFF,
    0xFF, 0x9C, 0xFF, 0xFF, 0x9C, 0xFF, 0xFF, 0x9C, 0xFF, 0xFF, 0x9C, 0xFF, 0xFF, 0x9C, 0xFF, 0xFF,
    0x9C, 0xFF, 0xFF, 0x9C, 0xFF, 0xFF, 0x9C, 0xFF, 0xFF, 0x9C, 0xFF, 0xFF, 0x9C, 0xFF, 0xFF, 0x7C,
    0xFF, 0xFF, 0x7C, 0xFF, 0xFF, 0x7B, 0xFF, 0xFF, 0x7B, 0xFF, 0xFF, 0x5B, 0xFF, 0xFF, 0x5B, 0xFF,
    0xFF, 0x5B, 0xFF, 0xFF, 0x5B, 0xFF, 0xFF, 0x5B, 0xFF, 0xFF, 0x3A, 0xFF, 0xFF, 0x3A, 0xFF, 0xFF,
    0x3A, 0xFF, 0xFF, 0x3A, 0xFF, 0xFF, 0x3A, 0xFF, 0xFF, 0x5B, 0xFF, 0xFF, 0x7B, 0xFF, 0xC5, 0xB6,
    0xFF, 0x7B, 0x8E, 0xFF, 0x7B, 0x8E, 0xFF, 0xA4, 0x92, 0xFF, 0x9C, 0x70, 0xFF, 0x83, 0xAD, 0xFF,
    0x94, 0x0F, 0xFF, 0xB5, 0x13, 0xFF, 0x6A, 0x48, 0xFF, 0x20, 0x21, 0xFF, 0x5A, 0x8B, 0xFF, 0xC5,
    0xF8, 0xFF, 0xBD, 0xB7, 0xFF, 0xAD, 0x35, 0xFF, 0xD6, 0x7A, 0xFF, 0xEF, 0x3C, 0xFF, 0xEF, 0x1C,
    0xFF, 0xE6, 0xFB, 0xFF, 0xE6, 0xFC, 0xFF, 0xE7, 0x1C, 0xFF, 0xE7, 0x1C, 0xFF, 0xEF, 0x1C, 0xFF,
    0xEF, 0x1C, 0xFF, 0xEF, 0x1C, 0xFF, 0xEF, 0x1C, 0xFF, 0xEF, 0x3C, 0xFF, 0xEF, 0x3D, 0xFF, 0xE6,
    0xFB, 0xFF, 0xDE, 0xDB, 0xFF, 0xEF, 0x5D, 0xFF, 0xEF, 0x7D, 0xFF, 0xFF, 0xDF, 0xFF, 0xBD, 0xB6,
    0xFF, 0x41, 0xE8, 0xFF, 0xCE, 0x59, 0xFF, 0xCE, 0x18, 0xFF, 0xB5, 0x75, 0xFF, 0xDE, 0xBA, 0xFF,
    0xEF, 0x3C, 0xFF, 0xEF, 0x5C, 0xFF, 0xFF, 0xFE, 0xFF, 0xC5, 0xF7, 0xFF, 0x6B, 0x4D, 0xFF, 0xD6,
    0x9A, 0xFF, 0xEF, 0x5D, 0xFF, 0xE6, 0xFC, 0xFF, 0xEF, 0x1C, 0xFF, 0xDE, 0xBB, 0xFF, 0xE6, 0xFC,
    0xFF, 0xAD, 0x14, 0xFF, 0x7B, 0xAE, 0xFF, 0xCE, 0x59, 0xFF, 0xFF, 0xFF, 0xFF, 0xEF, 0x3C, 0xFF,
    0xF7, 0x7D, 0xFF, 0xF7, 0x5D, 0xFF, 0xEF, 0x5D, 0xFF, 0xEF, 0x5D, 0xFF, 0xEF, 0x5D, 0xFF, 0xEF,
    0x5C, 0xFF, 0xEF, 0x5C, 0xFF, 0xEF, 0x5C, 0xFF, 0xEF, 0x3C, 0xFD, 0xEF, 0x3C, 0xFE, 0xF7, 0x9E,
    0xF8, 0xD6, 0xBA, 0xA8, 0x20, 0xC3, 0x2F, 0xFF, 0xFF, 0x02, 0x00, 0x00, 0x05, 0x00, 0x20, 0x21,
    0x00, 0x00, 0x21, 0x00, 0x00, 0x04, 0x00, 0x00, 0x00, 0x00, 0x00, 0x01, 0x7B, 0xEF, 0x02, 0x00,
    0x00, 0x00, 0x21, 0x04, 0x33, 0xC6, 0x18, 0xAC, 0xFF, 0xFF, 0xFD, 0xE7, 0x1C, 0xFD, 0xEF, 0x5D,
    0xFF, 0xF7, 0x5D, 0xFF, 0xF7, 0x9D, 0xFF, 0xDE, 0x9A, 0xFF, 0xB5, 0x76, 0xFE, 0xB5, 0x76, 0xFE,
    0xC5, 0xD8, 0xFB, 0x94, 0x32, 0x7F, 0x00, 0x00, 0x1E, 0x30, 0x40, 0x35, 0x7A, 0x67, 0x5A, 0xAB,
    0xEC, 0x6E, 0xBC, 0x8E, 0x81, 0xC4, 0xEF, 0x92, 0xBC, 0xCF, 0x93, 0x7A, 0xEA, 0x97, 0x9C, 0x52,
    0xC7, 0x6B, 0x2E, 0xF5, 0xA4, 0xF4, 0xFF, 0xC5, 0xD8, 0xFF, 0xB5, 0x76, 0xFF, 0xC5, 0xD7, 0xFF,
    0xE6, 0xFB, 0xFF, 0xF7, 0x7D, 0xFF, 0xEF, 0x5D, 0xFF, 0xEF, 0x5D, 0xFF, 0xEF, 0x5D, 0xFF, 0xEF,
    0x5D, 0xFF, 0xEF, 0x5D, 0xFF, 0xF7, 0x7D, 0xFF, 0xEF, 0x3D, 0xFF, 0xD6, 0x59, 0xFF, 0xBD, 0x97,
    0xFF, 0xAC, 0xF5, 0xFF, 0x8B, 0xF1, 0xFF, 0x73, 0x4E, 0xFF, 0x7B, 0x8F, 0xFF, 0xA4, 0xB3, 0xFF,
    0xCD, 0xF8, 0xFF, 0xE6, 0xDB, 0xFF, 0xEF, 0x1C, 0xFF, 0xEF, 0x3C, 0xFF, 0xE6, 0xFC, 0xFF, 0xF7,
    0x7D, 0xFF, 0xEF, 0x3C, 0xFF, 0xB5, 0x96, 0xFF, 0xA4, 0xD4, 0xFF, 0xD6, 0x58, 0xFF, 0xFF, 0x9C,
    0xFF, 0xFF, 0xBC, 0xFF, 0xFF, 0x7B, 0xFF, 0xFF, 0x3A, 0xFF, 0xFF, 0x3A, 0xFF, 0xFF, 0x5B, 0xFF,
    0xFF, 0x5B, 0xFF, 0xFF, 0x5B, 0xFF, 0xFF, 0x5B, 0xFF, 0xFF, 0x5B, 0xFF, 0xFF, 0x5B, 0xFF, 0xFF,
    0x5B, 0xFF, 0xFF, 0x7B, 0xFF, 0xFF, 0x7B, 0xFF, 0xFF, 0x7B, 0xFF, 0xFF, 0x7C, 0xFF, 0xFF, 0x7C,
    0xFF, 0xFF, 0x9C, 0xFF, 0xFF, 0x9C, 0xFF, 0xFF, 0x9C, 0xFF, 0xFF, 0x9C, 0xFF, 0xFF, 0x9C, 0xFF,
    0xFF, 0x9C, 0xFF, 0xFF, 0x9C, 0xFF, 0xFF, 0x9C, 0xFF, 0xFF, 0x9C, 0xFF, 0xFF, 0x9C, 0xFF, 0xFF,
    0x9C, 0xFF, 0xFF, 0xFE, 0xFF, 0xFF, 0xFF, 0xFF, 0xFF, 0xFF, 0xFF, 0xFF, 0xFE, 0xFF, 0xF7, 0x9C,
    0xFF, 0xEF, 0x3B, 0xFF, 0xEE, 0xFA, 0xFF, 0xEE, 0xF9, 0xFF, 0xE6, 0xD9, 0xFF, 0xE6, 0xB8, 0xFF,
    0xE6, 0xB9, 0xFF, 0xEE, 0xF9, 0xFF, 0xEF, 0x1A, 0xFF, 0xEF, 0x1B, 0xFF, 0xEF, 0x3B, 0xFF, 0xEF,
    0x5C, 0xFF, 0xF7, 0x7C, 0xFF, 0xFF, 0xBD, 0xFF, 0xFF, 0xBD, 0xFF, 0xFF, 0x9C, 0xFF, 0xFF, 0x9C,
    0xFF, 0xFF, 0x9C, 0xFF, 0xFF, 0x9C, 0xFF, 0xFF, 0x9C, 0xFF, 0xFF, 0x9C, 0xFF, 0xFF, 0x9C, 0xFF,
    0xFF, 0x9C, 0xFF, 0xFF, 0x9C, 0xFF, 0xFF, 0x7C, 0xFF, 0xFF, 0x7C, 0xFF, 0xFF, 0x7B, 0xFF, 0xFF,
    0x7B, 0xFF, 0xFF, 0x7B, 0xFF, 0xFF, 0x5B, 0xFF, 0xFF, 0x5B, 0xFF, 0xFF, 0x5B, 0xFF, 0xFF, 0x5B,
    0xFF, 0xFF, 0x5B, 0xFF, 0xFF, 0x5B, 0xFF, 0xFF, 0x5A, 0xFF, 0xFF, 0x3B, 0xFF, 0xFF, 0x5B, 0xFF,
    0xFF, 0x7B, 0xFF, 0xFF, 0x7C, 0xFF, 0xD6, 0x37, 0xFF, 0xB5, 0x54, 0xFF, 0xC5, 0xD6, 0xFF, 0xC5,
    0xD5, 0xFF, 0xBD, 0x94, 0xFF, 0xCE, 0x37, 0xFF, 0xE6, 0xFB, 0xFF, 0xE6, 0x98, 0xFF, 0x61, 0xE7,
    0xFF, 0x41, 0x25, 0xFF, 0x7B, 0x8E, 0xFF, 0xB5, 0x76, 0xFF, 0xBD, 0xB7, 0xFF, 0xDE, 0x9A, 0xFF,
    0xF7, 0x7D, 0xFF, 0xEF, 0x1C, 0xFF, 0xE6, 0xFC, 0xFF, 0xE7, 0x1C, 0xFF, 0xE7, 0x1C, 0xFF, 0xE7,
    0x1C, 0xFF, 0xEF, 0x1C, 0xFF, 0xEF, 0x1C, 0xFF, 0xEF, 0x1C, 0xFF, 0xEF, 0x1C, 0xFF, 0xE7, 0x1C,
    0xFF, 0xF7, 0x7D, 0xFF, 0xE7, 0x1C, 0xFF, 0xD6, 0x79, 0xFF, 0xDE, 0xDB, 0xFF, 0xEF, 0x5D, 0xFF,
    0xF7, 0x5D, 0xFF, 0xFF, 0xBE, 0xFF, 0x84, 0x10, 0xFF, 0x52, 0x6A, 0xFF, 0xDE, 0xDB, 0xFF, 0xCE,
    0x38, 0xFF, 0xAD, 0x54, 0xFF, 0xDE, 0xBA, 0xFF, 0xEF, 0x3C, 0xFF, 0xEF, 0x5C, 0xFF, 0xFF, 0xDE,
    0xFF, 0xBD, 0xF7, 0xFF, 0x7B, 0xAE, 0xFF, 0xE6, 0xFB, 0xFF, 0xEF, 0x3D, 0xFF, 0xE7, 0x1C, 0xFF,
    0xEF, 0x1C, 0xFF, 0xDE, 0xBB, 0xFF, 0xDE, 0x9B, 0xFF, 0x7B, 0xAF, 0xFF, 0x9C, 0xB3, 0xFF, 0xF7,
    0xBE, 0xFF, 0xF7, 0x9E, 0xFF, 0xEF, 0x5C, 0xFF, 0xF7, 0x7D, 0xFF, 0xEF, 0x5D, 0xFF, 0xEF, 0x5D,
    0xFF, 0xEF, 0x5D, 0xFF, 0xEF, 0x5D, 0xFF, 0xEF, 0x5C, 0xFF, 0xEF, 0x5C, 0xFF, 0xEF, 0x5C, 0xFF,
    0xE7, 0x1B, 0xFD, 0xFF, 0xDE, 0xFF, 0xEF, 0x3C, 0xD3, 0x73, 0xAE, 0x5E, 0x00, 0x00, 0x06, 0x00,
    0x00, 0x00, 0x00, 0x00, 0x04, 0x00, 0x20, 0x21, 0x00, 0x00, 0x21, 0x00, 0x00, 0x04, 0x00, 0x00,
    0x00, 0x00, 0x00, 0x01, 0xFF, 0xFF, 0x01, 0x00, 0x00, 0x00, 0x00, 0x00, 0x19, 0xBD, 0xD7, 0x8A,
    0xFF, 0xFF, 0xFA, 0xEF, 0x3C, 0xFD, 0xEF, 0x5D, 0xFE, 0xF7, 0x5D, 0xFF, 0xF7, 0x9D, 0xFF, 0xE6,
    0xFB, 0xFF, 0xB5, 0x76, 0xFE, 0xB5, 0x56, 0xFD, 0xC5, 0xD7, 0xFD, 0x94, 0x52, 0x78, 0x6B, 0x6D,
    0x07, 0xFF, 0xFF, 0x01, 0x00, 0x00, 0x02, 0x00, 0x00, 0x01, 0x00, 0x00, 0x09, 0x00, 0x00, 0x10,
    0x00, 0x00, 0x0F, 0x00, 0x00, 0x1E, 0xA4, 0xD3, 0x81, 0x8B, 0xF0, 0xE6, 0x83, 0xD0, 0xFF, 0xBD,
    0x77, 0xFF, 0xC5, 0xF8, 0xFF, 0xBD, 0x76, 0xFF, 0xCE, 0x39, 0xFF, 0xEF, 0x3D, 0xFF, 0xF7, 0x7D,
    0xFF, 0xEF, 0x3D, 0xFF, 0xEF, 0x5D, 0xFF, 0xEF, 0x5D, 0xFF, 0xEF, 0x5D, 0xFF, 0xEF, 0x3D, 0xFF,
    0xF7, 0x5D, 0xFF, 0xEF, 0x1C, 0xFF, 0xCE, 0x18, 0xFF, 0xBD, 0x97, 0xFF, 0xBD, 0x97, 0xFF, 0xA4,
    0xB4, 0xFF, 0x73, 0x4F, 0xFF, 0x6A, 0xED, 0xFF, 0x7B, 0x6F, 0xFF, 0x94, 0x52, 0xFF, 0xBD, 0xB7,
    0xFF, 0xDE, 0xBA, 0xFF, 0xE6, 0xDB, 0xFF, 0xE6, 0xDB, 0xFF, 0xF7, 0x5D, 0xFF, 0xF7, 0x7E, 0xFF,
    0xCE, 0x19, 0xFF, 0xAD, 0x55, 0xFF, 0xD6, 0x58, 0xFF, 0xEF, 0x1A, 0xFF, 0xF7, 0x3A, 0xFF, 0xFF,
    0x3A, 0xFF, 0xFF, 0x3A, 0xFF, 0xFF, 0x5B, 0xFF, 0xFF, 0x5B, 0xFF, 0xFF, 0x5B, 0xFF, 0xFF, 0x5B,
    0xFF, 0xFF, 0x5B, 0xFF, 0xFF, 0x5B, 0xFF, 0xFF, 0x5B, 0xFF, 0xFF, 0x7B, 0xFF, 0xFF, 0x7B, 0xFF,
    0xFF, 0x7B, 0xFF, 0xFF, 0x7C, 0xFF, 0xFF, 0x9C, 0xFF, 0xFF, 0x9C, 0xFF, 0xFF, 0x9C, 0xFF, 0xFF,
    0x9C, 0xFF, 0xFF, 0x9C, 0xFF, 0xFF, 0x9C, 0xFF, 0xFF, 0x9C, 0xFF, 0xFF, 0x9C, 0xFF, 0xFF, 0x9C,
    0xFF, 0xFF, 0x9C, 0xFF, 0xFF, 0xBD, 0xFF, 0xFF, 0x9C, 0xFF, 0xD6, 0x16, 0xFF, 0xCD, 0x74, 0xFF,
    0xCD, 0x74, 0xFF, 0xC5, 0x33, 0xFF, 0xCD, 0x74, 0xFF, 0xD5, 0xD5, 0xFF, 0xD5, 0xF6, 0xFF, 0xD5,
    0xF7, 0xFF, 0xD5, 0xF7, 0xFF, 0xD5, 0xF6, 0xFF, 0xD5, 0xD6, 0xFF, 0xCD, 0xB5, 0xFF, 0xCD, 0x95,
    0xFF, 0xC4, 0xF3, 0xFF, 0xAB, 0xEF, 0xFF, 0xA3, 0x8D, 0xFF, 0x9B, 0x6C, 0xFF, 0xD6, 0x37, 0xFF,
    0xFF, 0xFE, 0xFF, 0xFF, 0xBD, 0xFF, 0xFF, 0x9C, 0xFF, 0xFF, 0x9C, 0xFF, 0xFF, 0x9C, 0xFF, 0xFF,
    0x9C, 0xFF, 0xFF, 0x9C, 0xFF, 0xFF, 0x9C, 0xFF, 0xFF, 0x9C, 0xFF, 0xFF, 0x9C, 0xFF, 0xFF, 0x7C,
    0xFF, 0xFF, 0x7C, 0xFF, 0xFF, 0x7B, 0xFF, 0xFF, 0x7B, 0xFF, 0xFF, 0x7B, 0xFF, 0xFF, 0x7B, 0xFF,
    0xFF, 0x5B, 0xFF, 0xFF, 0x7B, 0xFF, 0xFF, 0x5B, 0xFF, 0xFF, 0x5B, 0xFF, 0xFF, 0x5B, 0xFF, 0xFF,
    0x5B, 0xFF, 0xFF, 0x5B, 0xFF, 0xFF, 0x5B, 0xFF, 0xFF, 0x5B, 0xFF, 0xFF, 0x7C, 0xFF, 0xFF, 0xDD,
    0xFF, 0xFF, 0xFE, 0xFF, 0xFF, 0xDD, 0xFF, 0xFF, 0xFD, 0xFF, 0xFF, 0xFE, 0xFF, 0xFF, 0xFF, 0xFF,
    0xFF, 0xFF, 0xFF, 0x8B, 0x6C, 0xFF, 0x51, 0x65, 0xFF, 0x49, 0xC8, 0xFF, 0x8C, 0x10, 0xFF, 0xC5,
    0xD7, 0xFF, 0xE6, 0xDB, 0xFF, 0xEF, 0x5D, 0xFF, 0xEF, 0x3C, 0xFF, 0xE6, 0xFC, 0xFF, 0xEF, 0x1C,
    0xFF, 0xE7, 0x1C, 0xFF, 0xE7, 0x1C, 0xFF, 0xEF, 0x1C, 0xFF, 0xEF, 0x1C, 0xFF, 0xEF, 0x1C, 0xFF,
    0xEF, 0x1C, 0xFF, 0xEF, 0x1C, 0xFF, 0xEF, 0x3C, 0xFF, 0xF7, 0x9D, 0xFF, 0xD6, 0x9A, 0xFF, 0xCE,
    0x38, 0xFF, 0xEF, 0x3D, 0xFF, 0xEF, 0x1C, 0xFF, 0xF7, 0x7D, 0xFF, 0xF7, 0x7D, 0xFF, 0x5A, 0xAA,
    0xFF, 0x7B, 0x8E, 0xFF, 0xE6, 0xFB, 0xFF, 0xC5, 0xF7, 0xFF, 0xAD, 0x14, 0xFF, 0xD6, 0x99, 0xFF,
    0xEF, 0x3C, 0xFF, 0xEF, 0x5C, 0xFF, 0xFF, 0xBE, 0xFF, 0xBD, 0xB6, 0xFF, 0x84, 0x0F, 0xFF, 0xF7,
    0x5D, 0xFF, 0xEF, 0x3C, 0xFF, 0xEF, 0x3D, 0xFF, 0xE6, 0xFB, 0xFF, 0xE6, 0xFC, 0xFF, 0xAD, 0x34,
    0xFF, 0x7B, 0x8E, 0xFF, 0xCE, 0x59, 0xFF, 0xFF, 0xFF, 0xFF, 0xEF, 0x3C, 0xFF, 0xF7, 0x7D, 0xFF,
    0xEF, 0x5D, 0xFF, 0xEF, 0x5D, 0xFF, 0xEF, 0x5D, 0xFF, 0xEF, 0x5D, 0xFF, 0xEF, 0x5D, 0xFF, 0xEF,
    0x5C, 0xFF, 0xEF, 0x5C, 0xFF, 0xE7, 0x1B, 0xFE, 0xF7, 0x7C, 0xFF, 0xF7, 0xBE, 0xEF, 0xB5, 0xB6,
    0x8F, 0x00, 0x00, 0x21, 0xFF, 0xFF, 0x01, 0x00, 0x00, 0x00, 0x00, 0x00, 0x04, 0x00, 0x20, 0x21,
    0x00, 0x00, 0x21, 0x00, 0x00, 0x04, 0x00, 0x00, 0x00, 0x00, 0x00, 0x00, 0x00, 0x00, 0x01, 0x00,
    0x20, 0x00, 0x29, 0x45, 0x06, 0x9C, 0xD3, 0x64, 0xEF, 0x3C, 0xE4, 0xF7, 0x9E, 0xFE, 0xEF, 0x3C,
    0xFE, 0xEF, 0x5D, 0xFF, 0xF7, 0x7D, 0xFF, 0xEF, 0x3C, 0xFF, 0xBD, 0xB7, 0xFE, 0xB5, 0x55, 0xFD,
    0xBD, 0xB7, 0xFD, 0x94, 0x52, 0x7C, 0x00, 0x00, 0x0C, 0xFF, 0xFF, 0x03, 0xFF, 0xF5, 0x03, 0xFF,
    0xFF, 0x02, 0xFF, 0xFF, 0x03, 0xFF, 0xFF, 0x03, 0xFF, 0xFF, 0x02, 0x21, 0x04, 0x0F, 0x73, 0x6D,
    0x65, 0xBD, 0xD7, 0xDE, 0x73, 0x4E, 0xFF, 0x9C, 0x93, 0xFF, 0xCE, 0x39, 0xFF, 0xBD, 0x97, 0xFF,
    0xBD, 0xB7, 0xFF, 0xD6, 0x7A, 0xFF, 0xF7, 0x5D, 0xFF, 0xEF, 0x5D, 0xFF, 0xEF, 0x3C, 0xFF, 0xEF,
    0x3C, 0xFF, 0xEF, 0x3C, 0xFF, 0xEF, 0x3D, 0xFF, 0xEF, 0x3C, 0xFF, 0xF7, 0x5D, 0xFF, 0xEF, 0x1C,
    0xFF, 0xC5, 0xD7, 0xFF, 0xAD, 0x15, 0xFF, 0xBD, 0x97, 0xFF, 0xBD, 0x97, 0xFF, 0xA4, 0xB4, 0xFF,
    0x83, 0x90, 0xFF, 0x6B, 0x0D, 0xFF, 0x62, 0xAB, 0xFF, 0x7B, 0x4D, 0xFF, 0xAC, 0xD2, 0xFF, 0xBD,
    0x54, 0xFF, 0xB5, 0x34, 0xFF, 0xC5, 0xB6, 0xFF, 0xD6, 0x38, 0xFF, 0xBD, 0x96, 0xFF, 0x9C, 0x72,
    0xFF, 0xA4, 0xB2, 0xFF, 0xC5, 0xB6, 0xFF, 0xF7, 0x3A, 0xFF, 0xFF, 0x5B, 0xFF, 0xFF, 0x5B, 0xFF,
    0xFF, 0x5B, 0xFF, 0xFF, 0x5B, 0xFF, 0xFF, 0x7B, 0xFF, 0xFF, 0x7B, 0xFF, 0xFF, 0x7B, 0xFF, 0xFF,
    0x7B, 0xFF, 0xFF, 0x7B, 0xFF, 0xFF, 0x7B, 0xFF, 0xFF, 0x7C, 0xFF, 0xFF, 0x7C, 0xFF, 0xFF, 0x9C,
    0xFF, 0xFF, 0x9C, 0xFF, 0xFF, 0x9C, 0xFF, 0xFF, 0x9C, 0xFF, 0xFF, 0x9C, 0xFF, 0xFF, 0x9C, 0xFF,
    0xFF, 0x9C, 0xFF, 0xFF, 0x9C, 0xFF, 0xFF, 0x9C, 0xFF, 0xFF, 0x7C, 0xFF, 0xFF, 0xDD, 0xFF, 0xF7,
    0x9C, 0xFF, 0x93, 0x6B, 0xFF, 0x71, 0x03, 0xFF, 0x89, 0xC6, 0xFF, 0xA3, 0x2B, 0xFF, 0xC4, 0x6F,
    0xFF, 0xDD, 0x33, 0xFF, 0xDD, 0x94, 0xFF, 0xDD, 0xB5, 0xFF, 0xDD, 0xB6, 0xFF, 0xE5, 0xF6, 0xFF,
    0xDD, 0xB5, 0xFF, 0xD5, 0x33, 0xFF, 0xD4, 0xF2, 0xFF, 0xD4, 0x91, 0xFF, 0xBB, 0x8D, 0xFF, 0x9A,
    0x27, 0xFF, 0x60, 0xC2, 0xFF, 0xBD, 0x34, 0xFF, 0xFF, 0xFF, 0xFF, 0xFF, 0xBD, 0xFF, 0xFF, 0x7C,
    0xFF, 0xFF, 0x9C, 0xFF, 0xFF, 0x9C, 0xFF, 0xFF, 0x9C, 0xFF, 0xFF, 0x9C, 0xFF, 0xFF, 0x9C, 0xFF,
    0xFF, 0x9C, 0xFF, 0xFF, 0x9C, 0xFF, 0xFF, 0x9C, 0xFF, 0xFF, 0x7C, 0xFF, 0xFF, 0x7C, 0xFF, 0xFF,
    0x7C, 0xFF, 0xFF, 0x7C, 0xFF, 0xFF, 0x7B, 0xFF, 0xFF, 0x7B, 0xFF, 0xFF, 0x7B, 0xFF, 0xFF, 0x7B,
    0xFF, 0xFF, 0x7B, 0xFF, 0xFF, 0x7B, 0xFF, 0xFF, 0x7B, 0xFF, 0xFF, 0x7B, 0xFF, 0xFF, 0x7C, 0xFF,
    0xFF, 0x7C, 0xFF, 0xFF, 0x7C, 0xFF, 0xFF, 0x7C, 0xFF, 0xFF, 0x7B, 0xFF, 0xFF, 0x7C, 0xFF, 0xF7,
    0x5B, 0xFF, 0xF7, 0x7C, 0xFF, 0xFF, 0xFD, 0xFF, 0xD6, 0x16, 0xFF, 0x38, 0xE3, 0xFF, 0x62, 0x6A,
    0xFF, 0x52, 0x4A, 0xFF, 0x9C, 0x93, 0xFF, 0xDE, 0x9A, 0xFF, 0xEF, 0x5D, 0xFF, 0xEF, 0x3C, 0xFF,
    0xE7, 0x1C, 0xFF, 0xEF, 0x3C, 0xFF, 0xEF, 0x3C, 0xFF, 0xEF, 0x1C, 0xFF, 0xEF, 0x1C, 0xFF, 0xEF,
    0x1C, 0xFF, 0xEF, 0x1C, 0xFF, 0xEF, 0x1C, 0xFF, 0xEF, 0x1C, 0xFF, 0xE7, 0x1C, 0xFF, 0xF7, 0x7D,
    0xFF, 0xE7, 0x1C, 0xFF, 0xC5, 0xF8, 0xFF, 0xD6, 0x9A, 0xFF, 0xF7, 0x7D, 0xFF, 0xE7, 0x1B, 0xFF,
    0xF7, 0x9E, 0xFF, 0xDE, 0xBA, 0xFF, 0x29, 0x45, 0xFF, 0x8C, 0x10, 0xFF, 0xE6, 0xFB, 0xFF, 0xC5,
    0xD7, 0xFF, 0xA4, 0xF3, 0xFF, 0xD6, 0x99, 0xFF, 0xEF, 0x3C, 0xFF, 0xF7, 0x7D, 0xFF, 0xF7, 0x7D,
    0xFF, 0xA4, 0xF3, 0xFF, 0x94, 0x71, 0xFF, 0xFF, 0xBE, 0xFF, 0xEF, 0x1C, 0xFF, 0xEF, 0x3C, 0xFF,
    0xE6, 0xFC, 0xFF, 0xD6, 0x79, 0xFF, 0x73, 0x6D, 0xFF, 0xA5, 0x34, 0xFF, 0xF7, 0xBE, 0xFF, 0xF7,
    0x9D, 0xFF, 0xEF, 0x5C, 0xFF, 0xEF, 0x7D, 0xFF, 0xEF, 0x5D, 0xFF, 0xEF, 0x5D, 0xFF, 0xEF, 0x5C,
    0xFF, 0xEF, 0x5D, 0xFF, 0xEF, 0x5D, 0xFF, 0xEF, 0x5C, 0xFF, 0xEF, 0x5C, 0xFE, 0xEF, 0x3B, 0xFF,
    0xFF, 0xFE, 0xFB, 0xD6, 0x99, 0xB4, 0x52, 0x89, 0x40, 0xFF, 0xFF, 0x04, 0xFF, 0xFF, 0x02, 0x00,
    0x00, 0x00, 0x00, 0x00, 0x04, 0x00, 0x20, 0x21, 0x00, 0x00, 0x21, 0x00, 0x00, 0x04, 0x00, 0x00,
    0x00, 0x00, 0x00, 0x00, 0x00, 0x00, 0x01, 0xFF, 0xFF, 0x01, 0x00, 0x00, 0x00, 0x4A, 0x69, 0x38,
    0xC6, 0x18, 0xB2, 0xFF, 0xFF, 0xFC, 0xE7, 0x1C, 0xFE, 0xEF, 0x5D, 0xFF, 0xEF, 0x5D, 0xFF, 0xEF,
    0x5D, 0xFF, 0xC5, 0xF8, 0xFE, 0xAD, 0x35, 0xFD, 0xBD, 0x97, 0xFD, 0x94, 0x52, 0x82, 0x00, 0x00,
    0x11, 0xFF, 0xFF, 0x01, 0x00, 0x00, 0x02, 0x00, 0x00, 0x01, 0x00, 0x00, 0x01, 0x00, 0x00, 0x01,
    0x00, 0x00, 0x01, 0x29, 0x45, 0x06, 0x21, 0x03, 0x39, 0xDE, 0xBA, 0xC0, 0x8C, 0x51, 0xFD, 0x7B,
    0x8F, 0xFF, 0xBD, 0x96, 0xFE, 0xCE, 0x19, 0xFF, 0xB5, 0x76, 0xFF, 0xC5, 0xF8, 0xFF, 0xE6, 0xDB,
    0xFF, 0xEF, 0x5D, 0xFF, 0xEF, 0x3C, 0xFF, 0xEF, 0x3C, 0xFF, 0xEF, 0x3C, 0xFF, 0xEF, 0x3C, 0xFF,
    0xEF, 0x3C, 0xFF, 0xEF, 0x1C, 0xFF, 0xF7, 0x5D, 0xFF, 0xEF, 0x3C, 0xFF, 0xC5, 0xF8, 0xFF, 0xA4,
    0xF4, 0xFF, 0xAD, 0x15, 0xFF, 0xBD, 0x97, 0xFF, 0xC5, 0xD8, 0xFF, 0xBD, 0x77, 0xFF, 0x62, 0xAC,
    0xFF, 0x10, 0x00, 0xFF, 0x72, 0xA9, 0xFF, 0xB4, 0xF2, 0xFF, 0xA4, 0x91, 0xFF, 0x9C, 0x30, 0xFF,
    0xA4, 0x91, 0xFF, 0xB5, 0x13, 0xFF, 0xB5, 0x33, 0xFF, 0xA4, 0xD2, 0xFF, 0xC5, 0xB5, 0xFF, 0xF7,
    0x3B, 0xFF, 0xFF, 0x7B, 0xFF, 0xFF, 0x5B, 0xFF, 0xFF, 0x5B, 0xFF, 0xFF, 0x7B, 0xFF, 0xFF, 0x7B,
    0xFF, 0xFF, 0x7B, 0xFF, 0xFF, 0x7C, 0xFF, 0xFF, 0x7C, 0xFF, 0xFF, 0x7C, 0xFF, 0xFF, 0x7C, 0xFF,
    0xFF, 0x7C, 0xFF, 0xFF, 0x7C, 0xFF, 0xFF, 0x7C, 0xFF, 0xFF, 0x9C, 0xFF, 0xFF, 0x9C, 0xFF, 0xFF,
    0x9C, 0xFF, 0xFF, 0x9C, 0xFF, 0xFF, 0x9C, 0xFF, 0xFF, 0x9C, 0xFF, 0xFF, 0x9C, 0xFF, 0xFF, 0x9C,
    0xFF, 0xFF, 0x7C, 0xFF, 0xFF, 0xDD, 0xFF, 0xFF, 0xDD, 0xFF, 0xB4, 0x90, 0xFF, 0x71, 0x03, 0xFF,
    0xC3, 0x8D, 0xFF, 0xF5, 0xD4, 0xFF, 0xF5, 0xF5, 0xFF, 0xED, 0x94, 0xFF, 0xE5, 0x73, 0xFF, 0xE5,
    0x73, 0xFF, 0xE5, 0x73, 0xFF, 0xE5, 0x73, 0xFF, 0xE5, 0x53, 0xFF, 0xED, 0x53, 0xFF, 0xED, 0x53,
    0xFF, 0xF5, 0x94, 0xFF, 0xFD, 0xF5, 0xFF, 0xE4, 0xB0, 0xFF, 0x92, 0xCA, 0xFF, 0xDE, 0x79, 0xFF,
    0xFF, 0xFF, 0xFF, 0xFF, 0x9D, 0xFF, 0xFF, 0x9C, 0xFF, 0xFF, 0x9C, 0xFF, 0xFF, 0x9C, 0xFF, 0xFF,
    0x9C, 0xFF, 0xFF, 0x9C, 0xFF, 0xFF, 0x9C, 0xFF, 0xFF, 0x9C, 0xFF, 0xFF, 0x9C, 0xFF, 0xFF, 0x9C,
    0xFF, 0xFF, 0x7C, 0xFF, 0xFF, 0x9C, 0xFF, 0xFF, 0x9C, 0xFF, 0xFF, 0x9C, 0xFF, 0xFF, 0x7C, 0xFF,
    0xFF, 0x7B, 0xFF, 0xFF, 0x7B, 0xFF, 0xFF, 0x7B, 0xFF, 0xFF, 0x7B, 0xFF, 0xFF, 0x7B, 0xFF, 0xFF,
    0x7B, 0xFF, 0xFF, 0x7B, 0xFF, 0xFF, 0x7C, 0xFF, 0xFF, 0x7C, 0xFF, 0xFF, 0x9C, 0xFF, 0xFF, 0x9C,
    0xFF, 0xFF, 0x9C, 0xFF, 0xFF, 0x7C, 0xFF, 0xF7, 0x7C, 0xFF, 0xFF, 0xFE, 0xFF, 0xEF, 0x5C, 0xFF,
    0x6A, 0xA9, 0xFF, 0x41, 0x66, 0xFF, 0x7B, 0x2E, 0xFF, 0x62, 0xCC, 0xFF, 0xB5, 0x56, 0xFF, 0xEF,
    0x1C, 0xFF, 0xEF, 0x3C, 0xFF, 0xE7, 0x1C, 0xFF, 0xEF, 0x3C, 0xFF, 0xEF, 0x3C, 0xFF, 0xEF, 0x3C,
    0xFF, 0xEF, 0x3C, 0xFF, 0xEF, 0x3C, 0xFF, 0xEF, 0x3C, 0xFF, 0xEF, 0x1C, 0xFF, 0xEF, 0x1C, 0xFF,
    0xEF, 0x1C, 0xFF, 0xEF, 0x3C, 0xFF, 0xF7, 0x7D, 0xFF, 0xC6, 0x18, 0xFF, 0xC5, 0xD8, 0xFF, 0xEF,
    0x5D, 0xFF, 0xEF, 0x3C, 0xFF, 0xEF, 0x3C, 0xFF, 0xFF, 0xDE, 0xFF, 0xAD, 0x55, 0xFF, 0x00, 0x00,
    0xFF, 0x73, 0x6E, 0xFF, 0xE6, 0xFB, 0xFF, 0xBD, 0xD7, 0xFF, 0x9C, 0xD3, 0xFF, 0xD6, 0x99, 0xFF,
    0xEF, 0x3C, 0xFF, 0xF7, 0xBE, 0xFF, 0xDE, 0xDB, 0xFF, 0x8C, 0x30, 0xFF, 0xB5, 0x55, 0xFF, 0xFF,
    0xBE, 0xFF, 0xE7, 0x1C, 0xFF, 0xEF, 0x1C, 0xFF, 0xEF, 0x1C, 0xFF, 0x8C, 0x30, 0xFF, 0x7B, 0xCE,
    0xFF, 0xE7, 0x1C, 0xFF, 0xFF, 0xFF, 0xFF, 0xEF, 0x3C, 0xFF, 0xEF, 0x7D, 0xFF, 0xEF, 0x5C, 0xFF,
    0xEF, 0x5C, 0xFF, 0xEF, 0x5C, 0xFF, 0xEF, 0x5C, 0xFF, 0xEF, 0x5C, 0xFF, 0xEF, 0x5C, 0xFF, 0xEF,
    0x5D, 0xFF, 0xEF, 0x3C, 0xFD, 0xFF, 0xFE, 0xFF, 0xEF, 0x7C, 0xD7, 0x8C, 0x71, 0x63, 0x00, 0x00,
    0x09, 0xFF, 0xFF, 0x01, 0x00, 0x00, 0x02, 0x00, 0x00, 0x00, 0x00, 0x00, 0x04, 0x00, 0x00, 0x21,
    0x00, 0x00, 0x21, 0x00, 0x00, 0x04, 0x00, 0x00, 0x00, 0x00, 0x00, 0x00, 0x00, 0x00, 0x00, 0xFF,
    0xFF, 0x01, 0x00, 0x00, 0x00, 0x00, 0x00, 0x12, 0x9C, 0xD3, 0x76, 0xF7, 0xBE, 0xEE, 0xEF, 0x3C,
    0xFE, 0xEF, 0x3C, 0xFF, 0xEF, 0x3C, 0xFF, 0xEF, 0x5D, 0xFF, 0xD6, 0x5A, 0xFE, 0xAD, 0x15, 0xFD,
    0xBD, 0x77, 0xFD, 0x94, 0x72, 0x8C, 0x00, 0x00, 0x19, 0xFF, 0xFF, 0x01, 0xFF, 0xFF, 0x01, 0x00,
    0x00, 0x00, 0x00, 0x00, 0x00, 0x00, 0x00, 0x00, 0x00, 0x00, 0x00, 0xFF, 0xFF, 0x01, 0x00, 0x00,
    0x15, 0xB5, 0x95, 0x93, 0xC6, 0x18, 0xEF, 0x73, 0x6E, 0xFF, 0x94, 0x51, 0xFE, 0xCE, 0x39, 0xFF,
    0xB5, 0x77, 0xFF, 0xB5, 0x76, 0xFF, 0xCE, 0x18, 0xFF, 0xEF, 0x1C, 0xFF, 0xEF, 0x1C, 0xFF, 0xEF,
    0x1C, 0xFF, 0xEF, 0x1C, 0xFF, 0xEF, 0x1C, 0xFF, 0xEF, 0x3C, 0xFF, 0xEF, 0x3C, 0xFF, 0xEF, 0x3C,
    0xFF, 0xEF, 0x5D, 0xFF, 0xEF, 0x5D, 0xFF, 0xD6, 0x59, 0xFF, 0xB5, 0x35, 0xFF, 0xA4, 0xD4, 0xFF,
    0xAC, 0xF5, 0xFF, 0xBD, 0x77, 0xFF, 0xA4, 0xB3, 0xFF, 0x28, 0xA3, 0xFF, 0x51, 0xA5, 0xFF, 0xDE,
    0xB8, 0xFF, 0xFF, 0xFE, 0xFF, 0xF7, 0x3B, 0xFF, 0xF7, 0x1A, 0xFF, 0xEF, 0x1A, 0xFF, 0xF7, 0x5B,
    0xFF, 0xFF, 0x9C, 0xFF, 0xFF, 0xBC, 0xFF, 0xFF, 0x7C, 0xFF, 0xFF, 0x7B, 0xFF, 0xFF, 0x7B, 0xFF,
    0xFF, 0x5B, 0xFF, 0xFF, 0x7B, 0xFF, 0xFF, 0x7B, 0xFF, 0xFF, 0x7B, 0xFF, 0xFF, 0x7C, 0xFF, 0xFF,
    0x7C, 0xFF, 0xFF, 0x7C, 0xFF, 0xFF, 0x7C, 0xFF, 0xFF, 0x7C, 0xFF, 0xFF, 0x7C, 0xFF, 0xFF, 0x9C,
    0xFF, 0xFF, 0x9C, 0xFF, 0xFF, 0x9C, 0xFF, 0xFF, 0x9C, 0xFF, 0xFF, 0x9C, 0xFF, 0xFF, 0x9C, 0xFF,
    0xFF, 0x9C, 0xFF, 0xFF, 0x9C, 0xFF, 0xFF, 0x9C, 0xFF, 0xFF, 0x9C, 0xFF, 0xFF, 0xBD, 0xFF, 0xFF,
    0xFE, 0xFF, 0xDE, 0x78, 0xFF, 0x8A, 0x68, 0xFF, 0xED, 0x74, 0xFF, 0xF6, 0x36, 0xFF, 0xED, 0xD5,
    0xFF, 0xED, 0xB4, 0xFF, 0xF5, 0xB4, 0xFF, 0xED, 0x94, 0xFF, 0xED, 0x94, 0xFF, 0xED, 0x74, 0xFF,
    0xF5, 0x74, 0xFF, 0xF5, 0x74, 0xFF, 0xED, 0x74, 0xFF, 0xED, 0x74, 0xFF, 0xF5, 0xB4, 0xFF, 0xDC,
    0xB0, 0xFF, 0xAB, 0xCE, 0xFF, 0xE7, 0x1B, 0xFF, 0xFF, 0xFF, 0xFF, 0xFF, 0x7C, 0xFF, 0xFF, 0x9D,
    0xFF, 0xFF, 0x9C, 0xFF, 0xFF, 0x9C, 0xFF, 0xFF, 0x9C, 0xFF, 0xFF, 0x9C, 0xFF, 0xFF, 0x9C, 0xFF,
    0xFF, 0x9C, 0xFF, 0xFF, 0x9C, 0xFF, 0xFF, 0x9C, 0xFF, 0xFF, 0x7C, 0xFF, 0xFF, 0x7C, 0xFF, 0xFF,
    0x9C, 0xFF, 0xFF, 0x9C, 0xFF, 0xFF, 0x9C, 0xFF, 0xFF, 0x9C, 0xFF, 0xFF, 0x9C, 0xFF, 0xFF, 0x7C,
    0xFF, 0xFF, 0x7C, 0xFF, 0xFF, 0x7C, 0xFF, 0xFF, 0x7B, 0xFF, 0xFF, 0x7C, 0xFF, 0xFF, 0x7C, 0xFF,
    0xFF, 0x9C, 0xFF, 0xFF, 0x9C, 0xFF, 0xFF, 0x9D, 0xFF, 0xFF, 0x9D, 0xFF, 0xFF, 0x9C, 0xFF, 0xFF,
    0xFE, 0xFF, 0xFF, 0xBD, 0xFF, 0x9C, 0x2F, 0xFF, 0x28, 0x82, 0xFF, 0x7B, 0x6F, 0xFF, 0x62, 0xCC,
    0xFF, 0x73, 0x2E, 0xFF, 0xCE, 0x18, 0xFF, 0xEF, 0x3C, 0xFF, 0xDE, 0xBB, 0xFF, 0xDE, 0xDB, 0xFF,
    0xEF, 0x3C, 0xFF, 0xEF, 0x3C, 0xFF, 0xEF, 0x3C, 0xFF, 0xEF, 0x3C, 0xFF, 0xEF, 0x3C, 0xFF, 0xEF,
    0x3C, 0xFF, 0xEF, 0x3C, 0xFF, 0xEF, 0x1C, 0xFF, 0xE6, 0xFB, 0xFF, 0xF7, 0x7D, 0xFF, 0xD6, 0x9A,
    0xFF, 0xB5, 0x76, 0xFF, 0xD6, 0x9A, 0xFF, 0xF7, 0x9E, 0xFF, 0xE6, 0xFB, 0xFF, 0xF7, 0x7D, 0xFF,
    0xF7, 0x9D, 0xFF, 0x73, 0x6D, 0xFF, 0x00, 0x20, 0xFF, 0x5A, 0xAB, 0xFF, 0xD6, 0x7A, 0xFF, 0xC5,
    0xD7, 0xFF, 0x9C, 0xB3, 0xFF, 0xD6, 0x79, 0xFF, 0xF7, 0x5D, 0xFF, 0xFF, 0xBE, 0xFF, 0xC5, 0xF7,
    0xFF, 0x7B, 0xAE, 0xFF, 0xD6, 0x9A, 0xFF, 0xEF, 0x7D, 0xFF, 0xE7, 0x1C, 0xFF, 0xF7, 0x9E, 0xFF,
    0xAD, 0x55, 0xFF, 0x52, 0x89, 0xFF, 0xCE, 0x58, 0xFF, 0xFF, 0xFF, 0xFF, 0xEF, 0x5C, 0xFF, 0xEF,
    0x5C, 0xFF, 0xEF, 0x5C, 0xFF, 0xEF, 0x5C, 0xFF, 0xEF, 0x5C, 0xFF, 0xEF, 0x5C, 0xFF, 0xEF, 0x5C,
    0xFF, 0xEF, 0x5C, 0xFF, 0xEF, 0x5D, 0xFF, 0xEF, 0x5C, 0xFE, 0xF7, 0x9D, 0xFF, 0xFF, 0xFE, 0xEA,
    0xA5, 0x33, 0x8A, 0x00, 0x00, 0x21, 0x00, 0x00, 0x00, 0xFF, 0xFF, 0x01, 0x00, 0x00, 0x01, 0x00,
    0x00, 0x00, 0x00, 0x00, 0x04, 0x00, 0x00, 0x21, 0x00, 0x00, 0x21, 0x00, 0x00, 0x04, 0x00, 0x00,
    0x00, 0x00, 0x00, 0x00, 0x00, 0x00, 0x00, 0x00, 0x00, 0x01, 0x00, 0x00, 0x00, 0x00, 0x00, 0x01,
    0x63, 0x2C, 0x40, 0xD6, 0x79, 0xBF, 0xFF, 0xBE, 0xFC, 0xE6, 0xDB, 0xFE, 0xEF, 0x1C, 0xFF, 0xEF,
    0x3C, 0xFF, 0xE6, 0xDB, 0xFE, 0xAD, 0x35, 0xFD, 0xB5, 0x56, 0xFC, 0x94, 0x72, 0x9E, 0x21, 0x04,
    0x27, 0x00, 0x00, 0x00, 0xFF, 0xFF, 0x01, 0x00, 0x00, 0x00, 0x00, 0x00, 0x00, 0x00, 0x00, 0x00,
    0x00, 0x00, 0x00, 0x00, 0x00, 0x00, 0x00, 0x00, 0x0B, 0x7B, 0xAE, 0x6A, 0xD6, 0x99, 0xD7, 0x9C,
    0xB3, 0xFF, 0x6B, 0x2D, 0xFF, 0xAD, 0x35, 0xFF, 0xCE, 0x19, 0xFF, 0xAD, 0x15, 0xFF, 0xB5, 0x76,
    0xFF, 0xD6, 0x5A, 0xFF, 0xEF, 0x1C, 0xFF, 0xEF, 0x1C, 0xFF, 0xEF, 0x1C, 0xFF, 0xEF, 0x3C, 0xFF,
    0xEF, 0x3C, 0xFF, 0xEF, 0x3C, 0xFF, 0xEF, 0x5C, 0xFF, 0xEF, 0x3C, 0xFF, 0xEF, 0x5D, 0xFF, 0xEF,
    0x5D, 0xFF, 0xDE, 0xBB, 0xFF, 0xBD, 0x97, 0xFF, 0xA4, 0xD5, 0xFF, 0xAC, 0xF5, 0xFF, 0xB5, 0x56,
    0xFF, 0x5A, 0x8A, 0xFF, 0x10, 0x00, 0xFF, 0x7A, 0xEA, 0xFF, 0xF7, 0x5C, 0xFF, 0xFF, 0xFF, 0xFF,
    0xFF, 0x9C, 0xFF, 0xFF, 0xBC, 0xFF, 0xFF, 0xBC, 0xFF, 0xFF, 0x9C, 0xFF, 0xFF, 0x7C, 0xFF, 0xFF,
    0x7B, 0xFF, 0xFF, 0x7B, 0xFF, 0xFF, 0x7B, 0xFF, 0xFF, 0x7B, 0xFF, 0xFF, 0x7B, 0xFF, 0xFF, 0x7B,
    0xFF, 0xFF, 0x7C, 0xFF, 0xFF, 0x7C, 0xFF, 0xFF, 0x7C, 0xFF, 0xFF, 0x7C, 0xFF, 0xFF, 0x7C, 0xFF,
    0xFF, 0x9C, 0xFF, 0xFF, 0x9C, 0xFF, 0xFF, 0x9C, 0xFF, 0xFF, 0x9C, 0xFF, 0xFF, 0x9C, 0xFF, 0xFF,
    0x9C, 0xFF, 0xFF, 0x9C, 0xFF, 0xFF, 0x9C, 0xFF, 0xFF, 0x9C, 0xFF, 0xFF, 0x9C, 0xFF, 0xFF, 0x9C,
    0xFF, 0xFF, 0x9C, 0xFF, 0xFF, 0x9C, 0xFF, 0xFF, 0xFD, 0xFF, 0xEF, 0x5C, 0xFF, 0xA3, 0xAD, 0xFF,
    0xDC, 0xD1, 0xFF, 0xF5, 0xD5, 0xFF, 0xF5, 0xB5, 0xFF, 0xED, 0x94, 0xFF, 0xED, 0x94, 0xFF, 0xED,
    0x94, 0xFF, 0xED, 0x94, 0xFF, 0xED, 0x74, 0xFF, 0xED, 0x74, 0xFF, 0xED, 0x73, 0xFF, 0xED, 0x73,
    0xFF, 0xED, 0x74, 0xFF, 0xFD, 0xF5, 0xFF, 0xCC, 0x4F, 0xFF, 0xBC, 0xB1, 0xFF, 0xF7, 0x7D, 0xFF,
    0xFF, 0xFE, 0xFF, 0xFF, 0x9C, 0xFF, 0xFF, 0x9D, 0xFF, 0xFF, 0x9C, 0xFF, 0xFF, 0x9C, 0xFF, 0xFF,
    0x9C, 0xFF, 0xFF, 0x9C, 0xFF, 0xFF, 0x9C, 0xFF, 0xFF, 0x9C, 0xFF, 0xFF, 0x9C, 0xFF, 0xFF, 0x9C,
    0xFF, 0xFF, 0x7C, 0xFF, 0xFF, 0x7C, 0xFF, 0xFF, 0x9C, 0xFF, 0xFF, 0x9C, 0xFF, 0xFF, 0x9C, 0xFF,
    0xFF, 0x9C, 0xFF, 0xFF, 0x9C, 0xFF, 0xFF, 0x9C, 0xFF, 0xFF, 0x9C, 0xFF, 0xFF, 0x9C, 0xFF, 0xFF,
    0x9C, 0xFF, 0xFF, 0x9C, 0xFF, 0xFF, 0x9C, 0xFF, 0xFF, 0x9C, 0xFF, 0xFF, 0x9D, 0xFF, 0xFF, 0x9D,
    0xFF, 0xFF, 0xBD, 0xFF, 0xFF, 0xFF, 0xFF, 0xFF, 0xDE, 0xFF, 0xAC, 0x90, 0xFF, 0x30, 0xA3, 0xFF,
    0x5A, 0x6C, 0xFF, 0x8C, 0x12, 0xFF, 0x52, 0x4B, 0xFF, 0x94, 0x32, 0xFF, 0xDE, 0xBB, 0xFF, 0xD6,
    0x9A, 0xFF, 0xCE, 0x39, 0xFF, 0xE6, 0xFB, 0xFF, 0xEF, 0x3D, 0xFF, 0xEF, 0x1C, 0xFF, 0xEF, 0x3C,
    0xFF, 0xEF, 0x3C, 0xFF, 0xEF, 0x3C, 0xFF, 0xEF, 0x3C, 0xFF, 0xEF, 0x3C, 0xFF, 0xE7, 0x1C, 0xFF,
    0xEF, 0x3C, 0xFF, 0xEF, 0x1C, 0xFF, 0xAD, 0x56, 0xFF, 0xBD, 0xB7, 0xFF, 0xF7, 0x5D, 0xFF, 0xEF,
    0x3C, 0xFF, 0xE7, 0x1C, 0xFF, 0xFF, 0xBE, 0xFF, 0xDE, 0xDA, 0xFF, 0x39, 0xC6, 0xFF, 0x63, 0x0C,
    0xFF, 0x73, 0x4D, 0xFF, 0xBD, 0xB7, 0xFF, 0xC5, 0xD7, 0xFF, 0x9C, 0xB2, 0xFF, 0xC6, 0x18, 0xFF,
    0xFF, 0xBE, 0xFF, 0xEF, 0x7D, 0xFF, 0xA4, 0xD3, 0xFF, 0x84, 0x10, 0xFF, 0xF7, 0x9E, 0xFF, 0xEF,
    0x3C, 0xFF, 0xF7, 0xBE, 0xFF, 0xDE, 0xBA, 0xFF, 0x41, 0xE7, 0xFF, 0x8C, 0x30, 0xFF, 0xF7, 0xBE,
    0xFF, 0xF7, 0xBD, 0xFF, 0xEF, 0x5B, 0xFF, 0xEF, 0x7C, 0xFF, 0xEF, 0x5C, 0xFF, 0xEF, 0x5C, 0xFF,
    0xEF, 0x5C, 0xFF, 0xEF, 0x5C, 0xFF, 0xEF, 0x5C, 0xFF, 0xEF, 0x5D, 0xFF, 0xEF, 0x5C, 0xFF, 0xEF,
    0x5C, 0xFF, 0xFF, 0xFF, 0xF1, 0xBD, 0xF6, 0xA5, 0x31, 0xC5, 0x38, 0x7B, 0xEF, 0x02, 0x00, 0x00,
    0x00, 0x00, 0x00, 0x01, 0x00, 0x00, 0x00, 0x00, 0x00, 0x00, 0x00, 0x00, 0x04, 0x00, 0x00, 0x21,
    0x00, 0x00, 0x21, 0x00, 0x00, 0x04, 0x00, 0x00, 0x00, 0x00, 0x00, 0x00, 0x00, 0x00, 0x00, 0x00,
    0x00, 0x00, 0xFF, 0xFF, 0x01, 0x00, 0x00, 0x00, 0x00, 0x00, 0x13, 0x8C, 0x51, 0x72, 0xFF, 0x9E,
    0xE4, 0xE6, 0xFB, 0xFF, 0xE6, 0xFB, 0xFF, 0xE7, 0x1C, 0xFF, 0xEF, 0x1C, 0xFF, 0xBD, 0xB7, 0xFD,
    0xAD, 0x35, 0xFD, 0x9C, 0xB3, 0xB4, 0x6B, 0x0C, 0x3A, 0x00, 0x00, 0x00, 0xFF, 0xFF, 0x02, 0x00,
    0x00, 0x00, 0x00, 0x00, 0x00, 0x00, 0x00, 0x00, 0x00, 0x00, 0x00, 0x00, 0x00, 0x00, 0x31, 0x86,
    0x05, 0x29, 0x65, 0x39, 0xC6, 0x17, 0xAE, 0xCE, 0x58, 0xF5, 0x73, 0x4D, 0xFF, 0x7B, 0xAF, 0xFE,
    0xDE, 0x9A, 0xFF, 0xCE, 0x19, 0xFF, 0xAD, 0x15, 0xFF, 0xB5, 0x76, 0xFF, 0xDE, 0xDB, 0xFF, 0xEF,
    0x1C, 0xFF, 0xEF, 0x3C, 0xFF, 0xEF, 0x3C, 0xFF, 0xEF, 0x5D, 0xFF, 0xEF, 0x5D, 0xFF, 0xEF, 0x3D,
    0xFF, 0xEF, 0x5D, 0xFF, 0xEF, 0x3D, 0xFF, 0xEF, 0x3C, 0xFF, 0xEF, 0x3D, 0xFF, 0xE7, 0x1C, 0xFF,
    0xCD, 0xF8, 0xFF, 0xB5, 0x36, 0xFF, 0xBD, 0x97, 0xFF, 0x8C, 0x11, 0xFF, 0x31, 0x25, 0xFF, 0x18,
    0x00, 0xFF, 0xA4, 0x70, 0xFF, 0xFF, 0xFE, 0xFF, 0xFF, 0xDE, 0xFF, 0xF7, 0x7C, 0xFF, 0xFF, 0x9C,
    0xFF, 0xFF, 0x9C, 0xFF, 0xFF, 0x9C, 0xFF, 0xFF, 0x9C, 0xFF, 0xFF, 0x7B, 0xFF, 0xFF, 0x7B, 0xFF,
    0xFF, 0x7B, 0xFF, 0xFF, 0x7C, 0xFF, 0xFF, 0x7C, 0xFF, 0xFF, 0x9C, 0xFF, 0xFF, 0x9C, 0xFF, 0xFF,
    0x9C, 0xFF, 0xFF, 0x9C, 0xFF, 0xFF, 0x9C, 0xFF, 0xFF, 0x9C, 0xFF, 0xFF, 0x9C, 0xFF, 0xFF, 0x9C,
    0xFF, 0xFF, 0x9C, 0xFF, 0xFF, 0x9C, 0xFF, 0xFF, 0x9C, 0xFF, 0xFF, 0x9C, 0xFF, 0xFF, 0x9C, 0xFF,
    0xFF, 0x9C, 0xFF, 0xFF, 0x9C, 0xFF, 0xFF, 0x9C, 0xFF, 0xFF, 0x9C, 0xFF, 0xFF, 0x9C, 0xFF, 0xFF,
    0xDD, 0xFF, 0xFF, 0xDE, 0xFF, 0xC5, 0x54, 0xFF, 0xC4, 0x2F, 0xFF, 0xF5, 0xD5, 0xFF, 0xF5, 0xB5,
    0xFF, 0xED, 0x94, 0xFF, 0xED, 0x94, 0xFF, 0xED, 0x94, 0xFF, 0xED, 0x94, 0xFF, 0xED, 0x74, 0xFF,
    0xED, 0x74, 0xFF, 0xED, 0x74, 0xFF, 0xED, 0x74, 0xFF, 0xED, 0x74, 0xFF, 0xFD, 0xD5, 0xFF, 0xBC,
    0x0E, 0xFF, 0xCD, 0xF6, 0xFF, 0xFF, 0xDE, 0xFF, 0xFF, 0xDD, 0xFF, 0xFF, 0x9C, 0xFF, 0xFF, 0x9C,
    0xFF, 0xFF, 0x9C, 0xFF, 0xFF, 0x9C, 0xFF, 0xFF, 0x9C, 0xFF, 0xFF, 0x9C, 0xFF, 0xFF, 0x9C, 0xFF,
    0xFF, 0x9C, 0xFF, 0xFF, 0x9C, 0xFF, 0xFF, 0x9C, 0xFF, 0xFF, 0x9C, 0xFF, 0xFF, 0x9C, 0xFF, 0xFF,
    0x9C, 0xFF, 0xFF, 0x9C, 0xFF, 0xFF, 0x9C, 0xFF, 0xFF, 0x9C, 0xFF, 0xFF, 0x9C, 0xFF, 0xFF, 0x9C,
    0xFF, 0xFF, 0x9C, 0xFF, 0xFF, 0x9C, 0xFF, 0xFF, 0x7B, 0xFF, 0xFF, 0x7C, 0xFF, 0xFF, 0x9C, 0xFF,
    0xFF, 0x9C, 0xFF, 0xFF, 0x9D, 0xFF, 0xF7, 0x9D, 0xFF, 0xFF, 0xFF, 0xFF, 0xF7, 0x7D, 0xFF, 0x93,
    0xCD, 0xFF, 0x30, 0xA2, 0xFF, 0x52, 0x6B, 0xFF, 0x8C, 0x12, 0xFF, 0x73, 0x70, 0xFF, 0x5A, 0x6B,
    0xFF, 0xBD, 0x97, 0xFF, 0xDE, 0x9A, 0xFF, 0xC5, 0xF8, 0xFF, 0xD6, 0x7A, 0xFF, 0xEF, 0x3C, 0xFF,
    0xEF, 0x1C, 0xFF, 0xEF, 0x3C, 0xFF, 0xEF, 0x3C, 0xFF, 0xEF, 0x3C, 0xFF, 0xEF, 0x3C, 0xFF, 0xEF,
    0x3C, 0xFF, 0xEF, 0x3C, 0xFF, 0xEF, 0x1C, 0xFF, 0xF7, 0x5D, 0xFF, 0xC5, 0xD8, 0xFF, 0xA4, 0xF5,
    0xFF, 0xD6, 0x7A, 0xFF, 0xF7, 0x7D, 0xFF, 0xE6, 0xFB, 0xFF, 0xEF, 0x5D, 0xFF, 0xFF, 0xBE, 0xFF,
    0xAD, 0x34, 0xFF, 0x29, 0x24, 0xFF, 0xD6, 0x9A, 0xFF, 0xA5, 0x14, 0xFF, 0x9C, 0xD3, 0xFF, 0xBD,
    0xD7, 0xFF, 0x9C, 0xB3, 0xFF, 0xBD, 0xF7, 0xFF, 0xFF, 0xFF, 0xFF, 0xD6, 0x9A, 0xFF, 0x83, 0xF0,
    0xFF, 0xAD, 0x55, 0xFF, 0xFF, 0xFF, 0xFF, 0xF7, 0xBE, 0xFF, 0xD6, 0xBA, 0xFF, 0x4A, 0x48, 0xFF,
    0x21, 0x03, 0xFF, 0xD6, 0x79, 0xFF, 0xFF, 0xFE, 0xFF, 0xEF, 0x5B, 0xFF, 0xEF, 0x5B, 0xFF, 0xEF,
    0x5C, 0xFF, 0xEF, 0x5C, 0xFF, 0xEF, 0x5C, 0xFF, 0xEF, 0x5C, 0xFF, 0xEF, 0x5C, 0xFF, 0xEF, 0x5C,
    0xFF, 0xEF, 0x5C, 0xFF, 0xEF, 0x5C, 0xFE, 0xFF, 0xFF, 0xF8, 0xD6, 0xB9, 0xB9, 0x52, 0xCA, 0x49,
    0x00, 0x00, 0x06, 0x00, 0x00, 0x00, 0x00, 0x00, 0x01, 0x00, 0x00, 0x00, 0x00, 0x00, 0x00, 0x00,
    0x00, 0x00, 0x00, 0x00, 0x04, 0x00, 0x00, 0x21, 0x00, 0x00, 0x21, 0x00, 0x00, 0x04, 0x00, 0x00,
    0x00, 0x00, 0x00, 0x00, 0x00, 0x00, 0x00, 0x00, 0x00, 0x00, 0x00, 0x00, 0x01, 0x00, 0x00, 0x00,
    0x00, 0x00, 0x00, 0x29, 0x45, 0x2F, 0xB5, 0x95, 0xA0, 0xFF, 0xBE, 0xF0, 0xE6, 0xDB, 0xFF, 0xE6,
    0xFB, 0xFF, 0xEF, 0x3C, 0xFF, 0xDE, 0x7A, 0xFD, 0xAD, 0x35, 0xFE, 0xA4, 0xD3, 0xC3, 0x8C, 0x11,
    0x49, 0x00, 0x00, 0x02, 0xFF, 0xFF, 0x01, 0x00, 0x00, 0x01, 0x00, 0x00, 0x00, 0x00, 0x00, 0x00,
    0x00, 0x00, 0x00, 0x00, 0x00, 0x00, 0xFF, 0xFF, 0x01, 0x00, 0x00, 0x13, 0xB5, 0x95, 0x86, 0xD6,
    0x78, 0xE6, 0xA4, 0xD2, 0xFE, 0x5A, 0xAB, 0xFF, 0xA4, 0xD3, 0xFF, 0xFF, 0xBE, 0xFF, 0xCE, 0x59,
    0xFF, 0xB5, 0x56, 0xFF, 0xBD, 0x97, 0xFF, 0xEF, 0x1C, 0xFF, 0xEF, 0x3C, 0xFF, 0xEF, 0x5D, 0xFF,
    0xEF, 0x5D, 0xFF, 0xEF, 0x5D, 0xFF, 0xEF, 0x5D, 0xFF, 0xEF, 0x5D, 0xFF, 0xEF, 0x3D, 0xFF, 0xEF,
    0x3C, 0xFF, 0xEF, 0x1C, 0xFF, 0xEF, 0x3C, 0xFF, 0xEF, 0x1C, 0xFF, 0xD6, 0x39, 0xFF, 0xB5, 0x77,
    0xFF, 0xAD, 0x35, 0xFF, 0x5A, 0xAB, 0xFF, 0x41, 0x66, 0xFF, 0x39, 0x03, 0xFF, 0xA4, 0xB1, 0xFF,
    0xFF, 0xFF, 0xFF, 0xFF, 0xDE, 0xFF, 0xFF, 0x9C, 0xFF, 0xFF, 0x9D, 0xFF, 0xFF, 0x9D, 0xFF, 0xFF,
    0x9C, 0xFF, 0xFF, 0x7B, 0xFF, 0xFF, 0x7B, 0xFF, 0xFF, 0x7B, 0xFF, 0xFF, 0x9C, 0xFF, 0xFF, 0x9C,
    0xFF, 0xFF, 0x9C, 0xFF, 0xFF, 0x9C, 0xFF, 0xFF, 0x9C, 0xFF, 0xFF, 0x9C, 0xFF, 0xFF, 0x9C, 0xFF,
    0xFF, 0x9C, 0xFF, 0xFF, 0x9C, 0xFF, 0xFF, 0x9C, 0xFF, 0xFF, 0x9C, 0xFF, 0xFF, 0x9C, 0xFF, 0xFF,
    0x9C, 0xFF, 0xFF, 0x9C, 0xFF, 0xFF, 0x9C, 0xFF, 0xFF, 0x9C, 0xFF, 0xFF, 0x9C, 0xFF, 0xFF, 0x9C,
    0xFF, 0xFF, 0x9C, 0xFF, 0xFF, 0x9D, 0xFF, 0xFF, 0xBD, 0xFF, 0xFF, 0xDE, 0xFF, 0xEF, 0x3C, 0xFF,
    0xAB, 0xEE, 0xFF, 0xDD, 0x12, 0xFF, 0xF5, 0xD5, 0xFF, 0xED, 0x94, 0xFF, 0xED, 0x74, 0xFF, 0xED,
    0x74, 0xFF, 0xED, 0x74, 0xFF, 0xED, 0x74, 0xFF, 0xED, 0x74, 0xFF, 0xED, 0x53, 0xFF, 0xED, 0x74,
    0xFF, 0xFD, 0xB5, 0xFF, 0xDD, 0x33, 0xFF, 0xB4, 0x70, 0xFF, 0xEF, 0x3C, 0xFF, 0xFF, 0xFE, 0xFF,
    0xFF, 0x9C, 0xFF, 0xFF, 0xBC, 0xFF, 0xFF, 0x9C, 0xFF, 0xFF, 0x9C, 0xFF, 0xFF, 0x9C, 0xFF, 0xFF,
    0x9C, 0xFF, 0xFF, 0x9C, 0xFF, 0xFF, 0x9C, 0xFF, 0xFF, 0x9C, 0xFF, 0xFF, 0x9C, 0xFF, 0xFF, 0x9C,
    0xFF, 0xFF, 0x9C, 0xFF, 0xFF, 0x9C, 0xFF, 0xFF, 0x9C, 0xFF, 0xFF, 0x9C, 0xFF, 0xFF, 0x9C, 0xFF,
    0xFF, 0x9C, 0xFF, 0xFF, 0x9C, 0xFF, 0xFF, 0x9C, 0xFF, 0xFF, 0x9C, 0xFF, 0xFF, 0x9B, 0xFF, 0xFF,
    0x7B, 0xFF, 0xFF, 0x7B, 0xFF, 0xFF, 0x7B, 0xFF, 0xFF, 0x7C, 0xFF, 0xFF, 0xBE, 0xFF, 0xFF, 0xFF,
    0xFF, 0xDE, 0x99, 0xFF, 0x6A, 0x68, 0xFF, 0x30, 0xC3, 0xFF, 0x62, 0xED, 0xFF, 0x84, 0x32, 0xFF,
    0x84, 0x12, 0xFF, 0x62, 0xCD, 0xFF, 0x73, 0x4E, 0xFF, 0xD6, 0x39, 0xFF, 0xC5, 0xF8, 0xFF, 0xCE,
    0x18, 0xFF, 0xE6, 0xFC, 0xFF, 0xEF, 0x3C, 0xFF, 0xE7, 0x1C, 0xFF, 0xEF, 0x3C, 0xFF, 0xEF, 0x3C,
    0xFF, 0xEF, 0x3C, 0xFF, 0xEF, 0x5C, 0xFF, 0xEF, 0x3C, 0xFF, 0xEF, 0x3C, 0xFF, 0xF7, 0x5D, 0xFF,
    0xD6, 0x7A, 0xFF, 0x9C, 0x93, 0xFF, 0xBD, 0x97, 0xFF, 0xEF, 0x1C, 0xFF, 0xEF, 0x1C, 0xFF, 0xE6,
    0xDB, 0xFF, 0xF7, 0x9E, 0xFF, 0xEF, 0x3C, 0xFF, 0x62, 0xEB, 0xFF, 0x5A, 0xCB, 0xFF, 0xFF, 0xFF,
    0xFF, 0xD6, 0xBA, 0xFF, 0x8C, 0x31, 0xFF, 0xBD, 0xB7, 0xFF, 0x9C, 0xD3, 0xFF, 0xC6, 0x18, 0xFF,
    0xFF, 0xFF, 0xFF, 0xA5, 0x13, 0xFF, 0x73, 0xAE, 0xFF, 0xF7, 0x9E, 0xFF, 0xFF, 0xFF, 0xFF, 0xCE,
    0x38, 0xFF, 0x5A, 0xCB, 0xFF, 0x31, 0x85, 0xFF, 0x42, 0x27, 0xFF, 0xE7, 0x1B, 0xFF, 0xF7, 0xBD,
    0xFF, 0xE7, 0x1A, 0xFF, 0xE7, 0x5B, 0xFF, 0xEF, 0x5B, 0xFF, 0xEF, 0x3B, 0xFF, 0xEF, 0x3C, 0xFF,
    0xEF, 0x3C, 0xFF, 0xEF, 0x3C, 0xFF, 0xEF, 0x3C, 0xFF, 0xEF, 0x3C, 0xFE, 0xFF, 0xDE, 0xFC, 0xEF,
    0x7B, 0xCB, 0x6B, 0xAC, 0x59, 0x00, 0x00, 0x0A, 0x00, 0x00, 0x00, 0x00, 0x00, 0x01, 0x00, 0x00,
    0x00, 0x00, 0x00, 0x00, 0x00, 0x00, 0x00, 0x00, 0x00, 0x00, 0x00, 0x00, 0x04, 0x00, 0x00, 0x21,
    0x00, 0x00, 0x21, 0x00, 0x00, 0x04, 0x00, 0x00, 0x00, 0x00, 0x00, 0x00, 0x00, 0x00, 0x00, 0x00,
    0x00, 0x00, 0x00, 0x00, 0x00, 0x00, 0x00, 0x01, 0x00, 0x00, 0x00, 0x00, 0x00, 0x05, 0x52, 0x8A,
    0x48, 0xDE, 0xBA, 0xBE, 0xF7, 0x7D, 0xFA, 0xE6, 0xFB, 0xFE, 0xEF, 0x1C, 0xFF, 0xEF, 0x3C, 0xFE,
    0xC5, 0xD7, 0xFC, 0xAD, 0x15, 0xCD, 0x8C, 0x11, 0x61, 0x00, 0x00, 0x10, 0xFB, 0xFF, 0x02, 0x00,
    0x00, 0x01, 0x00, 0x00, 0x00, 0x00, 0x00, 0x00, 0x00, 0x00, 0x00, 0x00, 0x00, 0x00, 0xFF, 0xFF,
    0x01, 0x00, 0x00, 0x06, 0x63, 0x0B, 0x53, 0xBD, 0xF6, 0xBA, 0xD6, 0x78, 0xF2, 0x7B, 0xAE, 0xFE,
    0x5A, 0xAB, 0xFE, 0xC6, 0x18, 0xFF, 0xFF, 0xBF, 0xFF, 0xD6, 0x7A, 0xFF, 0xBD, 0xB7, 0xFF, 0xC5,
    0xF8, 0xFF, 0xEF, 0x3C, 0xFF, 0xEF, 0x5D, 0xFF, 0xEF, 0x5D, 0xFF, 0xEF, 0x5D, 0xFF, 0xEF, 0x5D,
    0xFF, 0xEF, 0x5C, 0xFF, 0xEF, 0x3C, 0xFF, 0xEF, 0x3C, 0xFF, 0xEF, 0x3C, 0xFF, 0xEF, 0x1C, 0xFF,
    0xEF, 0x1C, 0xFF, 0xEF, 0x1C, 0xFF, 0xCE, 0x19, 0xFF, 0xBD, 0x97, 0xFF, 0x83, 0xAF, 0xFF, 0x7B,
    0x4D, 0xFF, 0x6A, 0xCB, 0xFF, 0x41, 0x65, 0xFF, 0x8B, 0xAE, 0xFF, 0xFF, 0xBD, 0xFF, 0xFF, 0xFF,
    0xFF, 0xFF, 0xBD, 0xFF, 0xF7, 0x7C, 0xFF, 0xFF, 0x7C, 0xFF, 0xFF, 0x7B, 0xFF, 0xFF, 0x9B, 0xFF,
    0xFF, 0x7C, 0xFF, 0xFF, 0x9C, 0xFF, 0xFF, 0x9C, 0xFF, 0xFF, 0x9C, 0xFF, 0xFF, 0x9C, 0xFF, 0xFF,
    0x9C, 0xFF, 0xFF, 0x9C, 0xFF, 0xFF, 0x9C, 0xFF, 0xFF, 0x9C, 0xFF, 0xFF, 0x9C, 0xFF, 0xFF, 0x9C,
    0xFF, 0xFF, 0x9C, 0xFF, 0xFF, 0x9C, 0xFF, 0xFF, 0x9C, 0xFF, 0xFF, 0x9C, 0xFF, 0xFF, 0x9C, 0xFF,
    0xFF, 0x9C, 0xFF, 0xFF, 0x9C, 0xFF, 0xFF, 0x9C, 0xFF, 0xFF, 0x9C, 0xFF, 0xFF, 0xBD, 0xFF, 0xFF,
    0xBD, 0xFF, 0xFF, 0xBD, 0xFF, 0xFF, 0xFF, 0xFF, 0xD6, 0x17, 0xFF, 0xB3, 0xEE, 0xFF, 0xE5, 0x33,
    0xFF, 0xFD, 0xF5, 0xFF, 0xF5, 0x94, 0xFF, 0xED, 0x54, 0xFF, 0xED, 0x74, 0xFF, 0xED, 0x74, 0xFF,
    0xED, 0x74, 0xFF, 0xF5, 0x94, 0xFF, 0xF5, 0xB5, 0xFF, 0xED, 0x73, 0xFF, 0xAB, 0xCE, 0xFF, 0xD6,
    0x37, 0xFF, 0xFF, 0xFE, 0xFF, 0xFF, 0xBD, 0xFF, 0xFF, 0x9C, 0xFF, 0xFF, 0x9C, 0xFF, 0xFF, 0x9C,
    0xFF, 0xFF, 0x9C, 0xFF, 0xFF, 0x9C, 0xFF, 0xFF, 0x9C, 0xFF, 0xFF, 0x9C, 0xFF, 0xFF, 0x9C, 0xFF,
    0xFF, 0x9C, 0xFF, 0xFF, 0x9C, 0xFF, 0xFF, 0x9C, 0xFF, 0xFF, 0x9C, 0xFF, 0xFF, 0x9C, 0xFF, 0xFF,
    0x9C, 0xFF, 0xFF, 0x9C, 0xFF, 0xFF, 0x9C, 0xFF, 0xFF, 0x9C, 0xFF, 0xFF, 0x9C, 0xFF, 0xFF, 0x9C,
    0xFF, 0xFF, 0x9C, 0xFF, 0xFF, 0x7B, 0xFF, 0xFF, 0x5B, 0xFF, 0xF7, 0x5B, 0xFF, 0xFF, 0xBC, 0xFF,
    0xFF, 0xFF, 0xFF, 0xFF, 0x9C, 0xFF, 0xA4, 0x50, 0xFF, 0x41, 0x44, 0xFF, 0x41, 0x66, 0xFF, 0x7B,
    0x90, 0xFF, 0x8C, 0x33, 0xFF, 0x84, 0x12, 0xFF, 0x83, 0xF1, 0xFF, 0x52, 0x4B, 0xFF, 0x9C, 0x93,
    0xFF, 0xCE, 0x18, 0xFF, 0xC5, 0xD7, 0xFF, 0xDE, 0x9B, 0xFF, 0xEF, 0x3C, 0xFF, 0xE7, 0x1C, 0xFF,
    0xEF, 0x3C, 0xFF, 0xEF, 0x3C, 0xFF, 0xEF, 0x3C, 0xFF, 0xEF, 0x3D, 0xFF, 0xEF, 0x5D, 0xFF, 0xEF,
    0x3C, 0xFF, 0xF7, 0x5D, 0xFF, 0xE6, 0xDC, 0xFF, 0xA4, 0xF4, 0xFF, 0xA4, 0xD4, 0xFF, 0xDE, 0x9B,
    0xFF, 0xEF, 0x3C, 0xFF, 0xE6, 0xFB, 0xFF, 0xE6, 0xFC, 0xFF, 0xFF, 0xBF, 0xFF, 0xC5, 0xD7, 0xFF,
    0x31, 0x86, 0xFF, 0xB5, 0x96, 0xFF, 0xFF, 0xFF, 0xFF, 0xF7, 0xBE, 0xFF, 0x8C, 0x72, 0xFF, 0xAD,
    0x55, 0xFF, 0x9C, 0xB3, 0xFF, 0xDE, 0xDB, 0xFF, 0xCE, 0x79, 0xFF, 0x6B, 0x6D, 0xFF, 0xB5, 0xB6,
    0xFF, 0xFF, 0xFF, 0xFF, 0xA5, 0x34, 0xFF, 0x5A, 0xCB, 0xFF, 0xAD, 0x73, 0xFF, 0x8C, 0x6D, 0xFF,
    0x5B, 0x2B, 0xFF, 0xDF, 0x1B, 0xFF, 0xF7, 0x7C, 0xFF, 0xE6, 0xFA, 0xFF, 0xE7, 0x3B, 0xFF, 0xE7,
    0x3B, 0xFF, 0xEF, 0x3B, 0xFF, 0xEF, 0x3B, 0xFF, 0xEF, 0x3C, 0xFF, 0xEF, 0x3C, 0xFF, 0xE7, 0x1B,
    0xFE, 0xF7, 0x9D, 0xFD, 0xF7, 0xBC, 0xD4, 0x73, 0xED, 0x6D, 0x00, 0x00, 0x13, 0x00, 0x00, 0x00,
    0x00, 0x00, 0x01, 0x00, 0x00, 0x00, 0x00, 0x00, 0x00, 0x00, 0x00, 0x00, 0x00, 0x00, 0x00, 0x00,
    0x00, 0x00, 0x00, 0x00, 0x04, 0x00, 0x00, 0x21, 0x00, 0x00, 0x21, 0x00, 0x00, 0x04, 0x00, 0x00,
    0x00, 0x00, 0x00, 0x00, 0x00, 0x00, 0x00, 0x00, 0x00, 0x00, 0x00, 0x00, 0x00, 0x00, 0x00, 0x00,
    0x00, 0x00, 0x01, 0x00, 0x00, 0x00, 0x00, 0x00, 0x0C, 0x6B, 0x4D, 0x62, 0xF7, 0x7D, 0xD4, 0xF7,
    0x5D, 0xFF, 0xE7, 0x1C, 0xFD, 0xEF, 0x5D, 0xFE, 0xDE, 0xDB, 0xFF, 0xC5, 0xB7, 0xEF, 0x94, 0x31,
    0x98, 0x39, 0xA6, 0x2C, 0x78, 0x0F, 0x02, 0xFF, 0xFF, 0x01, 0x00, 0x00, 0x00, 0x00, 0x00, 0x00,
    0x00, 0x00, 0x00, 0x00, 0x00, 0x00, 0x00, 0x00, 0x01, 0xFF, 0xFF, 0x01, 0x08, 0x41, 0x1A, 0xBD,
    0xD6, 0x89, 0xCE, 0x37, 0xEA, 0xBD, 0xD5, 0xFF, 0x73, 0x6D, 0xFE, 0x62, 0xEC, 0xFF, 0xEF, 0x3D,
    0xFF, 0xF7, 0x7E, 0xFF, 0xE6, 0xFB, 0xFF, 0xC6, 0x18, 0xFF, 0xCE, 0x39, 0xFF, 0xEF, 0x3C, 0xFF,
    0xEF, 0x5D, 0xFF, 0xEF, 0x5D, 0xFF, 0xEF, 0x3D, 0xFF, 0xEF, 0x3D, 0xFF, 0xEF, 0x3C, 0xFF, 0xEF,
    0x1C, 0xFF, 0xEF, 0x1C, 0xFF, 0xEF, 0x1C, 0xFF, 0xEF, 0x1C, 0xFF, 0xEF, 0x1C, 0xFF, 0xEF, 0x1C,
    0xFF, 0xC5, 0xB7, 0xFF, 0xAD, 0x14, 0xFF, 0x73, 0x2D, 0xFF, 0x8C, 0x11, 0xFF, 0x7B, 0x6F, 0xFF,
    0x39, 0x25, 0xFF, 0x62, 0x69, 0xFF, 0xCE, 0x17, 0xFF, 0xFF, 0xFF, 0xFF, 0xFF, 0xFF, 0xFF, 0xFF,
    0xBD, 0xFF, 0xF7, 0x5B, 0xFF, 0xF7, 0x5C, 0xFF, 0xFF, 0x7C, 0xFF, 0xFF, 0x9C, 0xFF, 0xFF, 0x9C,
    0xFF, 0xFF, 0x9C, 0xFF, 0xFF, 0x9C, 0xFF, 0xFF, 0x9C, 0xFF, 0xFF, 0x9C, 0xFF, 0xFF, 0x9C, 0xFF,
    0xFF, 0x9C, 0xFF, 0xFF, 0x9C, 0xFF, 0xFF, 0x9C, 0xFF, 0xFF, 0x9C, 0xFF, 0xFF, 0x9C, 0xFF, 0xFF,
    0x9C, 0xFF, 0xFF, 0x9C, 0xFF, 0xFF, 0x9C, 0xFF, 0xFF, 0x9C, 0xFF, 0xFF, 0x9C, 0xFF, 0xFF, 0x9C,
    0xFF, 0xFF, 0x9C, 0xFF, 0xFF, 0x9D, 0xFF, 0xFF, 0xBD, 0xFF, 0xFF, 0xBD, 0xFF, 0xFF, 0xBD, 0xFF,
    0xFF, 0xDD, 0xFF, 0xD5, 0xB5, 0xFF, 0xBB, 0xCE, 0xFF, 0xDC, 0xB1, 0xFF, 0xF5, 0xB4, 0xFF, 0xF5,
    0xB4, 0xFF, 0xF5, 0x94, 0xFF, 0xF5, 0x94, 0xFF, 0xF5, 0x94, 0xFF, 0xF5, 0x74, 0xFF, 0xD4, 0x91,
    0xFF, 0xAB, 0xAE, 0xFF, 0xC5, 0x95, 0xFF, 0xFF, 0xBD, 0xFF, 0xFF, 0xBD, 0xFF, 0xFF, 0x9C, 0xFF,
    0xFF, 0x9C, 0xFF, 0xFF, 0x9C, 0xFF, 0xFF, 0x9C, 0xFF, 0xFF, 0x9C, 0xFF, 0xFF, 0x9C, 0xFF, 0xFF,
    0x9C, 0xFF, 0xFF, 0x9C, 0xFF, 0xFF, 0x9C, 0xFF, 0xFF, 0x9C, 0xFF, 0xFF, 0x9C, 0xFF, 0xFF, 0x9C,
    0xFF, 0xFF, 0x9C, 0xFF, 0xFF, 0x9C, 0xFF, 0xFF, 0xBC, 0xFF, 0xFF, 0xBD, 0xFF, 0xFF, 0xBD, 0xFF,
    0xFF, 0xBD, 0xFF, 0xFF, 0x9C, 0xFF, 0xF7, 0x7C, 0xFE, 0xF7, 0x5B, 0xFE, 0xFF, 0x7B, 0xFE, 0xFF,
    0xBD, 0xFE, 0xFF, 0xFF, 0xFF, 0xFF, 0xBD, 0xFF, 0xBD, 0x33, 0xFF, 0x5A, 0x06, 0xFF, 0x39, 0x04,
    0xFF, 0x5A, 0x8B, 0xFF, 0x8C, 0x11, 0xFF, 0x8C, 0x32, 0xFF, 0x83, 0xF2, 0xFF, 0x84, 0x12, 0xFF,
    0x6B, 0x2E, 0xFF, 0x52, 0x6B, 0xFF, 0xBD, 0x96, 0xFF, 0xBD, 0xB7, 0xFF, 0xD6, 0x59, 0xFF, 0xEF,
    0x1C, 0xFF, 0xEF, 0x1C, 0xFF, 0xE7, 0x1C, 0xFF, 0xEF, 0x1C, 0xFF, 0xEF, 0x3C, 0xFF, 0xEF, 0x3C,
    0xFF, 0xEF, 0x3D, 0xFF, 0xEF, 0x5D, 0xFF, 0xF7, 0x7D, 0xFF, 0xEF, 0x3D, 0xFF, 0xB5, 0x76, 0xFF,
    0x94, 0x52, 0xFF, 0xCD, 0xF8, 0xFF, 0xEF, 0x1C, 0xFF, 0xEE, 0xFB, 0xFF, 0xDE, 0xBA, 0xFF, 0xF7,
    0x5D, 0xFF, 0xF7, 0x7D, 0xFF, 0x83, 0xEF, 0xFF, 0x4A, 0x29, 0xFF, 0xFF, 0xBE, 0xFF, 0xF7, 0xBE,
    0xFF, 0xFF, 0xFF, 0xFF, 0xA5, 0x35, 0xFF, 0x94, 0x92, 0xFF, 0xA5, 0x14, 0xFF, 0xC6, 0x17, 0xFF,
    0x84, 0x30, 0xFF, 0xA4, 0xF3, 0xFF, 0xEF, 0x5C, 0xFF, 0x84, 0x30, 0xFF, 0x63, 0x2C, 0xFF, 0xBD,
    0xD7, 0xFF, 0xEF, 0x99, 0xFF, 0x84, 0x6B, 0xFF, 0x73, 0xAC, 0xFF, 0xE7, 0x3B, 0xFF, 0xEF, 0x5B,
    0xFF, 0xE6, 0xFA, 0xFF, 0xE7, 0x3B, 0xFF, 0xE7, 0x3B, 0xFF, 0xE7, 0x3B, 0xFF, 0xEF, 0x3C, 0xFF,
    0xEF, 0x3B, 0xFF, 0xE7, 0x1B, 0xFE, 0xF7, 0x7C, 0xFE, 0xF7, 0xBC, 0xD8, 0x7C, 0x4E, 0x76, 0x00,
    0x00, 0x1B, 0x00, 0x00, 0x00, 0x00, 0x00, 0x00, 0x00, 0x00, 0x00, 0x00, 0x00, 0x00, 0x00, 0x00,
    0x00, 0x00, 0x00, 0x00, 0x00, 0x00, 0x00, 0x00, 0x00, 0x00, 0x00, 0x00, 0x04, 0x00, 0x00, 0x21,
    0x00, 0x00, 0x21, 0x00, 0x00, 0x04, 0x00, 0x00, 0x00, 0x00, 0x00, 0x00, 0x00, 0x00, 0x00, 0x00,
    0x00, 0x00, 0x00, 0x00, 0x00, 0x00, 0x00, 0x00, 0x00, 0x00, 0x00, 0x00, 0x00, 0x00, 0x00, 0x00,
    0x00, 0x00, 0x00, 0x19, 0x8C, 0x50, 0x7C, 0xF7, 0x9E, 0xDE, 0xF7, 0x9E, 0xFF, 0xEF, 0x3D, 0xFD,
    0xF7, 0x7D, 0xFD, 0xD6, 0x9A, 0xFF, 0xA5, 0x14, 0xBF, 0x6B, 0x2C, 0x47, 0x00, 0x00, 0x03, 0xFF,
    0xFF, 0x01, 0x00, 0x00, 0x01, 0x00, 0x00, 0x00, 0x00, 0x00, 0x00, 0x00, 0x00, 0x00, 0x00, 0x00,
    0x00, 0x00, 0x00, 0x00, 0x00, 0x00, 0x04, 0x73, 0x6D, 0x54, 0xC6, 0x37, 0xC6, 0xD6, 0xB8, 0xFA,
    0xA5, 0x13, 0xFE, 0x6B, 0x0C, 0xFE, 0x83, 0xEF, 0xFF, 0xFF, 0xDF, 0xFF, 0xF7, 0x7D, 0xFF, 0xEF,
    0x3C, 0xFF, 0xCE, 0x59, 0xFF, 0xD6, 0x7A, 0xFF, 0xEF, 0x3C, 0xFF, 0xEF, 0x5D, 0xFF, 0xEF, 0x3C,
    0xFF, 0xEF, 0x3C, 0xFF, 0xEF, 0x3C, 0xFF, 0xEF, 0x1C, 0xFF, 0xE6, 0xFB, 0xFF, 0xDE, 0xBB, 0xFF,
    0xE6, 0xFC, 0xFF, 0xE6, 0xFC, 0xFF, 0xEF, 0x3D, 0xFF, 0xDE, 0x9A, 0xFF, 0xC5, 0xD8, 0xFF, 0x83,
    0xAF, 0xFF, 0x73, 0x4E, 0xFF, 0x94, 0x73, 0xFF, 0x83, 0xB0, 0xFF, 0x49, 0xE8, 0xFF, 0x49, 0xC6,
    0xFF, 0x83, 0x8D, 0xFF, 0xD6, 0x57, 0xFF, 0xFF, 0xFE, 0xFF, 0xFF, 0xFF, 0xFF, 0xFF, 0xDE, 0xFF,
    0xF7, 0x7C, 0xFF, 0xFF, 0x7C, 0xFF, 0xFF, 0x7C, 0xFE, 0xFF, 0x9C, 0xFE, 0xFF, 0x9D, 0xFF, 0xFF,
    0x9C, 0xFF, 0xFF, 0x9C, 0xFF, 0xFF, 0x9C, 0xFF, 0xFF, 0x9C, 0xFF, 0xFF, 0x9C, 0xFF, 0xFF, 0x9C,
    0xFF, 0xFF, 0x9C, 0xFF, 0xFF, 0x7C, 0xFF, 0xFF, 0x9C, 0xFF, 0xFF, 0x9C, 0xFF, 0xFF, 0x9C, 0xFF,
    0xFF, 0x9C, 0xFF, 0xFF, 0x9C, 0xFF, 0xFF, 0x9C, 0xFF, 0xFF, 0x9C, 0xFF, 0xFF, 0x9C, 0xFF, 0xFF,
    0xBD, 0xFF, 0xFF, 0xBD, 0xFF, 0xFF, 0x9C, 0xFF, 0xFF, 0xBC, 0xFF, 0xFF, 0xBC, 0xFF, 0xDE, 0x16,
    0xFF, 0xC4, 0xB1, 0xFF, 0xCC, 0x90, 0xFF, 0xE4, 0xF2, 0xFF, 0xE5, 0x12, 0xFF, 0xE5, 0x12, 0xFF,
    0xE5, 0x32, 0xFF, 0xDC, 0xF2, 0xFF, 0xCC, 0xF2, 0xFF, 0xDD, 0xF7, 0xFF, 0xFF, 0x9C, 0xFF, 0xFF,
    0xBC, 0xFF, 0xFF, 0x9C, 0xFF, 0xFF, 0x9C, 0xFF, 0xFF, 0x9C, 0xFF, 0xFF, 0x9C, 0xFF, 0xFF, 0x9C,
    0xFF, 0xFF, 0x9C, 0xFF, 0xFF, 0x9C, 0xFF, 0xFF, 0x9C, 0xFF, 0xFF, 0x9C, 0xFF, 0xFF, 0x9C, 0xFF,
    0xFF, 0x9C, 0xFF, 0xFF, 0x9C, 0xFF, 0xFF, 0x9C, 0xFF, 0xFF, 0xBC, 0xFF, 0xFF, 0xBD, 0xFF, 0xFF,
    0xBD, 0xFF, 0xFF, 0xBD, 0xFF, 0xFF, 0xBD, 0xFF, 0xFF, 0x9C, 0xFD, 0xFF, 0x9C, 0xFD, 0xFF, 0xBE,
    0xFF, 0xFF, 0xFF, 0xFE, 0xFF, 0xFE, 0xF9, 0xF7, 0x7B, 0xFF, 0xB5, 0x32, 0xFE, 0x6A, 0x88, 0xFE,
    0x41, 0x24, 0xFE, 0x49, 0xC7, 0xFE, 0x73, 0x2E, 0xFE, 0x8C, 0x12, 0xFE, 0x8C, 0x12, 0xFE, 0x7B,
    0xB0, 0xFE, 0x83, 0xF1, 0xFE, 0x83, 0xD1, 0xFE, 0x4A, 0x0A, 0xFF, 0x7B, 0xAF, 0xFF, 0xC5, 0xB7,
    0xFF, 0xCE, 0x19, 0xFF, 0xE6, 0xFC, 0xFF, 0xEF, 0x3C, 0xFF, 0xE7, 0x1C, 0xFF, 0xE7, 0x1C, 0xFF,
    0xEF, 0x1C, 0xFF, 0xEF, 0x3C, 0xFF, 0xEF, 0x3C, 0xFF, 0xEF, 0x5D, 0xFF, 0xF7, 0x7D, 0xFF, 0xF7,
    0x5D, 0xFF, 0xC5, 0xD8, 0xFF, 0x94, 0x73, 0xFF, 0xB5, 0x76, 0xFF, 0xE6, 0xFB, 0xFF, 0xEF, 0x1C,
    0xFF, 0xE6, 0xDB, 0xFF, 0xDE, 0xBA, 0xFF, 0xFF, 0xBE, 0xFF, 0xCE, 0x38, 0xFF, 0x42, 0x08, 0xFF,
    0x9C, 0xB2, 0xFF, 0xFF, 0xFF, 0xFF, 0xE7, 0x1B, 0xFF, 0xF7, 0x9E, 0xFF, 0xCE, 0x39, 0xFF, 0x73,
    0x6E, 0xFF, 0xA5, 0x14, 0xFF, 0xA5, 0x33, 0xFF, 0x94, 0x71, 0xFF, 0x9C, 0xF3, 0xFF, 0x7B, 0xEF,
    0xFF, 0x7B, 0xEF, 0xFF, 0xD6, 0x9A, 0xFF, 0xF7, 0xDD, 0xFF, 0xDF, 0x35, 0xFF, 0x74, 0x08, 0xFF,
    0x74, 0x0D, 0xFF, 0xE7, 0x3B, 0xFF, 0xEF, 0x3B, 0xFF, 0xE6, 0xFA, 0xFF, 0xEF, 0x3B, 0xFF, 0xE7,
    0x3B, 0xFF, 0xEF, 0x5C, 0xFF, 0xEF, 0x3B, 0xFF, 0xE7, 0x1A, 0xFF, 0xEF, 0x5B, 0xFE, 0xEF, 0x7A,
    0xD8, 0x8C, 0x6E, 0x78, 0x00, 0x00, 0x1F, 0x00, 0x00, 0x00, 0x00, 0x00, 0x00, 0x00, 0x00, 0x00,
    0x00, 0x00, 0x00, 0x00, 0x00, 0x00, 0x00, 0x00, 0x00, 0x00, 0x00, 0x00, 0x00, 0x00, 0x00, 0x00,
    0x00, 0x00, 0x00, 0x00, 0x04, 0x00, 0x00, 0x21, 0x00, 0x00, 0x21, 0x00, 0x00, 0x04, 0x00, 0x00,
    0x00, 0x00, 0x00, 0x00, 0x00, 0x00, 0x00, 0x00, 0x00, 0x00, 0x00, 0x00, 0x00, 0x00, 0x00, 0x00,
    0x00, 0x00, 0x00, 0x00, 0x00, 0x00, 0x00, 0x00, 0x00, 0x00, 0x00, 0x01, 0x00, 0x00, 0x24, 0x9C,
    0xB2, 0x81, 0xF7, 0x9E, 0xDF, 0xFF, 0xBE, 0xFF, 0xF7, 0x7D, 0xFD, 0xE7, 0x1C, 0xFD, 0xCE, 0x18,
    0xD5, 0x8C, 0x30, 0x71, 0x10, 0xA2, 0x19, 0xFF, 0xFF, 0x02, 0x00, 0x00, 0x02, 0x00, 0x00, 0x00,
    0x00, 0x00, 0x00, 0x00, 0x00, 0x00, 0x00, 0x00, 0x00, 0x00, 0x00, 0x01, 0xFF, 0xFF, 0x01, 0x00,
    0x00, 0x1D, 0xBD, 0xF6, 0x8D, 0xDE, 0xD9, 0xED, 0xCE, 0x37, 0xFE, 0xA5, 0x14, 0xFD, 0x62, 0xEC,
    0xFF, 0x9C, 0xD3, 0xFF, 0xFF, 0xFF, 0xFF, 0xF7, 0x9E, 0xFF, 0xEF, 0x3C, 0xFF, 0xD6, 0x9A, 0xFF,
    0xDE, 0x9A, 0xFF, 0xE7, 0x1C, 0xFF, 0xEF, 0x3C, 0xFF, 0xEF, 0x3C, 0xFF, 0xEF, 0x1C, 0xFF, 0xEF,
    0x1C, 0xFF, 0xE6, 0xFC, 0xFF, 0xD6, 0x7A, 0xFF, 0xD6, 0x5A, 0xFF, 0xE6, 0xDB, 0xFF, 0xE7, 0x1C,
    0xFF, 0xEF, 0x5D, 0xFF, 0xD6, 0x7A, 0xFF, 0xB5, 0x55, 0xFF, 0x6A, 0xEC, 0xFF, 0x7B, 0x6F, 0xFF,
    0xA4, 0xF5, 0xFF, 0x8C, 0x52, 0xFF, 0x6A, 0xEC, 0xFF, 0x49, 0xE7, 0xFF, 0x51, 0xE7, 0xFF, 0x83,
    0x6C, 0xFF, 0xC5, 0xB5, 0xFF, 0xFF, 0x9C, 0xFF, 0xFF, 0xFF, 0xFF, 0xFF, 0xFF, 0xFF, 0xFF, 0xDE,
    0xFE, 0xF7, 0x9D, 0xFE, 0xF7, 0x7D, 0xFD, 0xFF, 0x7C, 0xFE, 0xFF, 0x9C, 0xFF, 0xFF, 0x9C, 0xFF,
    0xFF, 0x9C, 0xFF, 0xFF, 0x9C, 0xFF, 0xFF, 0x9C, 0xFF, 0xFF, 0x9C, 0xFF, 0xFF, 0x7C, 0xFF, 0xFF,
    0x7C, 0xFF, 0xFF, 0x9C, 0xFF, 0xFF, 0x9C, 0xFF, 0xFF, 0x9C, 0xFF, 0xFF, 0x9C, 0xFF, 0xFF, 0x9C,
    0xFF, 0xFF, 0x9C, 0xFF, 0xFF, 0x9C, 0xFF, 0xFF, 0x9C, 0xFF, 0xFF, 0x9C, 0xFF, 0xFF, 0x9C, 0xFF,
    0xFF, 0x7B, 0xFF, 0xFF, 0xBC, 0xFF, 0xFF, 0xBD, 0xFF, 0xEE, 0xFA, 0xFF, 0xE6, 0x37, 0xFF, 0xE5,
    0xF6, 0xFF, 0xEE, 0x16, 0xFF, 0xEE, 0x37, 0xFF, 0xEE, 0x78, 0xFF, 0xEE, 0x99, 0xFF, 0xF7, 0x1B,
    0xFF, 0xFF, 0xDD, 0xFF, 0xFF, 0xBC, 0xFF, 0xFF, 0x7B, 0xFF, 0xFF, 0x7B, 0xFF, 0xFF, 0x7C, 0xFF,
    0xFF, 0x9C, 0xFF, 0xFF, 0x9C, 0xFF, 0xFF, 0x9C, 0xFF, 0xFF, 0x9C, 0xFF, 0xFF, 0x9C, 0xFF, 0xFF,
    0x9C, 0xFF, 0xFF, 0x9C, 0xFF, 0xFF, 0x9C, 0xFF, 0xFF, 0x9C, 0xFF, 0xFF, 0x9C, 0xFF, 0xFF, 0x9C,
    0xFF, 0xFF, 0x9C, 0xFF, 0xFF, 0x9C, 0xFF, 0xF7, 0x9D, 0xFF, 0xF7, 0x9D, 0xFF, 0xFF, 0xDE, 0xFE,
    0xFF, 0xFF, 0xFF, 0xFF, 0xFF, 0xFF, 0xFF, 0xBD, 0xF8, 0xDE, 0x78, 0xD6, 0xB4, 0xF1, 0xB6, 0x6A,
    0x68, 0xF0, 0x39, 0x24, 0xFD, 0x39, 0x66, 0xFD, 0x5A, 0x8B, 0xFE, 0x7B, 0xB1, 0xFD, 0x8C, 0x12,
    0xFD, 0x7B, 0xB0, 0xFE, 0x73, 0x6F, 0xFD, 0x7B, 0xB0, 0xFD, 0x83, 0xF1, 0xFE, 0x6B, 0x2E, 0xFF,
    0x41, 0xC8, 0xFF, 0xAD, 0x35, 0xFF, 0xCE, 0x18, 0xFF, 0xE6, 0xFC, 0xFF, 0xEF, 0x3C, 0xFF, 0xE7,
    0x1C, 0xFF, 0xE7, 0x1C, 0xFF, 0xEF, 0x1C, 0xFF, 0xEF, 0x1C, 0xFF, 0xEF, 0x3C, 0xFF, 0xEF, 0x5D,
    0xFF, 0xF7, 0x7D, 0xFF, 0xF7, 0x5D, 0xFF, 0xCE, 0x19, 0xFF, 0x9C, 0x93, 0xFF, 0xA4, 0xF4, 0xFF,
    0xDE, 0xBB, 0xFF, 0xEF, 0x3C, 0xFF, 0xE6, 0xFB, 0xFF, 0xDE, 0xBA, 0xFF, 0xEE, 0xFB, 0xFF, 0xF7,
    0x7D, 0xFF, 0x8C, 0x30, 0xFF, 0x39, 0xE8, 0xFF, 0xEF, 0x5D, 0xFF, 0xEF, 0x5C, 0xFF, 0xD6, 0x99,
    0xFF, 0xEF, 0x3C, 0xFF, 0xEF, 0x5D, 0xFF, 0x8C, 0x11, 0xFF, 0x73, 0xAE, 0xFF, 0x73, 0xAE, 0xFF,
    0x73, 0x8E, 0xFF, 0x84, 0x30, 0xFF, 0xA5, 0x34, 0xFF, 0xE7, 0x3D, 0xFF, 0xFF, 0xFF, 0xFF, 0xE7,
    0x5A, 0xFF, 0xD7, 0x13, 0xFF, 0x74, 0x08, 0xFF, 0x73, 0xED, 0xFF, 0xDE, 0xFA, 0xFF, 0xEF, 0x5B,
    0xFF, 0xE7, 0x1A, 0xFF, 0xE7, 0x3B, 0xFF, 0xEF, 0x5B, 0xFF, 0xEF, 0x3B, 0xFE, 0xE7, 0x1A, 0xFF,
    0xEF, 0x5A, 0xFE, 0xEF, 0x5A, 0xD8, 0x8C, 0x8E, 0x78, 0x00, 0x00, 0x20, 0x00, 0x00, 0x00, 0x00,
    0x00, 0x00, 0x00, 0x00, 0x00, 0x00, 0x00, 0x00, 0x00, 0x00, 0x00, 0x00, 0x00, 0x00, 0x00, 0x00,
    0x00, 0x00, 0x00, 0x00, 0x00, 0x00, 0x00, 0x00, 0x00, 0x00, 0x00, 0x00, 0x04, 0x00, 0x20, 0x21,
    0x00, 0x00, 0x21, 0x00, 0x00, 0x04, 0x00, 0x00, 0x00, 0x00, 0x00, 0x00, 0x00, 0x00, 0x00, 0x00,
    0x00, 0x00, 0x00, 0x00, 0x00, 0x00, 0x00, 0x00, 0x00, 0x00, 0x00, 0x00, 0x00, 0x00, 0x00, 0x00,
    0x00, 0x00, 0x00, 0x00, 0x00, 0x00, 0x01, 0x00, 0x00, 0x25, 0x9C, 0xF3, 0x81, 0xEF, 0x5D, 0xDC,
    0xFF, 0xFF, 0xFF, 0xF7, 0x7E, 0xFF, 0xDE, 0xBB, 0xEE, 0xAD, 0x35, 0xAE, 0x5A, 0xAB, 0x46, 0x00,
    0x00, 0x04, 0x00, 0x00, 0x00, 0x00, 0x00, 0x01, 0x00, 0x00, 0x00, 0x00, 0x00, 0x00, 0x00, 0x00,
    0x00, 0x00, 0x00, 0x00, 0xFF, 0xFF, 0x01, 0x03, 0xEF, 0x02, 0x63, 0x0B, 0x4C, 0xD6, 0xB9, 0xC4,
    0xE7, 0x3B, 0xFE, 0xC5, 0xF6, 0xFE, 0xA4, 0xF4, 0xFE, 0x62, 0xEC, 0xFF, 0xB5, 0x96, 0xFF, 0xFF,
    0xFF, 0xFF, 0xF7, 0x9E, 0xFF, 0xEF, 0x3C, 0xFF, 0xDE, 0xBA, 0xFF, 0xDE, 0xBA, 0xFF, 0xE7, 0x1C,
    0xFF, 0xEF, 0x1C, 0xFF, 0xE7, 0x1C, 0xFF, 0xEF, 0x1C, 0xFF, 0xEF, 0x1C, 0xFF, 0xE6, 0xDB, 0xFF,
    0xCE, 0x39, 0xFF, 0xCE, 0x39, 0xFF, 0xDE, 0xDB, 0xFF, 0xEF, 0x5D, 0xFF, 0xE6, 0xFC, 0xFF, 0xD6,
    0x9A, 0xFF, 0x8C, 0x10, 0xFF, 0x6A, 0xED, 0xFF, 0x8C, 0x31, 0xFF, 0x9C, 0xD4, 0xFF, 0x9C, 0xB4,
    0xFF, 0x84, 0x11, 0xFF, 0x5A, 0xAB, 0xFF, 0x49, 0xA7, 0xFF, 0x49, 0xA6, 0xFF, 0x72, 0xEA, 0xFF,
    0xAC, 0xF1, 0xFE, 0xDE, 0xB9, 0xFF, 0xFF, 0xBD, 0xFE, 0xFF, 0xFF, 0xFF, 0xFF, 0xFF, 0xFF, 0xFF,
    0xFF, 0xFE, 0xFF, 0xBD, 0xFF, 0xFF, 0x7B, 0xFF, 0xFF, 0x5B, 0xFF, 0xFF, 0x5B, 0xFF, 0xFF, 0x5B,
    0xFF, 0xFF, 0x7B, 0xFF, 0xFF, 0x7B, 0xFF, 0xFF, 0x9C, 0xFF, 0xFF, 0x9C, 0xFF, 0xFF, 0x9C, 0xFF,
    0xFF, 0x9D, 0xFF, 0xFF, 0x9D, 0xFF, 0xFF, 0x9C, 0xFF, 0xFF, 0x9D, 0xFF, 0xFF, 0x9C, 0xFF, 0xFF,
    0x9C, 0xFF, 0xFF, 0x9C, 0xFF, 0xFF, 0x9C, 0xFF, 0xFF, 0x9C, 0xFF, 0xFF, 0x7B, 0xFF, 0xFF, 0x9C,
    0xFF, 0xFF, 0xDD, 0xFF, 0xFF, 0xBD, 0xFF, 0xFF, 0x7C, 0xFF, 0xFF, 0x7C, 0xFF, 0xFF, 0x9C, 0xFF,
    0xFF, 0xBD, 0xFF, 0xFF, 0xDE, 0xFF, 0xFF, 0xDD, 0xFF, 0xFF, 0x9C, 0xFF, 0xFF, 0x7B, 0xFF, 0xFF,
    0x7B, 0xFF, 0xFF, 0x7B, 0xFF, 0xFF, 0x7B, 0xFF, 0xFF, 0x9C, 0xFF, 0xFF, 0x9C, 0xFF, 0xFF, 0x9C,
    0xFF, 0xFF, 0x9C, 0xFF, 0xFF, 0x9C, 0xFF, 0xFF, 0x9C, 0xFF, 0xFF, 0x9C, 0xFF, 0xFF, 0x7C, 0xFE,
    0xFF, 0x7B, 0xFF, 0xFF, 0x7B, 0xFF, 0xFF, 0x7B, 0xFF, 0xFF, 0x7C, 0xFF, 0xFF, 0xBD, 0xFF, 0xFF,
    0xFF, 0xFF, 0xFF, 0xFF, 0xFF, 0xFF, 0xFF, 0xFF, 0xEF, 0x1B, 0xEF, 0xD6, 0x38, 0xC3, 0xBD, 0x73,
    0x8B, 0x7B, 0x0B, 0x5F, 0x30, 0xA2, 0x60, 0x41, 0x66, 0xE1, 0x5A, 0x8B, 0xFF, 0x7B, 0xB0, 0xFF,
    0x8C, 0x12, 0xFF, 0x7B, 0xB1, 0xFF, 0x73, 0x6F, 0xFF, 0x7B, 0x90, 0xFF, 0x7B, 0xB0, 0xFF, 0x8C,
    0x12, 0xFF, 0x83, 0xD0, 0xFF, 0x4A, 0x09, 0xFF, 0x73, 0x4D, 0xFF, 0xCE, 0x18, 0xFF, 0xDE, 0xBB,
    0xFF, 0xEF, 0x3D, 0xFF, 0xE7, 0x1C, 0xFF, 0xE7, 0x1C, 0xFF, 0xE7, 0x1C, 0xFF, 0xE7, 0x1C, 0xFF,
    0xE7, 0x1C, 0xFF, 0xEF, 0x3C, 0xFF, 0xF7, 0x7D, 0xFF, 0xEF, 0x3C, 0xFF, 0xCE, 0x19, 0xFF, 0x9C,
    0xB4, 0xFF, 0x9C, 0xB4, 0xFF, 0xD6, 0x59, 0xFF, 0xEF, 0x3C, 0xFF, 0xEF, 0x1C, 0xFF, 0xE6, 0xFB,
    0xFF, 0xDE, 0x9A, 0xFF, 0xFF, 0xBE, 0xFF, 0xCE, 0x38, 0xFF, 0x4A, 0x08, 0xFF, 0x84, 0x10, 0xFF,
    0xFF, 0xFF, 0xFF, 0xCE, 0x78, 0xFF, 0xD6, 0xB9, 0xFF, 0xE7, 0x1B, 0xFF, 0xF7, 0x9D, 0xFF, 0xDE,
    0xDB, 0xFF, 0x84, 0x10, 0xFF, 0x5A, 0xCA, 0xFF, 0x94, 0x91, 0xFF, 0xD6, 0x99, 0xFF, 0xF7, 0xBD,
    0xFF, 0xFF, 0xFF, 0xFF, 0xF7, 0x9D, 0xFF, 0xDF, 0x18, 0xFF, 0xD7, 0x33, 0xFF, 0x6B, 0xE8, 0xFF,
    0x73, 0xED, 0xFF, 0xE7, 0x1A, 0xFF, 0xEF, 0x5B, 0xFF, 0xE7, 0x1A, 0xFF, 0xEF, 0x7B, 0xFF, 0xEF,
    0x5B, 0xFE, 0xE7, 0x1A, 0xFE, 0xEF, 0x9B, 0xFF, 0xE7, 0x5A, 0xE4, 0x94, 0xAF, 0x7F, 0x00, 0x00,
    0x21, 0x00, 0x00, 0x00, 0x00, 0x00, 0x00, 0x00, 0x00, 0x00, 0x00, 0x00, 0x00, 0x00, 0x00, 0x00,
    0x00, 0x00, 0x00, 0x00, 0x00, 0x00, 0x00, 0x00, 0x00, 0x00, 0x00, 0x00, 0x00, 0x00, 0x00, 0x00,
    0x00, 0x00, 0x00, 0x00, 0x04, 0x00, 0x20, 0x21, 0x00, 0x00, 0x21, 0x00, 0x00, 0x04, 0x00, 0x00,
    0x00, 0x00, 0x00, 0x00, 0x00, 0x00, 0x00, 0x00, 0x00, 0x00, 0x00, 0x00, 0x00, 0x00, 0x00, 0x00,
    0x00, 0x00, 0x00, 0x00, 0x00, 0x00, 0x00, 0x00, 0x00, 0x00, 0x00, 0x00, 0x00, 0x00, 0x00, 0xFF,
    0xFF, 0x02, 0x00, 0x00, 0x22, 0x9C, 0xB2, 0x76, 0xE7, 0x1C, 0xD0, 0xFF, 0xFF, 0xFB, 0xF7, 0x7E,
    0xFF, 0xCE, 0x39, 0xDD, 0x94, 0x72, 0x7F, 0x08, 0x62, 0x22, 0xFF, 0xFF, 0x01, 0xFF, 0xFF, 0x01,
    0x00, 0x00, 0x00, 0x00, 0x00, 0x00, 0x00, 0x00, 0x00, 0x00, 0x00, 0x00, 0x00, 0x00, 0x02, 0x00,
    0x00, 0x00, 0x00, 0x00, 0x17, 0x9D, 0x13, 0x7A, 0xEF, 0x5C, 0xE3, 0xDE, 0xDA, 0xFF, 0xC6, 0x17,
    0xFD, 0xA5, 0x14, 0xFF, 0x63, 0x0C, 0xFF, 0xC6, 0x18, 0xFF, 0xFF, 0xDF, 0xFF, 0xF7, 0x7D, 0xFF,
    0xE7, 0x1C, 0xFF, 0xE6, 0xDB, 0xFF, 0xE6, 0xFB, 0xFF, 0xE7, 0x1C, 0xFF, 0xE7, 0x1C, 0xFF, 0xEF,
    0x1C, 0xFF, 0xEF, 0x1C, 0xFF, 0xEF, 0x1C, 0xFF, 0xE6, 0xDB, 0xFF, 0xCE, 0x19, 0xFF, 0xCE, 0x39,
    0xFF, 0xDE, 0xDB, 0xFF, 0xEF, 0x5D, 0xFF, 0xE7, 0x1C, 0xFF, 0xBD, 0xB7, 0xFF, 0x6B, 0x2D, 0xFF,
    0x73, 0x4E, 0xFF, 0x9C, 0xB3, 0xFF, 0x8C, 0x12, 0xFF, 0x9C, 0x93, 0xFE, 0xA4, 0xD4, 0xFF, 0x8C,
    0x32, 0xFF, 0x5A, 0xAC, 0xFE, 0x39, 0x66, 0xFF, 0x39, 0x24, 0xFE, 0x5A, 0x48, 0xFB, 0x9C, 0x70,
    0xC6, 0xCE, 0x38, 0xC0, 0xDE, 0xB9, 0xEC, 0xF7, 0x7D, 0xFF, 0xFF, 0xFF, 0xFF, 0xFF, 0xFF, 0xFE,
    0xFF, 0xFE, 0xFF, 0xFF, 0xBD, 0xFF, 0xFF, 0x7C, 0xFF, 0xF7, 0x5B, 0xFF, 0xF7, 0x5B, 0xFF, 0xFF,
    0x5B, 0xFF, 0xFF, 0x7B, 0xFF, 0xFF, 0x9C, 0xFF, 0xFF, 0x9C, 0xFF, 0xFF, 0xBD, 0xFF, 0xFF, 0xBD,
    0xFF, 0xFF, 0x9D, 0xFF, 0xFF, 0x9C, 0xFF, 0xFF, 0x9C, 0xFF, 0xFF, 0x9C, 0xFF, 0xFF, 0x9C, 0xFF,
    0xFF, 0x9C, 0xFF, 0xFF, 0x9C, 0xFF, 0xFF, 0x9C, 0xFF, 0xFF, 0x7B, 0xFF, 0xFF, 0x7B, 0xFF, 0xFF,
    0x9C, 0xFF, 0xFF, 0x9C, 0xFF, 0xFF, 0xBD, 0xFF, 0xFF, 0xBD, 0xFF, 0xFF, 0x9C, 0xFF, 0xFF, 0x9C,
    0xFF, 0xFF, 0x9C, 0xFF, 0xFF, 0x9C, 0xFF, 0xFF, 0x9C, 0xFF, 0xFF, 0x7B, 0xFF, 0xFF, 0x7B, 0xFF,
    0xFF, 0x9B, 0xFF, 0xFF, 0x9C, 0xFF, 0xFF, 0x9C, 0xFE, 0xFF, 0x7C, 0xFE, 0xFF, 0x7C, 0xFE, 0xFF,
    0x7B, 0xFE, 0xFF, 0x7B, 0xFE, 0xFF, 0x7C, 0xFF, 0xFF, 0x9C, 0xFE, 0xFF, 0xDD, 0xFF, 0xFF, 0xFE,
    0xFF, 0xFF, 0xFF, 0xFF, 0xFF, 0xFF, 0xFF, 0xF7, 0x7D, 0xFE, 0xCE, 0x17, 0xFE, 0xB5, 0x33, 0xCF,
    0x9C, 0x50, 0x7E, 0x51, 0xA4, 0x49, 0x00, 0x00, 0x16, 0x00, 0x00, 0x07, 0x52, 0x6B, 0x28, 0x7B,
    0xD0, 0x8E, 0x8C, 0x11, 0xAB, 0x7B, 0xB0, 0xB1, 0x6B, 0x4E, 0xB7, 0x73, 0x4E, 0xBC, 0x7B, 0x6F,
    0xBD, 0x7B, 0x90, 0xBF, 0x7B, 0xB0, 0xC2, 0x83, 0xF1, 0xBA, 0x73, 0x4E, 0xAE, 0x4A, 0x09, 0xC8,
    0xB5, 0x55, 0xF7, 0xD6, 0x9A, 0xFF, 0xEF, 0x3C, 0xFF, 0xEF, 0x1C, 0xFF, 0xE7, 0x1C, 0xFF, 0xE7,
    0x1C, 0xFF, 0xE6, 0xFB, 0xFF, 0xE6, 0xFB, 0xFF, 0xEF, 0x1C, 0xFF, 0xEF, 0x3C, 0xFF, 0xE6, 0xFB,
    0xFF, 0xC5, 0xF8, 0xFF, 0x9C, 0xB4, 0xFF, 0x9C, 0x93, 0xFF, 0xC5, 0xF8, 0xFF, 0xEF, 0x3C, 0xFF,
    0xEF, 0x3C, 0xFF, 0xE7, 0x1C, 0xFF, 0xE6, 0xDB, 0xFF, 0xEF, 0x1C, 0xFF, 0xFF, 0x9D, 0xFF, 0x83,
    0xCF, 0xFF, 0x39, 0xC7, 0xFF, 0xE6, 0xFA, 0xFF, 0xE7, 0x19, 0xFF, 0xC6, 0x16, 0xFF, 0xDE, 0xDA,
    0xFF, 0xE7, 0x3B, 0xFF, 0xE7, 0x3B, 0xFF, 0xFF, 0xFF, 0xFF, 0xD6, 0x78, 0xFF, 0x6B, 0x6B, 0xFF,
    0xB5, 0xD4, 0xFF, 0xFF, 0xFD, 0xFF, 0xDE, 0xFA, 0xFF, 0xFF, 0xBE, 0xFF, 0xF7, 0x9D, 0xFF, 0xDF,
    0x17, 0xFF, 0xCF, 0x13, 0xFF, 0x6B, 0xC8, 0xFF, 0x84, 0x6F, 0xFF, 0xEF, 0x7C, 0xFF, 0xF7, 0x7C,
    0xFF, 0xEF, 0x5B, 0xFF, 0xEF, 0x7B, 0xFF, 0xE7, 0x19, 0xFE, 0xF7, 0x9B, 0xFF, 0xDE, 0xF9, 0xFF,
    0x73, 0xEC, 0xD1, 0x3A, 0x22, 0x60, 0x63, 0x28, 0x25, 0x29, 0x45, 0x06, 0x00, 0x00, 0x00, 0x00,
    0x00, 0x00, 0x00, 0x00, 0x00, 0x00, 0x00, 0x00, 0x00, 0x00, 0x00, 0x00, 0x00, 0x00, 0x00, 0x00,
    0x00, 0x00, 0x00, 0x00, 0x00, 0x00, 0x00, 0x00, 0x00, 0x00, 0x00, 0x00, 0x03, 0x00, 0x20, 0x21,
    0x00, 0x00, 0x21, 0x00, 0x00, 0x04, 0x00, 0x00, 0x00, 0x00, 0x00, 0x00, 0x00, 0x00, 0x00, 0x00,
    0x00, 0x00, 0x00, 0x00, 0x00, 0x00, 0x00, 0x00, 0x00, 0x00, 0x00, 0x00, 0x00, 0x00, 0x00, 0x00,
    0x00, 0x00, 0x00, 0x00, 0x00, 0x00, 0x00, 0xF8, 0x00, 0x01, 0xFF, 0xFF, 0x01, 0x00, 0x00, 0x18,
    0x83, 0xF0, 0x60, 0xD6, 0xBA, 0xB3, 0xEF, 0x7D, 0xEC, 0xF7, 0x5D, 0xF5, 0xD6, 0x59, 0xC5, 0x7B,
    0xCF, 0x69, 0x00, 0x00, 0x14, 0x00, 0x00, 0x00, 0x00, 0x00, 0x00, 0x00, 0x00, 0x00, 0x00, 0x00,
    0x00, 0x00, 0x00, 0x00, 0x00, 0x00, 0x00, 0xFF, 0xFF, 0x01, 0xFF, 0xFF, 0x01, 0x21, 0x24, 0x2E,
    0xBD, 0xF6, 0x9C, 0xF7, 0xBD, 0xF3, 0xCE, 0x59, 0xFF, 0xCE, 0x59, 0xFE, 0x9C, 0xD3, 0xFF, 0x6B,
    0x2D, 0xFF, 0xCE, 0x38, 0xFF, 0xFF, 0xBE, 0xFF, 0xF7, 0x5D, 0xFF, 0xE6, 0xFB, 0xFF, 0xE6, 0xFB,
    0xFF, 0xE6, 0xFB, 0xFF, 0xE7, 0x1C, 0xFF, 0xE7, 0x1C, 0xFF, 0xE7, 0x1C, 0xFF, 0xEF, 0x1C, 0xFF,
    0xEF, 0x3C, 0xFF, 0xE6, 0xFB, 0xFF, 0xC5, 0xF8, 0xFF, 0xC5, 0xF8, 0xFF, 0xDE, 0xBB, 0xFF, 0xE6,
    0xFC, 0xFF, 0xE6, 0xFB, 0xFF, 0x94, 0x72, 0xFF, 0x5A, 0x8B, 0xFF, 0x83, 0xF1, 0xFF, 0x9C, 0xB4,
    0xFF, 0x84, 0x11, 0xFF, 0x84, 0x11, 0xFF, 0x94, 0x52, 0xFF, 0x94, 0x93, 0xFF, 0x8C, 0x11, 0xFF,
    0x6B, 0x2D, 0xFF, 0x4A, 0x08, 0xED, 0x20, 0x62, 0x78, 0x20, 0x40, 0x4E, 0x72, 0xEA, 0x81, 0xA4,
    0x50, 0xCD, 0xB5, 0x33, 0xFE, 0xD6, 0x57, 0xFE, 0xEF, 0x1B, 0xFE, 0xFF, 0xBD, 0xFF, 0xFF, 0xFE,
    0xFF, 0xFF, 0xFE, 0xFF, 0xFF, 0xFE, 0xFF, 0xFF, 0xDD, 0xFF, 0xFF, 0xDD, 0xFF, 0xFF, 0xBD, 0xFF,
    0xFF, 0xBD, 0xFF, 0xFF, 0x9D, 0xFF, 0xFF, 0x9D, 0xFE, 0xFF, 0x9D, 0xFF, 0xFF, 0x9C, 0xFF, 0xFF,
    0x9C, 0xFF, 0xFF, 0x9C, 0xFF, 0xFF, 0x9D, 0xFF, 0xFF, 0x9D, 0xFF, 0xFF, 0x9D, 0xFF, 0xFF, 0x9C,
    0xFF, 0xFF, 0x9C, 0xFF, 0xFF, 0x7C, 0xFF, 0xFF, 0x7B, 0xFF, 0xFF, 0x7C, 0xFF, 0xFF, 0x7C, 0xFF,
    0xFF, 0x9C, 0xFF, 0xFF, 0x9D, 0xFF, 0xFF, 0x9D, 0xFF, 0xFF, 0x9D, 0xFF, 0xFF, 0x9C, 0xFF, 0xFF,
    0x7C, 0xFF, 0xFF, 0x7B, 0xFF, 0xFF, 0x7B, 0xFF, 0xFF, 0x7B, 0xFF, 0xFF, 0x7B, 0xFF, 0xFF, 0xBC,
    0xFF, 0xFF, 0xBD, 0xFF, 0xFF, 0xDD, 0xFF, 0xFF, 0xFE, 0xFF, 0xFF, 0xFE, 0xFF, 0xFF, 0xDE, 0xFF,
    0xFF, 0xFE, 0xFF, 0xFF, 0xBD, 0xFF, 0xE6, 0xFA, 0xFF, 0xCE, 0x37, 0xFF, 0xA4, 0xD1, 0xFE, 0x7B,
    0x4C, 0xFF, 0x51, 0xE7, 0xFF, 0x39, 0x04, 0xA5, 0x00, 0x00, 0x26, 0x00, 0x07, 0x04, 0xFF, 0xFF,
    0x02, 0xFF, 0xFF, 0x02, 0x18, 0xE3, 0x09, 0x18, 0xC1, 0x1D, 0x20, 0xA2, 0x26, 0x41, 0xE8, 0x30,
    0x5A, 0xCB, 0x39, 0x62, 0xEC, 0x3E, 0x63, 0x0C, 0x40, 0x63, 0x0D, 0x43, 0x6B, 0x6E, 0x44, 0x62,
    0xCC, 0x37, 0x31, 0x86, 0x45, 0xA4, 0xD3, 0xA0, 0xDE, 0xBA, 0xF1, 0xE6, 0xFC, 0xFF, 0xEF, 0x1C,
    0xFF, 0xE7, 0x1C, 0xFF, 0xE7, 0x1C, 0xFF, 0xE6, 0xFC, 0xFF, 0xE6, 0xFC, 0xFF, 0xEF, 0x1C, 0xFF,
    0xE6, 0xFC, 0xFF, 0xDE, 0xBB, 0xFF, 0xBD, 0xB7, 0xFF, 0x9C, 0xB4, 0xFF, 0x94, 0x93, 0xFF, 0xB5,
    0x97, 0xFF, 0xE7, 0x1C, 0xFF, 0xEF, 0x5D, 0xFF, 0xEF, 0x3C, 0xFF, 0xEF, 0x3C, 0xFF, 0xDE, 0xDA,
    0xFF, 0xFF, 0xFF, 0xFF, 0xC5, 0xF7, 0xFF, 0x41, 0xE7, 0xFF, 0x84, 0x30, 0xFF, 0xFF, 0xDC, 0xFF,
    0xBD, 0xD4, 0xFF, 0xC6, 0x37, 0xFF, 0xDE, 0xFA, 0xFF, 0xE7, 0x3B, 0xFF, 0xEF, 0x5C, 0xFF, 0xF7,
    0xBE, 0xFF, 0xEF, 0x7B, 0xFF, 0x73, 0xEC, 0xFF, 0x7C, 0x4D, 0xFF, 0xCE, 0xB7, 0xFF, 0xDE, 0xD9,
    0xFF, 0xFF, 0xFE, 0xFF, 0xF7, 0x9C, 0xFF, 0xD6, 0xF6, 0xFF, 0xCF, 0x13, 0xFF, 0x6B, 0xC8, 0xFF,
    0x94, 0xF2, 0xFF, 0xF7, 0x9D, 0xFF, 0xFF, 0xDD, 0xFF, 0xEF, 0x7C, 0xFF, 0xE7, 0x3A, 0xFF, 0xF7,
    0x9B, 0xFF, 0xDE, 0xF9, 0xFF, 0x73, 0xAC, 0xFF, 0x3A, 0x64, 0xEA, 0x9D, 0x8C, 0xA3, 0x63, 0x68,
    0x59, 0x00, 0x00, 0x0E, 0x00, 0x00, 0x00, 0x00, 0x00, 0x00, 0x00, 0x00, 0x00, 0x00, 0x00, 0x00,
    0x00, 0x00, 0x00, 0x00, 0x00, 0x00, 0x00, 0x00, 0x00, 0x00, 0x00, 0x00, 0x00, 0x00, 0x00, 0x00,
    0x00, 0x00, 0x22, 0x40, 0x07, 0x29, 0xC3, 0x32, 0x00, 0x00, 0x21, 0x00, 0x00, 0x04, 0x00, 0x00,
    0x00, 0x00, 0x00, 0x00, 0x00, 0x00, 0x00, 0x00, 0x00, 0x00, 0x00, 0x00, 0x00, 0x00, 0x00, 0x00,
    0x00, 0x00, 0x00, 0x00, 0x00, 0x00, 0x00, 0x00, 0x00, 0x00, 0x00, 0x00, 0x00, 0x00, 0x00, 0x00,
    0x00, 0x00, 0x00, 0x00, 0x02, 0x00, 0x20, 0x00, 0x00, 0x00, 0x0A, 0x18, 0xC3, 0x3C, 0xB5, 0x55,
    0x8B, 0xE6, 0xFC, 0xC8, 0xE6, 0xDC, 0xDF, 0xD6, 0x59, 0xB8, 0x73, 0x8E, 0x5B, 0x00, 0x00, 0x16,
    0x00, 0x00, 0x00, 0x00, 0x00, 0x00, 0x00, 0x00, 0x00, 0x00, 0x00, 0x00, 0x00, 0x00, 0x00, 0x00,
    0x00, 0x01, 0xFF, 0xFF, 0x01, 0x39, 0xE7, 0x04, 0x63, 0x0A, 0x49, 0xD6, 0xD9, 0xC0, 0xF7, 0xBD,
    0xFC, 0xC6, 0x18, 0xFF, 0xD6, 0x9A, 0xFE, 0x9C, 0xB3, 0xFF, 0x73, 0x4D, 0xFF, 0xC5, 0xF7, 0xFF,
    0xF7, 0x9D, 0xFF, 0xEF, 0x5C, 0xFF, 0xE6, 0xFB, 0xFF, 0xE6, 0xFB, 0xFF, 0xE6, 0xFB, 0xFF, 0xE6,
    0xFC, 0xFF, 0xEF, 0x1C, 0xFF, 0xEF, 0x1C, 0xFF, 0xEF, 0x3C, 0xFF, 0xEF, 0x5D, 0xFF, 0xDE, 0xDB,
    0xFF, 0xBD, 0xB7, 0xFF, 0xBD, 0x97, 0xFF, 0xCE, 0x39, 0xFF, 0xDE, 0x9A, 0xFF, 0xCE, 0x18, 0xFF,
    0x73, 0x4E, 0xFF, 0x52, 0x6A, 0xFF, 0x94, 0x93, 0xFF, 0x94, 0x73, 0xFF, 0x8C, 0x52, 0xFF, 0x8C,
    0x32, 0xFF, 0x84, 0x11, 0xFF, 0x8C, 0x11, 0xF2, 0x94, 0x93, 0xE2, 0xA4, 0xF4, 0xB6, 0x83, 0xCF,
    0x4D, 0x01, 0x24, 0x0D, 0x00, 0x00, 0x0D, 0x18, 0x21, 0x66, 0x30, 0xE3, 0xE0, 0x49, 0x86, 0xFF,
    0x72, 0xAA, 0xFF, 0x9C, 0x0F, 0xFF, 0xB5, 0x33, 0xFF, 0xCE, 0x17, 0xFF, 0xE6, 0xFA, 0xFF, 0xF7,
    0x7D, 0xFF, 0xFF, 0xDE, 0xFF, 0xFF, 0xFF, 0xFF, 0xFF, 0xFF, 0xFF, 0xFF, 0xFF, 0xFF, 0xFF, 0xFF,
    0xFF, 0xFF, 0xFF, 0xFF, 0xFF, 0xFF, 0xFF, 0xFF, 0xDE, 0xFF, 0xFF, 0xDE, 0xFF, 0xFF, 0xBE, 0xFF,
    0xFF, 0xBE, 0xFF, 0xFF, 0xBD, 0xFF, 0xFF, 0x9D, 0xFF, 0xFF, 0x9C, 0xFF, 0xFF, 0x7C, 0xFF, 0xFF,
    0x7B, 0xFF, 0xFF, 0x7B, 0xFF, 0xFF, 0x7C, 0xFF, 0xFF, 0x9C, 0xFF, 0xFF, 0x9D, 0xFF, 0xFF, 0xBD,
    0xFF, 0xFF, 0xBE, 0xFF, 0xFF, 0xBE, 0xFF, 0xFF, 0xDE, 0xFF, 0xFF, 0xDE, 0xFF, 0xFF, 0xDE, 0xFF,
    0xFF, 0xFD, 0xFF, 0xFF, 0xFD, 0xFF, 0xFF, 0xDD, 0xFF, 0xFF, 0xBD, 0xFF, 0xF7, 0x7C, 0xF8, 0xEF,
    0x7C, 0xE8, 0xEF, 0x5B, 0xD3, 0xDE, 0x99, 0xCA, 0xB5, 0x33, 0xF9, 0x93, 0xEE, 0xFF, 0x62, 0x89,
    0xFF, 0x41, 0x44, 0xFF, 0x28, 0xE3, 0xFF, 0x31, 0x05, 0xFF, 0x52, 0x4A, 0xF2, 0x6B, 0x8F, 0x9D,
    0x6B, 0x6E, 0x2F, 0x4A, 0x49, 0x07, 0x7B, 0xEF, 0x02, 0x00, 0x00, 0x01, 0x00, 0x00, 0x01, 0x00,
    0x00, 0x03, 0x00, 0x00, 0x03, 0x00, 0x00, 0x03, 0x00, 0x00, 0x04, 0x00, 0x00, 0x04, 0x00, 0x00,
    0x04, 0x00, 0x00, 0x04, 0x00, 0x00, 0x00, 0x00, 0x00, 0x11, 0x7B, 0x8E, 0x66, 0xD6, 0x79, 0xD8,
    0xE6, 0xDB, 0xFD, 0xEF, 0x1C, 0xFF, 0xE6, 0xFC, 0xFF, 0xE6, 0xFC, 0xFF, 0xE6, 0xFC, 0xFF, 0xE7,
    0x1C, 0xFF, 0xE6, 0xFC, 0xFF, 0xE6, 0xDB, 0xFF, 0xD6, 0x59, 0xFF, 0xB5, 0x76, 0xFF, 0x9C, 0x73,
    0xFF, 0x94, 0x52, 0xFF, 0xB5, 0x56, 0xFF, 0xDE, 0xBB, 0xFF, 0xEF, 0x5D, 0xFF, 0xEF, 0x5C, 0xFF,
    0xEF, 0x3C, 0xFF, 0xE7, 0x1C, 0xFF, 0xEF, 0x5D, 0xFF, 0xF7, 0xBE, 0xFF, 0x6B, 0x4D, 0xFF, 0x4A,
    0x28, 0xFF, 0xDE, 0xF9, 0xFF, 0xCE, 0x96, 0xFF, 0xB5, 0xB3, 0xFF, 0xCE, 0x77, 0xFF, 0xDE, 0xFA,
    0xFF, 0xE7, 0x3B, 0xFF, 0xEF, 0x7C, 0xFF, 0xDF, 0x1A, 0xFF, 0xD6, 0xF7, 0xFF, 0x7C, 0x2C, 0xFF,
    0x6B, 0x8B, 0xFF, 0xBE, 0x15, 0xFF, 0xE7, 0x5A, 0xFF, 0xF7, 0x9D, 0xFF, 0xF7, 0x9C, 0xFF, 0xD6,
    0xD6, 0xFF, 0xCF, 0x13, 0xFF, 0x6B, 0xC8, 0xFF, 0x9C, 0xF2, 0xFF, 0xF7, 0xBE, 0xFF, 0xF7, 0xDD,
    0xFF, 0xE7, 0x3A, 0xFF, 0xF7, 0x9B, 0xFF, 0xDE, 0xF9, 0xFF, 0x73, 0xCD, 0xFE, 0x42, 0x84, 0xFF,
    0x8D, 0x0B, 0xFF, 0xA5, 0xCD, 0xDF, 0x74, 0x2A, 0x78, 0x00, 0x00, 0x11, 0x00, 0x00, 0x00, 0x00,
    0x00, 0x00, 0x00, 0x00, 0x00, 0x00, 0x00, 0x00, 0x00, 0x00, 0x00, 0x00, 0x00, 0x00, 0x00, 0x00,
    0x00, 0x00, 0x00, 0x00, 0x00, 0x00, 0x00, 0x00, 0x00, 0x00, 0x19, 0x61, 0x11, 0x4A, 0xE6, 0x4F,
    0x00, 0x00, 0x21, 0x00, 0x00, 0x04, 0x00, 0x00, 0x00, 0x00, 0x00, 0x00, 0x00, 0x00, 0x00, 0x00,
    0x00, 0x00, 0x00, 0x00, 0x00, 0x00, 0x00, 0x00, 0x00, 0x00, 0x00, 0x00, 0x00, 0x00, 0x00, 0x00,
    0x00, 0x00, 0x00, 0x00, 0x00, 0x00, 0x00, 0x00, 0x00, 0x00, 0x00, 0x00, 0x00, 0x00, 0x00, 0x02,
    0xFF, 0xFF, 0x01, 0x7B, 0xEF, 0x04, 0x00, 0x00, 0x17, 0x39, 0x86, 0x48, 0xAD, 0x14, 0x88, 0xDE,
    0x9A, 0xAE, 0xC6, 0x18, 0x9C, 0x52, 0x6A, 0x50, 0x21, 0x04, 0x16, 0x00, 0x00, 0x02, 0x00, 0x00,
    0x00, 0x00, 0x00, 0x00, 0x00, 0x00, 0x00, 0x00, 0x00, 0x00, 0xFF, 0xFF, 0x01, 0xFF, 0xFF, 0x01,
    0x00, 0x00, 0x12, 0x7C, 0x0D, 0x6C, 0xEF, 0x7C, 0xD9, 0xF7, 0x7D, 0xFF, 0xC5, 0xF7, 0xFF, 0xE6,
    0xDA, 0xFF, 0xA4, 0xF4, 0xFF, 0x6B, 0x2C, 0xFF, 0xB5, 0x96, 0xFF, 0xF7, 0x5D, 0xFF, 0xEF, 0x5C,
    0xFF, 0xE6, 0xFB, 0xFF, 0xE6, 0xFB, 0xFF, 0xE7, 0x1C, 0xFF, 0xEF, 0x1C, 0xFF, 0xEF, 0x3C, 0xFF,
    0xEF, 0x3C, 0xFF, 0xEF, 0x5D, 0xFF, 0xF7, 0x7D, 0xFF, 0xDE, 0xBA, 0xFF, 0xBD, 0x97, 0xFF, 0xB5,
    0x76, 0xFF, 0xBD, 0x97, 0xFF, 0xD6, 0x7A, 0xFF, 0xB5, 0x96, 0xFE, 0x5A, 0xAB, 0xFF, 0x52, 0x6A,
    0xEC, 0x9C, 0x93, 0xCA, 0x8C, 0x52, 0xD7, 0x8C, 0x52, 0xD6, 0x8C, 0x52, 0xCC, 0x84, 0x31, 0xA8,
    0x73, 0x8F, 0x80, 0x39, 0xC7, 0x4D, 0x00, 0x00, 0x16, 0xFF, 0xFF, 0x01, 0xFF, 0xFF, 0x01, 0x73,
    0x8E, 0x2C, 0x6B, 0x0D, 0x97, 0x4A, 0x2A, 0xEE, 0x31, 0x25, 0xFF, 0x28, 0xA3, 0xFE, 0x30, 0xA3,
    0xFF, 0x41, 0x44, 0xFF, 0x62, 0x48, 0xFF, 0x83, 0x8C, 0xFF, 0xA4, 0x91, 0xFF, 0xC5, 0x95, 0xFF,
    0xD6, 0x58, 0xFF, 0xE6, 0xFB, 0xFF, 0xEF, 0x5D, 0xFF, 0xF7, 0x7D, 0xFF, 0xF7, 0x9E, 0xFF, 0xFF,
    0xDF, 0xFF, 0xFF, 0xFF, 0xFF, 0xFF, 0xFF, 0xFF, 0xFF, 0xFF, 0xFF, 0xFF, 0xFF, 0xFF, 0xFF, 0xFF,
    0xFF, 0xFF, 0xFE, 0xFF, 0xFF, 0xFE, 0xFF, 0xFF, 0xDD, 0xFF, 0xFF, 0xBD, 0xFF, 0xFF, 0xDD, 0xFF,
    0xFF, 0xDE, 0xFF, 0xFF, 0xFE, 0xFF, 0xFF, 0xFF, 0xFF, 0xFF, 0xFF, 0xFF, 0xFF, 0xFE, 0xFF, 0xFF,
    0xDE, 0xFF, 0xF7, 0x9D, 0xFF, 0xEF, 0x7C, 0xFE, 0xEF, 0x3B, 0xFE, 0xEE, 0xF9, 0xE6, 0xE6, 0xD9,
    0xC6, 0xDE, 0x58, 0xB8, 0xB5, 0x54, 0xA5, 0x8B, 0xCE, 0x81, 0x52, 0x06, 0x57, 0x20, 0x61, 0x5E,
    0x28, 0x61, 0xE2, 0x28, 0xA3, 0xFF, 0x31, 0x46, 0xFF, 0x52, 0x4A, 0xFE, 0x73, 0x4F, 0xFE, 0x8C,
    0x33, 0xEC, 0x94, 0x74, 0xAE, 0x6B, 0x6F, 0x50, 0x00, 0x00, 0x0E, 0xFF, 0xFF, 0x01, 0x00, 0x00,
    0x01, 0x00, 0x00, 0x00, 0x00, 0x00, 0x00, 0x00, 0x00, 0x01, 0xFF, 0xFF, 0x01, 0xFF, 0xFF, 0x01,
    0xFF, 0xFF, 0x01, 0x7B, 0xEF, 0x02, 0xFF, 0xFF, 0x02, 0x00, 0x00, 0x00, 0x00, 0x00, 0x0C, 0x5A,
    0xCB, 0x54, 0xC5, 0xF7, 0xBF, 0xE6, 0xFC, 0xFA, 0xE6, 0xFB, 0xFE, 0xEF, 0x1C, 0xFF, 0xE7, 0x1C,
    0xFF, 0xE7, 0x1C, 0xFF, 0xEF, 0x1C, 0xFF, 0xE6, 0xFC, 0xFF, 0xDE, 0xBB, 0xFF, 0xC5, 0xF8, 0xFF,
    0xAC, 0xF4, 0xFF, 0x8C, 0x11, 0xFF, 0x8C, 0x12, 0xFF, 0xAD, 0x35, 0xFF, 0xD6, 0x59, 0xFF, 0xEF,
    0x3D, 0xFF, 0xEF, 0x5C, 0xFF, 0xEF, 0x5C, 0xFF, 0xEF, 0x5D, 0xFF, 0xE7, 0x1C, 0xFF, 0xFF, 0xFF,
    0xFF, 0xB5, 0x75, 0xFF, 0x39, 0xA7, 0xFF, 0x94, 0x90, 0xFF, 0xE7, 0x59, 0xFF, 0xAD, 0x91, 0xFF,
    0xBD, 0xF4, 0xFF, 0xCE, 0x97, 0xFF, 0xDF, 0x19, 0xFF, 0xE7, 0x3A, 0xFF, 0xDF, 0x19, 0xFF, 0xBE,
    0x34, 0xFF, 0xC6, 0x94, 0xFF, 0xB5, 0xF2, 0xFF, 0x6B, 0x8B, 0xFF, 0x8C, 0x90, 0xFF, 0xE7, 0x5A,
    0xFF, 0xEF, 0x5B, 0xFF, 0xEF, 0x9C, 0xFF, 0xD6, 0xD5, 0xFF, 0xD7, 0x13, 0xFF, 0x73, 0xE9, 0xFF,
    0x94, 0xF2, 0xFF, 0xF7, 0xBD, 0xFF, 0xEF, 0x5A, 0xFF, 0xEF, 0x5A, 0xFF, 0xDF, 0x19, 0xFF, 0x6B,
    0xAC, 0xFF, 0x4A, 0xE5, 0xFF, 0x9D, 0xAD, 0xFF, 0x9D, 0xCD, 0xFE, 0x8D, 0x0B, 0xF1, 0x95, 0x6C,
    0xA3, 0x29, 0xC3, 0x2C, 0x00, 0x00, 0x02, 0x00, 0x00, 0x00, 0x00, 0x00, 0x00, 0x00, 0x00, 0x00,
    0x00, 0x00, 0x00, 0x00, 0x00, 0x00, 0x00, 0x00, 0x00, 0x00, 0x00, 0x00, 0x00, 0x00, 0x00, 0x00,
    0x00, 0x00, 0x29, 0xA3, 0x13, 0x4B, 0x26, 0x5D, 0x00, 0x00, 0x21, 0x00, 0x00, 0x04, 0x00, 0x00,
    0x00, 0x00, 0x00, 0x00, 0x00, 0x00, 0x00, 0x00, 0x00, 0x00, 0x00, 0x00, 0x00, 0x00, 0x00, 0x00,
    0x00, 0x00, 0x00, 0x00, 0x00, 0x00, 0x00, 0x00, 0x00, 0x00, 0x00, 0x00, 0x00, 0x00, 0x00, 0x00,
    0x00, 0x00, 0x00, 0x00, 0x00, 0x00, 0x00, 0x00, 0x00, 0x00, 0x01, 0xFF, 0xFF, 0x01, 0xFF, 0xFF,
    0x01, 0x29, 0x45, 0x06, 0x00, 0x00, 0x0F, 0x08, 0x21, 0x2C, 0x73, 0x4D, 0x5D, 0xA4, 0xF3, 0x5F,
    0x4A, 0x49, 0x2E, 0x00, 0x00, 0x08, 0x00, 0x00, 0x00, 0x00, 0x00, 0x00, 0x00, 0x00, 0x00, 0x00,
    0x00, 0x00, 0x00, 0x00, 0x01, 0x00, 0x00, 0x00, 0x00, 0x00, 0x00, 0x08, 0x60, 0x24, 0x94, 0xB0,
    0x86, 0xFF, 0xDE, 0xE3, 0xEF, 0x5C, 0xFF, 0xBD, 0xD7, 0xFF, 0xE6, 0xFB, 0xFF, 0xBD, 0xB6, 0xFF,
    0x6B, 0x4D, 0xFF, 0xA5, 0x13, 0xFF, 0xEF, 0x3C, 0xFF, 0xF7, 0x5C, 0xFF, 0xE7, 0x1B, 0xFF, 0xE7,
    0x1C, 0xFF, 0xEF, 0x1C, 0xFF, 0xEF, 0x3C, 0xFF, 0xEF, 0x3C, 0xFF, 0xEF, 0x5D, 0xFF, 0xEF, 0x5D,
    0xFF, 0xEF, 0x5D, 0xFF, 0xDE, 0x9A, 0xFF, 0xBD, 0xB7, 0xFF, 0xBD, 0x97, 0xFF, 0xBD, 0xB7, 0xFE,
    0xDE, 0x9B, 0xFF, 0xAD, 0x35, 0xFF, 0x39, 0xA7, 0xB2, 0x18, 0xC4, 0x3D, 0x4A, 0x29, 0x4E, 0x41,
    0xE8, 0x51, 0x39, 0xC7, 0x49, 0x29, 0x45, 0x32, 0x00, 0x00, 0x16, 0x00, 0x00, 0x08, 0x00, 0x00,
    0x01, 0x00, 0x00, 0x00, 0xFF, 0xFF, 0x01, 0x00, 0x00, 0x0A, 0x52, 0xAB, 0x4B, 0x84, 0x32, 0xB3,
    0x84, 0x12, 0xEF, 0x73, 0x90, 0xFE, 0x6B, 0x2E, 0xFF, 0x52, 0x6B, 0xFF, 0x41, 0xA7, 0xFF, 0x31,
    0x04, 0xFF, 0x30, 0xE3, 0xFF, 0x39, 0x24, 0xFF, 0x49, 0x85, 0xF6, 0x5A, 0x08, 0xDD, 0x72, 0xEB,
    0xCA, 0x83, 0x6D, 0xDE, 0x93, 0xEF, 0xFE, 0xB4, 0xF2, 0xFE, 0xCD, 0xF6, 0xFF, 0xDE, 0x78, 0xFF,
    0xE6, 0xD9, 0xFF, 0xE6, 0xDA, 0xFF, 0xE6, 0xFA, 0xFF, 0xEF, 0x1B, 0xFF, 0xEF, 0x3B, 0xFF, 0xF7,
    0x5C, 0xFF, 0xF7, 0x5C, 0xFF, 0xF7, 0x5C, 0xFF, 0xF7, 0x5C, 0xFF, 0xEF, 0x1B, 0xFF, 0xDE, 0xD9,
    0xFF, 0xD6, 0x37, 0xFF, 0xC5, 0xB4, 0xFF, 0xAD, 0x12, 0xFF, 0x9C, 0x4F, 0xFE, 0x83, 0x6C, 0xFE,
    0x6A, 0xA8, 0xFB, 0x5A, 0x06, 0xA6, 0x28, 0x60, 0x38, 0x00, 0x00, 0x11, 0x00, 0x00, 0x19, 0x31,
    0x25, 0x27, 0x41, 0xE8, 0x24, 0x52, 0x4A, 0x4E, 0x6B, 0x2D, 0xE4, 0x83, 0xF1, 0xFF, 0x8C, 0x12,
    0xFF, 0x8C, 0x32, 0xFE, 0x83, 0xD1, 0xFB, 0x7B, 0xD1, 0xBF, 0x63, 0x0D, 0x5E, 0x10, 0x82, 0x1A,
    0x00, 0x0F, 0x02, 0xFF, 0xFF, 0x01, 0x00, 0x00, 0x00, 0x00, 0x00, 0x00, 0x00, 0x00, 0x00, 0x00,
    0x00, 0x00, 0x00, 0x00, 0x00, 0x00, 0x00, 0x00, 0x00, 0x00, 0x00, 0x00, 0x00, 0x01, 0x00, 0x00,
    0x00, 0x00, 0x00, 0x09, 0x4A, 0x49, 0x4A, 0xBD, 0xB7, 0xB1, 0xEF, 0x3D, 0xF4, 0xDE, 0xDB, 0xFF,
    0xEF, 0x1C, 0xFF, 0xEF, 0x3C, 0xFF, 0xEF, 0x3C, 0xFF, 0xEF, 0x3D, 0xFF, 0xE7, 0x1C, 0xFF, 0xD6,
    0x5A, 0xFF, 0xC5, 0xB7, 0xFF, 0xA4, 0xD4, 0xFF, 0x83, 0x90, 0xFF, 0x8B, 0xF1, 0xFF, 0xAD, 0x36,
    0xFF, 0xC5, 0xD8, 0xFF, 0xE7, 0x1C, 0xFF, 0xEF, 0x3C, 0xFF, 0xEF, 0x5D, 0xFF, 0xEF, 0x5D, 0xFF,
    0xEF, 0x3C, 0xFF, 0xFF, 0xDF, 0xFF, 0xF7, 0x7D, 0xFF, 0x52, 0x8A, 0xFF, 0x62, 0xEA, 0xFF, 0xD6,
    0xF7, 0xFF, 0xBE, 0x33, 0xFF, 0xAD, 0xB2, 0xFF, 0xBE, 0x14, 0xFF, 0xD6, 0xD8, 0xFF, 0xDF, 0x39,
    0xFF, 0xDE, 0xF8, 0xFF, 0xBE, 0x54, 0xFF, 0xB6, 0x12, 0xFF, 0xB6, 0x32, 0xFF, 0xDF, 0x56, 0xFF,
    0x8C, 0xAE, 0xFF, 0x63, 0x6B, 0xFF, 0xC6, 0x56, 0xFF, 0xEF, 0x7B, 0xFF, 0xEF, 0x7B, 0xFF, 0xD6,
    0xD5, 0xFF, 0xD7, 0x33, 0xFF, 0x74, 0x2A, 0xFF, 0x8C, 0xB0, 0xFF, 0xEF, 0x5A, 0xFF, 0xEF, 0x9A,
    0xFF, 0xDE, 0xF8, 0xFF, 0x6B, 0x8B, 0xFF, 0x4A, 0xE6, 0xFF, 0x9D, 0xCE, 0xFF, 0xAE, 0x4F, 0xFF,
    0x95, 0x6C, 0xFF, 0x95, 0x4C, 0xFF, 0x95, 0x8C, 0xDD, 0x63, 0xA8, 0x69, 0x00, 0x00, 0x13, 0x00,
    0x00, 0x00, 0x00, 0x00, 0x00, 0x00, 0x00, 0x00, 0x00, 0x00, 0x00, 0x00, 0x00, 0x00, 0x00, 0x00,
    0x00, 0x00, 0x00, 0x00, 0x00, 0x00, 0x00, 0x00, 0x00, 0x00, 0x29, 0xC2, 0x16, 0x53, 0x67, 0x67,
    0x00, 0x00, 0x21, 0x00, 0x00, 0x04, 0x00, 0x00, 0x00, 0x00, 0x00, 0x00, 0x00, 0x00, 0x00, 0x00,
    0x00, 0x00, 0x00, 0x00, 0x00, 0x00, 0x00, 0x00, 0x00, 0x00, 0x00, 0x00, 0x00, 0x00, 0x00, 0x00,
    0x00, 0x00, 0x00, 0x00, 0x00, 0x00, 0x00, 0x00, 0x00, 0x00, 0x00, 0x00, 0x00, 0x00, 0x00, 0x00,
    0x00, 0x00, 0x00, 0x00, 0x00, 0x00, 0x00, 0x00, 0x00, 0x00, 0x00, 0x00, 0x00, 0x00, 0x00, 0x52,
    0xAA, 0x03, 0x00, 0x00, 0x0D, 0x00, 0x00, 0x10, 0x29, 0x45, 0x06, 0x00, 0x00, 0x00, 0x00, 0x00,
    0x00, 0x00, 0x00, 0x00, 0x00, 0x00, 0x00, 0x00, 0x00, 0x00, 0x00, 0x00, 0x00, 0x00, 0x00, 0x01,
    0x00, 0x00, 0x00, 0x00, 0x00, 0x02, 0x29, 0x63, 0x2E, 0xA5, 0x32, 0x94, 0xFF, 0xFE, 0xE8, 0xE7,
    0x1C, 0xFF, 0xBD, 0xD7, 0xFF, 0xE7, 0x1C, 0xFF, 0xD6, 0x79, 0xFF, 0x73, 0x8D, 0xFF, 0x8C, 0x30,
    0xFF, 0xE6, 0xFB, 0xFF, 0xF7, 0x9E, 0xFF, 0xEF, 0x3C, 0xFF, 0xEF, 0x3C, 0xFF, 0xEF, 0x3C, 0xFF,
    0xEF, 0x3C, 0xFF, 0xEF, 0x5D, 0xFF, 0xEF, 0x5D, 0xFF, 0xEF, 0x5D, 0xFF, 0xEF, 0x5D, 0xFF, 0xDE,
    0xBB, 0xFF, 0xC5, 0xD8, 0xFF, 0xBD, 0x97, 0xFE, 0xC5, 0xF8, 0xFF, 0xCE, 0x59, 0xFF, 0xAD, 0x15,
    0xB5, 0x08, 0x61, 0x29, 0x31, 0x86, 0x0A, 0x00, 0x00, 0x0A, 0x00, 0x00, 0x09, 0x00, 0x00, 0x06,
    0x00, 0x1F, 0x01, 0x00, 0x00, 0x00, 0x00, 0x00, 0x00, 0x00, 0x00, 0x00, 0x00, 0x00, 0x01, 0x00,
    0x00, 0x00, 0x00, 0x00, 0x10, 0x4A, 0x2A, 0x59, 0x7B, 0xD1, 0xC1, 0x7B, 0xB0, 0xF8, 0x7B, 0xB0,
    0xFF, 0x7B, 0xD1, 0xFF, 0x83, 0xD1, 0xFF, 0x7B, 0xD0, 0xFF, 0x7B, 0x90, 0xFE, 0x6B, 0x4E, 0xFD,
    0x73, 0x6F, 0xCD, 0x63, 0x0D, 0x64, 0x00, 0x00, 0x27, 0x49, 0x45, 0x7B, 0x6A, 0x07, 0xF4, 0x61,
    0xE5, 0xFE, 0x49, 0x63, 0xFF, 0x51, 0xA4, 0xFF, 0x5A, 0x06, 0xFF, 0x62, 0x06, 0xFF, 0x59, 0xC6,
    0xFF, 0x51, 0xC6, 0xFF, 0x5A, 0x28, 0xFF, 0x72, 0x89, 0xFF, 0x7A, 0xCA, 0xFF, 0x7A, 0xEA, 0xFF,
    0x72, 0xA9, 0xFF, 0x5A, 0x27, 0xFF, 0x49, 0xC5, 0xFF, 0x41, 0x44, 0xFF, 0x41, 0x84, 0xFF, 0x51,
    0xE5, 0xFF, 0x5A, 0x27, 0xFF, 0x62, 0x68, 0xFD, 0x7B, 0x09, 0xFD, 0x83, 0x4A, 0xB7, 0x72, 0xE9,
    0x3C, 0xFF, 0xFF, 0x01, 0x6B, 0x0C, 0x24, 0x83, 0xF0, 0x5E, 0x83, 0xF1, 0x6F, 0x73, 0x6F, 0x83,
    0x73, 0x6F, 0xEE, 0x7B, 0xB0, 0xFF, 0x7B, 0x90, 0xFF, 0x73, 0x6F, 0xFE, 0x7B, 0xB0, 0xFD, 0x7B,
    0xB0, 0xB0, 0x5A, 0xCC, 0x3B, 0x00, 0x00, 0x03, 0xFF, 0xFF, 0x01, 0x00, 0x00, 0x01, 0x00, 0x00,
    0x00, 0x00, 0x00, 0x00, 0x00, 0x00, 0x00, 0x00, 0x00, 0x00, 0x00, 0x00, 0x00, 0x00, 0x00, 0x00,
    0x00, 0x00, 0x01, 0x00, 0x00, 0x00, 0x00, 0x00, 0x09, 0x31, 0x86, 0x42, 0xBD, 0xB6, 0xA9, 0xF7,
    0x5D, 0xF1, 0xE6, 0xDB, 0xFF, 0xE7, 0x1C, 0xFE, 0xEF, 0x3C, 0xFF, 0xEF, 0x5D, 0xFF, 0xEF, 0x5D,
    0xFF, 0xE6, 0xDB, 0xFF, 0xCE, 0x18, 0xFF, 0xBD, 0xB7, 0xFF, 0x9C, 0x73, 0xFF, 0x73, 0x4F, 0xFF,
    0x94, 0x32, 0xFF, 0xB5, 0x56, 0xFF, 0xBD, 0xB7, 0xFF, 0xE6, 0xDB, 0xFF, 0xEF, 0x3D, 0xFF, 0xEF,
    0x3D, 0xFF, 0xEF, 0x5D, 0xFF, 0xEF, 0x5D, 0xFF, 0xEF, 0x5D, 0xFE, 0xFF, 0xFF, 0xF2, 0x84, 0x10,
    0xDB, 0x41, 0xE6, 0xED, 0xAD, 0xB2, 0xFF, 0xD7, 0x17, 0xFE, 0xA5, 0x91, 0xFF, 0xAD, 0xD2, 0xFF,
    0xC6, 0x76, 0xFF, 0xDF, 0x39, 0xFF, 0xD7, 0x18, 0xFF, 0xBE, 0x33, 0xFF, 0xAD, 0xF1, 0xFF, 0xB6,
    0x32, 0xFF, 0xB6, 0x12, 0xFF, 0xDF, 0x77, 0xFF, 0xCE, 0xB5, 0xFF, 0x6B, 0xAB, 0xFF, 0x84, 0x4E,
    0xFF, 0xEF, 0x7B, 0xFF, 0xE7, 0x39, 0xFF, 0xD6, 0xD5, 0xFF, 0xD7, 0x34, 0xFF, 0x84, 0x8B, 0xFF,
    0x84, 0x4E, 0xFF, 0xEF, 0x9B, 0xFF, 0xE7, 0x39, 0xFF, 0x5B, 0x0A, 0xFF, 0x4A, 0xC6, 0xFF, 0x9D,
    0xAE, 0xFF, 0xAE, 0x4F, 0xFF, 0x9D, 0xAD, 0xFF, 0x9D, 0xCE, 0xFF, 0x9D, 0xAD, 0xFF, 0x95, 0x6C,
    0xF1, 0x95, 0x4C, 0xA2, 0x32, 0x45, 0x38, 0x00, 0x00, 0x04, 0x00, 0x00, 0x00, 0x00, 0x00, 0x00,
    0x00, 0x00, 0x00, 0x00, 0x00, 0x00, 0x00, 0x00, 0x00, 0x00, 0x00, 0x00, 0x00, 0x00, 0x00, 0x00,
    0x00, 0x00, 0x2A, 0x04, 0x23, 0x64, 0x29, 0x7A, 0x00, 0x00, 0x21, 0x00, 0x00, 0x04, 0x00, 0x00,
    0x00, 0x00, 0x00, 0x00, 0x00, 0x00, 0x00, 0x00, 0x00, 0x00, 0x00, 0x00, 0x00, 0x00, 0x00, 0x00,
    0x00, 0x00, 0x00, 0x00, 0x00, 0x00, 0x00, 0x00, 0x00, 0x00, 0x00, 0x00, 0x00, 0x00, 0x00, 0x00,
    0x00, 0x00, 0x00, 0x00, 0x00, 0x00, 0x00, 0x00, 0x00, 0x00, 0x00, 0x00, 0x00, 0x00, 0x00, 0x00,
    0x00, 0x00, 0x00, 0x00, 0x00, 0x00, 0x00, 0x00, 0x00, 0x00, 0x00, 0x00, 0x00, 0x00, 0x00, 0x00,
    0x00, 0x00, 0x00, 0x00, 0x00, 0x00, 0x00, 0x00, 0x00, 0x00, 0x00, 0x00, 0x00, 0x00, 0x00, 0x00,
    0x00, 0x00, 0x00, 0x00, 0x00, 0x00, 0x00, 0x00, 0x00, 0x00, 0x01, 0x00, 0x00, 0x00, 0x00, 0x00,
    0x02, 0x3A, 0x05, 0x36, 0xB5, 0xB4, 0xA1, 0xF7, 0xBD, 0xEC, 0xDF, 0x1B, 0xFF, 0xC6, 0x18, 0xFF,
    0xDE, 0xDB, 0xFF, 0xE7, 0x1C, 0xFF, 0x94, 0x91, 0xFF, 0x73, 0x6D, 0xFF, 0xBD, 0xF7, 0xFF, 0xFF,
    0xBE, 0xFF, 0xF7, 0x7D, 0xFF, 0xEF, 0x1C, 0xFF, 0xEF, 0x3C, 0xFF, 0xEF, 0x3C, 0xFF, 0xEF, 0x5D,
    0xFF, 0xEF, 0x5D, 0xFF, 0xEF, 0x5D, 0xFF, 0xF7, 0x7D, 0xFF, 0xDE, 0xDB, 0xFF, 0xC5, 0xF8, 0xFF,
    0xB5, 0x76, 0xFE, 0xCE, 0x18, 0xFF, 0xCE, 0x18, 0xEC, 0x8C, 0x10, 0x8E, 0x00, 0x00, 0x24, 0x00,
    0x00, 0x00, 0x00, 0x00, 0x00, 0x00, 0x00, 0x00, 0x00, 0x00, 0x00, 0x00, 0x00, 0x00, 0x00, 0x00,
    0x00, 0x00, 0x00, 0x00, 0x00, 0x00, 0x01, 0x00, 0x00, 0x00, 0x00, 0x00, 0x04, 0x39, 0xA8, 0x3F,
    0x73, 0x6F, 0xAD, 0x7B, 0xB0, 0xF6, 0x73, 0x70, 0xFE, 0x73, 0x4F, 0xFE, 0x73, 0x6F, 0xFE, 0x7B,
    0xB0, 0xFD, 0x73, 0x8F, 0xFE, 0x7B, 0x90, 0xF7, 0x83, 0xD1, 0xBD, 0x6B, 0x4D, 0x4C, 0x00, 0x00,
    0x1B, 0x93, 0xED, 0x82, 0xB4, 0xCF, 0xFA, 0x5A, 0x46, 0xFD, 0x20, 0xA2, 0xFF, 0x20, 0xA1, 0xFF,
    0x49, 0xE6, 0xFF, 0x93, 0xED, 0xFF, 0x93, 0xCD, 0xFF, 0x62, 0x48, 0xFF, 0x52, 0x07, 0xFF, 0x62,
    0x28, 0xFF, 0x8B, 0x2B, 0xFF, 0x83, 0x4B, 0xFF, 0x51, 0xC7, 0xFF, 0x6A, 0xCA, 0xFF, 0x83, 0x8C,
    0xFF, 0x93, 0xCE, 0xFF, 0xA4, 0x90, 0xFF, 0x7B, 0x6B, 0xFF, 0x6A, 0xC9, 0xFF, 0x73, 0x2B, 0xFD,
    0x9C, 0x2E, 0xFF, 0xAC, 0xAE, 0xCE, 0x8B, 0xCB, 0x53, 0x00, 0x00, 0x00, 0x39, 0xC3, 0x09, 0x4A,
    0x4A, 0x31, 0x7B, 0xAF, 0x60, 0x7B, 0xD0, 0x87, 0x73, 0x6F, 0xDA, 0x73, 0x6F, 0xEC, 0x83, 0xD1,
    0xEE, 0x83, 0xD1, 0xF0, 0x7B, 0xD1, 0xF0, 0x7B, 0xB0, 0xA9, 0x62, 0xCC, 0x3C, 0x00, 0x00, 0x04,
    0x00, 0x00, 0x00, 0x00, 0x00, 0x01, 0x00, 0x00, 0x00, 0x00, 0x00, 0x00, 0x00, 0x00, 0x00, 0x00,
    0x00, 0x00, 0x00, 0x00, 0x00, 0x00, 0x00, 0x01, 0x00, 0x00, 0x00, 0x10, 0xA2, 0x0B, 0x29, 0x25,
    0x42, 0xBD, 0xB6, 0xA5, 0xEF, 0x5D, 0xF0, 0xE6, 0xFC, 0xFF, 0xE7, 0x1C, 0xFE, 0xEF, 0x5D, 0xFF,
    0xF7, 0x7D, 0xFF, 0xE7, 0x1C, 0xFF, 0xCE, 0x59, 0xFF, 0xC5, 0xF8, 0xFF, 0xB5, 0x56, 0xFF, 0x83,
    0xB0, 0xFF, 0x7B, 0x6F, 0xFF, 0xAC, 0xF5, 0xFF, 0xBD, 0x77, 0xFF, 0xBD, 0x77, 0xFF, 0xDE, 0xBB,
    0xFF, 0xEF, 0x3C, 0xFF, 0xEF, 0x3C, 0xFF, 0xEF, 0x5D, 0xFF, 0xEF, 0x5D, 0xFF, 0xEF, 0x3C, 0xFD,
    0xFF, 0xFF, 0xEB, 0xC6, 0x38, 0x9C, 0x00, 0x21, 0x51, 0x94, 0xD0, 0xA2, 0xCE, 0xB5, 0xFF, 0xBE,
    0x33, 0xFF, 0xAD, 0xB1, 0xFE, 0xB5, 0xF3, 0xFF, 0xD6, 0xD7, 0xFF, 0xDF, 0x18, 0xFF, 0xBE, 0x73,
    0xFF, 0xAD, 0xF1, 0xFF, 0xB6, 0x11, 0xFF, 0xB6, 0x32, 0xFF, 0xBE, 0x73, 0xFF, 0xD7, 0x17, 0xFF,
    0xEF, 0xD9, 0xFF, 0x94, 0xEF, 0xFF, 0x5B, 0x09, 0xFF, 0xC6, 0x56, 0xFF, 0xE7, 0x59, 0xFF, 0xD6,
    0xB5, 0xFF, 0xD7, 0x14, 0xFF, 0x94, 0xEC, 0xFF, 0x84, 0x4E, 0xFF, 0xC6, 0x56, 0xFF, 0x5B, 0x09,
    0xFF, 0x42, 0x65, 0xFF, 0x8D, 0x2C, 0xFF, 0xAE, 0x0F, 0xFF, 0x9D, 0xAE, 0xFF, 0x9D, 0xCE, 0xFF,
    0x9D, 0xAD, 0xFF, 0x9D, 0xCD, 0xFF, 0x9D, 0xCD, 0xFF, 0x9D, 0xED, 0xE3, 0x7C, 0xAA, 0x83, 0x19,
    0x42, 0x29, 0x00, 0x00, 0x02, 0x00, 0x00, 0x00, 0x00, 0x00, 0x01, 0x00, 0x00, 0x00, 0x00, 0x00,
    0x00, 0x00, 0x00, 0x00, 0x00, 0x00, 0x00, 0x00, 0x00, 0x0E, 0x43, 0x06, 0x4A, 0x74, 0xCA, 0x9D,
    0x00, 0x00, 0x21, 0x00, 0x00, 0x04, 0x00, 0x00, 0x00, 0x00, 0x00, 0x00, 0x00, 0x00, 0x00, 0x00,
    0x00, 0x00, 0x00, 0x00, 0x00, 0x00, 0x00, 0x00, 0x00, 0x00, 0x00, 0x00, 0x00, 0x00, 0x00, 0x00,
    0x00, 0x00, 0x00, 0x00, 0x00, 0x00, 0x00, 0x00, 0x00, 0x00, 0x00, 0x00, 0x00, 0x00, 0x00, 0x00,
    0x00, 0x00, 0x00, 0x00, 0x00, 0x00, 0x00, 0x00, 0x00, 0x00, 0x00, 0x00, 0x00, 0x00, 0x00, 0x00,
    0x00, 0x00, 0x00, 0x00, 0x00, 0x00, 0x00, 0x00, 0x00, 0x00, 0x00, 0x00, 0x00, 0x00, 0x00, 0x00,
    0x00, 0x00, 0x00, 0x00, 0x00, 0x00, 0x00, 0x00, 0x00, 0x00, 0x00, 0x00, 0x00, 0x00, 0x00, 0x00,
    0x00, 0x00, 0x00, 0x00, 0x00, 0x00, 0x00, 0x00, 0x00, 0x00, 0x00, 0x05, 0x42, 0x26, 0x40, 0xBD,
    0xF4, 0xA7, 0xEF, 0x7C, 0xEC, 0xE7, 0x3C, 0xFF, 0xD6, 0x99, 0xFE, 0xDE, 0xDA, 0xFF, 0xEF, 0x5C,
    0xFF, 0xBD, 0xD6, 0xFF, 0x7B, 0xAE, 0xFF, 0x94, 0x91, 0xFF, 0xE7, 0x3B, 0xFF, 0xFF, 0xBE, 0xFF,
    0xEF, 0x3C, 0xFF, 0xEF, 0x1C, 0xFF, 0xEF, 0x5D, 0xFF, 0xEF, 0x5D, 0xFF, 0xEF, 0x5D, 0xFF, 0xF7,
    0x7D, 0xFF, 0xF7, 0x7D, 0xFF, 0xE7, 0x3C, 0xFF, 0xCE, 0x39, 0xFF, 0xB5, 0x96, 0xFF, 0xC5, 0xF8,
    0xFF, 0xC5, 0xD7, 0xE3, 0x7B, 0x8E, 0x84, 0x00, 0x00, 0x20, 0x00, 0x00, 0x00, 0x00, 0x00, 0x01,
    0x00, 0x00, 0x00, 0x00, 0x00, 0x00, 0x00, 0x00, 0x00, 0x00, 0x00, 0x01, 0x00, 0x00, 0x00, 0x00,
    0x00, 0x00, 0x42, 0x29, 0x27, 0x73, 0x8F, 0x76, 0x83, 0xF1, 0xB7, 0x7B, 0xB0, 0xEB, 0x7B, 0xB0,
    0xF2, 0x7B, 0xD0, 0xF1, 0x7B, 0xAF, 0xEF, 0x73, 0x4E, 0xEE, 0x6B, 0x2E, 0xEE, 0x73, 0x6F, 0xBA,
    0x62, 0xAC, 0x5E, 0x21, 0x24, 0x15, 0x00, 0x00, 0x10, 0x94, 0x0D, 0x73, 0x9C, 0x4D, 0xEA, 0x08,
    0x40, 0xFE, 0x00, 0x00, 0xFE, 0x00, 0x00, 0xFF, 0x08, 0x61, 0xFF, 0x31, 0x65, 0xFF, 0xA4, 0xD0,
    0xFF, 0xAC, 0xF0, 0xFF, 0x94, 0x2E, 0xFF, 0x9C, 0x0F, 0xFF, 0xA4, 0x90, 0xFF, 0x9C, 0x2F, 0xFF,
    0x83, 0x4B, 0xFF, 0x9C, 0x0E, 0xFF, 0xAC, 0xF1, 0xFF, 0xBD, 0x53, 0xFF, 0x5A, 0x68, 0xFF, 0x10,
    0x61, 0xFF, 0x08, 0x20, 0xFE, 0x08, 0x41, 0xFF, 0x39, 0x84, 0xF5, 0x8B, 0xAB, 0xC3, 0x9C, 0x0C,
    0x52, 0x00, 0x00, 0x01, 0xFF, 0xFF, 0x01, 0x00, 0x00, 0x07, 0x21, 0x26, 0x1A, 0x52, 0x6A, 0x32,
    0x5A, 0xAB, 0x5D, 0x62, 0xEC, 0x6D, 0x73, 0x6F, 0x7D, 0x83, 0xF1, 0x8E, 0x8C, 0x12, 0x9C, 0x8C,
    0x12, 0x8B, 0x73, 0xAE, 0x53, 0x3A, 0x07, 0x1B, 0x00, 0x00, 0x02, 0x00, 0x00, 0x00, 0x00, 0x00,
    0x00, 0x00, 0x00, 0x00, 0x00, 0x00, 0x00, 0x00, 0x00, 0x00, 0x7B, 0xEF, 0x02, 0x00, 0x20, 0x00,
    0x00, 0x00, 0x12, 0x39, 0xE7, 0x50, 0xC5, 0xF7, 0xAE, 0xEF, 0x5D, 0xF0, 0xE7, 0x1C, 0xFF, 0xEF,
    0x3C, 0xFD, 0xEF, 0x5D, 0xFD, 0xE7, 0x1C, 0xFE, 0xD6, 0x9A, 0xFE, 0xC6, 0x18, 0xFE, 0xB5, 0x96,
    0xFF, 0x8C, 0x31, 0xFF, 0x6B, 0x0D, 0xFF, 0x8C, 0x11, 0xFF, 0xBD, 0x97, 0xFF, 0xBD, 0x97, 0xFF,
    0xBD, 0xB7, 0xFF, 0xDE, 0x9B, 0xFF, 0xEF, 0x1C, 0xFF, 0xE7, 0x1C, 0xFF, 0xEF, 0x3C, 0xFF, 0xEF,
    0x5D, 0xFF, 0xEF, 0x3C, 0xFF, 0xFF, 0xDF, 0xF4, 0xDE, 0xBA, 0xB6, 0x63, 0x0C, 0x4A, 0x00, 0x00,
    0x2A, 0xC6, 0x54, 0xA6, 0xCE, 0xD5, 0xFF, 0xAD, 0xD1, 0xFD, 0xAD, 0xD1, 0xFE, 0xBE, 0x54, 0xFF,
    0xD7, 0x18, 0xFF, 0xC6, 0x94, 0xFF, 0xAD, 0xF0, 0xFF, 0xAE, 0x11, 0xFF, 0xB6, 0x11, 0xFF, 0xB6,
    0x52, 0xFF, 0xC6, 0x94, 0xFF, 0xD7, 0x17, 0xFF, 0xE7, 0x78, 0xFF, 0xBE, 0x53, 0xFF, 0x6B, 0xAB,
    0xFF, 0x7C, 0x2E, 0xFF, 0xE7, 0x79, 0xFE, 0xCE, 0x94, 0xFF, 0xD7, 0x13, 0xFF, 0xAD, 0xF0, 0xFF,
    0x4A, 0x87, 0xFF, 0x3A, 0x25, 0xFF, 0x5B, 0x68, 0xFF, 0x84, 0xEB, 0xFF, 0x9D, 0xAD, 0xFF, 0x9D,
    0xAD, 0xFF, 0x9D, 0xAD, 0xFF, 0x9D, 0xAD, 0xFF, 0x9D, 0xAD, 0xFF, 0x9D, 0xAD, 0xFF, 0x9D, 0xCD,
    0xFF, 0x9D, 0xAC, 0xF6, 0x9D, 0xCC, 0xBB, 0x74, 0x6A, 0x75, 0x21, 0x43, 0x29, 0x00, 0x00, 0x08,
    0x33, 0x26, 0x05, 0xAD, 0x4A, 0x03, 0xFF, 0xEF, 0x02, 0x55, 0x4A, 0x03, 0x00, 0x00, 0x0D, 0x32,
    0x24, 0x34, 0x6C, 0x6A, 0x90, 0x74, 0xAA, 0xDB, 0x00, 0x00, 0x21, 0x00, 0x00, 0x04, 0x00, 0x00,
    0x00, 0x00, 0x00, 0x00, 0x00, 0x00, 0x00, 0x00, 0x00, 0x00, 0x00, 0x00, 0x00, 0x00, 0x00, 0x00,
    0x00, 0x00, 0x00, 0x00, 0x00, 0x00, 0x00, 0x00, 0x00, 0x00, 0x00, 0x00, 0x00, 0x00, 0x00, 0x00,
    0x00, 0x00, 0x00, 0x00, 0x00, 0x00, 0x00, 0x00, 0x00, 0x00, 0x00, 0x00, 0x00, 0x00, 0x00, 0x00,
    0x00, 0x00, 0x00, 0x00, 0x00, 0x00, 0x00, 0x00, 0x00, 0x00, 0x00, 0x00, 0x00, 0x00, 0x00, 0x00,
    0x00, 0x00, 0x00, 0x00, 0x00, 0x00, 0x00, 0x00, 0x00, 0x00, 0x00, 0x00, 0x00, 0x00, 0x00, 0x00,
    0x00, 0x00, 0x00, 0x00, 0x00, 0x00, 0x00, 0x00, 0x00, 0x00, 0x00, 0x00, 0x00, 0x00, 0x00, 0x00,
    0x00, 0x00, 0x00, 0x00, 0x00, 0x00, 0x09, 0x4A, 0x87, 0x47, 0xB5, 0xD3, 0xA6, 0xEF, 0x7C, 0xEB,
    0xEF, 0x7D, 0xFF, 0xDE, 0xDA, 0xFE, 0xDE, 0xDA, 0xFF, 0xEF, 0x5C, 0xFF, 0xD6, 0xBA, 0xFF, 0x9C,
    0xB2, 0xFF, 0x7B, 0xEE, 0xFF, 0xBD, 0xD6, 0xFF, 0xF7, 0x9E, 0xFF, 0xFF, 0xBE, 0xFF, 0xEF, 0x5C,
    0xFF, 0xEF, 0x3C, 0xFF, 0xEF, 0x5D, 0xFF, 0xEF, 0x7D, 0xFF, 0xF7, 0x7D, 0xFF, 0xF7, 0x7D, 0xFF,
    0xEF, 0x3C, 0xFF, 0xD6, 0x7A, 0xFF, 0xBD, 0x97, 0xFF, 0xBD, 0xB7, 0xFF, 0xBD, 0x76, 0xDD, 0x73,
    0x6E, 0x7D, 0x00, 0x00, 0x1F, 0x00, 0x00, 0x00, 0x00, 0x00, 0x02, 0x00, 0x00, 0x00, 0x00, 0x00,
    0x00, 0x00, 0x00, 0x00, 0x00, 0x00, 0x00, 0x00, 0x00, 0x02, 0x4A, 0x09, 0x2A, 0x5A, 0xEC, 0x63,
    0x5A, 0xEC, 0x71, 0x5A, 0xCC, 0x7B, 0x5A, 0xCC, 0x76, 0x5A, 0x8B, 0x68, 0x52, 0x28, 0x59, 0x4A,
    0x08, 0x5E, 0x5A, 0xAA, 0x70, 0x52, 0x49, 0x47, 0x08, 0x61, 0x10, 0x00, 0x00, 0x00, 0x50, 0x00,
    0x03, 0x62, 0x68, 0x3A, 0x73, 0x09, 0xB1, 0x41, 0xE5, 0xF7, 0x10, 0x81, 0xFE, 0x29, 0x43, 0xFF,
    0x10, 0x81, 0xFF, 0x00, 0x00, 0xFF, 0x31, 0x44, 0xFF, 0x94, 0x2E, 0xFF, 0xA4, 0xB0, 0xFF, 0x83,
    0xAD, 0xFF, 0x83, 0x6D, 0xFF, 0x8B, 0xAD, 0xFF, 0x9B, 0xED, 0xFF, 0xAC, 0xB0, 0xFF, 0xAC, 0xF1,
    0xFF, 0x41, 0xA6, 0xFF, 0x08, 0x20, 0xFF, 0x10, 0x81, 0xFF, 0x18, 0xC2, 0xFE, 0x00, 0x00, 0xF8,
    0x31, 0x23, 0xBD, 0x7B, 0x6A, 0x70, 0x4A, 0x06, 0x2A, 0x00, 0x00, 0x01, 0xFF, 0xE0, 0x01, 0x00,
    0x00, 0x00, 0x00, 0x00, 0x00, 0x00, 0x00, 0x05, 0x10, 0x82, 0x0D, 0x29, 0x65, 0x11, 0x31, 0xA6,
    0x17, 0x4A, 0x49, 0x1F, 0x5A, 0xAB, 0x29, 0x5A, 0xEC, 0x2F, 0x4A, 0x69, 0x20, 0x39, 0xC7, 0x09,
    0x00, 0x00, 0x00, 0x00, 0x00, 0x00, 0x00, 0x00, 0x00, 0x00, 0x00, 0x00, 0x00, 0x00, 0x00, 0x00,
    0x00, 0x01, 0x00, 0x00, 0x05, 0x00, 0x00, 0x1A, 0x73, 0x6E, 0x69, 0xDE, 0xBA, 0xC1, 0xF7, 0x7D,
    0xF4, 0xEF, 0x5C, 0xFF, 0xEF, 0x5D, 0xFB, 0xEF, 0x1C, 0xFB, 0xDE, 0xBB, 0xF9, 0xCE, 0x18, 0xF5,
    0xAD, 0x35, 0xF3, 0x8C, 0x11, 0xFF, 0x6B, 0x2D, 0xFF, 0x73, 0x6E, 0xFF, 0x9C, 0xB3, 0xFF, 0xBD,
    0x97, 0xFF, 0xBD, 0x76, 0xFF, 0xC5, 0xD8, 0xFF, 0xDE, 0xBB, 0xFF, 0xE7, 0x1C, 0xFF, 0xE7, 0x1C,
    0xFF, 0xEF, 0x3C, 0xFF, 0xEF, 0x3C, 0xFE, 0xEF, 0x3C, 0xFE, 0xFF, 0xBE, 0xF6, 0xEF, 0x3C, 0xC1,
    0x7B, 0xAE, 0x58, 0x00, 0x00, 0x0F, 0x5B, 0x0A, 0x41, 0xB6, 0x13, 0xC2, 0xC6, 0x94, 0xFF, 0xA5,
    0xB0, 0xFE, 0xAD, 0xD2, 0xFE, 0xCE, 0xD6, 0xFF, 0xCE, 0xF6, 0xFF, 0xAE, 0x11, 0xFF, 0xAE, 0x10,
    0xFF, 0xAE, 0x11, 0xFF, 0xB6, 0x31, 0xFF, 0xB6, 0x32, 0xFF, 0xCE, 0xB5, 0xFF, 0xDF, 0x37, 0xFF,
    0xCE, 0xB4, 0xFF, 0xD6, 0xF5, 0xFF, 0x9D, 0x50, 0xFF, 0x5B, 0x29, 0xFE, 0xBE, 0x34, 0xFE, 0xCE,
    0xD4, 0xFE, 0xCE, 0xD2, 0xFF, 0xBE, 0x71, 0xFF, 0x3A, 0x45, 0xFF, 0x63, 0xA9, 0xFF, 0x95, 0x6D,
    0xFF, 0x95, 0x4C, 0xFF, 0x8D, 0x4C, 0xFF, 0x95, 0x8D, 0xFF, 0x95, 0xAD, 0xFF, 0x9D, 0xAD, 0xFF,
    0x9D, 0xAD, 0xFF, 0x9D, 0xAD, 0xFF, 0x95, 0x8C, 0xFF, 0x95, 0x8C, 0xFE, 0x95, 0x8C, 0xEF, 0x9D,
    0xAD, 0xDA, 0x85, 0x2B, 0x92, 0x53, 0x47, 0x55, 0x08, 0xE1, 0x31, 0x00, 0x00, 0x18, 0x00, 0x00,
    0x12, 0x00, 0x20, 0x25, 0x4A, 0xC7, 0x4B, 0x74, 0x6A, 0x88, 0x74, 0x8A, 0xDC, 0x74, 0x8A, 0xFD,
    0x00, 0x00, 0x21, 0x00, 0x00, 0x04, 0x00, 0x00, 0x00, 0x00, 0x00, 0x00, 0x00, 0x00, 0x00, 0x00,
    0x00, 0x00, 0x00, 0x00, 0x00, 0x00, 0x00, 0x00, 0x00, 0x00, 0x00, 0x00, 0x00, 0x00, 0x00, 0x00,
    0x00, 0x00, 0x00, 0x00, 0x00, 0x00, 0x00, 0x00, 0x00, 0x00, 0x00, 0x00, 0x00, 0x00, 0x00, 0x00,
    0x00, 0x00, 0x00, 0x00, 0x00, 0x00, 0x00, 0x00, 0x00, 0x00, 0x00, 0x00, 0x00, 0x00, 0x00, 0x00,
    0x00, 0x00, 0x00, 0x00, 0x00, 0x00, 0x00, 0x00, 0x00, 0x00, 0x00, 0x00, 0x00, 0x00, 0x00, 0x00,
    0x00, 0x00, 0x00, 0x00, 0x00, 0x00, 0x00, 0x00, 0x00, 0x00, 0x00, 0x00, 0x00, 0x00, 0x00, 0x00,
    0x00, 0x00, 0x00, 0x00, 0x00, 0x00, 0x00, 0x00, 0x00, 0x00, 0x00, 0x00, 0x00, 0x00, 0x00, 0x00,
    0x00, 0x0D, 0x4A, 0x86, 0x47, 0xAD, 0x93, 0xA3, 0xE7, 0x3B, 0xE8, 0xF7, 0x9D, 0xFF, 0xDE, 0xFB,
    0xFE, 0xDE, 0xDA, 0xFE, 0xEF, 0x3C, 0xFF, 0xE7, 0x1B, 0xFF, 0xBD, 0xB6, 0xFF, 0x8C, 0x50, 0xFF,
    0x94, 0x91, 0xFF, 0xCE, 0x58, 0xFF, 0xFF, 0xDE, 0xFF, 0xFF, 0xDF, 0xFF, 0xEF, 0x5D, 0xFF, 0xEF,
    0x3C, 0xFF, 0xEF, 0x5D, 0xFF, 0xEF, 0x7D, 0xFF, 0xEF, 0x3D, 0xFF, 0xE7, 0x1C, 0xFF, 0xD6, 0x7A,
    0xFF, 0xBD, 0xB7, 0xFF, 0xBD, 0x76, 0xFE, 0xB5, 0x56, 0xDA, 0x73, 0x4E, 0x7C, 0x00, 0x00, 0x1F,
    0x00, 0x00, 0x00, 0x7B, 0xEF, 0x02, 0x00, 0x00, 0x02, 0x00, 0x00, 0x00, 0x00, 0x00, 0x00, 0x00,
    0x00, 0x01, 0x29, 0x65, 0x0B, 0x29, 0x25, 0x1C, 0x18, 0xE3, 0x19, 0x10, 0xA2, 0x18, 0x08, 0x61,
    0x15, 0x00, 0x00, 0x0E, 0x00, 0x00, 0x07, 0x00, 0x00, 0x09, 0x18, 0xC1, 0x14, 0x00, 0x00, 0x08,
    0x00, 0x00, 0x00, 0x00, 0x00, 0x00, 0x00, 0x00, 0x00, 0x00, 0x00, 0x2C, 0x73, 0x28, 0x9E, 0x94,
    0x0B, 0xF4, 0x29, 0x23, 0xFE, 0x8C, 0x4C, 0xFF, 0x6B, 0x28, 0xFF, 0x10, 0x81, 0xFF, 0x00, 0x00,
    0xFF, 0x6B, 0x29, 0xFF, 0x83, 0xAC, 0xFF, 0x49, 0xE6, 0xFF, 0x4A, 0x07, 0xFF, 0x52, 0x07, 0xFF,
    0x6A, 0xC9, 0xFF, 0xA4, 0xAE, 0xFF, 0x49, 0xE6, 0xFF, 0x08, 0x01, 0xFF, 0x00, 0x00, 0xFF, 0x52,
    0x46, 0xFF, 0xA4, 0xAE, 0xFD, 0x52, 0x47, 0xFE, 0x73, 0x0A, 0xBB, 0x9C, 0x2C, 0x51, 0x00, 0x00,
    0x0E, 0x00, 0x00, 0x00, 0x00, 0x00, 0x01, 0x00, 0x00, 0x00, 0x00, 0x00, 0x00, 0x00, 0x00, 0x00,
    0x00, 0x00, 0x00, 0x00, 0x00, 0x00, 0x00, 0x00, 0x00, 0x00, 0x00, 0x00, 0x00, 0x00, 0x00, 0x00,
    0x00, 0x03, 0x00, 0x00, 0x01, 0x00, 0x00, 0x00, 0x00, 0x00, 0x00, 0x00, 0x00, 0x00, 0x00, 0x00,
    0x00, 0x00, 0x00, 0x00, 0x00, 0x00, 0x03, 0x39, 0xE7, 0x21, 0x7B, 0xEF, 0x5A, 0xCE, 0x59, 0x9C,
    0xEF, 0x5D, 0xD9, 0xF7, 0x7D, 0xF8, 0xEF, 0x1C, 0xFD, 0xDE, 0x9A, 0xEF, 0xCE, 0x18, 0xD7, 0xB5,
    0x75, 0xBD, 0x9C, 0x92, 0x94, 0x7B, 0xAF, 0x69, 0x52, 0x6A, 0x7D, 0x73, 0x4E, 0xE6, 0x9C, 0x93,
    0xFF, 0xB5, 0x56, 0xFF, 0xB5, 0x76, 0xFF, 0xB5, 0x56, 0xFF, 0xC5, 0xD8, 0xFF, 0xE6, 0xDB, 0xFF,
    0xEF, 0x1C, 0xFF, 0xE6, 0xFB, 0xFF, 0xE7, 0x1C, 0xFF, 0xEF, 0x3C, 0xFE, 0xEF, 0x3C, 0xFF, 0xF7,
    0x9E, 0xF7, 0xEF, 0x1C, 0xC2, 0x7B, 0xEF, 0x60, 0x00, 0x00, 0x11, 0x00, 0x00, 0x02, 0x8C, 0xAE,
    0x5E, 0xBE, 0x33, 0xD3, 0xBE, 0x53, 0xFF, 0xA5, 0xB0, 0xFE, 0xBE, 0x53, 0xFF, 0xCE, 0xD6, 0xFF,
    0xB6, 0x32, 0xFF, 0xAE, 0x11, 0xFF, 0xB6, 0x31, 0xFF, 0xAE, 0x11, 0xFF, 0xB6, 0x31, 0xFF, 0xB6,
    0x32, 0xFF, 0xD6, 0xF5, 0xFF, 0xD6, 0xF6, 0xFF, 0xBE, 0x73, 0xFF, 0xC6, 0xB3, 0xFE, 0xCE, 0xB4,
    0xFD, 0x8C, 0xCE, 0xFD, 0x8C, 0xAE, 0xF5, 0xD7, 0x15, 0xFF, 0xC6, 0x71, 0xFF, 0xCE, 0xF2, 0xFF,
    0x5B, 0x48, 0xFF, 0x6C, 0x0A, 0xFF, 0x95, 0x6D, 0xFF, 0x8D, 0x4C, 0xFF, 0x8D, 0x4C, 0xFF, 0x95,
    0x8D, 0xFF, 0x95, 0x8D, 0xFF, 0x95, 0xAD, 0xFF, 0x95, 0x8D, 0xFF, 0x95, 0x6C, 0xFF, 0x95, 0x6C,
    0xFF, 0x95, 0x6C, 0xFF, 0x95, 0x6C, 0xFF, 0x95, 0x8C, 0xFF, 0x95, 0x6C, 0xE9, 0x8D, 0x4C, 0xD2,
    0x8D, 0x2C, 0xC2, 0x84, 0xEB, 0xB5, 0x74, 0xAB, 0xB3, 0x74, 0xAB, 0xBB, 0x74, 0xAA, 0xCC, 0x74,
    0x8A, 0xE3, 0x6C, 0x6A, 0xFE, 0x74, 0xAA, 0xFF, 0x00, 0x00, 0x21, 0x00, 0x00, 0x04, 0x00, 0x00,
    0x00, 0x00, 0x00, 0x00, 0x00, 0x00, 0x00, 0x00, 0x00, 0x00, 0x00, 0x00, 0x00, 0x00, 0x00, 0x00,
    0x00, 0x00, 0x00, 0x00, 0x00, 0x00, 0x00, 0x00, 0x00, 0x00, 0x00, 0x00, 0x00, 0x00, 0x00, 0x00,
    0x00, 0x00, 0x00, 0x00, 0x00, 0x00, 0x00, 0x00, 0x00, 0x00, 0x00, 0x00, 0x00, 0x00, 0x00, 0x00,
    0x00, 0x00, 0x00, 0x00, 0x00, 0x00, 0x00, 0x00, 0x00, 0x00, 0x00, 0x00, 0x00, 0x00, 0x00, 0x00,
    0x00, 0x00, 0x00, 0x00, 0x00, 0x00, 0x00, 0x00, 0x00, 0x00, 0x00, 0x00, 0x00, 0x00, 0x00, 0x00,
    0x00, 0x00, 0x00, 0x00, 0x00, 0x00, 0x00, 0x00, 0x00, 0x00, 0x00, 0x00, 0x00, 0x00, 0x00, 0x00,
    0x00, 0x00, 0x00, 0x00, 0x00, 0x00, 0x00, 0x00, 0x00, 0x00, 0x00, 0x00, 0x0F, 0x4A, 0xA6, 0x4F,
    0xA5, 0x72, 0xA6, 0xDE, 0xFA, 0xE8, 0xF7, 0x9D, 0xFF, 0xE7, 0x3C, 0xFD, 0xDE, 0xBA, 0xFE, 0xE7,
    0x1B, 0xFF, 0xEF, 0x5C, 0xFF, 0xD6, 0x99, 0xFF, 0xAD, 0x54, 0xFF, 0x94, 0x71, 0xFF, 0x9C, 0xD2,
    0xFF, 0xD6, 0x79, 0xFF, 0xFF, 0xDF, 0xFF, 0xFF, 0xFF, 0xFF, 0xF7, 0x9E, 0xFF, 0xEF, 0x5C, 0xFF,
    0xE7, 0x1C, 0xFF, 0xE6, 0xDB, 0xFF, 0xDE, 0xDB, 0xFF, 0xD6, 0x79, 0xFF, 0xC5, 0xD7, 0xFF, 0xBD,
    0x97, 0xFE, 0xB5, 0x55, 0xDA, 0x73, 0x6E, 0x7A, 0x00, 0x00, 0x1E, 0x00, 0x00, 0x00, 0x00, 0x00,
    0x00, 0x7B, 0xEF, 0x02, 0x00, 0x00, 0x01, 0x00, 0x00, 0x00, 0x00, 0x00, 0x00, 0x00, 0x00, 0x00,
    0x00, 0x00, 0x00, 0x00, 0x00, 0x00, 0x00, 0x00, 0x00, 0x00, 0x00, 0x00, 0x00, 0x00, 0x00, 0x00,
    0x00, 0x00, 0x00, 0x00, 0x00, 0x00, 0x00, 0x00, 0xFF, 0xFF, 0x01, 0x00, 0x00, 0x00, 0x18, 0x60,
    0x28, 0x83, 0xA9, 0x7F, 0x9C, 0x6C, 0xCC, 0x39, 0x84, 0xFC, 0x10, 0x82, 0xFF, 0x52, 0x67, 0xFF,
    0x62, 0xC8, 0xFF, 0x18, 0xA2, 0xFF, 0x00, 0x00, 0xFF, 0x31, 0x64, 0xFF, 0x73, 0x89, 0xFF, 0x73,
    0xC8, 0xFF, 0x7C, 0x48, 0xFF, 0x74, 0x07, 0xFF, 0x5B, 0x26, 0xFF, 0x5A, 0xC6, 0xFF, 0x10, 0x60,
    0xFF, 0x10, 0x21, 0xFF, 0x10, 0x42, 0xFF, 0x6A, 0xE8, 0xFF, 0x94, 0x0C, 0xFE, 0x39, 0xA5, 0xF9,
    0x52, 0x47, 0xA5, 0x9C, 0x4D, 0x51, 0x29, 0x64, 0x21, 0x00, 0x00, 0x03, 0x00, 0x00, 0x00, 0x00,
    0x00, 0x01, 0x00, 0x00, 0x00, 0x00, 0x00, 0x00, 0x00, 0x00, 0x01, 0x00, 0x00, 0x01, 0x00, 0x00,
    0x00, 0x00, 0x00, 0x00, 0x00, 0x00, 0x00, 0x00, 0x00, 0x00, 0x00, 0x00, 0x00, 0x00, 0x00, 0x00,
    0x00, 0x00, 0x00, 0x00, 0x00, 0x00, 0x00, 0x00, 0x00, 0x00, 0x00, 0x00, 0x00, 0x00, 0x07, 0x4A,
    0x29, 0x29, 0x73, 0x8E, 0x61, 0xA5, 0x14, 0x89, 0xBD, 0xD7, 0x8E, 0xAD, 0x34, 0x86, 0x9C, 0xB3,
    0x7C, 0x94, 0x92, 0x67, 0x7B, 0xCF, 0x50, 0x62, 0xEC, 0x3C, 0x29, 0x65, 0x21, 0x00, 0x00, 0x21,
    0x63, 0x0D, 0x6F, 0xBD, 0x97, 0xE8, 0xBD, 0xB7, 0xFF, 0xB5, 0x56, 0xFF, 0xAD, 0x35, 0xFF, 0xC5,
    0xF8, 0xFF, 0xE6, 0xDB, 0xFF, 0xE7, 0x1C, 0xFF, 0xE6, 0xFB, 0xFF, 0xE7, 0x1B, 0xFF, 0xE7, 0x1C,
    0xFF, 0xEF, 0x3C, 0xFF, 0xFF, 0x9E, 0xF7, 0xE7, 0x1C, 0xC3, 0x83, 0xF0, 0x60, 0x00, 0x00, 0x15,
    0x00, 0x00, 0x00, 0x00, 0x00, 0x0F, 0xA5, 0x90, 0x75, 0xBE, 0x53, 0xDE, 0xAD, 0xF1, 0xFF, 0xB5,
    0xF1, 0xFE, 0xBE, 0x73, 0xFF, 0xB6, 0x33, 0xFF, 0xAD, 0xF1, 0xFF, 0xB6, 0x51, 0xFF, 0xB6, 0x31,
    0xFF, 0xB6, 0x31, 0xFF, 0xB6, 0x31, 0xFF, 0xB6, 0x32, 0xFF, 0xD7, 0x16, 0xFF, 0xCE, 0xD5, 0xFF,
    0xB6, 0x32, 0xFD, 0xC6, 0xB3, 0xFE, 0xDF, 0x56, 0xFF, 0xB6, 0x12, 0xD0, 0x52, 0xE8, 0xA0, 0xBE,
    0x52, 0xD8, 0xC6, 0xB2, 0xFC, 0xCE, 0xF2, 0xFE, 0x84, 0x8C, 0xFF, 0x4B, 0x07, 0xFF, 0x84, 0xCB,
    0xFF, 0x95, 0x6C, 0xFF, 0x8D, 0x4C, 0xFF, 0x95, 0x8D, 0xFF, 0x95, 0x8D, 0xFF, 0x95, 0x8D, 0xFF,
    0x95, 0x6C, 0xFF, 0x95, 0x6C, 0xFF, 0x8D, 0x4C, 0xFF, 0x8D, 0x4C, 0xFF, 0x8D, 0x4B, 0xFF, 0x8D,
    0x4B, 0xFF, 0x8D, 0x4C, 0xFF, 0x95, 0x6C, 0xFF, 0x95, 0x6C, 0xFF, 0x8D, 0x4C, 0xFF, 0x85, 0x2C,
    0xFF, 0x7C, 0xEB, 0xFF, 0x74, 0xAA, 0xFF, 0x6C, 0x6A, 0xFF, 0x6C, 0x6A, 0xFF, 0x74, 0xAB, 0xFE,
    0x00, 0x00, 0x21, 0x00, 0x00, 0x04, 0x00, 0x00, 0x00, 0x00, 0x00, 0x00, 0x00, 0x00, 0x00, 0x00,
    0x00, 0x00, 0x00, 0x00, 0x00, 0x00, 0x00, 0x00, 0x00, 0x00, 0x00, 0x00, 0x00, 0x00, 0x00, 0x00,
    0x00, 0x00, 0x00, 0x00, 0x00, 0x00, 0x00, 0x00, 0x00, 0x00, 0x00, 0x00, 0x00, 0x00, 0x00, 0x00,
    0x00, 0x00, 0x00, 0x00, 0x00, 0x00, 0x00, 0x00, 0x00, 0x00, 0x00, 0x00, 0x00, 0x00, 0x00, 0x00,
    0x00, 0x00, 0x00, 0x00, 0x00, 0x00, 0x00, 0x00, 0x00, 0x00, 0x00, 0x00, 0x00, 0x00, 0x00, 0x00,
    0x00, 0x00, 0x00, 0x00, 0x00, 0x00, 0x00, 0x00, 0x00, 0x00, 0x00, 0x00, 0x00, 0x00, 0x00, 0x00,
    0x00, 0x00, 0x00, 0x00, 0x00, 0x00, 0x00, 0x00, 0x00, 0x00, 0x00, 0x00, 0x00, 0x00, 0x00, 0x00,
    0x00, 0x00, 0xFF, 0xFF, 0x01, 0x08, 0xA0, 0x17, 0x4A, 0xE6, 0x52, 0x9D, 0x30, 0xA5, 0xCE, 0x77,
    0xE8, 0xE7, 0x1B, 0xFF, 0xE7, 0x3C, 0xFE, 0xDE, 0xFB, 0xFE, 0xDE, 0xFB, 0xFF, 0xEF, 0x7C, 0xFF,
    0xEF, 0x5C, 0xFF, 0xCE, 0x58, 0xFF, 0xA5, 0x13, 0xFF, 0x94, 0x71, 0xFF, 0xA5, 0x13, 0xFF, 0xD6,
    0x79, 0xFF, 0xF7, 0x9E, 0xFF, 0xFF, 0xFF, 0xFF, 0xFF, 0xDF, 0xFF, 0xEF, 0x3C, 0xFF, 0xDE, 0xBA,
    0xFF, 0xD6, 0x7A, 0xFF, 0xD6, 0x59, 0xFF, 0xC5, 0xF8, 0xFF, 0xC5, 0xF8, 0xFE, 0xBD, 0x76, 0xDC,
    0x8C, 0x10, 0x8F, 0x18, 0xE3, 0x38, 0x00, 0x00, 0x0A, 0x00, 0x00, 0x00, 0xFF, 0xFF, 0x01, 0x7B,
    0xEF, 0x02, 0x00, 0x00, 0x01, 0xFF, 0xFF, 0x01, 0xFF, 0xFF, 0x01, 0x7B, 0xEF, 0x02, 0xFF, 0xFF,
    0x01, 0x00, 0x00, 0x00, 0x00, 0x00, 0x03, 0x00, 0x00, 0x01, 0xFF, 0xFF, 0x01, 0xAD, 0x4A, 0x03,
    0xFF, 0xFF, 0x02, 0x29, 0x63, 0x10, 0x93, 0xE9, 0x6E, 0xAC, 0x8B, 0xDE, 0x41, 0xE4, 0xF6, 0x00,
    0x00, 0xFF, 0x00, 0x00, 0xFF, 0x00, 0x00, 0xFF, 0x00, 0x00, 0xFF, 0x08, 0x40, 0xFF, 0x41, 0xC5,
    0xFF, 0x4A, 0x25, 0xFF, 0x73, 0xA7, 0xFF, 0x85, 0x08, 0xFF, 0x85, 0x67, 0xFF, 0x8D, 0xC7, 0xFF,
    0x74, 0x65, 0xFF, 0x5B, 0x04, 0xFF, 0x62, 0xE7, 0xFF, 0x18, 0x61, 0xFF, 0x00, 0x00, 0xFF, 0x20,
    0xE2, 0xFF, 0x20, 0xC2, 0xFE, 0x00, 0x20, 0xFA, 0x00, 0x00, 0xC5, 0x4A, 0x25, 0x90, 0x8B, 0xEA,
    0x61, 0x49, 0xE5, 0x24, 0x39, 0xE7, 0x04, 0x7B, 0xEF, 0x02, 0x00, 0x00, 0x00, 0x00, 0x00, 0x01,
    0x00, 0x00, 0x00, 0x00, 0x00, 0x01, 0x00, 0x00, 0x01, 0x00, 0x00, 0x01, 0x00, 0x00, 0x00, 0x00,
    0x00, 0x00, 0x00, 0x00, 0x00, 0x00, 0x00, 0x00, 0x00, 0x00, 0x00, 0x00, 0x00, 0x00, 0x00, 0x00,
    0x00, 0x00, 0x00, 0x00, 0x00, 0x00, 0x03, 0x31, 0x86, 0x0F, 0x3A, 0x28, 0x1E, 0x00, 0x00, 0x21,
    0x00, 0x00, 0x19, 0x00, 0x00, 0x15, 0x00, 0x00, 0x10, 0x00, 0x00, 0x06, 0x00, 0x00, 0x00, 0x00,
    0x00, 0x00, 0x00, 0x00, 0x15, 0x7B, 0xCF, 0x61, 0xC5, 0xF8, 0xBE, 0xC5, 0xD8, 0xF9, 0xAD, 0x15,
    0xFF, 0xAD, 0x35, 0xFF, 0xCE, 0x19, 0xFF, 0xE6, 0xFB, 0xFF, 0xE6, 0xFB, 0xFF, 0xE6, 0xDB, 0xFF,
    0xE6, 0xFB, 0xFE, 0xE6, 0xFB, 0xFE, 0xE7, 0x1C, 0xFC, 0xF7, 0x7D, 0xEC, 0xDE, 0xDB, 0xBB, 0x84,
    0x10, 0x5D, 0x00, 0x00, 0x13, 0x00, 0x00, 0x00, 0x7D, 0xEF, 0x04, 0x18, 0xC1, 0x29, 0xAD, 0xF1,
    0x9F, 0xB6, 0x32, 0xF4, 0xAD, 0xB0, 0xFF, 0xAD, 0xD0, 0xFE, 0xA5, 0xB0, 0xFF, 0xA5, 0xD0, 0xFF,
    0xB6, 0x52, 0xFF, 0xB6, 0x32, 0xFF, 0xB6, 0x31, 0xFF, 0xB6, 0x31, 0xFF, 0xB6, 0x11, 0xFF, 0xBE,
    0x52, 0xFF, 0xCE, 0xF5, 0xFF, 0xBE, 0x73, 0xFD, 0xBE, 0x52, 0xFF, 0xCE, 0xF4, 0xFD, 0xBE, 0x72,
    0xCF, 0x73, 0xCB, 0x67, 0x08, 0xA1, 0x33, 0x7C, 0x2C, 0x8A, 0xCE, 0xF3, 0xEE, 0xC6, 0xD1, 0xFF,
    0xAD, 0xEF, 0xFF, 0x4A, 0xC7, 0xFF, 0x74, 0x4A, 0xFF, 0x95, 0x6C, 0xFF, 0x8D, 0x4C, 0xFF, 0x95,
    0x6D, 0xFF, 0x95, 0x8D, 0xFF, 0x95, 0x8C, 0xFF, 0x95, 0x6C, 0xFF, 0x8D, 0x4C, 0xFF, 0x8D, 0x4C,
    0xFF, 0x8D, 0x2B, 0xFF, 0x8D, 0x2B, 0xFF, 0x8D, 0x2B, 0xFF, 0x8D, 0x2B, 0xFE, 0x8D, 0x2B, 0xFE,
    0x8D, 0x2B, 0xFE, 0x85, 0x0B, 0xFE, 0x7C, 0xCB, 0xFE, 0x74, 0x8A, 0xFE, 0x6C, 0x6A, 0xFE, 0x6C,
    0x6A, 0xFE, 0x6C, 0x8A, 0xFE, 0x7C, 0xCB, 0xFF, 0x00, 0x00, 0x21, 0x00, 0x00, 0x04, 0x00, 0x00,
    0x00, 0x00, 0x00, 0x00, 0x00, 0x00, 0x00, 0x00, 0x00, 0x00, 0x00, 0x00, 0x00, 0x00, 0x00, 0x00,
    0x00, 0x00, 0x00, 0x00, 0x00, 0x00, 0x00, 0x00, 0x00, 0x00, 0x00, 0x00, 0x00, 0x00, 0x00, 0x00,
    0x00, 0x00, 0x00, 0x00, 0x00, 0x00, 0x00, 0x00, 0x00, 0x00, 0x00, 0x00, 0x00, 0x00, 0x00, 0x00,
    0x00, 0x00, 0x00, 0x00, 0x00, 0x00, 0x00, 0x00, 0x00, 0x00, 0x00, 0x00, 0x00, 0x00, 0x00, 0x00,
    0x00, 0x00, 0x00, 0x00, 0x00, 0x00, 0x00, 0x00, 0x00, 0x00, 0x00, 0x00, 0x00, 0x00, 0x00, 0x00,
    0x00, 0x00, 0x00, 0x00, 0x00, 0x00, 0x00, 0x00, 0x00, 0x00, 0x00, 0x00, 0x00, 0x00, 0x00, 0x00,
    0x00, 0x00, 0x00, 0x00, 0x00, 0x00, 0x00, 0x00, 0x00, 0x00, 0x00, 0x00, 0x00, 0x03, 0xEF, 0x02,
    0x08, 0xA1, 0x18, 0x4A, 0xE5, 0x4D, 0x8C, 0xCD, 0x9F, 0xB5, 0xD3, 0xE7, 0xCE, 0x77, 0xFF, 0xDE,
    0xDA, 0xFF, 0xE7, 0x1C, 0xFF, 0xE7, 0x1B, 0xFF, 0xEF, 0x3C, 0xFF, 0xF7, 0x9D, 0xFF, 0xEF, 0x3C,
    0xFF, 0xBD, 0xF7, 0xFF, 0x9C, 0xB2, 0xFF, 0x8C, 0x50, 0xFF, 0x94, 0x91, 0xFF, 0xAD, 0x54, 0xFF,
    0xD6, 0x99, 0xFF, 0xEF, 0x5C, 0xFF, 0xEF, 0x5D, 0xFF, 0xEF, 0x1C, 0xFF, 0xE6, 0xDB, 0xFF, 0xE6,
    0xDB, 0xFE, 0xD6, 0x59, 0xFF, 0xD6, 0x39, 0xFF, 0xC5, 0xF7, 0xEF, 0xA4, 0xF3, 0xB0, 0x5A, 0xAB,
    0x65, 0x00, 0x00, 0x20, 0x00, 0x00, 0x00, 0x00, 0x00, 0x00, 0x00, 0x00, 0x00, 0xFF, 0xFF, 0x01,
    0x00, 0x00, 0x00, 0x00, 0x00, 0x00, 0x00, 0x00, 0x00, 0x00, 0x00, 0x06, 0x52, 0x67, 0x35, 0x4A,
    0x05, 0x1B, 0xFF, 0xFF, 0x02, 0x00, 0x00, 0x00, 0x00, 0x00, 0x01, 0x00, 0x00, 0x13, 0xA4, 0x4A,
    0x84, 0xB4, 0xEC, 0xFD, 0x52, 0x25, 0xFD, 0x29, 0x23, 0xFE, 0x29, 0x23, 0xFF, 0x31, 0x63, 0xFF,
    0x39, 0xA5, 0xFF, 0x7B, 0x49, 0xFF, 0xA4, 0x8D, 0xFF, 0x62, 0xE7, 0xFF, 0x74, 0x06, 0xFF, 0x7D,
    0x46, 0xFF, 0x5C, 0x23, 0xFF, 0x7D, 0x04, 0xFF, 0x95, 0xC7, 0xFF, 0x7C, 0x27, 0xFF, 0x8C, 0x0A,
    0xFF, 0x94, 0x2B, 0xFF, 0x49, 0xE5, 0xFF, 0x10, 0x81, 0xFF, 0x00, 0x00, 0xFE, 0x00, 0x00, 0xFF,
    0x00, 0x00, 0xFC, 0x62, 0xE7, 0xE3, 0xB5, 0x0C, 0x98, 0x39, 0x63, 0x36, 0x63, 0x26, 0x05, 0xFF,
    0xFF, 0x01, 0xFF, 0xFF, 0x01, 0x00, 0x00, 0x00, 0x00, 0x00, 0x01, 0x00, 0x00, 0x00, 0x00, 0x00,
    0x00, 0xF8, 0x00, 0x01, 0x00, 0x00, 0x01, 0x00, 0x00, 0x01, 0x00, 0x00, 0x00, 0x00, 0x00, 0x00,
    0x00, 0x00, 0x00, 0x00, 0x00, 0x00, 0x00, 0x00, 0x00, 0x00, 0x00, 0x00, 0x00, 0x00, 0x00, 0x00,
    0x00, 0x00, 0x00, 0x00, 0x00, 0x00, 0x00, 0x00, 0x00, 0x00, 0x00, 0x00, 0x00, 0x00, 0xFF, 0xFF,
    0x01, 0xFF, 0xFF, 0x01, 0x00, 0x00, 0x00, 0x10, 0x42, 0x18, 0x7B, 0xAF, 0x61, 0xBD, 0x97, 0xB8,
    0xBD, 0x97, 0xEE, 0xAD, 0x14, 0xFD, 0xBD, 0x97, 0xFF, 0xD6, 0x7A, 0xFF, 0xE6, 0xFC, 0xFF, 0xE6,
    0xFB, 0xFF, 0xDE, 0xDB, 0xFF, 0xDE, 0xDB, 0xFE, 0xE6, 0xDB, 0xFF, 0xEF, 0x3C, 0xFC, 0xF7, 0x5D,
    0xE4, 0xD6, 0x79, 0xA7, 0x7B, 0xCE, 0x52, 0x00, 0x00, 0x0F, 0x00, 0x00, 0x00, 0xFF, 0xFF, 0x01,
    0x00, 0x00, 0x05, 0x42, 0x45, 0x40, 0xAD, 0xF1, 0xC2, 0xB6, 0x32, 0xFF, 0xA5, 0x90, 0xFF, 0x95,
    0x4E, 0xFE, 0x95, 0x4F, 0xFF, 0xB6, 0x11, 0xFF, 0xBE, 0x52, 0xFF, 0xB6, 0x31, 0xFF, 0xB6, 0x31,
    0xFF, 0xB6, 0x31, 0xFF, 0xB6, 0x31, 0xFF, 0xBE, 0x52, 0xFF, 0xBE, 0x73, 0xFE, 0xC6, 0x93, 0xFF,
    0xCE, 0xD3, 0xFB, 0xB6, 0x11, 0xC6, 0x63, 0x49, 0x61, 0x00, 0x00, 0x13, 0x00, 0x00, 0x03, 0x21,
    0x63, 0x40, 0xA5, 0xAF, 0xBC, 0xC6, 0xD1, 0xFA, 0xC6, 0xD1, 0xFF, 0x63, 0x88, 0xFF, 0x5B, 0x68,
    0xFF, 0x8D, 0x4C, 0xFF, 0x9D, 0x8D, 0xFF, 0x8D, 0x4C, 0xFF, 0x95, 0x6C, 0xFF, 0x95, 0x6C, 0xFF,
    0x8D, 0x4C, 0xFF, 0x8D, 0x4C, 0xFF, 0x8D, 0x4C, 0xFF, 0x8D, 0x2B, 0xFF, 0x8D, 0x2B, 0xFF, 0x8D,
    0x2B, 0xFF, 0x8D, 0x2B, 0xFF, 0x8D, 0x2C, 0xFF, 0x85, 0x0B, 0xFE, 0x7C, 0xCB, 0xFE, 0x74, 0xAA,
    0xFE, 0x74, 0x8A, 0xFE, 0x74, 0xAA, 0xFE, 0x74, 0xAA, 0xFF, 0x74, 0xAB, 0xFF, 0x74, 0x8B, 0xFE,
    0x00, 0x00, 0x21, 0x00, 0x00, 0x04, 0x00, 0x00, 0x00, 0x00, 0x00, 0x00, 0x00, 0x00, 0x00, 0x00,
    0x00, 0x00, 0x00, 0x00, 0x00, 0x00, 0x00, 0x00, 0x00, 0x00, 0x00, 0x00, 0x00, 0x00, 0x00, 0x00,
    0x00, 0x00, 0x00, 0x00, 0x00, 0x00, 0x00, 0x00, 0x00, 0x00, 0x00, 0x00, 0x00, 0x00, 0x00, 0x00,
    0x00, 0x00, 0x00, 0x00, 0x00, 0x00, 0x00, 0x00, 0x00, 0x00, 0x00, 0x00, 0x00, 0x00, 0x00, 0x00,
    0x00, 0x00, 0x00, 0x00, 0x00, 0x00, 0x00, 0x00, 0x00, 0x00, 0x00, 0x00, 0x00, 0x00, 0x00, 0x00,
    0x00, 0x00, 0x00, 0x00, 0x00, 0x00, 0x00, 0x00, 0x00, 0x00, 0x00, 0x00, 0x00, 0x00, 0x00, 0x00,
    0x00, 0x00, 0x00, 0x00, 0x00, 0x00, 0x00, 0x00, 0x00, 0x00, 0x00, 0x00, 0x00, 0x00, 0x00, 0x00,
    0x00, 0x00, 0x00, 0x00, 0x00, 0x00, 0x00, 0x00, 0x78, 0x1F, 0x02, 0x00, 0x01, 0x12, 0x52, 0xE6,
    0x3F, 0x7C, 0x6A, 0x92, 0x9D, 0x2F, 0xCF, 0xB5, 0xD4, 0xEA, 0xCE, 0x78, 0xFF, 0xDE, 0xFA, 0xFF,
    0xE7, 0x1C, 0xFF, 0xE7, 0x1B, 0xFF, 0xEF, 0x5C, 0xFF, 0xF7, 0xBE, 0xFF, 0xE7, 0x5C, 0xFF, 0xBD,
    0xD6, 0xFF, 0x84, 0x0E, 0xFF, 0x63, 0x0A, 0xFF, 0x6B, 0x4B, 0xFF, 0x94, 0x90, 0xFF, 0xB5, 0xB5,
    0xFF, 0xC6, 0x18, 0xFF, 0xD6, 0x59, 0xFF, 0xDE, 0xBB, 0xFF, 0xE7, 0x1C, 0xFE, 0xE6, 0xFC, 0xFE,
    0xEF, 0x3D, 0xFF, 0xEF, 0x5D, 0xFB, 0xCE, 0x59, 0xD8, 0xA5, 0x14, 0x94, 0x73, 0x6D, 0x58, 0x21,
    0x03, 0x2C, 0x00, 0x00, 0x0A, 0x00, 0x00, 0x00, 0x39, 0xE0, 0x04, 0x08, 0x60, 0x21, 0x29, 0x04,
    0x3C, 0x20, 0x82, 0x48, 0x83, 0x4A, 0x84, 0x31, 0x43, 0x41, 0x00, 0x00, 0x0E, 0x00, 0x00, 0x26,
    0x73, 0x2A, 0x4F, 0x8C, 0x0D, 0x52, 0x5A, 0x67, 0x96, 0x83, 0x48, 0xFB, 0xA4, 0x8D, 0xFD, 0x8B,
    0xEB, 0xFE, 0x83, 0xCB, 0xFF, 0x83, 0xCB, 0xFF, 0x83, 0xCB, 0xFF, 0x8B, 0xEB, 0xFF, 0x5A, 0x67,
    0xFF, 0x18, 0xC2, 0xFF, 0x6B, 0xE6, 0xFF, 0xA6, 0x69, 0xFF, 0x85, 0x66, 0xFF, 0x95, 0xC7, 0xFF,
    0x9D, 0xE9, 0xFF, 0x42, 0x44, 0xFF, 0x31, 0x64, 0xFF, 0xA4, 0xAD, 0xFF, 0xA4, 0x6D, 0xFF, 0x8B,
    0xCB, 0xFF, 0x7B, 0x89, 0xFF, 0x7B, 0x49, 0xFE, 0x7B, 0x69, 0xFF, 0xA4, 0x8B, 0xFE, 0x9C, 0x4A,
    0x9D, 0x00, 0x00, 0x23, 0x00, 0x00, 0x01, 0x00, 0x00, 0x00, 0x00, 0x00, 0x00, 0x00, 0x06, 0x05,
    0x4A, 0x05, 0x1B, 0x31, 0x43, 0x13, 0x00, 0x00, 0x04, 0x00, 0x00, 0x00, 0x00, 0x00, 0x00, 0x00,
    0x00, 0x00, 0x00, 0x00, 0x01, 0x00, 0x00, 0x01, 0x00, 0x00, 0x00, 0x00, 0x00, 0x00, 0x00, 0x00,
    0x00, 0x00, 0x00, 0x00, 0x00, 0x00, 0x00, 0x00, 0x00, 0x00, 0xFF, 0xFF, 0x01, 0xFF, 0xFF, 0x01,
    0xFF, 0xFF, 0x01, 0x7B, 0xEF, 0x02, 0xFF, 0xFF, 0x02, 0x00, 0x00, 0x00, 0x10, 0xA2, 0x18, 0x73,
    0x6E, 0x63, 0xB5, 0x76, 0xB5, 0xBD, 0x97, 0xE8, 0xB5, 0x76, 0xFB, 0xCE, 0x39, 0xFF, 0xE6, 0xDB,
    0xFF, 0xE6, 0xFC, 0xFF, 0xE6, 0xDB, 0xFF, 0xDE, 0xBB, 0xFF, 0xDE, 0xBB, 0xFF, 0xE6, 0xFB, 0xFF,
    0xEF, 0x3C, 0xFA, 0xEF, 0x1C, 0xD9, 0xC6, 0x18, 0x96, 0x5A, 0xCB, 0x45, 0x00, 0x00, 0x0B, 0x00,
    0x00, 0x00, 0x00, 0x00, 0x01, 0xFF, 0xFF, 0x01, 0x00, 0x00, 0x06, 0x63, 0xA9, 0x51, 0xAD, 0xD0,
    0xCC, 0xB6, 0x11, 0xFE, 0x95, 0x4E, 0xFE, 0x8D, 0x0E, 0xFE, 0xA5, 0xB0, 0xFF, 0xBE, 0x72, 0xFF,
    0xB6, 0x31, 0xFF, 0xB6, 0x31, 0xFF, 0xB6, 0x51, 0xFF, 0xB6, 0x51, 0xFF, 0xB6, 0x52, 0xFF, 0xB6,
    0x52, 0xFE, 0xBE, 0x93, 0xFF, 0xCE, 0xF4, 0xFA, 0xB6, 0x11, 0xC2, 0x5B, 0x28, 0x59, 0x00, 0x00,
    0x0E, 0x00, 0x20, 0x00, 0x00, 0x00, 0x00, 0x00, 0x01, 0x10, 0x53, 0x07, 0x65, 0xBE, 0x91, 0xD8,
    0xCE, 0xF2, 0xFE, 0x95, 0x4D, 0xFE, 0x42, 0x86, 0xFF, 0x63, 0xA9, 0xFF, 0x9D, 0x8D, 0xFF, 0x9D,
    0xAD, 0xFF, 0x95, 0x6C, 0xFF, 0x8D, 0x2C, 0xFF, 0x8D, 0x2B, 0xFF, 0x85, 0x0B, 0xFF, 0x85, 0x0B,
    0xFF, 0x84, 0xEB, 0xFF, 0x84, 0xEB, 0xFF, 0x84, 0xEB, 0xFF, 0x84, 0xCB, 0xFF, 0x7C, 0xCA, 0xFF,
    0x7C, 0xAA, 0xFF, 0x74, 0xAA, 0xFF, 0x7C, 0xAA, 0xFF, 0x7C, 0xCA, 0xFF, 0x7C, 0xCB, 0xFF, 0x7C,
    0xEB, 0xFA, 0x7C, 0xEB, 0xDC, 0x53, 0x68, 0xBA, 0x00, 0x00, 0x21, 0x00, 0x00, 0x04, 0x00, 0x00,
    0x00, 0x00, 0x00, 0x00, 0x00, 0x00, 0x00, 0x00, 0x00, 0x00, 0x00, 0x00, 0x00, 0x00, 0x00, 0x00,
    0x00, 0x00, 0x00, 0x00, 0x00, 0x00, 0x00, 0x00, 0x00, 0x00, 0x00, 0x00, 0x00, 0x00, 0x00, 0x00,
    0x00, 0x00, 0x00, 0x00, 0x00, 0x00, 0x00, 0x00, 0x00, 0x00, 0x00, 0x00, 0x00, 0x00, 0x00, 0x00,
    0x00, 0x00, 0x00, 0x00, 0x00, 0x00, 0x00, 0x00, 0x00, 0x00, 0x00, 0x00, 0x00, 0x00, 0x00, 0x00,
    0x00, 0x00, 0x00, 0x00, 0x00, 0x00, 0x00, 0x00, 0x00, 0x00, 0x00, 0x00, 0x00, 0x00, 0x00, 0x00,
    0x00, 0x00, 0x00, 0x00, 0x00, 0x00, 0x00, 0x00, 0x00, 0x00, 0x00, 0x00, 0x00, 0x00, 0x00, 0x00,
    0x00, 0x00, 0x00, 0x00, 0x00, 0x00, 0x00, 0x00, 0x00, 0x00, 0x00, 0x00, 0x00, 0x00, 0x00, 0x00,
    0x00, 0x00, 0x00, 0xFF, 0xFF, 0x02, 0x00, 0x00, 0x07, 0x32, 0x04, 0x2E, 0x74, 0x2A, 0x66, 0x8C,
    0xED, 0xA5, 0x9D, 0x50, 0xDE, 0xBD, 0xF4, 0xED, 0xCE, 0x98, 0xFF, 0xDE, 0xFA, 0xFF, 0xE7, 0x1B,
    0xFF, 0xE7, 0x1B, 0xFF, 0xEF, 0x5C, 0xFF, 0xF7, 0xBE, 0xFF, 0xEF, 0x5C, 0xFF, 0xBD, 0xD6, 0xFF,
    0x7B, 0xEE, 0xFF, 0x5A, 0xE9, 0xFF, 0x63, 0x0A, 0xFF, 0x73, 0xCD, 0xFF, 0x8C, 0x50, 0xFF, 0x9C,
    0xB2, 0xFF, 0xA5, 0x34, 0xFF, 0xBD, 0xB6, 0xFF, 0xCE, 0x38, 0xFE, 0xDE, 0xDB, 0xFE, 0xF7, 0x7D,
    0xFF, 0xEF, 0x5C, 0xF9, 0xBD, 0xD7, 0xDD, 0x8C, 0x30, 0x9E, 0x63, 0x2C, 0x54, 0x19, 0x03, 0x1F,
    0x10, 0x60, 0x29, 0x7B, 0x2A, 0x83, 0xB4, 0xD1, 0xB6, 0xA4, 0x0F, 0xB9, 0x9B, 0x4C, 0xCC, 0x82,
    0xE9, 0x8E, 0x9C, 0x0C, 0x6F, 0xA4, 0x4E, 0x9A, 0xA4, 0x4D, 0xD2, 0x83, 0xAC, 0xCE, 0x29, 0x23,
    0xD4, 0x18, 0xA1, 0xFE, 0x52, 0x66, 0xFE, 0x62, 0xA8, 0xFF, 0x5A, 0x88, 0xFF, 0x4A, 0x26, 0xFF,
    0x31, 0x63, 0xFF, 0x00, 0x20, 0xFF, 0x00, 0x00, 0xFF, 0x20, 0xE2, 0xFF, 0x5A, 0xE6, 0xFF, 0x7C,
    0xA7, 0xFF, 0x95, 0xA8, 0xFF, 0x95, 0x69, 0xFF, 0x6B, 0xA7, 0xFF, 0x29, 0x43, 0xFF, 0x00, 0x00,
    0xFF, 0x08, 0x60, 0xFF, 0x52, 0x46, 0xFF, 0x7B, 0x8A, 0xFF, 0x9C, 0x6C, 0xFF, 0xAC, 0xCD, 0xFE,
    0xAC, 0xCD, 0xFD, 0x62, 0xE8, 0xFD, 0x31, 0x63, 0xBB, 0x6A, 0xC7, 0x5D, 0xAC, 0xCD, 0x46, 0x8B,
    0xCA, 0x41, 0x49, 0xE5, 0x2A, 0x00, 0x00, 0x20, 0x62, 0x47, 0x44, 0x59, 0xE5, 0x40, 0x18, 0xA2,
    0x2B, 0x00, 0x00, 0x0F, 0x00, 0x00, 0x00, 0x00, 0x00, 0x00, 0x00, 0x00, 0x00, 0x00, 0x00, 0x00,
    0x00, 0x00, 0x00, 0x00, 0x00, 0x00, 0x00, 0x00, 0x00, 0x00, 0x00, 0x00, 0x00, 0x00, 0x00, 0x00,
    0x00, 0x00, 0x00, 0x00, 0x01, 0x00, 0x00, 0x01, 0x00, 0x00, 0x01, 0x00, 0x00, 0x00, 0x00, 0x00,
    0x00, 0x08, 0x41, 0x18, 0x73, 0x8E, 0x64, 0xB5, 0x76, 0xB8, 0xBD, 0xD7, 0xE7, 0xC5, 0xD7, 0xFA,
    0xDE, 0xDB, 0xFF, 0xEF, 0x3C, 0xFF, 0xE6, 0xFC, 0xFF, 0xDE, 0xDB, 0xFF, 0xDE, 0xDB, 0xFF, 0xE6,
    0xFB, 0xFF, 0xE6, 0xFB, 0xFC, 0xE7, 0x1C, 0xEC, 0xDE, 0xDB, 0xC0, 0xAD, 0x34, 0x78, 0x18, 0xE4,
    0x33, 0x00, 0x00, 0x09, 0x00, 0x20, 0x00, 0x00, 0x00, 0x01, 0x00, 0x00, 0x00, 0xFF, 0xFF, 0x01,
    0x00, 0x00, 0x06, 0x7C, 0x4B, 0x5D, 0xA5, 0xD0, 0xD3, 0xAD, 0xD0, 0xFF, 0x8D, 0x0D, 0xFE, 0x95,
    0x4E, 0xFF, 0xAE, 0x10, 0xFF, 0xB6, 0x31, 0xFF, 0xAE, 0x31, 0xFF, 0xB6, 0x31, 0xFF, 0xB6, 0x31,
    0xFF, 0xB6, 0x51, 0xFF, 0xB6, 0x32, 0xFE, 0xBE, 0x52, 0xFE, 0xCF, 0x14, 0xFD, 0xB6, 0x31, 0xC6,
    0x52, 0xE8, 0x59, 0x00, 0x00, 0x0D, 0x00, 0x20, 0x00, 0x00, 0x00, 0x03, 0x00, 0x00, 0x01, 0x00,
    0x00, 0x00, 0x08, 0x82, 0x1E, 0x84, 0xAC, 0x94, 0xC6, 0xD1, 0xEE, 0xCF, 0x12, 0xFF, 0x74, 0x0A,
    0xFF, 0x32, 0x25, 0xFE, 0x5B, 0x68, 0xFF, 0x8D, 0x0C, 0xFF, 0x95, 0x8D, 0xFF, 0x8D, 0x6C, 0xFF,
    0x85, 0x0B, 0xFF, 0x84, 0xEB, 0xFF, 0x7C, 0xCB, 0xFF, 0x7C, 0xAA, 0xFF, 0x7C, 0x8A, 0xFF, 0x7C,
    0xAA, 0xFF, 0x7C, 0xAA, 0xFF, 0x7C, 0xAA, 0xFF, 0x7C, 0xCA, 0xFF, 0x7C, 0xCB, 0xFF, 0x7C, 0xEB,
    0xFF, 0x7D, 0x0B, 0xFF, 0x7C, 0xEB, 0xFC, 0x85, 0x2C, 0xDD, 0x74, 0x8A, 0x8F, 0x10, 0xE1, 0x51,
    0x00, 0x00, 0x21, 0x00, 0x00, 0x04, 0x00, 0x00, 0x00, 0x00, 0x00, 0x00, 0x00, 0x00, 0x00, 0x00,
    0x00, 0x00, 0x00, 0x00, 0x00, 0x00, 0x00, 0x00, 0x00, 0x00, 0x00, 0x00, 0x00, 0x00, 0x00, 0x00,
    0x00, 0x00, 0x00, 0x00, 0x00, 0x00, 0x00, 0x00, 0x00, 0x00, 0x00, 0x00, 0x00, 0x00, 0x00, 0x00,
    0x00, 0x00, 0x00, 0x00, 0x00, 0x00, 0x00, 0x00, 0x00, 0x00, 0x00, 0x00, 0x00, 0x00, 0x00, 0x00,
    0x00, 0x00, 0x00, 0x00, 0x00, 0x00, 0x00, 0x00, 0x00, 0x00, 0x00, 0x00, 0x00, 0x00, 0x00, 0x00,
    0x00, 0x00, 0x00, 0x00, 0x00, 0x00, 0x00, 0x00, 0x00, 0x00, 0x00, 0x00, 0x00, 0x00, 0x00, 0x00,
    0x00, 0x00, 0x00, 0x00, 0x00, 0x00, 0x00, 0x00, 0x00, 0x00, 0x00, 0x00, 0x00, 0x00, 0x00, 0x00,
    0x00, 0x00, 0x00, 0x00, 0x00, 0x00, 0x00, 0x00, 0x00, 0x00, 0x00, 0x00, 0x00, 0x02, 0xFF, 0xFF,
    0x01, 0x00, 0x00, 0x04, 0x00, 0x00, 0x1A, 0x5B, 0x68, 0x49, 0x95, 0x2D, 0x7E, 0x9D, 0x6E, 0xAD,
    0xA5, 0x91, 0xE1, 0xB5, 0xF4, 0xF3, 0xC6, 0x77, 0xFF, 0xD6, 0xD9, 0xFF, 0xDE, 0xFB, 0xFF, 0xDE,
    0xFB, 0xFF, 0xE7, 0x1C, 0xFF, 0xEF, 0x7D, 0xFF, 0xE7, 0x3B, 0xFF, 0xBE, 0x16, 0xFF, 0x94, 0xD0,
    0xFF, 0x7C, 0x0D, 0xFF, 0x73, 0xAC, 0xFF, 0x63, 0x4A, 0xFF, 0x5A, 0xEA, 0xFF, 0x5A, 0xAA, 0xFF,
    0x5A, 0xEB, 0xFF, 0x6B, 0x4C, 0xFE, 0x73, 0xAE, 0xFD, 0x94, 0x92, 0xFE, 0xAD, 0x34, 0xFE, 0xAD,
    0x13, 0xF2, 0x8C, 0x2F, 0xC8, 0x5A, 0x89, 0x8B, 0x62, 0x88, 0x8B, 0xBC, 0xD1, 0xDF, 0xFE, 0xB8,
    0xFA, 0xFE, 0xB8, 0xFA, 0xAC, 0x2F, 0xFF, 0x8B, 0x4A, 0xF8, 0xB4, 0xAE, 0xF6, 0xB4, 0xEF, 0xF9,
    0x62, 0xC8, 0xFE, 0x18, 0xC2, 0xFC, 0x08, 0x40, 0xFB, 0x00, 0x20, 0xFF, 0x00, 0x00, 0xFF, 0x00,
    0x00, 0xFF, 0x00, 0x00, 0xFF, 0x00, 0x00, 0xFF, 0x00, 0x00, 0xFF, 0x00, 0x00, 0xFF, 0x39, 0x84,
    0xFF, 0x9C, 0x0B, 0xFF, 0x62, 0xA7, 0xFF, 0x19, 0x22, 0xFF, 0x32, 0x23, 0xFF, 0x29, 0x62, 0xFF,
    0x39, 0x64, 0xFF, 0x83, 0x6A, 0xFF, 0x31, 0x44, 0xFF, 0x00, 0x00, 0xFF, 0x00, 0x00, 0xFF, 0x00,
    0x00, 0xFF, 0x00, 0x00, 0xFF, 0x08, 0x40, 0xFF, 0x08, 0x20, 0xFE, 0x00, 0x00, 0xFF, 0x08, 0x40,
    0xFB, 0x52, 0x25, 0xDC, 0x94, 0x0B, 0xC8, 0xAC, 0x8D, 0xC6, 0xA4, 0x4C, 0xA1, 0x93, 0xEB, 0x7B,
    0x72, 0xA8, 0x89, 0x7A, 0x88, 0x92, 0xA3, 0xAC, 0x90, 0x8B, 0x4B, 0x6E, 0x6A, 0x27, 0x47, 0x38,
    0xE2, 0x2A, 0x00, 0x00, 0x0E, 0x00, 0x00, 0x00, 0x00, 0x00, 0x00, 0x00, 0x00, 0x00, 0x00, 0x00,
    0x00, 0x00, 0x00, 0x00, 0x00, 0x00, 0x00, 0x00, 0x00, 0x00, 0x00, 0x00, 0x00, 0x00, 0x00, 0x00,
    0x00, 0x00, 0x00, 0x00, 0x00, 0x01, 0x18, 0xE3, 0x21, 0x83, 0xF0, 0x6F, 0xBD, 0xB7, 0xC0, 0xCE,
    0x38, 0xEA, 0xD6, 0x7A, 0xFA, 0xEF, 0x5D, 0xFF, 0xEF, 0x3D, 0xFF, 0xE6, 0xFB, 0xFF, 0xDE, 0xDB,
    0xFF, 0xE6, 0xFC, 0xFF, 0xE6, 0xFC, 0xFA, 0xE6, 0xFC, 0xF0, 0xEE, 0xFC, 0xCF, 0xCE, 0x18, 0x97,
    0x6B, 0x2D, 0x51, 0x00, 0x00, 0x18, 0x7B, 0xEF, 0x04, 0x00, 0x00, 0x00, 0x00, 0x00, 0x01, 0x00,
    0x00, 0x00, 0x00, 0x00, 0x00, 0xFF, 0xFF, 0x01, 0x00, 0x00, 0x08, 0x8C, 0xCC, 0x67, 0xA5, 0xD0,
    0xD9, 0x9D, 0x8F, 0xFF, 0x8C, 0xED, 0xFE, 0x9D, 0x8E, 0xFF, 0xAE, 0x30, 0xFF, 0xAE, 0x10, 0xFF,
    0xAE, 0x30, 0xFF, 0xAE, 0x31, 0xFF, 0xB6, 0x31, 0xFF, 0xB6, 0x51, 0xFF, 0xB6, 0x52, 0xFF, 0xCE,
    0xD4, 0xFF, 0xBE, 0x72, 0xD2, 0x63, 0x69, 0x66, 0x00, 0x00, 0x11, 0x00, 0x20, 0x00, 0x03, 0xE0,
    0x02, 0x00, 0x00, 0x00, 0x00, 0x00, 0x00, 0x00, 0x00, 0x01, 0x29, 0x45, 0x06, 0x21, 0x83, 0x43,
    0xA5, 0x8F, 0xB4, 0xCE, 0xF2, 0xF8, 0xCE, 0xF2, 0xFF, 0x74, 0x0A, 0xFE, 0x32, 0x05, 0xFF, 0x42,
    0xA6, 0xFF, 0x6C, 0x0A, 0xFF, 0x85, 0x0C, 0xFF, 0x8D, 0x4C, 0xFF, 0x85, 0x0C, 0xFF, 0x84, 0xEB,
    0xFF, 0x7C, 0xCB, 0xFF, 0x7C, 0xCB, 0xFF, 0x7C, 0xCB, 0xFF, 0x7C, 0xEB, 0xFF, 0x84, 0xEB, 0xFF,
    0x7C, 0xEB, 0xFF, 0x7C, 0xEB, 0xFF, 0x7C, 0xEB, 0xFF, 0x7D, 0x0A, 0xFB, 0x85, 0x2B, 0xE2, 0x7D,
    0x0B, 0xA4, 0x32, 0x65, 0x4C, 0x00, 0x20, 0x2C, 0x00, 0x00, 0x21, 0x00, 0x00, 0x04, 0x00, 0x00,
    0x00, 0x00, 0x00, 0x00, 0x00, 0x00, 0x00, 0x00, 0x00, 0x00, 0x00, 0x00, 0x00, 0x00, 0x00, 0x00,
    0x00, 0x00, 0x00, 0x00, 0x00, 0x00, 0x00, 0x00, 0x00, 0x00, 0x00, 0x00, 0x00, 0x00, 0x00, 0x00,
    0x00, 0x00, 0x00, 0x00, 0x00, 0x00, 0x00, 0x00, 0x00, 0x00, 0x00, 0x00, 0x00, 0x00, 0x00, 0x00,
    0x00, 0x00, 0x00, 0x00, 0x00, 0x00, 0x00, 0x00, 0x00, 0x00, 0x00, 0x00, 0x00, 0x00, 0x00, 0x00,
    0x00, 0x00, 0x00, 0x00, 0x00, 0x00, 0x00, 0x00, 0x00, 0x00, 0x00, 0x00, 0x00, 0x00, 0x00, 0x00,
    0x00, 0x00, 0x00, 0x00, 0x00, 0x00, 0x00, 0x00, 0x00, 0x00, 0x00, 0x00, 0x00, 0x00, 0x00, 0x00,
    0x00, 0x00, 0x00, 0x00, 0x00, 0x00, 0x00, 0x00, 0x00, 0x00, 0x00, 0x00, 0x00, 0x00, 0x00, 0x00,
    0x00, 0x00, 0x00, 0x00, 0x00, 0x00, 0x00, 0x00, 0x00, 0xFF, 0xE0, 0x01, 0xFF, 0xFF, 0x01, 0x00,
    0x00, 0x06, 0x00, 0x00, 0x1C, 0x5B, 0x27, 0x4E, 0x95, 0x2D, 0x85, 0xB5, 0xF0, 0xAF, 0xB5, 0xF1,
    0xDE, 0xB5, 0xF3, 0xF1, 0xC6, 0x36, 0xFE, 0xD6, 0xB8, 0xFF, 0xDF, 0x1A, 0xFF, 0xE7, 0x1B, 0xFF,
    0xE7, 0x1B, 0xFF, 0xE7, 0x3B, 0xFF, 0xD6, 0xB8, 0xFF, 0xAD, 0x73, 0xFF, 0x94, 0xAF, 0xFF, 0x9D,
    0x10, 0xFF, 0x9D, 0x30, 0xFF, 0x94, 0xAF, 0xFF, 0x6B, 0x8B, 0xFF, 0x29, 0x64, 0xFF, 0x00, 0x00,
    0xFF, 0x18, 0xC3, 0xFE, 0x73, 0x4C, 0xFE, 0x94, 0x70, 0xFE, 0x94, 0x70, 0xFC, 0xA4, 0xD2, 0xF3,
    0xBD, 0x74, 0xF1, 0xDD, 0xD6, 0xFF, 0xE5, 0xD6, 0xFE, 0xF6, 0x77, 0xFE, 0xCD, 0x52, 0xFE, 0x49,
    0xC6, 0xFE, 0x18, 0xC2, 0xFD, 0x08, 0x81, 0xFE, 0x00, 0x20, 0xFE, 0x00, 0x40, 0xFE, 0x08, 0x81,
    0xFE, 0x08, 0x60, 0xFF, 0x08, 0x81, 0xFF, 0x10, 0x81, 0xFF, 0x10, 0x61, 0xFF, 0x08, 0x40, 0xFF,
    0x00, 0x20, 0xFF, 0x39, 0xA4, 0xFF, 0xA4, 0x0B, 0xFF, 0xB4, 0x6C, 0xFF, 0x49, 0xC4, 0xFF, 0x10,
    0xE2, 0xFF, 0x21, 0x62, 0xFF, 0x00, 0x20, 0xFF, 0x29, 0x03, 0xFF, 0xA4, 0x4C, 0xFF, 0x9B, 0xEC,
    0xFF, 0x21, 0x02, 0xFF, 0x08, 0x40, 0xFF, 0x10, 0xA1, 0xFF, 0x10, 0x81, 0xFF, 0x08, 0x60, 0xFF,
    0x08, 0x60, 0xFF, 0x10, 0xA1, 0xFF, 0x10, 0x81, 0xFE, 0x00, 0x20, 0xFB, 0x18, 0xA1, 0xF7, 0x5A,
    0x46, 0xFC, 0x94, 0x0B, 0xF8, 0xB5, 0x0F, 0xF3, 0x72, 0xC8, 0xF6, 0x93, 0xAD, 0xF7, 0xE5, 0x73,
    0xF7, 0xE5, 0x53, 0xEF, 0xCC, 0xB0, 0xD7, 0xAB, 0xAD, 0xA8, 0x82, 0xAA, 0x66, 0x51, 0xE7, 0x36,
    0x10, 0x40, 0x1C, 0x00, 0x00, 0x06, 0x00, 0x00, 0x00, 0x00, 0x00, 0x00, 0x00, 0x00, 0x00, 0x00,
    0x00, 0x00, 0x00, 0x00, 0x00, 0x00, 0x00, 0x00, 0x00, 0x00, 0x11, 0x39, 0xA7, 0x3D, 0x9C, 0xB3,
    0x8B, 0xCE, 0x59, 0xD5, 0xDE, 0xDB, 0xF6, 0xE7, 0x1C, 0xFC, 0xF7, 0x7E, 0xFF, 0xEF, 0x3C, 0xFF,
    0xE7, 0x1C, 0xFF, 0xE7, 0x1C, 0xFF, 0xE7, 0x1C, 0xF9, 0xE6, 0xFC, 0xED, 0xE7, 0x1C, 0xCE, 0xD6,
    0x79, 0xA1, 0x84, 0x10, 0x65, 0x00, 0x20, 0x2A, 0x00, 0x00, 0x09, 0xFF, 0xFF, 0x01, 0xFF, 0xFF,
    0x01, 0x00, 0x00, 0x01, 0x00, 0x00, 0x00, 0x00, 0x00, 0x00, 0x00, 0x00, 0x00, 0xFF, 0xEF, 0x02,
    0x00, 0x00, 0x10, 0x95, 0x6D, 0x82, 0xA5, 0xCF, 0xE6, 0x95, 0x2E, 0xFF, 0x8D, 0x2D, 0xFE, 0xA5,
    0xEF, 0xFF, 0xAE, 0x30, 0xFF, 0xAE, 0x10, 0xFF, 0xAE, 0x10, 0xFF, 0xAE, 0x10, 0xFF, 0xB6, 0x30,
    0xFF, 0xAE, 0x31, 0xFE, 0xBE, 0x92, 0xFF, 0xC6, 0xB2, 0xDB, 0x63, 0xA9, 0x74, 0x00, 0x00, 0x19,
    0x00, 0x00, 0x00, 0x7B, 0xE0, 0x02, 0x00, 0x00, 0x00, 0x00, 0x00, 0x00, 0x00, 0x00, 0x00, 0x00,
    0x00, 0x00, 0x00, 0x00, 0x00, 0x00, 0x00, 0x0F, 0x3A, 0x45, 0x59, 0xA5, 0xCF, 0xBE, 0xC6, 0xB2,
    0xF7, 0xC6, 0xB1, 0xFF, 0x8C, 0xEC, 0xFF, 0x53, 0x07, 0xFF, 0x42, 0xC6, 0xFF, 0x6B, 0xE9, 0xFF,
    0x95, 0x6D, 0xFF, 0x8D, 0x2C, 0xFF, 0x85, 0x0B, 0xFF, 0x84, 0xEB, 0xFF, 0x84, 0xEB, 0xFF, 0x7C,
    0xEB, 0xFF, 0x7C, 0xEB, 0xFF, 0x7C, 0xEB, 0xFF, 0x7C, 0xEA, 0xFF, 0x7C, 0xEB, 0xFF, 0x7C, 0xEA,
    0xFB, 0x85, 0x2B, 0xE1, 0x7C, 0xEB, 0xAA, 0x4B, 0x27, 0x56, 0x00, 0x00, 0x16, 0x00, 0x60, 0x21,
    0x00, 0x00, 0x21, 0x00, 0x00, 0x04, 0x00, 0x00, 0x00, 0x00, 0x00, 0x00, 0x00, 0x00, 0x00, 0x00,
    0x00, 0x00, 0x00, 0x00, 0x00, 0x00, 0x00, 0x00, 0x00, 0x00, 0x00, 0x00, 0x00, 0x00, 0x00, 0x00,
    0x00, 0x00, 0x00, 0x00, 0x00, 0x00, 0x00, 0x00, 0x00, 0x00, 0x00, 0x00, 0x00, 0x00, 0x00, 0x00,
    0x00, 0x00, 0x00, 0x00, 0x00, 0x00, 0x00, 0x00, 0x00, 0x00, 0x00, 0x00, 0x00, 0x00, 0x00, 0x00,
    0x00, 0x00, 0x00, 0x00, 0x00, 0x00, 0x00, 0x00, 0x00, 0x00, 0x00, 0x00, 0x00, 0x00, 0x00, 0x00,
    0x00, 0x00, 0x00, 0x00, 0x00, 0x00, 0x00, 0x00, 0x00, 0x00, 0x00, 0x00, 0x00, 0x00, 0x00, 0x00,
    0x00, 0x00, 0x00, 0x00, 0x00, 0x00, 0x00, 0x00, 0x00, 0x00, 0x00, 0x00, 0x00, 0x00, 0x00, 0x00,
    0x00, 0x00, 0x00, 0x00, 0x00, 0x00, 0x00, 0x00, 0x00, 0x00, 0x00, 0x00, 0x00, 0x00, 0x00, 0x00,
    0x00, 0x00, 0x00, 0x00, 0x00, 0x00, 0x00, 0xFF, 0xE0, 0x01, 0x7B, 0xEF, 0x02, 0x00, 0x00, 0x09,
    0x00, 0x00, 0x18, 0x32, 0x24, 0x3F, 0x7C, 0x6A, 0x78, 0xAD, 0xD0, 0xA4, 0xBE, 0x53, 0xD6, 0xBE,
    0x54, 0xED, 0xC6, 0x76, 0xFB, 0xD6, 0xD9, 0xFF, 0xDE, 0xFA, 0xFF, 0xDE, 0xFA, 0xFF, 0xE7, 0x3B,
    0xFF, 0xDF, 0x3A, 0xFF, 0xBE, 0x36, 0xFF, 0x8C, 0xAF, 0xFF, 0x84, 0x6E, 0xFF, 0x9D, 0x10, 0xFF,
    0xB5, 0xD3, 0xFF, 0xAD, 0xB2, 0xFF, 0x31, 0xC5, 0xFF, 0x31, 0x86, 0xFF, 0xCE, 0x59, 0xFF, 0xFF,
    0xFF, 0xFF, 0xFF, 0xFE, 0xFE, 0xFF, 0xFF, 0xFE, 0xFF, 0xFF, 0xFE, 0xFF, 0xDE, 0xFE, 0xFF, 0x7D,
    0xFF, 0xEE, 0xB9, 0xFF, 0x9B, 0xEE, 0xFF, 0x73, 0x2A, 0xFF, 0x21, 0x03, 0xFF, 0x08, 0x81, 0xFF,
    0x18, 0xE2, 0xFF, 0x10, 0xA1, 0xFF, 0x10, 0x60, 0xFF, 0x08, 0x60, 0xFF, 0x08, 0x60, 0xFF, 0x08,
    0x40, 0xFF, 0x00, 0x20, 0xFF, 0x00, 0x00, 0xFF, 0x41, 0xC5, 0xFF, 0xA4, 0x2C, 0xFF, 0xAC, 0x6B,
    0xFF, 0x5A, 0x25, 0xFF, 0x00, 0x00, 0xFF, 0x21, 0x82, 0xFF, 0x4B, 0x44, 0xFF, 0x19, 0x41, 0xFF,
    0x00, 0x00, 0xFF, 0x52, 0x46, 0xFF, 0xBC, 0xEE, 0xFF, 0x93, 0xCB, 0xFF, 0x29, 0x03, 0xFF, 0x00,
    0x40, 0xFF, 0x10, 0x80, 0xFF, 0x10, 0xA1, 0xFF, 0x10, 0xA1, 0xFF, 0x10, 0x81, 0xFF, 0x10, 0xA1,
    0xFF, 0x18, 0xC1, 0xFE, 0x10, 0xC1, 0xFE, 0x08, 0x60, 0xFE, 0x08, 0x40, 0xFE, 0x20, 0xE2, 0xFE,
    0x39, 0x44, 0xFE, 0xC5, 0x95, 0xFE, 0xE6, 0x58, 0xFE, 0xE6, 0x17, 0xFE, 0xEE, 0x58, 0xFB, 0xFE,
    0x98, 0xF6, 0xF6, 0x77, 0xEB, 0xD5, 0x94, 0xCE, 0x94, 0x0E, 0x8F, 0x52, 0x68, 0x49, 0x29, 0x63,
    0x1C, 0x00, 0x00, 0x00, 0x00, 0x00, 0x00, 0x00, 0x00, 0x09, 0x29, 0x65, 0x17, 0x39, 0xE6, 0x2E,
    0x73, 0x6E, 0x6A, 0xC5, 0xF8, 0xB9, 0xE7, 0x1C, 0xEE, 0xEF, 0x3C, 0xFE, 0xF7, 0x7E, 0xFF, 0xF7,
    0x9E, 0xFF, 0xEF, 0x5D, 0xFF, 0xEF, 0x3C, 0xFF, 0xEF, 0x3C, 0xF5, 0xEF, 0x3D, 0xE7, 0xE6, 0xFC,
    0xC5, 0xCE, 0x38, 0x9C, 0x83, 0xEF, 0x68, 0x21, 0x04, 0x2C, 0x00, 0x00, 0x0C, 0xFB, 0xEF, 0x02,
    0xFF, 0xFF, 0x01, 0x00, 0x00, 0x01, 0x00, 0x00, 0x00, 0x00, 0x00, 0x00, 0x00, 0x00, 0x00, 0x00,
    0x00, 0x00, 0x00, 0x00, 0x00, 0xAD, 0x4A, 0x03, 0x00, 0x00, 0x25, 0xA5, 0xCF, 0xB3, 0xA5, 0xCF,
    0xFF, 0x8D, 0x0D, 0xFF, 0x95, 0x8E, 0xFE, 0xAE, 0x10, 0xFF, 0xA6, 0x0F, 0xFF, 0xAE, 0x10, 0xFF,
    0xAE, 0x10, 0xFF, 0xAE, 0x10, 0xFF, 0xAE, 0x10, 0xFF, 0xB6, 0x31, 0xFF, 0xC6, 0xD2, 0xE2, 0x74,
    0x0A, 0x83, 0x00, 0x00, 0x23, 0xFF, 0xFF, 0x01, 0x00, 0x00, 0x00, 0x00, 0x00, 0x01, 0x00, 0x00,
    0x00, 0x00, 0x00, 0x00, 0x00, 0x00, 0x00, 0x00, 0x00, 0x00, 0x00, 0x00, 0x00, 0x00, 0x00, 0x00,
    0x00, 0x00, 0x13, 0x42, 0x66, 0x5A, 0xA5, 0x8F, 0xB7, 0xB6, 0x50, 0xEF, 0xB6, 0x4F, 0xFE, 0xAE,
    0x2F, 0xFF, 0x9D, 0xCE, 0xFF, 0x95, 0x8D, 0xFF, 0x8D, 0x6C, 0xFF, 0x8D, 0x2C, 0xFF, 0x85, 0x0B,
    0xFF, 0x84, 0xEB, 0xFF, 0x84, 0xEB, 0xFF, 0x7C, 0xEB, 0xFF, 0x7C, 0xCB, 0xFF, 0x7C, 0xCB, 0xFF,
    0x7C, 0xCB, 0xFF, 0x7C, 0xCA, 0xF9, 0x85, 0x2B, 0xD9, 0x7C, 0xEA, 0xA1, 0x4B, 0x06, 0x57, 0x00,
    0x00, 0x12, 0x52, 0xAA, 0x03, 0x00, 0x20, 0x21, 0x00, 0x00, 0x21, 0x00, 0x00, 0x04, 0x00, 0x00,
    0x00, 0x00, 0x00, 0x00, 0x00, 0x00, 0x00, 0x00, 0x00, 0x00, 0x00, 0x00, 0x00, 0x00, 0x00, 0x00,
    0x00, 0x00, 0x00, 0x00, 0x00, 0x00, 0x00, 0x00, 0x00, 0x00, 0x00, 0x00, 0x00, 0x00, 0x00, 0x00,
    0x00, 0x00, 0x00, 0x00, 0x00, 0x00, 0x00, 0x00, 0x00, 0x00, 0x00, 0x00, 0x00, 0x00, 0x00, 0x00,
    0x00, 0x00, 0x00, 0x00, 0x00, 0x00, 0x00, 0x00, 0x00, 0x00, 0x00, 0x00, 0x00, 0x00, 0x00, 0x00,
    0x00, 0x00, 0x00, 0x00, 0x00, 0x00, 0x00, 0x00, 0x00, 0x00, 0x00, 0x00, 0x00, 0x00, 0x00, 0x00,
    0x00, 0x00, 0x00, 0x00, 0x00, 0x00, 0x00, 0x00, 0x00, 0x00, 0x00, 0x00, 0x00, 0x00, 0x00, 0x00,
    0x00, 0x00, 0x00, 0x00, 0x00, 0x00, 0x00, 0x00, 0x00, 0x00, 0x00, 0x00, 0x00, 0x00, 0x00, 0x00,
    0x00, 0x00, 0x00, 0x00, 0x00, 0x00, 0x00, 0x00, 0x00, 0x00, 0x00, 0x00, 0x00, 0x00, 0x00, 0x00,
    0x00, 0x00, 0x00, 0x00, 0x00, 0x00, 0x00, 0x00, 0x00, 0x00, 0x00, 0x00, 0x00, 0x07, 0x00, 0x60,
    0x13, 0x11, 0x01, 0x26, 0x5B, 0x47, 0x5C, 0x95, 0x0D, 0x97, 0x9D, 0x70, 0xD5, 0xAD, 0xB3, 0xFA,
    0xC6, 0x56, 0xFF, 0xCE, 0xB8, 0xFE, 0xDE, 0xF9, 0xFF, 0xE7, 0x3A, 0xFF, 0xE7, 0x7B, 0xFF, 0xDF,
    0x19, 0xFF, 0xAD, 0x93, 0xFF, 0x8C, 0x8F, 0xFF, 0x84, 0x8E, 0xFF, 0xA5, 0x91, 0xFF, 0xA5, 0x92,
    0xFF, 0x42, 0x68, 0xFF, 0x83, 0xEF, 0xFF, 0xFF, 0xDE, 0xFF, 0xFF, 0xDF, 0xFF, 0xF7, 0x7D, 0xFF,
    0xFF, 0x9D, 0xFF, 0xFF, 0xBE, 0xFF, 0xFF, 0xFF, 0xFF, 0xEE, 0xFB, 0xFF, 0xB4, 0xD1, 0xFF, 0x9C,
    0x8E, 0xFF, 0x29, 0x43, 0xFF, 0x08, 0x60, 0xFF, 0x18, 0xE1, 0xFF, 0x10, 0xA1, 0xFF, 0x10, 0xA1,
    0xFF, 0x10, 0x81, 0xFF, 0x08, 0x61, 0xFF, 0x00, 0x00, 0xFF, 0x08, 0x40, 0xFF, 0x5A, 0x87, 0xFF,
    0xAC, 0x4C, 0xFF, 0x9B, 0xCA, 0xFF, 0x6A, 0xA7, 0xFF, 0x20, 0xA2, 0xFF, 0x00, 0x21, 0xFF, 0x21,
    0xC2, 0xFF, 0x64, 0x25, 0xFF, 0x4B, 0x24, 0xFF, 0x00, 0x00, 0xFF, 0x18, 0xC2, 0xFF, 0x7B, 0x29,
    0xFF, 0xB4, 0xAE, 0xFF, 0xA4, 0x4D, 0xFF, 0x39, 0x84, 0xFF, 0x00, 0x00, 0xFF, 0x08, 0x60, 0xFF,
    0x18, 0xA1, 0xFF, 0x18, 0xA1, 0xFF, 0x18, 0xC1, 0xFF, 0x18, 0xC1, 0xFF, 0x18, 0xE2, 0xFF, 0x20,
    0xE2, 0xFF, 0x18, 0xC1, 0xFF, 0x20, 0xC2, 0xFF, 0x49, 0xE6, 0xFF, 0xCE, 0x37, 0xFF, 0xFF, 0xFF,
    0xFF, 0xFF, 0xFF, 0xFF, 0xFF, 0xDD, 0xFF, 0xFF, 0xBD, 0xFF, 0xFF, 0xBD, 0xFF, 0xFF, 0xBD, 0xFC,
    0xFF, 0xDD, 0xF2, 0xEF, 0x1A, 0xCD, 0x94, 0x4F, 0x70, 0x00, 0x00, 0x11, 0x29, 0x45, 0x13, 0x52,
    0x49, 0x36, 0x84, 0x10, 0x77, 0xC5, 0xF8, 0xB4, 0xEF, 0x7D, 0xD9, 0xF7, 0x9E, 0xEE, 0xF7, 0x9E,
    0xF4, 0xFF, 0xBE, 0xF3, 0xF7, 0x9E, 0xF1, 0xF7, 0x7D, 0xEE, 0xEF, 0x5D, 0xE9, 0xE7, 0x1C, 0xD8,
    0xCE, 0x38, 0xAD, 0xA4, 0xF3, 0x84, 0x62, 0xEC, 0x4F, 0x18, 0xE3, 0x23, 0x00, 0x00, 0x0F, 0x00,
    0x00, 0x03, 0x00, 0x00, 0x00, 0x00, 0x00, 0x00, 0x00, 0x00, 0x00, 0x00, 0x00, 0x00, 0x00, 0x00,
    0x00, 0x00, 0x00, 0x00, 0x00, 0x00, 0x00, 0x00, 0x00, 0x00, 0x00, 0x00, 0x00, 0x29, 0x45, 0x06,
    0x21, 0x83, 0x35, 0xA5, 0xEF, 0xC4, 0xA5, 0xCF, 0xFF, 0x8D, 0x2E, 0xFE, 0xA5, 0xCF, 0xFE, 0xAE,
    0x30, 0xFF, 0xAE, 0x0F, 0xFF, 0xAE, 0x0F, 0xFF, 0xAE, 0x0F, 0xFF, 0xAE, 0x0F, 0xFF, 0xAE, 0x0F,
    0xFF, 0xC6, 0xB2, 0xF3, 0x7C, 0x6C, 0x96, 0x10, 0xA2, 0x2D, 0x00, 0x00, 0x01, 0x00, 0x00, 0x00,
    0x00, 0x00, 0x01, 0x00, 0x00, 0x00, 0x00, 0x00, 0x00, 0x00, 0x00, 0x00, 0x00, 0x00, 0x00, 0x00,
    0x00, 0x00, 0x00, 0x00, 0x00, 0x00, 0x00, 0x00, 0x00, 0x00, 0x00, 0x00, 0x00, 0x11, 0x32, 0x24,
    0x4E, 0x8C, 0xEC, 0x9E, 0xA5, 0xEE, 0xDA, 0x9D, 0xAC, 0xF3, 0x95, 0x8C, 0xFA, 0x8D, 0x6C, 0xFF,
    0x8D, 0x4C, 0xFF, 0x85, 0x2B, 0xFF, 0x85, 0x2B, 0xFF, 0x85, 0x0B, 0xFF, 0x84, 0xEB, 0xFF, 0x84,
    0xEB, 0xFF, 0x7C, 0xCB, 0xF8, 0x7C, 0xCA, 0xF4, 0x7C, 0xEB, 0xEF, 0x85, 0x0B, 0xC9, 0x6C, 0x49,
    0x86, 0x32, 0x24, 0x43, 0x00, 0x00, 0x12, 0x00, 0x00, 0x00, 0x00, 0x00, 0x04, 0x00, 0x20, 0x21,
    0x00, 0x00, 0x21, 0x00, 0x00, 0x04, 0x00, 0x00, 0x00, 0x00, 0x00, 0x00, 0x00, 0x00, 0x00, 0x00,
    0x00, 0x00, 0x00, 0x00, 0x00, 0x00, 0x00, 0x00, 0x00, 0x00, 0x00, 0x00, 0x00, 0x00, 0x00, 0x00,
    0x00, 0x00, 0x00, 0x00, 0x00, 0x00, 0x00, 0x00, 0x00, 0x00, 0x00, 0x00, 0x00, 0x00, 0x00, 0x00,
    0x00, 0x00, 0x00, 0x00, 0x00, 0x00, 0x00, 0x00, 0x00, 0x00, 0x00, 0x00, 0x00, 0x00, 0x00, 0x00,
    0x00, 0x00, 0x00, 0x00, 0x00, 0x00, 0x00, 0x00, 0x00, 0x00, 0x00, 0x00, 0x00, 0x00, 0x00, 0x00,
    0x00, 0x00, 0x00, 0x00, 0x00, 0x00, 0x00, 0x00, 0x00, 0x00, 0x00, 0x00, 0x00, 0x00, 0x00, 0x00,
    0x00, 0x00, 0x00, 0x00, 0x00, 0x00, 0x00, 0x00, 0x00, 0x00, 0x00, 0x00, 0x00, 0x00, 0x00, 0x00,
    0x00, 0x00, 0x00, 0x00, 0x00, 0x00, 0x00, 0x00, 0x00, 0x00, 0x00, 0x00, 0x00, 0x00, 0x00, 0x00,
    0x00, 0x00, 0x00, 0x00, 0x00, 0x00, 0x00, 0x00, 0x00, 0x00, 0x00, 0x00, 0x00, 0x00, 0x00, 0x00,
    0x00, 0x00, 0x00, 0x00, 0x00, 0x00, 0x00, 0x00, 0x00, 0x00, 0x00, 0x01, 0x00, 0x00, 0x15, 0x52,
    0xC7, 0x48, 0x95, 0x0E, 0x97, 0x8C, 0xCE, 0xE0, 0x84, 0x8D, 0xFD, 0x8C, 0xAE, 0xFE, 0x95, 0x0F,
    0xFF, 0xAD, 0x92, 0xFF, 0xC6, 0x55, 0xFF, 0xDF, 0x39, 0xFF, 0xF7, 0xBB, 0xFF, 0xDE, 0xF9, 0xFF,
    0xA5, 0x31, 0xFF, 0x84, 0x4D, 0xFF, 0x9D, 0x31, 0xFF, 0x94, 0xF1, 0xFF, 0x5A, 0xC9, 0xFF, 0xA4,
    0xF2, 0xFF, 0xFF, 0xFF, 0xFF, 0xF7, 0x7D, 0xFF, 0xFF, 0x9D, 0xFF, 0xFF, 0xBD, 0xFF, 0xFF, 0xDE,
    0xFF, 0xFF, 0x7C, 0xFF, 0xA4, 0x70, 0xFF, 0x39, 0x85, 0xFF, 0x08, 0xA1, 0xFF, 0x10, 0xC2, 0xFF,
    0x19, 0x02, 0xFF, 0x10, 0xC1, 0xFF, 0x08, 0x60, 0xFF, 0x00, 0x00, 0xFF, 0x00, 0x40, 0xFF, 0x39,
    0xA5, 0xFF, 0x83, 0x8A, 0xFF, 0xA4, 0x0B, 0xFF, 0x9B, 0xA9, 0xFF, 0x8B, 0x8A, 0xFF, 0x31, 0x44,
    0xFF, 0x08, 0x61, 0xFF, 0x10, 0xA1, 0xFF, 0x42, 0xE4, 0xFF, 0x85, 0x67, 0xFF, 0x74, 0xE6, 0xFF,
    0x29, 0xE3, 0xFF, 0x00, 0x00, 0xFF, 0x29, 0x43, 0xFF, 0x8B, 0xCB, 0xFF, 0xAC, 0x8D, 0xFF, 0xAC,
    0xAE, 0xFF, 0x62, 0xC8, 0xFF, 0x10, 0x81, 0xFF, 0x00, 0x00, 0xFF, 0x10, 0x81, 0xFF, 0x18, 0xE2,
    0xFF, 0x18, 0xE2, 0xFF, 0x21, 0x02, 0xFF, 0x21, 0x02, 0xFF, 0x18, 0xC1, 0xFF, 0x41, 0xC5, 0xFF,
    0x94, 0x0D, 0xFF, 0xB5, 0x33, 0xFF, 0xFF, 0xDE, 0xFF, 0xFF, 0xDE, 0xFF, 0xFF, 0x9C, 0xFF, 0xFF,
    0x9C, 0xFF, 0xF7, 0x7B, 0xFF, 0xF7, 0x7C, 0xFF, 0xFF, 0xDC, 0xFF, 0xDE, 0xB8, 0xDC, 0x62, 0x89,
    0x77, 0x20, 0xC3, 0x34, 0x6B, 0x0C, 0x52, 0xAC, 0xF3, 0x58, 0xB5, 0x76, 0x84, 0xBD, 0xB7, 0xA1,
    0xC5, 0xF8, 0xA9, 0xC6, 0x18, 0xA9, 0xC5, 0xF8, 0xA7, 0xBD, 0xB7, 0xA0, 0xAD, 0x35, 0x94, 0x94,
    0x92, 0x81, 0x7B, 0xCF, 0x68, 0x63, 0x0C, 0x49, 0x42, 0x08, 0x27, 0x20, 0xA4, 0x17, 0x00, 0x00,
    0x0B, 0x00, 0x00, 0x01, 0x00, 0x00, 0x00, 0x00, 0x00, 0x00, 0x00, 0x00, 0x00, 0x00, 0x00, 0x00,
    0x00, 0x00, 0x00, 0x00, 0x00, 0x00, 0x00, 0x00, 0x00, 0x00, 0x00, 0x00, 0x00, 0x00, 0x00, 0x00,
    0x00, 0x00, 0x00, 0x00, 0x00, 0x21, 0x24, 0x07, 0x29, 0xE4, 0x3B, 0xA5, 0xEF, 0xC6, 0x9D, 0xAE,
    0xFF, 0x95, 0x6E, 0xFE, 0xAE, 0x10, 0xFE, 0xAE, 0x30, 0xFF, 0xAE, 0x0F, 0xFF, 0xAE, 0x0F, 0xFF,
    0xA6, 0x0F, 0xFF, 0xAE, 0x0F, 0xFF, 0xBE, 0x70, 0xFF, 0x95, 0x4E, 0xE9, 0x3A, 0x45, 0x5C, 0x00,
    0x00, 0x06, 0x00, 0x00, 0x00, 0x00, 0x00, 0x01, 0x00, 0x00, 0x00, 0x00, 0x00, 0x00, 0x00, 0x00,
    0x00, 0x00, 0x00, 0x00, 0x00, 0x00, 0x00, 0x00, 0x00, 0x00, 0x00, 0x00, 0x00, 0x00, 0x00, 0x00,
    0x00, 0x00, 0x00, 0x00, 0x00, 0x00, 0x00, 0x00, 0x0B, 0x21, 0x42, 0x2C, 0x53, 0x47, 0x69, 0x7C,
    0xCB, 0xA2, 0x95, 0x8C, 0xCF, 0x95, 0x8C, 0xEF, 0x95, 0x6C, 0xF5, 0x8D, 0x6C, 0xF6, 0x8D, 0x4C,
    0xF7, 0x8D, 0x4C, 0xF7, 0x8D, 0x4C, 0xF5, 0x8D, 0x4C, 0xEE, 0x85, 0x2B, 0xCC, 0x7C, 0xEB, 0xAD,
    0x64, 0x09, 0x8F, 0x42, 0xC5, 0x56, 0x10, 0xE0, 0x21, 0x00, 0x00, 0x0A, 0x00, 0x00, 0x00, 0x00,
    0x00, 0x00, 0x00, 0x00, 0x04, 0x00, 0x20, 0x21, 0x00, 0x00, 0x21, 0x00, 0x00, 0x04, 0x00, 0x00,
    0x00, 0x00, 0x00, 0x00, 0x00, 0x00, 0x00, 0x00, 0x00, 0x00, 0x00, 0x00, 0x00, 0x00, 0x00, 0x00,
    0x00, 0x00, 0x00, 0x00, 0x00, 0x00, 0x00, 0x00, 0x00, 0x00, 0x00, 0x00, 0x00, 0x00, 0x00, 0x00,
    0x00, 0x00, 0x00, 0x00, 0x00, 0x00, 0x00, 0x00, 0x00, 0x00, 0x00, 0x00, 0x00, 0x00, 0x00, 0x00,
    0x00, 0x00, 0x00, 0x00, 0x00, 0x00, 0x00, 0x00, 0x00, 0x00, 0x00, 0x00, 0x00, 0x00, 0x00, 0x00,
    0x00, 0x00, 0x00, 0x00, 0x00, 0x00, 0x00, 0x00, 0x00, 0x00, 0x00, 0x00, 0x00, 0x00, 0x00, 0x00,
    0x00, 0x00, 0x00, 0x00, 0x00, 0x00, 0x00, 0x00, 0x00, 0x00, 0x00, 0x00, 0x00, 0x00, 0x00, 0x00,
    0x00, 0x00, 0x00, 0x00, 0x00, 0x00, 0x00, 0x00, 0x00, 0x00, 0x00, 0x00, 0x00, 0x00, 0x00, 0x00,
    0x00, 0x00, 0x00, 0x00, 0x00, 0x00, 0x00, 0x00, 0x00, 0x00, 0x00, 0x00, 0x00, 0x00, 0x00, 0x00,
    0x00, 0x00, 0x00, 0x00, 0x00, 0x00, 0x00, 0x00, 0x00, 0x00, 0x00, 0x00, 0x00, 0x00, 0x00, 0x00,
    0x00, 0x00, 0x00, 0x00, 0x00, 0x00, 0x00, 0x00, 0x00, 0x16, 0x8C, 0x8E, 0x6B, 0xC6, 0x75, 0xD2,
    0xB6, 0x34, 0xFF, 0x9D, 0x70, 0xFD, 0x9D, 0x50, 0xFE, 0x94, 0xEF, 0xFF, 0x8C, 0xEF, 0xFF, 0x95,
    0x10, 0xFF, 0xAD, 0xB3, 0xFF, 0xDE, 0xF8, 0xFF, 0xF7, 0xBB, 0xFF, 0xD6, 0xB7, 0xFF, 0x9C, 0xF1,
    0xFF, 0x9D, 0x11, 0xFF, 0x73, 0xCD, 0xFF, 0x52, 0x89, 0xFF, 0xBD, 0x95, 0xFF, 0xFF, 0xFF, 0xFF,
    0xF7, 0x7C, 0xFF, 0xFF, 0xBD, 0xFF, 0xFF, 0xDD, 0xFF, 0xF7, 0x5B, 0xFF, 0x9C, 0x4F, 0xFF, 0x18,
    0xC2, 0xFF, 0x00, 0x00, 0xFF, 0x00, 0x40, 0xFF, 0x00, 0x20, 0xFF, 0x08, 0x81, 0xFF, 0x31, 0xA4,
    0xFF, 0x6A, 0xE8, 0xFF, 0x8B, 0xEC, 0xFF, 0x93, 0xEB, 0xFF, 0x9B, 0xEA, 0xFF, 0xB4, 0xAC, 0xFF,
    0x8B, 0xCB, 0xFF, 0x31, 0x63, 0xFF, 0x21, 0x23, 0xFF, 0x08, 0xA1, 0xFF, 0x4B, 0x04, 0xFF, 0x74,
    0xA7, 0xFF, 0x53, 0xE5, 0xFF, 0x75, 0x05, 0xFF, 0x64, 0x65, 0xFF, 0x00, 0x00, 0xFF, 0x08, 0x40,
    0xFF, 0x39, 0x84, 0xFF, 0xA4, 0x6C, 0xFF, 0xA4, 0x8C, 0xFF, 0xA4, 0x4C, 0xFF, 0xA4, 0xAE, 0xFF,
    0x73, 0x6A, 0xFF, 0x21, 0x02, 0xFF, 0x00, 0x00, 0xFF, 0x10, 0x80, 0xFF, 0x18, 0xE1, 0xFF, 0x18,
    0xA1, 0xFF, 0x10, 0x80, 0xFF, 0x29, 0x23, 0xFF, 0x83, 0x8C, 0xFF, 0x94, 0x0E, 0xFF, 0xF7, 0x9C,
    0xFF, 0xFF, 0xFE, 0xFF, 0xFF, 0x7C, 0xFF, 0xFF, 0x7C, 0xFF, 0xFF, 0x5B, 0xFF, 0xFF, 0x5B, 0xFF,
    0xFF, 0x9B, 0xFF, 0xE6, 0xD9, 0xF8, 0xBD, 0x94, 0xDC, 0xB5, 0x53, 0xCC, 0x8C, 0x2F, 0xBC, 0x39,
    0xA6, 0x4E, 0x5A, 0xCB, 0x25, 0x63, 0x0C, 0x24, 0x5A, 0x8B, 0x25, 0x5A, 0xAB, 0x24, 0x52, 0x6A,
    0x24, 0x42, 0x48, 0x22, 0x31, 0x86, 0x1E, 0x18, 0xE3, 0x18, 0x00, 0x00, 0x10, 0x00, 0x00, 0x07,
    0x00, 0x00, 0x00, 0x00, 0x00, 0x00, 0x00, 0x00, 0x00, 0x00, 0x00, 0x00, 0x00, 0x00, 0x00, 0x00,
    0x00, 0x00, 0x00, 0x00, 0x00, 0x00, 0x00, 0x00, 0x00, 0x00, 0x00, 0x00, 0x00, 0x00, 0x00, 0x00,
    0x00, 0x00, 0x00, 0x00, 0x00, 0x00, 0x00, 0x00, 0x00, 0x00, 0x00, 0x00, 0x00, 0x29, 0x45, 0x06,
    0x31, 0xC3, 0x3A, 0x9D, 0xAE, 0xC6, 0x9D, 0xAE, 0xFF, 0x9D, 0xAF, 0xFE, 0xAE, 0x30, 0xFE, 0xAE,
    0x30, 0xFF, 0xAE, 0x30, 0xFF, 0xAE, 0x0F, 0xFF, 0xAE, 0x0F, 0xFF, 0xB6, 0x50, 0xFF, 0xA5, 0xEF,
    0xFF, 0x42, 0xA6, 0xF0, 0x3A, 0x65, 0x71, 0x42, 0xE5, 0x13, 0x00, 0x00, 0x00, 0x00, 0x00, 0x00,
    0x00, 0x00, 0x00, 0x00, 0x00, 0x00, 0x00, 0x00, 0x00, 0x00, 0x00, 0x00, 0x00, 0x00, 0x00, 0x00,
    0x00, 0x00, 0x00, 0x00, 0x00, 0x00, 0x00, 0x00, 0x00, 0x00, 0x00, 0x00, 0x00, 0x00, 0x00, 0x00,
    0x00, 0x00, 0x00, 0x01, 0x00, 0x00, 0x12, 0x29, 0xC4, 0x27, 0x4A, 0xE6, 0x4D, 0x63, 0xA8, 0x7E,
    0x74, 0x6A, 0x9C, 0x7C, 0xAA, 0xAB, 0x7C, 0xCA, 0xB0, 0x7C, 0xCA, 0xAF, 0x74, 0x89, 0xA3, 0x63,
    0xE8, 0x8C, 0x53, 0x46, 0x61, 0x3A, 0x85, 0x35, 0x21, 0x43, 0x1E, 0x00, 0x00, 0x0C, 0x00, 0x00,
    0x00, 0x00, 0x00, 0x00, 0x00, 0x00, 0x00, 0x00, 0x00, 0x00, 0x00, 0x00, 0x04, 0x00, 0x20, 0x21,
    0x00, 0x00, 0x21, 0x00, 0x00, 0x04, 0x00, 0x00, 0x00, 0x00, 0x00, 0x00, 0x00, 0x00, 0x00, 0x00,
    0x00, 0x00, 0x00, 0x00, 0x00, 0x00, 0x00, 0x00, 0x00, 0x00, 0x00, 0x00, 0x00, 0x00, 0x00, 0x00,
    0x00, 0x00, 0x00, 0x00, 0x00, 0x00, 0x00, 0x00, 0x00, 0x00, 0x00, 0x00, 0x00, 0x00, 0x00, 0x00,
    0x00, 0x00, 0x00, 0x00, 0x00, 0x00, 0x00, 0x00, 0x00, 0x00, 0x00, 0x00, 0x00, 0x00, 0x00, 0x00,
    0x00, 0x00, 0x00, 0x00, 0x00, 0x00, 0x00, 0x00, 0x00, 0x00, 0x00, 0x00, 0x00, 0x00, 0x00, 0x00,
    0x00, 0x00, 0x00, 0x00, 0x00, 0x00, 0x00, 0x00, 0x00, 0x00, 0x00, 0x00, 0x00, 0x00, 0x00, 0x00,
    0x00, 0x00, 0x00, 0x00, 0x00, 0x00, 0x00, 0x00, 0x00, 0x00, 0x00, 0x00, 0x00, 0x00, 0x00, 0x00,
    0x00, 0x00, 0x00, 0x00, 0x00, 0x00, 0x00, 0x00, 0x00, 0x00, 0x00, 0x00, 0x00, 0x00, 0x00, 0x00,
    0x00, 0x00, 0x00, 0x00, 0x00, 0x00, 0x00, 0x00, 0x00, 0x00, 0x00, 0x00, 0x00, 0x00, 0x00, 0x00,
    0x00, 0x00, 0x00, 0x00, 0x00, 0x00, 0x00, 0x00, 0x00, 0x00, 0x00, 0x00, 0x00, 0x00, 0x00, 0xFF,
    0xFF, 0x01, 0x39, 0xE6, 0x25, 0xAD, 0x73, 0x89, 0xD6, 0xF8, 0xE3, 0xCE, 0xB6, 0xFE, 0xBE, 0x54,
    0xFE, 0xBE, 0x54, 0xFF, 0xBE, 0x34, 0xFF, 0xB5, 0xF3, 0xFF, 0xA5, 0x51, 0xFF, 0x94, 0xCF, 0xFF,
    0xB5, 0xD3, 0xFF, 0xDE, 0xF9, 0xFF, 0xEF, 0x7B, 0xFF, 0xCE, 0x77, 0xFF, 0xA5, 0x32, 0xFF, 0x4A,
    0x68, 0xFF, 0x52, 0x89, 0xFF, 0xE6, 0xFB, 0xFF, 0xFF, 0xDD, 0xFF, 0xFF, 0x9C, 0xFF, 0xFF, 0xFE,
    0xFF, 0xC5, 0xF6, 0xFF, 0x73, 0x2A, 0xFF, 0xAD, 0x31, 0xFF, 0x94, 0x8E, 0xFF, 0x6B, 0x6A, 0xFF,
    0x84, 0x0D, 0xFF, 0xB5, 0x51, 0xFF, 0xBD, 0x70, 0xFF, 0xA4, 0x4C, 0xFF, 0x9C, 0x0B, 0xFF, 0xC5,
    0x4F, 0xFF, 0xC5, 0x70, 0xFF, 0x73, 0x29, 0xFF, 0x21, 0x03, 0xFF, 0x10, 0xE2, 0xFF, 0x19, 0x02,
    0xFF, 0x19, 0x41, 0xFF, 0x8D, 0x47, 0xFF, 0x64, 0x06, 0xFF, 0x11, 0x21, 0xFF, 0x74, 0xE5, 0xFF,
    0x7D, 0x87, 0xFF, 0x08, 0x81, 0xFF, 0x00, 0x20, 0xFF, 0x00, 0x20, 0xFF, 0x41, 0xC4, 0xFF, 0xBD,
    0x4F, 0xFF, 0xCD, 0xF2, 0xFF, 0xAC, 0xAD, 0xFF, 0xB5, 0x10, 0xFF, 0xC5, 0xD3, 0xFF, 0x84, 0x0D,
    0xFF, 0x39, 0xA5, 0xFF, 0x20, 0xE2, 0xFF, 0x20, 0xE2, 0xFF, 0x39, 0x84, 0xFF, 0x6B, 0x0A, 0xFF,
    0x9C, 0x6E, 0xFF, 0x8B, 0x8C, 0xFF, 0xEF, 0x5B, 0xFF, 0xFF, 0xFE, 0xFF, 0xFF, 0x9C, 0xFF, 0xFF,
    0x7C, 0xFF, 0xFF, 0x7B, 0xFF, 0xFF, 0x5B, 0xFF, 0xFF, 0x7B, 0xFF, 0xFF, 0x7B, 0xFF, 0xFF, 0x7C,
    0xFF, 0xF7, 0x9C, 0xFF, 0xEF, 0x5C, 0xF1, 0xB5, 0x54, 0x89, 0x00, 0x00, 0x20, 0x00, 0x00, 0x00,
    0x00, 0x00, 0x00, 0x00, 0x00, 0x00, 0x00, 0x00, 0x00, 0x00, 0x00, 0x00, 0x00, 0x00, 0x00, 0x00,
    0x00, 0x00, 0x00, 0x00, 0x00, 0x00, 0x00, 0x00, 0x00, 0x00, 0x00, 0x00, 0x00, 0x00, 0x00, 0x00,
    0x00, 0x00, 0x00, 0x00, 0x00, 0x00, 0x00, 0x00, 0x00, 0x00, 0x00, 0x00, 0x00, 0x00, 0x00, 0x00,
    0x00, 0x00, 0x00, 0x00, 0x00, 0x00, 0x00, 0x00, 0x00, 0x00, 0x00, 0x00, 0x00, 0x00, 0x00, 0x00,
    0x00, 0x00, 0x00, 0x00, 0x00, 0x29, 0x45, 0x06, 0x31, 0xA4, 0x37, 0x95, 0x8D, 0xC4, 0x9D, 0xCF,
    0xFE, 0xA5, 0xCF, 0xFE, 0xAE, 0x30, 0xFE, 0xAE, 0x2F, 0xFF, 0xAE, 0x30, 0xFF, 0xAE, 0x0F, 0xFF,
    0xAE, 0x2F, 0xFF, 0xB6, 0x70, 0xFF, 0x5B, 0x88, 0xFF, 0x32, 0x44, 0xF4, 0x53, 0x67, 0x8F, 0x53,
    0x06, 0x22, 0x00, 0x00, 0x00, 0x00, 0x00, 0x00, 0x00, 0x00, 0x00, 0x00, 0x00, 0x00, 0x00, 0x00,
    0x00, 0x00, 0x00, 0x00, 0x00, 0x00, 0x00, 0x00, 0x00, 0x00, 0x00, 0x00, 0x00, 0x00, 0x00, 0x00,
    0x00, 0x00, 0x00, 0x00, 0x00, 0x00, 0x00, 0x00, 0x00, 0x00, 0x00, 0x00, 0x00, 0x00, 0x00, 0x00,
    0x00, 0x00, 0x00, 0x00, 0x07, 0x08, 0x40, 0x19, 0x31, 0xA4, 0x25, 0x42, 0x85, 0x2B, 0x42, 0xC6,
    0x2D, 0x4A, 0xC6, 0x2D, 0x3A, 0x64, 0x28, 0x21, 0x42, 0x1F, 0x00, 0x00, 0x12, 0x00, 0x00, 0x03,
    0x00, 0x00, 0x00, 0x00, 0x00, 0x00, 0x00, 0x00, 0x00, 0x00, 0x00, 0x00, 0x00, 0x00, 0x00, 0x00,
    0x00, 0x00, 0x00, 0x00, 0x04, 0x00, 0x20, 0x21, 0x00, 0x00, 0x21, 0x00, 0x00, 0x04, 0x00, 0x00,
    0x00, 0x00, 0x00, 0x00, 0x00, 0x00, 0x00, 0x00, 0x00, 0x00, 0x00, 0x00, 0x00, 0x00, 0x00, 0x00,
    0x00, 0x00, 0x00, 0x00, 0x00, 0x00, 0x00, 0x00, 0x00, 0x00, 0x00, 0x00, 0x00, 0x00, 0x00, 0x00,
    0x00, 0x00, 0x00, 0x00, 0x00, 0x00, 0x00, 0x00, 0x00, 0x00, 0x00, 0x00, 0x00, 0x00, 0x00, 0x00,
    0x00, 0x00, 0x00, 0x00, 0x00, 0x00, 0x00, 0x00, 0x00, 0x00, 0x00, 0x00, 0x00, 0x00, 0x00, 0x00,
    0x00, 0x00, 0x00, 0x00, 0x00, 0x00, 0x00, 0x00, 0x00, 0x00, 0x00, 0x00, 0x00, 0x00, 0x00, 0x00,
    0x00, 0x00, 0x00, 0x00, 0x00, 0x00, 0x00, 0x00, 0x00, 0x00, 0x00, 0x00, 0x00, 0x00, 0x00, 0x00,
    0x00, 0x00, 0x00, 0x00, 0x00, 0x00, 0x00, 0x00, 0x00, 0x00, 0x00, 0x00, 0x00, 0x00, 0x00, 0x00,
    0x00, 0x00, 0x00, 0x00, 0x00, 0x00, 0x00, 0x00, 0x00, 0x00, 0x00, 0x00, 0x00, 0x00, 0x00, 0x00,
    0x00, 0x00, 0x00, 0x00, 0x00, 0x00, 0x00, 0x00, 0x00, 0x00, 0x00, 0x00, 0x00, 0x00, 0x00, 0x00,
    0x00, 0x00, 0x00, 0x00, 0x00, 0x00, 0x01, 0x00, 0x00, 0x00, 0x00, 0x00, 0x01, 0x42, 0x28, 0x2C,
    0xB5, 0xB4, 0x92, 0xCE, 0xB7, 0xEA, 0xC6, 0x75, 0xFF, 0xCE, 0xB6, 0xFE, 0xCE, 0xD7, 0xFF, 0xCE,
    0xD7, 0xFF, 0xCE, 0xB6, 0xFF, 0xB5, 0xF3, 0xFF, 0x9D, 0x30, 0xFF, 0xB5, 0xF4, 0xFF, 0xCE, 0x77,
    0xFF, 0xDE, 0xD8, 0xFF, 0xE7, 0x19, 0xFF, 0x94, 0xB0, 0xFF, 0x31, 0xA6, 0xFF, 0x83, 0xEE, 0xFF,
    0xFF, 0xFE, 0xFF, 0xFF, 0xBC, 0xFF, 0xFF, 0xBD, 0xFF, 0xE7, 0x1A, 0xFF, 0x6A, 0xEA, 0xFF, 0x8C,
    0x4D, 0xFF, 0xCE, 0x13, 0xFF, 0xDE, 0x95, 0xFF, 0xBD, 0xB2, 0xFF, 0x9C, 0x4E, 0xFF, 0x94, 0x0C,
    0xFF, 0xBD, 0x71, 0xFF, 0xDE, 0x54, 0xFF, 0xAC, 0xEF, 0xFF, 0x52, 0x67, 0xFF, 0x21, 0x03, 0xFF,
    0x19, 0x02, 0xFF, 0x21, 0x83, 0xFF, 0x08, 0xA1, 0xFF, 0x53, 0x24, 0xFF, 0x95, 0x67, 0xFF, 0x4B,
    0x24, 0xFF, 0x11, 0x21, 0xFF, 0x64, 0x85, 0xFF, 0x8E, 0x28, 0xFF, 0x21, 0xE2, 0xFF, 0x00, 0x60,
    0xFF, 0x19, 0x42, 0xFF, 0x08, 0x80, 0xFF, 0x39, 0xC4, 0xFF, 0x94, 0x6D, 0xFF, 0xD6, 0x14, 0xFF,
    0xCD, 0xB3, 0xFF, 0xB5, 0x0F, 0xFF, 0xC5, 0xD2, 0xFF, 0xD6, 0x96, 0xFF, 0xC6, 0x15, 0xFF, 0xBD,
    0xB3, 0xFF, 0xCE, 0x36, 0xFF, 0xDE, 0x96, 0xFF, 0x7B, 0x2A, 0xFF, 0x73, 0x0A, 0xFF, 0xEF, 0x5C,
    0xFF, 0xFF, 0xFE, 0xFF, 0xFF, 0x9C, 0xFF, 0xFF, 0x7C, 0xFF, 0xFF, 0x7B, 0xFF, 0xFF, 0x7B, 0xFF,
    0xFF, 0x5B, 0xFF, 0xFF, 0x7B, 0xFF, 0xFF, 0x9C, 0xFF, 0xFF, 0xBC, 0xFF, 0xFF, 0xDD, 0xFC, 0xF7,
    0xBD, 0xD4, 0x94, 0x4F, 0x72, 0x28, 0xE2, 0x18, 0x00, 0x00, 0x00, 0x00, 0x00, 0x00, 0xFF, 0xFF,
    0x01, 0x00, 0x00, 0x00, 0x00, 0x00, 0x00, 0x00, 0x00, 0x00, 0x00, 0x00, 0x00, 0x00, 0x00, 0x00,
    0x00, 0x00, 0x00, 0x00, 0x00, 0x00, 0x00, 0x00, 0x00, 0x00, 0x00, 0x00, 0x00, 0x00, 0x00, 0x00,
    0x00, 0x00, 0x00, 0x00, 0x00, 0x00, 0x00, 0x00, 0x00, 0x00, 0x00, 0x00, 0x00, 0x00, 0x00, 0x00,
    0x00, 0x00, 0x00, 0x00, 0x00, 0x00, 0x00, 0x00, 0x00, 0x00, 0x00, 0x00, 0x00, 0x29, 0x45, 0x06,
    0x21, 0x63, 0x32, 0x95, 0x4C, 0xBF, 0xA5, 0xEE, 0xFF, 0xA5, 0xEF, 0xFF, 0xAE, 0x2F, 0xFE, 0xAE,
    0x2F, 0xFF, 0xAE, 0x2F, 0xFF, 0xAE, 0x2F, 0xFF, 0xB6, 0x70, 0xFF, 0x8D, 0x0C, 0xFF, 0x29, 0xE4,
    0xFF, 0x53, 0x47, 0xF1, 0x63, 0xE8, 0x9B, 0x3A, 0x64, 0x35, 0x00, 0x00, 0x06, 0x00, 0x00, 0x00,
    0x00, 0x00, 0x00, 0x00, 0x00, 0x00, 0x00, 0x00, 0x00, 0x00, 0x00, 0x00, 0x00, 0x00, 0x00, 0x00,
    0x00, 0x00, 0x00, 0x00, 0x00, 0x00, 0x00, 0x00, 0x00, 0x00, 0x00, 0x00, 0x00, 0x00, 0x00, 0x00,
    0x00, 0x00, 0x00, 0x00, 0x00, 0x00, 0x00, 0x00, 0x00, 0x00, 0x00, 0x00, 0x00, 0x00, 0x00, 0x00,
    0x00, 0x00, 0x00, 0x00, 0x00, 0x00, 0x00, 0x00, 0x00, 0x00, 0x00, 0x00, 0x00, 0x00, 0x00, 0x00,
    0x00, 0x00, 0x00, 0x00, 0x00, 0x00, 0x00, 0x00, 0x00, 0x00, 0x00, 0x00, 0x00, 0x00, 0x00, 0x00,
    0x00, 0x00, 0x00, 0x00, 0x00, 0x00, 0x00, 0x00, 0x00, 0x00, 0x00, 0x00, 0x04, 0x00, 0x20, 0x21,
    0x00, 0x00, 0x21, 0x00, 0x00, 0x04, 0x00, 0x00, 0x00, 0x00, 0x00, 0x00, 0x00, 0x00, 0x00, 0x00,
    0x00, 0x00, 0x00, 0x00, 0x00, 0x00, 0x00, 0x00, 0x00, 0x00, 0x00, 0x00, 0x00, 0x00, 0x00, 0x00,
    0x00, 0x00, 0x00, 0x00, 0x00, 0x00, 0x00, 0x00, 0x00, 0x00, 0x00, 0x00, 0x00, 0x00, 0x00, 0x00,
    0x00, 0x00, 0x00, 0x00, 0x00, 0x00, 0x00, 0x00, 0x00, 0x00, 0x00, 0x00, 0x00, 0x00, 0x00, 0x00,
    0x00, 0x00, 0x00, 0x00, 0x00, 0x00, 0x00, 0x00, 0x00, 0x00, 0x00, 0x00, 0x00, 0x00, 0x00, 0x00,
    0x00, 0x00, 0x00, 0x00, 0x00, 0x00, 0x00, 0x00, 0x00, 0x00, 0x00, 0x00, 0x00, 0x00, 0x00, 0x00,
    0x00, 0x00, 0x00, 0x00, 0x00, 0x00, 0x00, 0x00, 0x00, 0x00, 0x00, 0x00, 0x00, 0x00, 0x00, 0x00,
    0x00, 0x00, 0x00, 0x00, 0x00, 0x00, 0x00, 0x00, 0x00, 0x00, 0x00, 0x00, 0x00, 0x00, 0x00, 0x00,
    0x00, 0x00, 0x00, 0x00, 0x00, 0x00, 0x00, 0x00, 0x00, 0x00, 0x00, 0x00, 0x00, 0x00, 0x00, 0x00,
    0x00, 0x00, 0x00, 0x00, 0x00, 0x00, 0x00, 0x00, 0x00, 0x00, 0x00, 0x00, 0x00, 0x00, 0x00, 0x00,
    0x00, 0x02, 0x00, 0x00, 0x00, 0x00, 0x00, 0x04, 0x42, 0x07, 0x49, 0xBE, 0x15, 0xBB, 0xCE, 0xD7,
    0xFE, 0xBE, 0x75, 0xFD, 0xCE, 0xB6, 0xFF, 0xCE, 0xB7, 0xFF, 0xD6, 0xF8, 0xFF, 0xD7, 0x18, 0xFF,
    0xAD, 0xB3, 0xFF, 0xC6, 0x76, 0xFF, 0xDE, 0xD8, 0xFF, 0xCE, 0x56, 0xFF, 0xCE, 0x76, 0xFF, 0xD6,
    0xD7, 0xFF, 0x6B, 0xAC, 0xFF, 0x39, 0xC6, 0xFF, 0xDE, 0xF9, 0xFF, 0xFF, 0xDE, 0xFF, 0xFF, 0xFE,
    0xFF, 0xF7, 0x9C, 0xFF, 0x41, 0xE6, 0xFF, 0x20, 0xE2, 0xFF, 0x63, 0x09, 0xFF, 0x5A, 0xA8, 0xFF,
    0x42, 0x06, 0xFF, 0x83, 0xCD, 0xFF, 0xD6, 0x75, 0xFF, 0xE6, 0xB6, 0xFF, 0x8C, 0x2E, 0xFF, 0x39,
    0xC5, 0xFF, 0x19, 0x22, 0xFF, 0x21, 0x82, 0xFF, 0x29, 0xE3, 0xFF, 0x29, 0xA3, 0xFF, 0x00, 0x40,
    0xFF, 0x84, 0xE8, 0xFF, 0x84, 0xC7, 0xFF, 0x4B, 0x24, 0xFF, 0x3B, 0x04, 0xFF, 0x43, 0x83, 0xFF,
    0x8E, 0x47, 0xFF, 0x75, 0x07, 0xFF, 0x19, 0x42, 0xFF, 0x32, 0x24, 0xFF, 0x29, 0xC3, 0xFF, 0x10,
    0xE1, 0xFF, 0x21, 0x63, 0xFF, 0x6B, 0x29, 0xFF, 0xBD, 0x72, 0xFF, 0xD6, 0x76, 0xFF, 0xB5, 0x31,
    0xFF, 0x94, 0x4D, 0xFF, 0xBD, 0x72, 0xFF, 0xDE, 0x76, 0xFF, 0xAC, 0xF1, 0xFF, 0x5A, 0x88, 0xFF,
    0x49, 0xC6, 0xFF, 0xB5, 0x74, 0xFF, 0xFF, 0xDD, 0xFF, 0xFF, 0xDD, 0xFF, 0xFF, 0x9C, 0xFF, 0xFF,
    0x7C, 0xFF, 0xFF, 0x7B, 0xFF, 0xFF, 0x7B, 0xFF, 0xFF, 0x7B, 0xFF, 0xFF, 0x5B, 0xFF, 0xF7, 0x5A,
    0xFF, 0xF7, 0x5A, 0xFE, 0xF7, 0x5A, 0xFE, 0xFF, 0xDD, 0xF6, 0xEF, 0x1A, 0xC4, 0x62, 0xCA, 0x4E,
    0x00, 0x00, 0x09, 0xFF, 0xFF, 0x01, 0x00, 0x00, 0x02, 0x00, 0x00, 0x00, 0x00, 0x00, 0x00, 0x00,
    0x00, 0x00, 0x00, 0x00, 0x00, 0x00, 0x00, 0x00, 0x00, 0x00, 0x00, 0x00, 0x00, 0x00, 0x00, 0x00,
    0x00, 0x00, 0x00, 0x00, 0x00, 0x00, 0x00, 0x00, 0x00, 0x00, 0x00, 0x00, 0x00, 0x00, 0x00, 0x00,
    0x00, 0x00, 0x00, 0x00, 0x00, 0x00, 0x00, 0x00, 0x00, 0x00, 0x00, 0x00, 0x00, 0x00, 0x00, 0x00,
    0x00, 0x00, 0x00, 0x00, 0x00, 0x52, 0xAA, 0x03, 0x08, 0x81, 0x1D, 0x85, 0x0B, 0x8F, 0x9D, 0xCE,
    0xEA, 0xA6, 0x0F, 0xFF, 0xA6, 0x0F, 0xFE, 0xA6, 0x0F, 0xFF, 0xA6, 0x0F, 0xFF, 0xB6, 0x6F, 0xFF,
    0xAE, 0x0F, 0xFF, 0x42, 0xC6, 0xFF, 0x3A, 0x85, 0xFF, 0x5B, 0xC8, 0xFA, 0x63, 0xE8, 0xCE, 0x4B,
    0x06, 0x6C, 0x19, 0x41, 0x18, 0x00, 0x00, 0x00, 0x00, 0x00, 0x00, 0x00, 0x00, 0x00, 0x00, 0x00,
    0x00, 0x00, 0x00, 0x00, 0x00, 0x00, 0x00, 0x00, 0x00, 0x00, 0x00, 0x00, 0x00, 0x00, 0x00, 0x00,
    0x00, 0x00, 0x00, 0x00, 0x00, 0x00, 0x00, 0x00, 0x00, 0x00, 0x00, 0x00, 0x00, 0x00, 0x00, 0x00,
    0x00, 0x00, 0x00, 0x00, 0x01, 0x00, 0x00, 0x00, 0x00, 0x00, 0x00, 0x00, 0x00, 0x00, 0x00, 0x00,
    0x00, 0x00, 0x00, 0x00, 0x00, 0x00, 0x00, 0x00, 0x00, 0x00, 0x00, 0x00, 0x00, 0x00, 0x00, 0x00,
    0x00, 0x00, 0x00, 0x00, 0x00, 0x00, 0x00, 0x00, 0x00, 0x00, 0x00, 0x00, 0x00, 0x00, 0x00, 0x00,
    0x00, 0x00, 0x00, 0x00, 0x04, 0x00, 0x00, 0x21, 0x00, 0x00, 0x21, 0x00, 0x00, 0x04, 0x00, 0x00,
    0x00, 0x00, 0x00, 0x00, 0x00, 0x00, 0x00, 0x00, 0x00, 0x00, 0x00, 0x00, 0x00, 0x00, 0x00, 0x00,
    0x00, 0x00, 0x00, 0x00, 0x00, 0x00, 0x00, 0x00, 0x00, 0x00, 0x00, 0x00, 0x00, 0x00, 0x00, 0x00,
    0x00, 0x00, 0x00, 0x00, 0x00, 0x00, 0x00, 0x00, 0x00, 0x00, 0x00, 0x00, 0x00, 0x00, 0x00, 0x00,
    0x00, 0x00, 0x00, 0x00, 0x00, 0x00, 0x00, 0x00, 0x00, 0x00, 0x00, 0x00, 0x00, 0x00, 0x00, 0x00,
    0x00, 0x00, 0x00, 0x00, 0x00, 0x00, 0x00, 0x00, 0x00, 0x00, 0x00, 0x00, 0x00, 0x00, 0x00, 0x00,
    0x00, 0x00, 0x00, 0x00, 0x00, 0x00, 0x00, 0x00, 0x00, 0x00, 0x00, 0x00, 0x00, 0x00, 0x00, 0x00,
    0x00, 0x00, 0x00, 0x00, 0x00, 0x00, 0x00, 0x00, 0x00, 0x00, 0x00, 0x00, 0x00, 0x00, 0x00, 0x00,
    0x00, 0x00, 0x00, 0x00, 0x00, 0x00, 0x00, 0x00, 0x00, 0x00, 0x00, 0x00, 0x00, 0x00, 0x00, 0x00,
    0x00, 0x00, 0x00, 0x00, 0x00, 0x00, 0x00, 0x00, 0x00, 0x00, 0x00, 0x00, 0x00, 0x00, 0x00, 0x00,
    0x00, 0x00, 0x00, 0x00, 0x00, 0x00, 0x00, 0x00, 0x00, 0x00, 0x52, 0xB5, 0x03, 0x8C, 0x2F, 0x35,
    0x52, 0x89, 0x5C, 0x8C, 0x8F, 0x9C, 0xCE, 0xD7, 0xF9, 0xC6, 0xB6, 0xFE, 0xCE, 0xB6, 0xFE, 0xCE,
    0xB7, 0xFF, 0xD6, 0xD7, 0xFF, 0xCE, 0xB7, 0xFF, 0xAD, 0xB3, 0xFF, 0xCE, 0x76, 0xFF, 0xF7, 0x9B,
    0xFF, 0xE7, 0x1A, 0xFF, 0xC6, 0x36, 0xFF, 0xD6, 0xD7, 0xFF, 0xAD, 0x93, 0xFF, 0x4A, 0x68, 0xFF,
    0x83, 0xEE, 0xFF, 0xFF, 0xFF, 0xFF, 0xF7, 0x9C, 0xFF, 0x63, 0x0B, 0xFF, 0x39, 0xA5, 0xFF, 0x94,
    0x90, 0xFF, 0x42, 0x06, 0xFF, 0x18, 0xA1, 0xFF, 0x8C, 0x0E, 0xFF, 0xF7, 0x59, 0xFF, 0xDE, 0xB6,
    0xFF, 0x73, 0x6A, 0xFF, 0x21, 0x43, 0xFF, 0x21, 0x62, 0xFF, 0x32, 0x04, 0xFF, 0x32, 0x03, 0xFF,
    0x29, 0xC2, 0xFF, 0x29, 0xC3, 0xFF, 0x00, 0x60, 0xFF, 0x8C, 0xE8, 0xFF, 0x95, 0x69, 0xFF, 0x6C,
    0x66, 0xFF, 0x64, 0x46, 0xFF, 0x4B, 0xA4, 0xFF, 0x7D, 0xA7, 0xFF, 0x74, 0xE8, 0xFF, 0x21, 0x83,
    0xFF, 0x3A, 0x44, 0xFF, 0x42, 0x64, 0xFF, 0x3A, 0x64, 0xFF, 0x21, 0xA3, 0xFF, 0x19, 0x21, 0xFF,
    0x4A, 0x66, 0xFF, 0xAD, 0x52, 0xFF, 0xDE, 0xB8, 0xFF, 0x94, 0x6F, 0xFF, 0x41, 0xA4, 0xFF, 0x6A,
    0xC8, 0xFF, 0xAD, 0x11, 0xFF, 0x41, 0xC6, 0xFF, 0x29, 0x03, 0xFF, 0xE7, 0x3B, 0xFF, 0xFF, 0xFF,
    0xFF, 0xFF, 0x9C, 0xFF, 0xFF, 0x9C, 0xFF, 0xFF, 0x9C, 0xFF, 0xFF, 0x7B, 0xFF, 0xFF, 0x7B, 0xFF,
    0xFF, 0x7B, 0xFF, 0xFF, 0x7B, 0xFF, 0xFF, 0x7B, 0xFF, 0xFF, 0x7B, 0xFF, 0xFF, 0x7B, 0xFF, 0xFF,
    0x7B, 0xFE, 0xFF, 0xFF, 0xEE, 0xB5, 0x54, 0x94, 0x31, 0x85, 0x25, 0x00, 0x00, 0x00, 0x00, 0x00,
    0x00, 0x00, 0x00, 0x00, 0x00, 0x00, 0x00, 0x00, 0x00, 0x00, 0x00, 0x00, 0x00, 0x00, 0x00, 0x00,
    0x00, 0x00, 0x00, 0x00, 0x00, 0x00, 0x00, 0x00, 0x00, 0x00, 0x00, 0x00, 0x00, 0x00, 0x00, 0x00,
    0x00, 0x00, 0x00, 0x00, 0x00, 0x00, 0x00, 0x00, 0x00, 0x00, 0x00, 0x00, 0x00, 0x00, 0x00, 0x00,
    0x00, 0x00, 0x00, 0x00, 0x00, 0x00, 0x00, 0x00, 0x00, 0x00, 0x00, 0x00, 0x00, 0xFF, 0xFF, 0x01,
    0x00, 0x00, 0x0B, 0x7C, 0xAA, 0x65, 0x9D, 0xCE, 0xD5, 0xA6, 0x0F, 0xFF, 0xA6, 0x0E, 0xFE, 0xA5,
    0xEE, 0xFF, 0xAE, 0x2F, 0xFF, 0xB6, 0x6F, 0xFF, 0x74, 0x6A, 0xFF, 0x29, 0xC3, 0xFF, 0x5B, 0xA8,
    0xFF, 0x5B, 0xA8, 0xFF, 0x5B, 0xC8, 0xF5, 0x5B, 0xC8, 0x9B, 0x32, 0x44, 0x33, 0x00, 0x00, 0x04,
    0x00, 0x00, 0x00, 0x00, 0x00, 0x01, 0x00, 0x00, 0x00, 0x00, 0x00, 0x00, 0x00, 0x00, 0x00, 0x00,
    0x00, 0x00, 0x00, 0x00, 0x00, 0x00, 0x00, 0x00, 0x00, 0x00, 0x00, 0x00, 0x00, 0x00, 0x00, 0x00,
    0x00, 0x00, 0x00, 0x00, 0x00, 0x00, 0x00, 0x00, 0x00, 0x00, 0x00, 0x00, 0x00, 0x00, 0x00, 0x00,
    0x00, 0x00, 0x00, 0x00, 0x00, 0x00, 0x00, 0x00, 0x00, 0x00, 0x00, 0x00, 0x00, 0x00, 0x00, 0x00,
    0x00, 0x00, 0x00, 0x00, 0x00, 0x00, 0x00, 0x00, 0x00, 0x00, 0x00, 0x00, 0x00, 0x00, 0x00, 0x00,
    0x00, 0x00, 0x00, 0x00, 0x00, 0x00, 0x00, 0x00, 0x00, 0x00, 0x00, 0x00, 0x04, 0x00, 0x00, 0x21,
    0x00, 0x00, 0x21, 0x00, 0x00, 0x04, 0x00, 0x00, 0x00, 0x00, 0x00, 0x00, 0x00, 0x00, 0x00, 0x00,
    0x00, 0x00, 0x00, 0x00, 0x00, 0x00, 0x00, 0x00, 0x00, 0x00, 0x00, 0x00, 0x00, 0x00, 0x00, 0x00,
    0x00, 0x00, 0x00, 0x00, 0x00, 0x00, 0x00, 0x00, 0x00, 0x00, 0x00, 0x00, 0x00, 0x00, 0x00, 0x00,
    0x00, 0x00, 0x00, 0x00, 0x00, 0x00, 0x00, 0x00, 0x00, 0x00, 0x00, 0x00, 0x00, 0x00, 0x00, 0x00,
    0x00, 0x00, 0x00, 0x00, 0x00, 0x00, 0x00, 0x00, 0x00, 0x00, 0x00, 0x00, 0x00, 0x00, 0x00, 0x00,
    0x00, 0x00, 0x00, 0x00, 0x00, 0x00, 0x00, 0x00, 0x00, 0x00, 0x00, 0x00, 0x00, 0x00, 0x00, 0x00,
    0x00, 0x00, 0x00, 0x00, 0x00, 0x00, 0x00, 0x00, 0x00, 0x00, 0x00, 0x00, 0x00, 0x00, 0x00, 0x00,
    0x00, 0x00, 0x00, 0x00, 0x00, 0x00, 0x00, 0x00, 0x00, 0x00, 0x00, 0x00, 0x00, 0x00, 0x00, 0x00,
    0x00, 0x00, 0x00, 0x00, 0x00, 0x00, 0x00, 0x00, 0x00, 0x00, 0x00, 0x00, 0x00, 0x00, 0x00, 0x00,
    0x00, 0x00, 0x00, 0x00, 0x00, 0x00, 0x00, 0x00, 0x00, 0x00, 0x00, 0x00, 0x00, 0x00, 0x02, 0xFF,
    0xFF, 0x01, 0x00, 0x00, 0x20, 0xCE, 0x59, 0x90, 0xBD, 0x95, 0xBD, 0x63, 0x09, 0xC6, 0xA5, 0x92,
    0xFB, 0xD7, 0x38, 0xFF, 0xC6, 0x96, 0xFE, 0xCE, 0xD7, 0xFF, 0xD6, 0xF7, 0xFF, 0xBE, 0x55, 0xFF,
    0xB5, 0xD3, 0xFF, 0xB5, 0xD4, 0xFF, 0xDE, 0xF9, 0xFF, 0xF7, 0x9C, 0xFF, 0xE7, 0x5A, 0xFF, 0xD6,
    0xB8, 0xFF, 0xCE, 0x97, 0xFF, 0x84, 0x4E, 0xFF, 0x39, 0xE6, 0xFF, 0xD6, 0xB8, 0xFF, 0x94, 0x90,
    0xFF, 0x20, 0xC1, 0xFF, 0xB5, 0x73, 0xFF, 0xBD, 0xB4, 0xFF, 0x62, 0xC8, 0xFF, 0xAD, 0x31, 0xFF,
    0xFF, 0xFB, 0xFF, 0xC5, 0xB3, 0xFF, 0x41, 0xE5, 0xFF, 0x18, 0xE1, 0xFF, 0x32, 0x04, 0xFF, 0x42,
    0x85, 0xFF, 0x31, 0xE3, 0xFF, 0x21, 0xA2, 0xFF, 0x21, 0xC2, 0xFF, 0x29, 0xE3, 0xFF, 0x09, 0x01,
    0xFF, 0x42, 0xA4, 0xFF, 0x7C, 0x87, 0xFF, 0x95, 0xC9, 0xFF, 0xA6, 0x49, 0xFF, 0x8D, 0xA8, 0xFF,
    0x5C, 0x46, 0xFF, 0x29, 0xE3, 0xFF, 0x21, 0x63, 0xFF, 0x3A, 0x44, 0xFF, 0x3A, 0x24, 0xFF, 0x3A,
    0x64, 0xFF, 0x42, 0xC5, 0xFF, 0x3A, 0x85, 0xFF, 0x21, 0x61, 0xFF, 0x29, 0x61, 0xFF, 0x9C, 0xAF,
    0xFF, 0xF7, 0x7C, 0xFF, 0xA4, 0xD1, 0xFF, 0x41, 0xA4, 0xFF, 0xA4, 0xAF, 0xFF, 0xDE, 0xD8, 0xFF,
    0x73, 0x4B, 0xFF, 0x83, 0xEE, 0xFF, 0xF7, 0x7D, 0xFF, 0xFF, 0xFE, 0xFF, 0xFF, 0x9C, 0xFF, 0xFF,
    0x9B, 0xFF, 0xFF, 0x7B, 0xFF, 0xFF, 0x7B, 0xFF, 0xFF, 0x7B, 0xFF, 0xFF, 0x7B, 0xFF, 0xFF, 0x7B,
    0xFF, 0xFF, 0x7B, 0xFF, 0xFF, 0x9C, 0xFF, 0xFF, 0x9C, 0xFF, 0xFF, 0xDE, 0xFB, 0xEF, 0x3C, 0xCF,
    0x83, 0xCE, 0x57, 0x00, 0x00, 0x0A, 0x00, 0x00, 0x00, 0x00, 0x00, 0x01, 0x00, 0x00, 0x00, 0x00,
    0x00, 0x00, 0x00, 0x00, 0x00, 0x00, 0x00, 0x00, 0x00, 0x00, 0x00, 0x00, 0x00, 0x00, 0x00, 0x00,
    0x00, 0x00, 0x00, 0x00, 0x00, 0x00, 0x00, 0x00, 0x00, 0x00, 0x00, 0x00, 0x00, 0x00, 0x00, 0x00,
    0x00, 0x00, 0x00, 0x00, 0x00, 0x00, 0x00, 0x00, 0x00, 0x00, 0x00, 0x00, 0x00, 0x00, 0x00, 0x00,
    0x00, 0x00, 0x00, 0x00, 0x00, 0xFF, 0xFF, 0x01, 0x00, 0x00, 0x07, 0x74, 0x6A, 0x5C, 0x9D, 0xAD,
    0xD4, 0xAE, 0x2F, 0xFF, 0xA6, 0x0E, 0xFE, 0xA5, 0xEE, 0xFF, 0xB6, 0x6F, 0xFF, 0x9D, 0xCD, 0xFF,
    0x3A, 0xA5, 0xFF, 0x42, 0xC6, 0xFF, 0x63, 0xE8, 0xFF, 0x5B, 0xA8, 0xFE, 0x5B, 0xA7, 0xFB, 0x64,
    0x28, 0xCC, 0x53, 0x66, 0x6E, 0x19, 0x22, 0x1C, 0x00, 0x00, 0x00, 0xFF, 0xFF, 0x01, 0x00, 0x00,
    0x01, 0x00, 0x00, 0x00, 0x00, 0x00, 0x00, 0x00, 0x00, 0x00, 0x00, 0x00, 0x00, 0x00, 0x00, 0x00,
    0x00, 0x00, 0x00, 0x00, 0x00, 0x00, 0x00, 0x00, 0x00, 0x00, 0x00, 0x00, 0x00, 0x00, 0x00, 0x00,
    0x00, 0x00, 0x00, 0x00, 0x00, 0x00, 0x00, 0x00, 0x00, 0x00, 0x00, 0x00, 0x00, 0x00, 0x00, 0x00,
    0x00, 0x00, 0x00, 0x00, 0x00, 0x00, 0x00, 0x00, 0x00, 0x00, 0x00, 0x00, 0x00, 0x00, 0x00, 0x00,
    0x00, 0x00, 0x00, 0x00, 0x00, 0x00, 0x00, 0x00, 0x00, 0x00, 0x00, 0x00, 0x00, 0x00, 0x00, 0x00,
    0x00, 0x00, 0x00, 0x00, 0x04, 0x00, 0x20, 0x21, 0x00, 0x00, 0x21, 0x00, 0x00, 0x04, 0x00, 0x00,
    0x00, 0x00, 0x00, 0x00, 0x00, 0x00, 0x00, 0x00, 0x00, 0x00, 0x00, 0x00, 0x00, 0x00, 0x00, 0x00,
    0x00, 0x00, 0x00, 0x00, 0x00, 0x00, 0x00, 0x00, 0x00, 0x00, 0x00, 0x00, 0x00, 0x00, 0x00, 0x00,
    0x00, 0x00, 0x00, 0x00, 0x00, 0x00, 0x00, 0x00, 0x00, 0x00, 0x00, 0x00, 0x00, 0x00, 0x00, 0x00,
    0x00, 0x00, 0x00, 0x00, 0x00, 0x00, 0x00, 0x00, 0x00, 0x00, 0x00, 0x00, 0x00, 0x00, 0x00, 0x00,
    0x00, 0x00, 0x00, 0x00, 0x00, 0x00, 0x00, 0x00, 0x00, 0x00, 0x00, 0x00, 0x00, 0x00, 0x00, 0x00,
    0x00, 0x00, 0x00, 0x00, 0x00, 0x00, 0x00, 0x00, 0x00, 0x00, 0x00, 0x00, 0x00, 0x00, 0x00, 0x00,
    0x00, 0x00, 0x00, 0x00, 0x00, 0x00, 0x00, 0x00, 0x00, 0x00, 0x00, 0x00, 0x00, 0x00, 0x00, 0x00,
    0x00, 0x00, 0x00, 0x00, 0x00, 0x00, 0x00, 0x00, 0x00, 0x00, 0x00, 0x00, 0x00, 0x00, 0x00, 0x00,
    0x00, 0x00, 0x00, 0x00, 0x00, 0x00, 0x00, 0x00, 0x00, 0x00, 0x00, 0x00, 0x00, 0x00, 0x00, 0x00,
    0x00, 0x00, 0x00, 0x00, 0xFF, 0xFF, 0x01, 0x00, 0x00, 0x04, 0x62, 0xA9, 0x5B, 0xEF, 0x5D, 0xD4,
    0xEF, 0x1C, 0xFE, 0x73, 0x0B, 0xFC, 0x73, 0xEC, 0xFF, 0xDF, 0x78, 0xFE, 0xC6, 0xB5, 0xFF, 0xCE,
    0xF6, 0xFF, 0xCE, 0xD6, 0xFF, 0xB5, 0xF3, 0xFF, 0xBE, 0x15, 0xFF, 0xBE, 0x15, 0xFF, 0xCE, 0x98,
    0xFF, 0xDE, 0xF9, 0xFF, 0xE7, 0x3A, 0xFF, 0xE7, 0x3A, 0xFF, 0xE7, 0x5A, 0xFF, 0xB5, 0xF4, 0xFF,
    0x52, 0xA8, 0xFF, 0x52, 0xA8, 0xFF, 0x52, 0x27, 0xFF, 0x9C, 0xB0, 0xFF, 0xC5, 0xD4, 0xFF, 0x5A,
    0x67, 0xFF, 0xA4, 0x8F, 0xFF, 0xFF, 0xB9, 0xFF, 0xAC, 0xF0, 0xFF, 0x29, 0x03, 0xFF, 0x19, 0x01,
    0xFF, 0x3A, 0x45, 0xFF, 0x3A, 0x44, 0xFF, 0x29, 0xE3, 0xFF, 0x29, 0xE3, 0xFF, 0x29, 0xC3, 0xFF,
    0x21, 0xC2, 0xFF, 0x21, 0xA2, 0xFF, 0x21, 0x83, 0xFF, 0x08, 0x81, 0xFF, 0x32, 0x23, 0xFF, 0x95,
    0xC9, 0xFF, 0xCF, 0x8B, 0xFF, 0xAE, 0x49, 0xFF, 0x42, 0xC4, 0xFF, 0x10, 0xC1, 0xFF, 0x31, 0xC3,
    0xFF, 0x3A, 0x24, 0xFF, 0x3A, 0x24, 0xFF, 0x3A, 0x44, 0xFF, 0x3A, 0x44, 0xFF, 0x3A, 0x64, 0xFF,
    0x42, 0x85, 0xFF, 0x29, 0xA2, 0xFF, 0x18, 0xC0, 0xFF, 0x8C, 0x2E, 0xFF, 0xFF, 0xFD, 0xFF, 0xA4,
    0xF1, 0xFF, 0x41, 0x84, 0xFF, 0xC5, 0xF5, 0xFF, 0xE7, 0x3A, 0xFF, 0x62, 0xEA, 0xFF, 0x8C, 0x2F,
    0xFF, 0xF7, 0x9D, 0xFF, 0xFF, 0xFD, 0xFF, 0xFF, 0x7B, 0xFF, 0xFF, 0x7B, 0xFF, 0xFF, 0x7B, 0xFF,
    0xFF, 0x7B, 0xFF, 0xFF, 0x7B, 0xFF, 0xFF, 0x9B, 0xFF, 0xFF, 0x9C, 0xFF, 0xFF, 0x9C, 0xFF, 0xFF,
    0x9D, 0xFF, 0xF7, 0x7C, 0xFD, 0xFF, 0xFF, 0xEE, 0xBD, 0x75, 0x99, 0x29, 0x24, 0x29, 0x00, 0x00,
    0x00, 0xFF, 0xFF, 0x01, 0x00, 0x00, 0x00, 0x00, 0x00, 0x00, 0x00, 0x00, 0x00, 0x00, 0x00, 0x00,
    0x00, 0x00, 0x00, 0x00, 0x00, 0x00, 0x00, 0x00, 0x00, 0x00, 0x00, 0x00, 0x00, 0x00, 0x00, 0x00,
    0x00, 0x00, 0x00, 0x00, 0x00, 0x00, 0x00, 0x00, 0x00, 0x00, 0x00, 0x00, 0x00, 0x00, 0x00, 0x00,
    0x00, 0x00, 0x00, 0x00, 0x00, 0x00, 0x00, 0x00, 0x00, 0x00, 0x00, 0x00, 0x00, 0xFF, 0xFF, 0x01,
    0x00, 0x00, 0x07, 0x5B, 0x88, 0x4F, 0x9D, 0xCE, 0xCB, 0xAE, 0x4F, 0xFF, 0xA5, 0xEE, 0xFE, 0xA6,
    0x2E, 0xFF, 0xAE, 0x6F, 0xFF, 0x74, 0x8A, 0xFF, 0x2A, 0x04, 0xFF, 0x5B, 0xC9, 0xFF, 0x5B, 0xC8,
    0xFF, 0x5B, 0xC8, 0xFF, 0x5B, 0xC8, 0xFF, 0x64, 0x08, 0xF8, 0x6C, 0x48, 0xB1, 0x4B, 0x05, 0x4E,
    0x00, 0x00, 0x10, 0x00, 0x00, 0x00, 0xFF, 0xFF, 0x01, 0x00, 0x00, 0x01, 0x00, 0x00, 0x00, 0x00,
    0x00, 0x00, 0x00, 0x00, 0x00, 0x00, 0x00, 0x00, 0x00, 0x00, 0x00, 0x00, 0x00, 0x00, 0x00, 0x00,
    0x00, 0x00, 0x00, 0x00, 0x00, 0x00, 0x00, 0x00, 0x00, 0x00, 0x00, 0x00, 0x02, 0x00, 0x00, 0x03,
    0x00, 0x00, 0x00, 0x00, 0x00, 0x00, 0x00, 0x00, 0x00, 0x00, 0x00, 0x00, 0x00, 0x00, 0x00, 0x00,
    0x00, 0x00, 0x00, 0x00, 0x00, 0x00, 0x00, 0x00, 0x00, 0x00, 0x00, 0x00, 0x00, 0x00, 0x00, 0x00,
    0x00, 0x00, 0x00, 0x00, 0x00, 0x00, 0x00, 0x00, 0x00, 0x00, 0x00, 0x00, 0x04, 0x00, 0x20, 0x21,
    0x00, 0x20, 0x21, 0x00, 0x00, 0x04, 0x00, 0x00, 0x00, 0x00, 0x00, 0x00, 0x00, 0x00, 0x00, 0x00,
    0x00, 0x00, 0x00, 0x00, 0x00, 0x00, 0x00, 0x00, 0x00, 0x00, 0x00, 0x00, 0x00, 0x00, 0x00, 0x00,
    0x00, 0x00, 0x00, 0x00, 0x00, 0x00, 0x00, 0x00, 0x00, 0x00, 0x00, 0x00, 0x00, 0x00, 0x00, 0x00,
    0x00, 0x00, 0x00, 0x00, 0x00, 0x00, 0x00, 0x00, 0x00, 0x00, 0x00, 0x00, 0x00, 0x00, 0x00, 0x00,
    0x00, 0x00, 0x00, 0x00, 0x00, 0x00, 0x00, 0x00, 0x00, 0x00, 0x00, 0x00, 0x00, 0x00, 0x00, 0x00,
    0x00, 0x00, 0x00, 0x00, 0x00, 0x00, 0x00, 0x00, 0x00, 0x00, 0x00, 0x00, 0x00, 0x00, 0x00, 0x00,
    0x00, 0x00, 0x00, 0x00, 0x00, 0x00, 0x00, 0x00, 0x00, 0x00, 0x00, 0x00, 0x00, 0x00, 0x00, 0x00,
    0x00, 0x00, 0x00, 0x00, 0x00, 0x00, 0x00, 0x00, 0x00, 0x00, 0x00, 0x00, 0x00, 0x00, 0x00, 0x00,
    0x00, 0x00, 0x00, 0x00, 0x00, 0x00, 0x00, 0x00, 0x00, 0x00, 0x00, 0x00, 0x00, 0x00, 0x00, 0x00,
    0x00, 0x00, 0x00, 0x00, 0x00, 0x00, 0x00, 0x00, 0x00, 0x00, 0x00, 0x02, 0xFF, 0xFF, 0x01, 0x00,
    0x00, 0x1E, 0xC5, 0xF6, 0x9B, 0xFF, 0xBD, 0xF5, 0xFF, 0xFE, 0xFD, 0x9C, 0x70, 0xFE, 0x5A, 0xE9,
    0xFF, 0xCE, 0xF6, 0xFF, 0xCE, 0xF5, 0xFF, 0xCE, 0xF6, 0xFF, 0xBE, 0x74, 0xFF, 0xB5, 0xF3, 0xFF,
    0xBE, 0x35, 0xFF, 0xBE, 0x15, 0xFF, 0xCE, 0x78, 0xFF, 0xDF, 0x1A, 0xFF, 0xDE, 0xF9, 0xFF, 0xDE,
    0xF9, 0xFF, 0xE7, 0x5A, 0xFF, 0xDF, 0x19, 0xFF, 0x9C, 0xF1, 0xFF, 0x10, 0x80, 0xFF, 0x73, 0x4B,
    0xFF, 0xB5, 0x72, 0xFF, 0x5A, 0x67, 0xFF, 0x9C, 0x2D, 0xFF, 0xFF, 0x17, 0xFF, 0xB4, 0xF0, 0xFF,
    0x29, 0x43, 0xFF, 0x19, 0x42, 0xFF, 0x42, 0x86, 0xFF, 0x3A, 0x04, 0xFF, 0x29, 0xC3, 0xFF, 0x29,
    0xA3, 0xFF, 0x29, 0xA3, 0xFF, 0x21, 0x82, 0xFF, 0x21, 0x82, 0xFF, 0x19, 0x22, 0xFF, 0x29, 0x63,
    0xFF, 0x00, 0x41, 0xFF, 0x3A, 0x44, 0xFF, 0x95, 0x89, 0xFF, 0xB6, 0xAB, 0xFF, 0x84, 0xE8, 0xFF,
    0x29, 0xE3, 0xFF, 0x19, 0x22, 0xFF, 0x29, 0xA3, 0xFF, 0x29, 0xA3, 0xFF, 0x31, 0xE3, 0xFF, 0x32,
    0x03, 0xFF, 0x32, 0x04, 0xFF, 0x32, 0x04, 0xFF, 0x31, 0xE3, 0xFF, 0x42, 0x45, 0xFF, 0x29, 0xA3,
    0xFF, 0x18, 0xE0, 0xFF, 0x94, 0x6E, 0xFF, 0xFF, 0xBC, 0xFF, 0x83, 0xCC, 0xFF, 0x5A, 0x47, 0xFF,
    0xC5, 0xF5, 0xFF, 0xCE, 0x57, 0xFF, 0x49, 0xE6, 0xFF, 0x9C, 0xD1, 0xFF, 0xFF, 0xDD, 0xFF, 0xFF,
    0xBD, 0xFF, 0xF7, 0x5B, 0xFF, 0xFF, 0x9B, 0xFF, 0xFF, 0x7B, 0xFF, 0xFF, 0x9B, 0xFF, 0xFF, 0x9C,
    0xFF, 0xFF, 0x9C, 0xFF, 0xFF, 0x9C, 0xFF, 0xFF, 0x9C, 0xFF, 0xF7, 0x7C, 0xFE, 0xFF, 0xDD, 0xFB,
    0xEE, 0xFA, 0xCF, 0x8B, 0xCE, 0x53, 0x00, 0x00, 0x05, 0x00, 0x00, 0x00, 0x00, 0x00, 0x01, 0x00,
    0x00, 0x00, 0x00, 0x00, 0x00, 0x00, 0x00, 0x00, 0x00, 0x00, 0x00, 0x00, 0x00, 0x00, 0x00, 0x00,
    0x00, 0x00, 0x00, 0x00, 0x00, 0x00, 0x00, 0x00, 0x00, 0x00, 0x00, 0x00, 0x00, 0x00, 0x00, 0x00,
    0x00, 0x00, 0x00, 0x00, 0x00, 0x00, 0x00, 0x00, 0x00, 0x00, 0x00, 0x00, 0x00, 0x00, 0x00, 0x00,
    0x00, 0x00, 0x00, 0x00, 0x00, 0xFF, 0xFF, 0x01, 0x00, 0x00, 0x05, 0x29, 0x84, 0x37, 0x9D, 0xCE,
    0xAE, 0xAE, 0x4F, 0xF9, 0x9D, 0xEE, 0xFF, 0xB6, 0x6F, 0xFE, 0xA5, 0xEE, 0xFF, 0x53, 0x47, 0xFF,
    0x3A, 0x85, 0xFF, 0x63, 0xE9, 0xFF, 0x5B, 0xC7, 0xFF, 0x5B, 0xE8, 0xFF, 0x5B, 0xE8, 0xFE, 0x63,
    0xE8, 0xFC, 0x74, 0xA9, 0xD8, 0x74, 0x69, 0x95, 0x3A, 0x85, 0x46, 0x00, 0x00, 0x0D, 0x00, 0x00,
    0x00, 0x00, 0x00, 0x00, 0x00, 0x00, 0x00, 0x00, 0x00, 0x00, 0x00, 0x00, 0x00, 0x00, 0x00, 0x00,
    0x00, 0x00, 0x00, 0x00, 0x00, 0x00, 0x00, 0x00, 0x00, 0x00, 0x00, 0x00, 0x00, 0x00, 0x00, 0x00,
    0x00, 0x09, 0x29, 0xE2, 0x20, 0x32, 0x23, 0x1D, 0x00, 0x00, 0x01, 0x00, 0x00, 0x01, 0x00, 0x00,
    0x00, 0x00, 0x00, 0x00, 0x00, 0x00, 0x00, 0x00, 0x00, 0x00, 0x00, 0x00, 0x00, 0x00, 0x00, 0x00,
    0x00, 0x00, 0x00, 0x00, 0x00, 0x00, 0x00, 0x00, 0x00, 0x00, 0x00, 0x00, 0x00, 0x00, 0x00, 0x00,
    0x00, 0x00, 0x00, 0x00, 0x04, 0x00, 0x20, 0x21, 0x08, 0x41, 0x1F, 0x00, 0x00, 0x02, 0x00, 0x00,
    0x00, 0x00, 0x00, 0x00, 0x00, 0x00, 0x00, 0x00, 0x00, 0x00, 0x00, 0x00, 0x00, 0x00, 0x00, 0x00,
    0x00, 0x00, 0x00, 0x00, 0x00, 0x00, 0x00, 0x00, 0x00, 0x00, 0x00, 0x00, 0x00, 0x00, 0x00, 0x00,
    0x00, 0x00, 0x00, 0x00, 0x00, 0x00, 0x00, 0x00, 0x00, 0x00, 0x00, 0x00, 0x00, 0x00, 0x00, 0x00,
    0x00, 0x00, 0x00, 0x00, 0x00, 0x00, 0x00, 0x00, 0x00, 0x00, 0x00, 0x00, 0x00, 0x00, 0x00, 0x00,
    0x00, 0x00, 0x00, 0x00, 0x00, 0x00, 0x00, 0x00, 0x00, 0x00, 0x00, 0x00, 0x00, 0x00, 0x00, 0x00,
    0x00, 0x00, 0x00, 0x00, 0x00, 0x00, 0x00, 0x00, 0x00, 0x00, 0x00, 0x00, 0x00, 0x00, 0x00, 0x00,
    0x00, 0x00, 0x00, 0x00, 0x00, 0x00, 0x00, 0x00, 0x00, 0x00, 0x00, 0x00, 0x00, 0x00, 0x00, 0x00,
    0x00, 0x00, 0x00, 0x00, 0x00, 0x00, 0x00, 0x00, 0x00, 0x00, 0x00, 0x00, 0x00, 0x00, 0x00, 0x00,
    0x00, 0x00, 0x00, 0x00, 0x00, 0x00, 0x00, 0x00, 0x00, 0x00, 0x00, 0x00, 0x00, 0x00, 0x00, 0x00,
    0x00, 0x00, 0x00, 0x00, 0x00, 0x00, 0x07, 0x62, 0xAA, 0x5F, 0xE7, 0x1B, 0xD2, 0xFF, 0xFE, 0xFF,
    0xFF, 0xFF, 0xFD, 0xBD, 0xD6, 0xFE, 0x63, 0x0A, 0xFF, 0xB6, 0x32, 0xFF, 0xD7, 0x35, 0xFF, 0xC6,
    0x94, 0xFF, 0xB6, 0x13, 0xFF, 0xBE, 0x14, 0xFF, 0xBE, 0x15, 0xFF, 0xBD, 0xF5, 0xFF, 0xCE, 0x98,
    0xFF, 0xDF, 0x1A, 0xFF, 0xDE, 0xFA, 0xFF, 0xDE, 0xF9, 0xFF, 0xD6, 0xB8, 0xFF, 0xE7, 0x3A, 0xFF,
    0xCE, 0x97, 0xFF, 0x42, 0x27, 0xFF, 0x6B, 0x2A, 0xFF, 0x5A, 0x88, 0xFF, 0xB5, 0x51, 0xFF, 0xD6,
    0x14, 0xFF, 0xC5, 0x92, 0xFF, 0x41, 0xC5, 0xFF, 0x19, 0x22, 0xFF, 0x42, 0x86, 0xFF, 0x3A, 0x04,
    0xFF, 0x29, 0x83, 0xFF, 0x21, 0x42, 0xFF, 0x19, 0x22, 0xFF, 0x19, 0x02, 0xFF, 0x19, 0x02, 0xFF,
    0x19, 0x02, 0xFF, 0x18, 0xE1, 0xFF, 0x21, 0x03, 0xFF, 0x00, 0x00, 0xFF, 0x6B, 0xA8, 0xFF, 0xAE,
    0x0D, 0xFF, 0x95, 0x6B, 0xFF, 0x8C, 0xEA, 0xFF, 0x32, 0x03, 0xFF, 0x10, 0xA1, 0xFF, 0x29, 0x63,
    0xFF, 0x21, 0x42, 0xFF, 0x21, 0x62, 0xFF, 0x29, 0x62, 0xFF, 0x21, 0x62, 0xFF, 0x29, 0x83, 0xFF,
    0x29, 0xA3, 0xFF, 0x29, 0xA3, 0xFF, 0x42, 0x45, 0xFF, 0x29, 0x62, 0xFF, 0x31, 0x63, 0xFF, 0xBD,
    0xB4, 0xFF, 0xD6, 0x77, 0xFF, 0x73, 0x4A, 0xFF, 0x7B, 0x6B, 0xFF, 0xBD, 0xB4, 0xFF, 0x9C, 0xB0,
    0xFF, 0x4A, 0x26, 0xFF, 0xC6, 0x37, 0xFF, 0xFF, 0xFE, 0xFF, 0xF7, 0x7B, 0xFF, 0xFF, 0x7B, 0xFF,
    0xFF, 0x7B, 0xFF, 0xFF, 0x9C, 0xFF, 0xFF, 0x9C, 0xFF, 0xFF, 0x9C, 0xFF, 0xFF, 0x9C, 0xFF, 0xFF,
    0x9C, 0xFF, 0xFF, 0x9C, 0xFE, 0xF7, 0x7B, 0xFD, 0xFF, 0xFE, 0xED, 0xB5, 0x54, 0x89, 0x08, 0x00,
    0x1E, 0x00, 0x00, 0x00, 0x00, 0x00, 0x00, 0x00, 0x00, 0x00, 0x00, 0x00, 0x00, 0x00, 0x00, 0x00,
    0x00, 0x00, 0x00, 0x00, 0x00, 0x00, 0x00, 0x00, 0x00, 0x00, 0x00, 0x00, 0x00, 0x00, 0x00, 0x00,
    0x00, 0x00, 0x00, 0x00, 0x00, 0x00, 0x00, 0x00, 0x00, 0x00, 0x00, 0x00, 0x00, 0x00, 0x00, 0x00,
    0x00, 0x00, 0x00, 0x00, 0x00, 0x00, 0x00, 0x00, 0x00, 0x00, 0x00, 0x00, 0x00, 0x00, 0x00, 0x00,
    0xFF, 0xFF, 0x01, 0x00, 0x00, 0x19, 0x9D, 0xAD, 0x7D, 0xAE, 0x4F, 0xE0, 0xA6, 0x0E, 0xFF, 0xB6,
    0x8F, 0xFE, 0x8D, 0x4C, 0xFF, 0x3A, 0xA5, 0xFF, 0x53, 0x27, 0xFF, 0x5B, 0xC8, 0xFF, 0x5B, 0xC7,
    0xFF, 0x5B, 0xE8, 0xFF, 0x5B, 0xE8, 0xFF, 0x64, 0x08, 0xFF, 0x74, 0x89, 0xF9, 0x7C, 0xEA, 0xD8,
    0x6C, 0x48, 0x90, 0x2A, 0x23, 0x41, 0x00, 0x00, 0x13, 0x00, 0x00, 0x00, 0x00, 0x00, 0x00, 0x00,
    0x00, 0x00, 0x00, 0x00, 0x00, 0x00, 0x00, 0x00, 0x00, 0x00, 0x00, 0x00, 0x00, 0x00, 0x00, 0x00,
    0x00, 0x00, 0x00, 0x00, 0x00, 0x00, 0x07, 0x29, 0xE3, 0x30, 0x53, 0x46, 0x60, 0x53, 0x46, 0x47,
    0x00, 0x00, 0x03, 0x00, 0x00, 0x00, 0x00, 0x00, 0x00, 0x00, 0x00, 0x00, 0x00, 0x00, 0x00, 0x00,
    0x00, 0x00, 0x00, 0x00, 0x00, 0x00, 0x00, 0x00, 0x00, 0x00, 0x00, 0x00, 0x00, 0x00, 0x00, 0x00,
    0x00, 0x00, 0x00, 0x00, 0x00, 0x00, 0x00, 0x00, 0x00, 0x00, 0x00, 0x00, 0x02, 0x08, 0x41, 0x1F,
    0x00, 0x20, 0x25, 0x00, 0x00, 0x08, 0x00, 0x00, 0x03, 0x00, 0x00, 0x04, 0x00, 0x00, 0x04, 0x00,
    0x00, 0x04, 0x00, 0x00, 0x04, 0x00, 0x00, 0x04, 0x00, 0x00, 0x04, 0x00, 0x00, 0x04, 0x00, 0x00,
    0x04, 0x00, 0x00, 0x04, 0x00, 0x00, 0x04, 0x00, 0x00, 0x04, 0x00, 0x00, 0x04, 0x00, 0x00, 0x04,
    0x00, 0x00, 0x04, 0x00, 0x00, 0x04, 0x00, 0x00, 0x04, 0x00, 0x00, 0x04, 0x00, 0x00, 0x04, 0x00,
    0x00, 0x04, 0x00, 0x00, 0x04, 0x00, 0x00, 0x04, 0x00, 0x00, 0x04, 0x00, 0x00, 0x04, 0x00, 0x00,
    0x04, 0x00, 0x00, 0x04, 0x00, 0x00, 0x04, 0x00, 0x00, 0x04, 0x00, 0x00, 0x04, 0x00, 0x00, 0x04,
    0x00, 0x00, 0x04, 0x00, 0x00, 0x04, 0x00, 0x00, 0x04, 0x00, 0x00, 0x04, 0x00, 0x00, 0x04, 0x00,
    0x00, 0x04, 0x00, 0x00, 0x04, 0x00, 0x00, 0x04, 0x00, 0x00, 0x04, 0x00, 0x00, 0x04, 0x00, 0x00,
    0x04, 0x00, 0x00, 0x04, 0x00, 0x00, 0x04, 0x00, 0x00, 0x04, 0x00, 0x00, 0x04, 0x00, 0x00, 0x04,
    0x00, 0x00, 0x04, 0x00, 0x00, 0x04, 0x00, 0x00, 0x04, 0x7B, 0xEF, 0x06, 0x21, 0x24, 0x2A, 0xD6,
    0x58, 0xA5, 0xF7, 0xBE, 0xF7, 0xF7, 0xBE, 0xFF, 0xFF, 0xFF, 0xFE, 0xBD, 0xD7, 0xFF, 0x5B, 0x09,
    0xFF, 0xAD, 0xF0, 0xFF, 0xCE, 0xF4, 0xFF, 0xB6, 0x12, 0xFF, 0xB5, 0xF3, 0xFF, 0xBE, 0x14, 0xFF,
    0xBD, 0xF5, 0xFF, 0xBD, 0xF5, 0xFF, 0xDE, 0xF9, 0xFF, 0xE7, 0x3A, 0xFF, 0xDE, 0xFA, 0xFF, 0xDE,
    0xF9, 0xFF, 0xD6, 0xB8, 0xFF, 0xDE, 0xF9, 0xFF, 0xDF, 0x1A, 0xFF, 0x84, 0x4F, 0xFF, 0x20, 0xE2,
    0xFF, 0x9C, 0xD0, 0xFF, 0xDE, 0xB7, 0xFF, 0xC5, 0x92, 0xFF, 0x6B, 0x09, 0xFF, 0x21, 0x03, 0xFF,
    0x31, 0xC4, 0xFF, 0x42, 0x45, 0xFF, 0x21, 0x42, 0xFF, 0x10, 0xC1, 0xFF, 0x10, 0xC1, 0xFF, 0x18,
    0xE2, 0xFF, 0x19, 0x02, 0xFF, 0x18, 0xE2, 0xFF, 0x18, 0xE2, 0xFF, 0x18, 0xE2, 0xFF, 0x10, 0xA2,
    0xFF, 0x08, 0x61, 0xFF, 0x9D, 0x2D, 0xFF, 0x9D, 0x4D, 0xFF, 0x53, 0x06, 0xFF, 0x9D, 0x8C, 0xFF,
    0x74, 0x29, 0xFF, 0x08, 0x40, 0xFF, 0x19, 0x22, 0xFF, 0x21, 0x22, 0xFF, 0x21, 0x22, 0xFF, 0x21,
    0x22, 0xFF, 0x19, 0x02, 0xFF, 0x19, 0x02, 0xFF, 0x18, 0xE1, 0xFF, 0x21, 0x22, 0xFF, 0x39, 0xE4,
    0xFF, 0x39, 0xE4, 0xFF, 0x21, 0x22, 0xFF, 0x5A, 0xA8, 0xFF, 0xD6, 0x96, 0xFF, 0x94, 0x4E, 0xFF,
    0xD6, 0x78, 0xFF, 0xAD, 0x11, 0xFF, 0xCE, 0x15, 0xFF, 0x5A, 0x88, 0xFF, 0x7B, 0xAD, 0xFF, 0xEF,
    0x5B, 0xFF, 0xFF, 0xDD, 0xFF, 0xF7, 0x5B, 0xFF, 0xFF, 0x9C, 0xFF, 0xFF, 0x9C, 0xFF, 0xFF, 0xBD,
    0xFF, 0xFF, 0xBD, 0xFF, 0xFF, 0x9D, 0xFF, 0xFF, 0x9C, 0xFF, 0xFF, 0x9C, 0xFF, 0xF7, 0x5B, 0xFE,
    0xFF, 0xDE, 0xFB, 0xDE, 0x78, 0xC1, 0x73, 0x2C, 0x4C, 0x00, 0x00, 0x06, 0x9C, 0xCC, 0x05, 0x00,
    0x00, 0x05, 0x00, 0x00, 0x04, 0x00, 0x00, 0x04, 0x00, 0x00, 0x04, 0x00, 0x00, 0x04, 0x00, 0x00,
    0x04, 0x00, 0x00, 0x04, 0x00, 0x00, 0x04, 0x00, 0x00, 0x04, 0x00, 0x00, 0x04, 0x00, 0x00, 0x04,
    0x00, 0x00, 0x04, 0x00, 0x00, 0x04, 0x00, 0x00, 0x04, 0x00, 0x00, 0x04, 0x00, 0x00, 0x04, 0x00,
    0x00, 0x04, 0x00, 0x00, 0x04, 0x00, 0x00, 0x04, 0x63, 0x26, 0x05, 0x00, 0x00, 0x0B, 0x7C, 0x6B,
    0x5C, 0xA6, 0x0E, 0xCF, 0xB6, 0x6F, 0xFF, 0xAE, 0x6F, 0xFD, 0x7C, 0x8A, 0xFF, 0x3A, 0x64, 0xFF,
    0x5B, 0xA8, 0xFF, 0x5B, 0xC8, 0xFF, 0x5B, 0xC7, 0xFF, 0x5B, 0xC7, 0xFF, 0x5B, 0xC7, 0xFF, 0x64,
    0x08, 0xFE, 0x74, 0x89, 0xFF, 0x74, 0x89, 0xFA, 0x74, 0xA9, 0xD3, 0x6C, 0x29, 0x9F, 0x4B, 0x06,
    0x64, 0x29, 0xE4, 0x2C, 0x21, 0x62, 0x17, 0x11, 0x42, 0x0C, 0x21, 0x20, 0x07, 0x01, 0x80, 0x05,
    0x21, 0x20, 0x07, 0x18, 0xC3, 0x0A, 0x19, 0x63, 0x11, 0x29, 0xC4, 0x1E, 0x42, 0x65, 0x3E, 0x5B,
    0xC8, 0x79, 0x6C, 0x29, 0x9C, 0x5B, 0xE8, 0x5E, 0x00, 0x00, 0x08, 0x31, 0x86, 0x05, 0x00, 0x00,
    0x04, 0x00, 0x00, 0x04, 0x00, 0x00, 0x04, 0x00, 0x00, 0x04, 0x00, 0x00, 0x04, 0x00, 0x00, 0x04,
    0x00, 0x00, 0x04, 0x00, 0x00, 0x04, 0x00, 0x00, 0x04, 0x00, 0x00, 0x04, 0x00, 0x00, 0x04, 0x00,
    0x00, 0x03, 0x00, 0x00, 0x08, 0x00, 0x20, 0x25, 0x00, 0x00, 0x42, 0x00, 0x00, 0x25, 0x00, 0x00,
    0x1F, 0x00, 0x00, 0x21, 0x00, 0x00, 0x21, 0x00, 0x00, 0x21, 0x00, 0x00, 0x21, 0x00, 0x00, 0x21,
    0x00, 0x00, 0x21, 0x00, 0x00, 0x21, 0x00, 0x00, 0x21, 0x00, 0x00, 0x21, 0x00, 0x00, 0x21, 0x00,
    0x00, 0x21, 0x00, 0x00, 0x21, 0x00, 0x00, 0x21, 0x00, 0x00, 0x21, 0x00, 0x00, 0x21, 0x00, 0x00,
    0x21, 0x00, 0x00, 0x21, 0x00, 0x00, 0x21, 0x00, 0x00, 0x21, 0x00, 0x00, 0x21, 0x00, 0x00, 0x21,
    0x00, 0x00, 0x21, 0x00, 0x00, 0x21, 0x00, 0x00, 0x21, 0x00, 0x00, 0x21, 0x00, 0x00, 0x21, 0x00,
    0x00, 0x21, 0x00, 0x00, 0x21, 0x00, 0x00, 0x21, 0x00, 0x00, 0x21, 0x00, 0x00, 0x21, 0x00, 0x00,
    0x21, 0x00, 0x00, 0x21, 0x00, 0x00, 0x21, 0x00, 0x00, 0x21, 0x00, 0x00, 0x21, 0x00, 0x00, 0x21,
    0x00, 0x00, 0x21, 0x00, 0x00, 0x21, 0x00, 0x00, 0x21, 0x00, 0x00, 0x21, 0x00, 0x00, 0x21, 0x00,
    0x00, 0x21, 0x00, 0x00, 0x21, 0x00, 0x00, 0x21, 0x00, 0x20, 0x21, 0x08, 0x60, 0x21, 0x00, 0x20,
    0x21, 0x00, 0x00, 0x2F, 0x7B, 0x8D, 0x77, 0xEF, 0x7D, 0xDC, 0xFF, 0xFF, 0xFF, 0xFF, 0xFF, 0xFF,
    0xFF, 0xFF, 0xFF, 0x94, 0x71, 0xFF, 0x42, 0x66, 0xFF, 0xC6, 0xB3, 0xFF, 0xC6, 0xD3, 0xFF, 0xB6,
    0x33, 0xFF, 0xBE, 0x34, 0xFF, 0xBE, 0x35, 0xFF, 0xBD, 0xF5, 0xFF, 0xCE, 0x57, 0xFF, 0xEF, 0x7C,
    0xFF, 0xEF, 0x7C, 0xFF, 0xE7, 0x1A, 0xFF, 0xE7, 0x3A, 0xFF, 0xDF, 0x1A, 0xFF, 0xE7, 0x3A, 0xFF,
    0xEF, 0x7B, 0xFF, 0xAD, 0x73, 0xFF, 0x31, 0x64, 0xFF, 0xD6, 0xB7, 0xFF, 0xCE, 0x14, 0xFF, 0xAC,
    0xEF, 0xFF, 0x39, 0xE5, 0xFF, 0x18, 0xE2, 0xFF, 0x29, 0x83, 0xFF, 0x19, 0x22, 0xFF, 0x08, 0x81,
    0xFF, 0x08, 0x81, 0xFF, 0x10, 0xA1, 0xFF, 0x10, 0xC1, 0xFF, 0x10, 0xC1, 0xFF, 0x10, 0xA1, 0xFF,
    0x10, 0xA1, 0xFF, 0x08, 0x40, 0xFF, 0x31, 0xA4, 0xFF, 0x7C, 0x0A, 0xFF, 0xD6, 0xF1, 0xFF, 0x6B,
    0xC8, 0xFF, 0x00, 0x60, 0xFF, 0x74, 0x28, 0xFF, 0xC6, 0xAF, 0xFF, 0x5B, 0x27, 0xFF, 0x10, 0xE1,
    0xFF, 0x10, 0xC1, 0xFF, 0x18, 0xE1, 0xFF, 0x18, 0xE1, 0xFF, 0x10, 0xC1, 0xFF, 0x10, 0xC1, 0xFF,
    0x08, 0x81, 0xFF, 0x10, 0xC1, 0xFF, 0x21, 0x23, 0xFF, 0x29, 0xA4, 0xFF, 0x10, 0xC1, 0xFF, 0x31,
    0xA4, 0xFF, 0xBD, 0xD3, 0xFF, 0x94, 0x8F, 0xFF, 0xD6, 0x99, 0xFF, 0xEF, 0x7B, 0xFF, 0xD6, 0x56,
    0xFF, 0x9C, 0x8F, 0xFF, 0x4A, 0x06, 0xFF, 0xB5, 0x94, 0xFF, 0xFF, 0xFF, 0xFF, 0xFF, 0xBD, 0xFF,
    0xFF, 0xDD, 0xFF, 0xFF, 0xFE, 0xFF, 0xFF, 0xFE, 0xFF, 0xFF, 0xDE, 0xFF, 0xFF, 0xDE, 0xFF, 0xFF,
    0xDD, 0xFF, 0xFF, 0xDD, 0xFF, 0xFF, 0xBD, 0xFE, 0xFF, 0xBD, 0xFE, 0xFF, 0xBD, 0xE6, 0xAD, 0x34,
    0x81, 0x00, 0x00, 0x2E, 0x18, 0xE2, 0x22, 0x10, 0xA1, 0x22, 0x00, 0x60, 0x21, 0x00, 0x00, 0x21,
    0x00, 0x00, 0x21, 0x00, 0x00, 0x21, 0x00, 0x00, 0x21, 0x00, 0x20, 0x21, 0x00, 0x00, 0x21, 0x00,
    0x00, 0x21, 0x00, 0x00, 0x21, 0x00, 0x00, 0x21, 0x00, 0x00, 0x21, 0x00, 0x00, 0x21, 0x00, 0x00,
    0x21, 0x00, 0x00, 0x21, 0x00, 0x00, 0x21, 0x00, 0x00, 0x21, 0x00, 0x00, 0x21, 0x00, 0x00, 0x21,
    0x00, 0x20, 0x22, 0x00, 0x00, 0x23, 0x31, 0xC4, 0x56, 0xA5, 0xAE, 0xC0, 0xC6, 0xF2, 0xFE, 0xB6,
    0x70, 0xFE, 0x6C, 0x49, 0xFE, 0x3A, 0x84, 0xFF, 0x63, 0xE8, 0xFF, 0x5B, 0xA7, 0xFF, 0x5B, 0xC7,
    0xFF, 0x5B, 0xC7, 0xFF, 0x5B, 0xC7, 0xFF, 0x63, 0xE8, 0xFF, 0x74, 0x89, 0xFF, 0x74, 0xA9, 0xFF,
    0x6C, 0x69, 0xFB, 0x6C, 0x69, 0xF2, 0x74, 0x69, 0xCB, 0x6C, 0x08, 0x8B, 0x4B, 0x07, 0x65, 0x29,
    0xA3, 0x41, 0x21, 0x62, 0x2E, 0x19, 0x22, 0x27, 0x21, 0x42, 0x2B, 0x29, 0x83, 0x38, 0x42, 0x85,
    0x56, 0x5B, 0xA8, 0x78, 0x6C, 0x4A, 0x95, 0x6C, 0x29, 0xC7, 0x6C, 0x49, 0xD1, 0x5B, 0xC8, 0x7A,
    0x00, 0x00, 0x27, 0x00, 0x60, 0x22, 0x00, 0x00, 0x21, 0x00, 0x00, 0x21, 0x00, 0x00, 0x21, 0x00,
    0x00, 0x21, 0x00, 0x00, 0x21, 0x00, 0x00, 0x21, 0x00, 0x00, 0x21, 0x00, 0x00, 0x21, 0x00, 0x00,
    0x21, 0x00, 0x00, 0x21, 0x00, 0x00, 0x21, 0x00, 0x01, 0x1F, 0x00, 0x00, 0x25, 0x00, 0x00, 0x42,
};

const lv_img_dsc_t img_state_wifiok = {
    .header = {
        .cf        = LV_IMG_CF_TRUE_COLOR_ALPHA,
        .always_zero = 0,
        .reserved  = 0,
        .w         = 200,
        .h         = 200,
    },
    .data_size = 120000,
    .data      = img_state_wifiok_map,
};
